hex_id,bc_mean,bc_max,bc_sum,bc_n,log_bc_mean,log_bc_max
89390ca0003ffff,0.001727820866987884,0.0064699926772581115,0.0431955216746971,25,7.455194875334943,8.775084803432165
89390ca0007ffff,0.0041998456614649425,0.01259396988124423,0.0881967588907638,21,8.343041131971521,9.44105279745747
89390ca000bffff,0.002292310059749329,0.006804610143589417,0.055015441433983896,24,7.737751493842667,8.825502572137438
89390ca000fffff,0.002112328472730746,0.005116686300105065,0.03379725556369194,16,7.656019458790839,8.540457721387728
89390ca0013ffff,0.0044672912222611365,0.028548123149415777,0.17869164889044545,40,8.4047613376221,10.259381501807457
89390ca0017ffff,0.008158081329255572,0.02292075519755484,0.13868738259734473,17,9.006886859421229,10.039841747196581
89390ca001bffff,0.0011332420643764525,0.005124200070043618,0.040796714317552295,36,7.033719922157644,8.541924841301935
89390ca0023ffff,0.004431954940535284,0.009587443089560319,0.048751504345888125,11,8.396821670140108,9.168313807415185
89390ca0027ffff,0.00025050144862937376,0.00033168836957559936,0.0005010028972587475,2,5.527448749480954,5.807206224720578
89390ca002bffff,0.0017368437809478009,0.0057937533827883735,0.03300003183800822,19,7.460400417405633,8.664708197972402
89390ca002fffff,0.00025731478238721385,0.00025731478238721385,0.00025731478238721385,1,5.554178927992757,5.554178927992757
89390ca0033ffff,0.0023549764254021,0.009587188385494605,0.0259047406794231,11,7.764710538525362,9.168287243410337
89390ca0037ffff,0.0005241385165610707,0.0008782196185806617,0.003144831099366424,6,6.263662068860396,6.779034716967686
89390ca003bffff,0.00014781325946915428,0.0004004584673182846,0.0013303193352223886,9,5.002692227764705,5.995104084246063
89390ca0043ffff,0.004475737668962541,0.007234168550415487,0.04028163902066287,9,8.406649861251143,8.886708935327118
89390ca0047ffff,0.00013857316197409802,0.0005033589098665988,0.0012471584577668823,9,4.938588922376762,6.223288137383463
89390ca004fffff,0.003051354707249515,0.004893692890572766,0.00610270941449903,2,8.023668606899385,8.49590681358329
89390ca0057ffff,0.001975458263146689,0.005955490464516541,0.06321466442069405,32,7.589061765967711,8.692236738384704
89390ca0063ffff,0.002365309306249801,0.0041216848673946965,0.014191855837498806,6,7.769086765600809,8.32425989694431
89390ca0067ffff,0.0011422522207010732,0.0039570823649272505,0.004569008882804293,4,7.041632304982001,8.283514935680012
89390ca006bffff,0.00239143881843232,0.0038162310165876026,0.02152294936589088,9,7.780068550767039,8.247280573991487
89390ca006fffff,0.0004182559139100258,0.00042427329746251075,0.0008365118278200516,2,6.038481506531143,6.052732015107493
89390ca0073ffff,0.0025139331083447423,0.006313349676844217,0.04022292973351588,16,7.830001485100506,8.750580048776127
89390ca0077ffff,9.56322801016997e-05,0.00021917284854659495,0.0006694259607118979,7,4.57091284794208,5.394412913082954
89390ca007bffff,0.0013997729292837004,0.005287656404215353,0.02799545858567401,20,7.244779455601941,8.573319504730973
89390ca0083ffff,0.012615105424049047,0.03720997166417269,0.3532229518733733,28,9.442729484984708,10.524358933984752
89390ca0087ffff,0.002437077965493388,0.012485083893151646,0.02680785762042727,11,7.798965288813479,9.432370014576504
89390ca008bffff,0.0022957506055344256,0.009924289216466618,0.05968951574389507,26,7.739250622799925,9.202841245328973
89390ca008fffff,0.004666171781135478,0.03739501416791366,0.08865726384157407,19,8.448308552886633,10.529319404672876
89390ca0093ffff,0.022140743588927234,0.032222484001400875,0.5756593333121081,26,10.00521995604919,10.380450782523923
89390ca0097ffff,0.0007708883865558705,0.002889553949504919,0.009250660638670445,12,6.648839962572347,7.969203440767975
89390ca009bffff,0.0037839519442138332,0.014800216498455858,0.11730251027062882,31,8.238788469414155,9.602464652215925
89390ca00a3ffff,0.0007424199008776678,0.005557451685822536,0.006681779107899011,9,6.611261027585103,8.623074874690682
89390ca00a7ffff,6.437645260912478e-05,0.00012123913527969692,0.0002575058104364991,4,4.180162141780678,4.805979251437831
89390ca00abffff,0.0004568023244425749,0.0023797637619790506,0.004568023244425749,10,6.126437484924918,7.775176623579994
89390ca00afffff,0.0023004181391745467,0.0068306536343086385,0.055210035340189124,24,7.741280794158309,8.829322036628884
89390ca00b3ffff,6.601929383297781e-05,0.00019694991881307906,0.0006601929383297781,10,4.204980545592624,5.288014063413531
89390ca00b7ffff,0.0003891241363940272,0.00048616638543092747,0.0011673724091820817,3,5.966464986923712,6.188605718594473
89390ca00bbffff,0.004333194307364132,0.012276735967397881,0.08666388614728264,20,8.374291014354851,9.41554281722762
89390ca00c3ffff,0.0009994211271233781,0.0025334139896208093,0.02198726479671432,22,6.908176317456376,7.8377177214994465
89390ca00c7ffff,0.0022195581107772554,0.0063320067496577415,0.07102585954487217,32,7.705513844521342,8.753530402307389
89390ca00cbffff,0.0025153887788164587,0.007578464771243912,0.032700054124613964,13,7.830580128465005,8.93319786548953
89390ca00cfffff,0.0009557497168691413,0.002661848514756917,0.013380496036167979,14,6.863541828375944,7.887151699012626
89390ca00d3ffff,0.006805103632716737,0.011625330319335223,0.1088816581234678,16,8.825575081615032,9.361027659980097
89390ca00d7ffff,0.0037236333534974055,0.009938234264064441,0.037236333534974055,10,8.222723697377948,9.204245260874803
89390ca00dbffff,0.00020609803983996094,0.0006970613518418288,0.0012365882390397657,6,5.333192303556944,6.548306995521222
89390ca0103ffff,0.00016854245598395365,0.0006161928109777452,0.0013483396478716292,8,5.133103373237621,6.425181472621016
89390ca0107ffff,0.00015226350550620664,0.0003241745996370467,0.0013703715495558598,9,5.032158698216906,5.784362267726003
89390ca010bffff,0.001437334228063,0.004987296634722532,0.018685344964819002,13,7.2712409369092486,8.514849774703395
89390ca010fffff,0.0010735099812155752,0.0020685790696934,0.017176159699449203,16,6.979620005211664,7.635100517607209
89390ca0117ffff,8.06775128147983e-05,0.0003490082460441275,0.0007260976153331848,9,4.402778723035275,5.857956714332002
89390ca0123ffff,7.687543361208498e-05,0.00018173135088668855,0.00046125260167250993,6,4.355110545144571,5.2080170462910615
89390ca012bffff,0.0010182431787067402,0.002117673278359706,0.014255404501894362,14,6.926815649213627,7.658545359669454
89390ca0133ffff,0.0,0.0,0.0,1,0.0,0.0
89390ca013bffff,0.000906045157269871,0.002188926740743099,0.00906045157269871,10,6.810192236383907,7.691623370535545
89390ca0143ffff,0.0014911861780593672,0.003373491674360852,0.013420675602534305,9,7.307997557200899,8.12399997695886
89390ca0147ffff,0.001975497468878347,0.004313795408959216,0.009877487344391735,5,7.58908160212795,8.369805188479019
89390ca014bffff,0.00361951988283613,0.0072182495463083834,0.02895615906268904,8,8.194372908551436,8.884506285530119
89390ca014fffff,2.2604985832086346e-05,3.3684612690630074e-05,4.520997166417269e-05,2,3.1614579537899083,3.5462961502945984
89390ca0153ffff,0.0007364131299945876,0.0017302047183928174,0.0022092393899837627,3,6.60314829143836,7.456572814152617
89390ca015bffff,0.0031586965519437107,0.009384762329268681,0.025269572415549686,8,8.058231274104072,9.146949174200037
89390ca0163ffff,0.0013698706570814058,0.002631857111019135,0.020548059856221088,15,7.223201333085134,7.875824889515986
89390ca016bffff,0.0012271416898555622,0.002927823235378395,0.019634267037688995,16,7.113257484669561,7.982355995187011
89390ca016fffff,0.0024449043267853166,0.005233086058136204,0.007334712980355949,3,7.8021702013305925,8.562947525090228
89390ca0173ffff,0.002087798613985376,0.005018879938871025,0.03758037505173677,18,7.644344353838824,8.521161295840212
89390ca0177ffff,0.0016636915816768726,0.0024846381610366458,0.014973224235091854,9,7.417395149026088,7.818284710808041
89390ca017bffff,0.0009944056071280753,0.0016904708841414882,0.013921678499793054,14,6.903150299448648,7.433353775031818
89390ca0187ffff,0.0020593051127292907,0.004818682543220097,0.02883027157821007,14,7.630609363791367,8.480463342473152
89390ca018fffff,1.5791652074246238e-05,3.1583304148492476e-05,3.1583304148492476e-05,2,2.8208818625708405,3.4838000144985237
89390ca01c3ffff,0.0073256562915577856,0.011286000827788214,0.09523353179025121,13,8.899274523213585,9.331406973295591
89390ca01d3ffff,0.0009722447218611823,0.0037399770090022445,0.003888978887444729,4,6.880635563266183,8.22710208864689
89390ca01dbffff,0.003558574699203182,0.007405138654525773,0.039144321691235,11,8.177396350193423,8.910064483216448
89390ca0213ffff,0.0014995489615502987,0.0030943996943551214,0.004498646884650896,3,7.3135862945048835,8.037672318737012
89390ca02abffff,0.0007373659095069377,0.001143807561635417,0.0014747318190138753,2,6.604439514066171,7.042991833422573
89390ca02d3ffff,0.0012157980196758893,0.0020154732719921045,0.0024315960393517786,2,7.103978113458461,7.609105359572519
89390ca02dbffff,0.0002708140978700373,0.0002708140978700373,0.0002708140978700373,1,5.6051183689151,5.6051183689151
89390ca0307ffff,0.0009193744711875916,0.002646056862682671,0.014709991539001465,16,6.824780621126816,7.881203683931642
89390ca0313ffff,0.002501512305390175,0.0027380687064217264,0.0100060492215607,4,7.825050428416117,7.915373253439788
89390ca0317ffff,0.0003069673807360458,0.0026770034066668793,0.003990575949568595,13,5.729993870663914,7.89282679834399
89390ca0323ffff,7.322741889267408e-06,7.322741889267408e-06,7.322741889267408e-06,1,2.1189917545406125,2.1189917545406125
89390ca032fffff,0.0,0.0,0.0,1,0.0,0.0
89390ca0333ffff,0.00014299864511587267,0.00028915279060142,0.002573975612085708,18,4.969803890614186,5.670407648379165
89390ca0337ffff,7.946766850265848e-05,0.00029361011175140883,0.0003178706740106339,4,4.38785547024083,5.685652827103468
89390ca0383ffff,0.0007915947658314496,0.001656467891368716,0.015831895316628992,20,6.67531207693873,7.413046350149135
89390ca0387ffff,0.00032552877625309094,0.001030405297844567,0.004882931643796364,15,5.788518080370575,6.938677518160354
89390ca038bffff,0.0032461820921816467,0.00373052309847496,0.00973854627654494,3,8.085542850660271,8.224571766683587
89390ca038fffff,0.001023440855837988,0.001745104906237066,0.006140645135027928,6,6.931902236230182,7.46514281835007
89390ca0393ffff,0.003022663855308865,0.005738164220446369,0.03627196626370638,12,8.0142245721621,8.655068872517989
89390ca0397ffff,0.0015860229059687927,0.006617657359355599,0.019032274871625513,12,7.369615153924952,8.797647812553835
89390ca039bffff,0.002295418510617976,0.003916075010347353,0.011477092553089879,5,7.7391060189725325,8.273100483430738
89390ca03a3ffff,0.0006130090101563248,0.0033138909229838585,0.007356108121875897,12,6.420009602561175,8.106179998001345
89390ca03a7ffff,0.0014072610437851731,0.0031545098538635426,0.021108915656777597,15,7.25011091994906,8.056905363777632
89390ca03abffff,0.00023337260021013087,0.0005169219013658506,0.0023337260021013087,10,5.456912157568814,6.249824461328615
89390ca03afffff,0.0002674498816687362,0.0010199624311503074,0.001604699290012417,6,5.592664236074055,6.928501021356729
89390ca03b3ffff,0.0018326806541649422,0.0036157152408545323,0.010996083924989653,6,7.5140805123358305,8.193321500861328
89390ca03b7ffff,4.240822694132255e-05,6.373969244484065e-05,8.48164538826451e-05,2,3.7706489840019364,4.170374497866496
89390ca03bbffff,0.00028094233013018,0.0007776115126237704,0.00477601961221306,17,5.641702546940039,6.657512221380641
89390ca0403ffff,0.0005332783431168746,0.0026603202903626353,0.011198845205454368,21,6.2809169449527795,7.8865776283953375
89390ca0407ffff,0.0018805165034589725,0.008795440797223726,0.013163615524212807,7,7.539833381432159,9.08210246379143
89390ca040bffff,0.0019333018218687934,0.02281460727816868,0.025132923684294314,13,7.567501724782598,10.035200110503151
89390ca040fffff,0.0020987217039702,0.008827024101372219,0.0167897736317616,8,7.649560093010757,9.085686497478498
89390ca0413ffff,0.0036329040196421787,0.014471711929701678,0.061759368333917035,17,8.19806283684127,9.58002021945981
89390ca0417ffff,0.0010030064176327986,0.003529434238594034,0.007021044923429591,7,6.911753692295786,8.169176156127785
89390ca041bffff,0.001327402239219366,0.025549874239867557,0.05973310076487147,45,7.191732175152605,10.14842681187103
89390ca0423ffff,0.0004015591527451186,0.0006316660829698494,0.00281091406921583,7,5.997842049402474,6.449942767903629
89390ca0427ffff,0.00654950279643839,0.014974052023305423,0.0589455251679455,9,8.787297088498205,9.614140896987994
89390ca042fffff,0.014960234327740457,0.014960234327740457,0.014960234327740457,1,9.613217756663627,9.613217756663627
89390ca0433ffff,0.0009596357731860297,0.003273838708650387,0.004798178865930148,5,6.867595328997475,8.09402389758951
89390ca0437ffff,0.002531026139004744,0.0030173517144767427,0.005062052278009488,2,7.83677510667237,8.012466171463023
89390ca043bffff,5.7424189360895404e-05,0.0002210831290394473,0.0006316660829698494,11,4.067730005461662,5.403051766914098
89390ca0443ffff,0.0015993110739929988,0.003456079467668503,0.022390355035901983,14,7.377953310576136,8.148179427122995
89390ca0447ffff,0.0006137791867359826,0.0014570982839313574,0.012889362921455635,21,6.421263157376333,7.284888320400456
89390ca044bffff,0.0003980175533551955,0.0005091534273615843,0.002388105320131173,6,5.9890054092936005,6.234711518439595
89390ca044fffff,0.00016131833854598305,0.00020013371963449969,0.0003226366770919661,2,5.089559459794789,5.303969958677312
89390ca0453ffff,0.0024175873157375274,0.005266197586678978,0.05076933363048808,21,7.790938894872661,8.569253732863478
89390ca0457ffff,0.004720900060492216,0.027487026011652715,0.11330160145181319,24,8.459966552765028,10.221505771074742
89390ca045bffff,0.0012568181094590723,0.0029855773822789647,0.025136362189181447,20,7.137133839731208,8.001883322527783
89390ca0463ffff,0.0013072438543800255,0.0057643987392148755,0.02353038937884046,18,7.176440947652922,8.65962959582996
89390ca0467ffff,0.008753733006463116,0.02280454646757299,0.1050447960775574,12,9.077349748134218,10.03475905147975
89390ca046fffff,0.005755140246426185,0.015154000445732117,0.028775701232130923,5,8.658022432968627,9.626085818903459
89390ca0473ffff,0.021931680383184878,0.026770161418701647,0.3070435253645883,14,9.995733058438564,10.195080520657404
89390ca0477ffff,0.00914526887197937,0.025567257792352513,0.07316215097583496,8,9.121101301553155,10.149106931132213
89390ca047bffff,0.0018477930953972853,0.002855678308765004,0.016630137858575568,9,7.5222883243130445,7.957414798329065
89390ca0483ffff,0.0007289311980642492,0.001340571173867363,0.0014578623961284984,2,6.5929502804736435,7.201596723894266
89390ca0487ffff,0.002095045551093181,0.006572256359642141,0.02933063771530453,14,7.647807777596572,8.790764629426365
89390ca048bffff,0.004711082320843855,0.016059218695278425,0.12248814034194022,26,8.457885195646528,9.684100604797727
89390ca048fffff,0.004808167694942049,0.00992460759654876,0.11058785698366712,23,8.478279311732699,9.202873322477442
89390ca0493ffff,0.0016423318157216087,0.0016423318157216087,0.0016423318157216087,1,7.404481054872221,7.404481054872221
89390ca049bffff,0.006243688114871534,0.011053456015791652,0.012487376229743068,2,8.739486479738742,9.31058888500636
89390ca04a3ffff,0.0045762042726607026,0.0045762042726607026,0.0045762042726607026,1,8.428843669909151,8.428843669909151
89390ca04a7ffff,0.004854210609469735,0.011833423541023274,0.06310473792310656,13,8.48780775969592,9.378767812778987
89390ca04afffff,0.0018729663472253177,0.0018729663472253177,0.0018729663472253177,1,7.535812504913176,7.535812504913176
89390ca04b3ffff,0.002005113980069407,0.003724855933012831,0.03208182368111051,16,7.603954786483685,8.22305188509271
89390ca04b7ffff,0.003811086147588883,0.013373111915192732,0.03811086147588883,10,8.245931863571435,9.50107617069561
89390ca04bbffff,0.0014095983340467408,0.004951765417555478,0.038059155019262,27,7.251769243748811,8.507701369777859
89390ca04c3ffff,0.011934078734054438,0.040819255627367955,0.26254973214919763,22,9.387237135655607,10.616933698651135
89390ca04c7ffff,0.004465426883567511,0.014706926668134574,0.08930853767135022,20,8.404344013046527,9.596141856559846
89390ca04cbffff,0.0009339662952790937,0.003177305867744914,0.01774535961030278,19,6.840510480809102,8.06410358782249
89390ca04cfffff,0.007976646820974879,0.02932471584577669,0.1595329364194976,20,8.984398762367231,10.286220083991912
89390ca04d3ffff,0.0018410062933129573,0.00539724282848865,0.022092075519755488,12,7.518610633374539,8.593828777465873
89390ca04d7ffff,0.0020774682415868064,0.004448533859721736,0.031162023623802097,15,7.639386479089217,8.400554619049228
89390ca04dbffff,0.009803130422709853,0.04427463465885575,0.19606260845419707,20,9.1905590475695,10.698189797022735
89390ca0503ffff,0.0020954230589048635,0.0026805055875704416,0.014667961412334046,7,7.6479878661543275,7.894133702168876
89390ca0507ffff,3.721863160240695e-05,8.73634945397816e-05,0.0001488745264096278,4,3.6433231349897794,4.481458926658309
89390ca050fffff,7.65067337387373e-05,0.00019204686554809131,0.0006120538699098984,8,4.350364819536298,5.262932986101309
89390ca0513ffff,0.0023945365977904426,0.0028205291476965204,0.0071836097933713275,3,7.781362533931559,7.945034267923448
89390ca0517ffff,0.0011203229081544217,0.002276608615365023,0.010082906173389795,9,7.022264435254062,7.730881318607281
89390ca051bffff,0.0027731541914737816,0.002788945843548028,0.005546308382947563,2,7.928101183855531,7.933777463712332
89390ca0527ffff,0.000118749403037346,0.0002491642522843771,0.00118749403037346,10,4.785401251204244,5.52211771126374
89390ca0537ffff,0.0016273966109474252,0.005640485211245185,0.027665742386106227,17,7.395351135410388,8.637902645152604
89390ca0543ffff,0.0002210831290394473,0.000536916170524372,0.001547581903276131,7,5.403051766914098,6.287702731151878
89390ca054bffff,0.00041843329709864783,0.0008517940717628706,0.0029290330796905347,7,6.038904507540191,6.748518101889847
89390ca054fffff,0.0003739310388742081,0.000675920914387596,0.0018696551943710403,5,5.926742112723962,6.5175544483449706
89390ca0553ffff,0.0010054616655909279,0.004437454232863193,0.011060078321500208,11,6.9141961575099415,8.398061449057936
89390ca055bffff,6.316660829698495e-05,0.0001263332165939699,0.00031583304148492477,5,4.161482955401938,4.846807403136761
89390ca0563ffff,0.0007155114776019613,0.0044058709287147,0.00572409182081569,8,6.57439426612382,8.390920176624277
89390ca056bffff,0.0003514151994651215,0.000610270941449903,0.0017570759973256074,5,5.8648100244177135,6.415540300242961
89390ca0573ffff,0.006773472571555924,0.006773472571555924,0.006773472571555924,1,8.820916793500656,8.820916793500656
89390ca057bffff,0.0002238484874671955,0.0004893501862523481,0.0015669394122703685,7,5.415426786341502,6.195119801673779
89390ca0583ffff,0.002950949993066319,0.0065150752968894275,0.05311709987519374,18,7.990221245558694,8.782027525347225
89390ca0587ffff,0.002730722512713032,0.007991340061765736,0.08738312040681702,32,7.912687646247044,8.98623886969414
89390ca058bffff,0.0,0.0,0.0,1,0.0,0.0
89390ca058fffff,0.007241554968321183,0.007241554968321183,0.007241554968321183,1,8.88772931930351,8.88772931930351
89390ca0593ffff,0.0053404665162926504,0.022040434270432042,0.13885212942360892,26,8.583255522769955,10.000679336940442
89390ca0597ffff,0.003065509885701551,0.008592951064981376,0.03065509885701551,10,8.028295348834378,9.058813870227663
89390ca059bffff,0.005287484478970996,0.012701900729090389,0.05287484478970996,10,8.573286995899661,9.449585650231876
89390ca05a3ffff,0.00020960675161700348,0.0012644146582189819,0.0027248877710210452,13,5.349992658146128,7.143155140507697
89390ca05a7ffff,0.0012826637281269746,0.003283708491196791,0.011543973553142772,9,7.157473555967582,8.097033187619433
89390ca05abffff,0.003084398011488973,0.011125919322487186,0.04318157216084562,14,8.03443594308712,9.31712261552363
89390ca05afffff,0.003009485603913953,0.005234104874399058,0.04514228405870929,15,8.009856674934575,8.563142156418024
89390ca05b3ffff,0.0013986813275870553,0.00595670030882868,0.030770989206915216,22,7.243999866541165,8.692439831375124
89390ca05b7ffff,0.0009649510696981168,0.005387882454073674,0.026053678881849153,27,6.873113180443216,8.59209330549922
89390ca05bbffff,0.0028548826403589863,0.010109331720207585,0.06851718336861568,24,7.957136230303884,9.221313122574918
89390ca05c3ffff,0.003756594889645926,0.012876118310038525,0.033809354006813334,9,8.231534374707051,9.463207240933567
89390ca05c7ffff,0.006591721628048796,0.012844535005890032,0.08569238116463435,13,8.793721535872267,9.460751559582802
89390ca05cbffff,0.009975050183145113,0.017321977777070268,0.0798004014651609,8,9.207942517734661,9.759789094421238
89390ca05cfffff,0.00893603744149766,0.00893603744149766,0.00893603744149766,1,9.097959430865473,9.097959430865473
89390ca05d3ffff,0.002037160261920681,0.007287401700149639,0.024445923143048172,12,7.619802847550955,8.89403955544358
89390ca05d7ffff,0.00045239687138505947,0.0018867840427902831,0.002714381228310357,6,6.116767837707891,7.543158956047768
89390ca05dbffff,7.711744462357345e-05,0.0003075551593492311,0.0008482918908593079,11,4.358213394561706,5.7319006259017256
89390ca0603ffff,0.006193826093397914,0.015066318571110193,0.1362641740547541,22,8.731469721578483,9.62028334421022
89390ca0607ffff,0.00033038301123881696,0.000610589321532045,0.0019822980674329017,6,5.803274840065937,6.416061014013739
89390ca060bffff,2.037632525709192e-05,3.6167977331338154e-05,4.075265051418384e-05,2,3.0622840132326687,3.6154475661305945
89390ca060fffff,0.0010852472275925378,0.0028035276513101344,0.01953445009666568,18,6.990484124302502,7.93899040852187
89390ca0613ffff,0.007144066987169284,0.007828074755643288,0.02143220096150785,3,8.874177465711101,8.965599615418117
89390ca0617ffff,0.0002761947212582381,0.0005523894425164762,0.0005523894425164762,2,5.624720224054477,6.31606198967984
89390ca061bffff,0.007117662665690302,0.011622082842497375,0.021352987997070905,3,8.870475158911676,9.360748300080871
89390ca0623ffff,0.00018659195347405736,0.0002870514820592824,0.0005597758604221721,3,5.234269143722908,5.663139221311076
89390ca0627ffff,0.0036615699321850426,0.007267534783023975,0.02929255945748034,8,8.20592034725499,8.891310007302268
89390ca062bffff,0.00015475721069659114,0.000411028686045401,0.002011843739055685,13,5.048298453203234,6.021092973249515
89390ca062fffff,9.474991244547742e-05,9.474991244547742e-05,9.474991244547742e-05,1,4.56173971365279,4.56173971365279
89390ca0633ffff,5.834845638723508e-05,0.00014237957273392977,0.000700181476646821,12,4.083426112077768,4.965495468464433
89390ca0637ffff,0.0017235965629101356,0.007165907860804228,0.03102473813238244,18,7.452748425538235,8.877229579877266
89390ca063bffff,0.00014623197172784872,0.0003614887452640963,0.0011698557738227897,8,4.992009381948539,5.8929934262654236
89390ca0643ffff,2.105553609899498e-05,3.1583304148492476e-05,6.316660829698494e-05,3,3.0935636406292,3.4838000144985237
89390ca0647ffff,0.0,0.0,0.0,1,0.0,0.0
89390ca064bffff,2.044000127352033e-05,2.044000127352033e-05,2.044000127352033e-05,1,3.0652583956018686,3.0652583956018686
89390ca0653ffff,0.0008289087966119765,0.0036965267412790493,0.011604723152567671,14,6.72131581115297,8.21541942681818
89390ca0657ffff,7.465144616916403e-05,0.0003474163456334172,0.0008211659078608043,11,4.326136556630152,5.853398160162019
89390ca065bffff,0.00011162405679900666,0.00020153459199592476,0.0005581202839950333,5,4.724055341189831,5.310910696628954
89390ca0663ffff,3.8301123881689966e-05,7.660224776337993e-05,7.660224776337993e-05,2,3.671253115964787,4.351596392792604
89390ca0677ffff,0.0003927600369320896,0.0019845904040243245,0.003927600369320896,10,5.975741680436142,7.5936715816547835
89390ca068bffff,0.00527335052585777,0.007928109777452324,0.01582005157757331,3,8.570610827703863,8.978296048232973
89390ca0693ffff,0.0017735381203963646,0.0036988124422936103,0.030150148046738198,17,7.481295454186812,8.216037406075472
89390ca0697ffff,0.0012561981453533223,0.004367410614791939,0.01633057588959319,13,7.13664082970225,8.382154518224462
89390ca069bffff,0.003258572310525166,0.009595147887548157,0.055395729278927816,17,8.089351272663746,9.16911703521517
89390ca06a3ffff,0.0027814532989482847,0.006011015950842116,0.01668871979368971,6,7.93108829916277,8.701515404036696
89390ca06a7ffff,0.004493711993377695,0.00819338406189309,0.00898742398675539,2,8.410656872189508,9.011204328120566
89390ca06abffff,0.004739340910380796,0.012750931261740267,0.09004747729723513,19,8.463864334124123,9.453438010624962
89390ca06afffff,0.011116043751212017,0.01665095991594766,0.12227648126333218,11,9.316234682749124,9.720283201150526
89390ca06b7ffff,3.3493584641344844e-05,0.00010175427425260277,0.00013397433856537937,4,3.540773354321231,4.632340451076625
89390ca06bbffff,0.00044672705275557964,0.0008553599286828617,0.003573816422044637,8,6.104183789500363,6.752690765199128
89390ca06cbffff,0.005677970792301081,0.014419624948263238,0.07381362029991405,13,8.644525296758216,9.576414748891736
89390ca06cfffff,0.0063325723425095475,0.015376739151198702,0.1076537298226623,17,8.753619707059377,9.640676232982317
89390ca06d3ffff,0.0012164719241830899,0.0029246394345569743,0.01459766309019708,12,7.104531794471626,7.981268345879198
89390ca06dbffff,0.0019583877232640327,0.00782476360278901,0.00783355089305613,4,7.580387317332085,8.965176595668206
89390ca0c83ffff,9.474991244547743e-05,0.0002526664331879398,0.0005684994746728646,6,4.561739713652791,5.536020148777673
89390ca0c87ffff,8.948602842072868e-05,0.00018949982489095484,0.0005369161705243721,6,4.505195456696343,5.249651275358747
89390ca0c8bffff,1.263332165939699e-05,6.316660829698495e-05,6.316660829698495e-05,5,2.6125169181013304,4.161482955401938
89390ca0c93ffff,0.00017686650323155785,0.00041058295393040217,0.0008843325161577893,5,5.181033287069827,6.020010588939044
89390ca0c97ffff,0.0,0.0,0.0,1,0.0,0.0
89390ca0c9bffff,0.00010775480238897433,0.0003474163456334172,0.0018318316406125636,17,4.6890958288923885,5.853398160162019
89390ca0ca7ffff,0.00020961437096939662,0.0004863574134802127,0.0018865293387245695,9,5.35002883559301,6.188997762486978
89390ca0cd7ffff,1.0527768049497492e-05,3.1583304148492476e-05,3.1583304148492476e-05,3,2.4447587378752194,3.4838000144985237
89390ca0d9bffff,0.00020423021002472755,0.0003411124200070044,0.0012253812601483653,6,5.3241323248031955,5.835139396518942
89390ca0dc3ffff,7.169919449839218e-05,7.169919449839218e-05,7.169919449839218e-05,1,4.286330304676059,4.286330304676059
89390ca0e17ffff,0.0013867840427902833,0.00463287592728199,0.011094272342322267,8,7.235463540193755,8.441148930201853
89390ca0e23ffff,1.0676345421163788e-05,3.151962813206406e-05,3.202903626349136e-05,3,2.4575650364155104,3.4818438495608484
89390ca0e3bffff,0.0016949964295947932,0.005041166544620969,0.023729950014327105,14,7.436025711157884,8.52559113866227
89390ca0e47ffff,0.0005984181058204428,0.0012587474927568533,0.0041889267407431,7,6.395959361000332,7.138666577288319
89390ca0e4fffff,0.0,0.0,0.0,1,0.0,0.0
89390ca0e73ffff,0.0006221942755261231,0.0021093953962240124,0.0024887771021044926,4,6.434858308901583,7.654630600489866
89390ca0ed3ffff,4.4772199051227355e-05,0.00013015377757967463,0.00035817759240981884,8,3.8236768992013075,4.876370509403023
89390ca0edbffff,0.00022338216836944157,0.0008617275303257029,0.0042442611990193896,19,5.413350706896853,6.760098917391726
89390ca1087ffff,0.00023722954749093756,0.0004203253844439492,0.0016606068324365628,7,5.4732346941104595,6.043405419825796
89390ca1097ffff,0.0009951429349690996,0.001860804228087491,0.008956286414721897,9,6.903890756293286,7.529301311647418
89390ca10bbffff,8.211659078608043e-05,0.00015791652074246236,0.00041058295393040217,5,4.420244330382925,5.068379037568446
89390ca1403ffff,6.316660829698495e-05,6.316660829698495e-05,6.316660829698495e-05,1,4.161482955401938,4.161482955401938
89390ca1407ffff,0.0,0.0,0.0,2,0.0,0.0
89390ca140bffff,3.155146614027827e-05,6.303925626412813e-05,0.00012620586456111308,4,3.482822410352268,4.159496274446586
89390ca140fffff,0.00019716482536852496,0.000473112802063103,0.0015773186029481997,8,5.2890991357552615,6.16144527241864
89390ca1413ffff,0.00017196769503433198,0.0006896112579197046,0.001547709255308988,9,5.153104843155237,6.537577086473332
89390ca141bffff,0.0017959813399673209,0.011267980515138974,0.07363523493866016,41,7.493863502738171,9.329809142883411
89390ca1423ffff,0.0004831948379976016,0.0008444076538571747,0.0014495845139928048,3,6.182487383558245,6.739818941625152
89390ca142fffff,0.0007027412525072432,0.0010607787576809196,0.003513706262536216,5,6.556410749546799,6.967700853998159
89390ca1433ffff,0.0010200624934618375,0.0018906682797924163,0.0071404374542328635,7,6.928599024383434,7.54521440643483
89390ca1437ffff,0.001335317902512019,0.0016662739978986916,0.002670635805024038,2,7.197673276772797,7.418945235110247
89390ca143bffff,0.0010542403885394748,0.002674520042026171,0.023193288547868448,22,6.961523876390353,7.891899048669358
89390ca144bffff,0.0003601283940040348,0.0007550702028081124,0.0039614123340443825,11,5.889233557161161,6.628134232725522
89390ca144fffff,9.474991244547742e-05,0.00018949982489095484,0.0006632493871183419,7,4.56173971365279,5.249651275358747
89390ca1453ffff,0.0023780922665478047,0.006709159794963227,0.009512369066191219,4,7.774474293303642,8.811378044132724
89390ca1457ffff,0.0017119813893292117,0.0066710178611226086,0.03252764639725502,19,7.445990633892196,8.805677621061768
89390ca145bffff,0.0019440844980738007,0.003753255436339903,0.015552675984590406,8,7.573060698848638,8.23064525860886
89390ca1463ffff,0.0,0.0,0.0,1,0.0,0.0
89390ca1473ffff,3.155146614027827e-05,6.310293228055654e-05,6.310293228055654e-05,2,3.482822410352268,4.160490108286833
89390ca1477ffff,6.132424888832289e-05,0.00025355789741793755,0.0009198637333248433,15,4.13235057780588,5.53952830488353
89390ca1483ffff,0.0002071599700722723,0.0006432551179598205,0.006629119042312713,32,5.338306870991473,6.468094793559625
89390ca1487ffff,0.00028924122951312615,0.0007958228533222962,0.00520634213123627,18,5.670712403112418,6.68063238723747
89390ca148bffff,4.363276571879202e-05,0.00017695564965455762,0.0005672259543442963,13,3.798468246669407,5.181534360002705
89390ca148fffff,0.0002725970263300328,0.0007048935018625235,0.0038163583686204594,14,5.61165631701255,6.559464378894434
89390ca1493ffff,0.0019570305314858503,0.010341176096023433,0.08023825179091987,41,7.579694416169011,9.243985580080924
89390ca1497ffff,0.00030083425851846454,0.0011994651214620015,0.0093258620140724,31,5.709878053869207,7.090464361896479
89390ca149bffff,0.0007474890218871609,0.0021648572065331596,0.019434714569066182,26,6.618056536934704,7.680571500426184
89390ca14a3ffff,0.0013967214811041423,0.006008214206119265,0.022347543697666276,16,7.242598676267475,8.701049271247124
89390ca14abffff,0.0013559091343245569,0.0018941704606959791,0.010847273074596455,8,7.212964696888816,7.547064066344877
89390ca14afffff,7.430991117195708e-05,7.430991117195708e-05,7.430991117195708e-05,1,4.32161174861392,4.32161174861392
89390ca14b3ffff,0.0018204734311821453,0.006600273806870643,0.04369136234837149,24,7.5074010301122875,8.795017910433218
89390ca14bbffff,0.0011658724852395457,0.003771912509153428,0.010492852367155912,9,7.062082359169548,8.235602531026863
89390ca14c3ffff,0.0023449056912713826,0.016898850647903467,0.04924301951669904,21,7.760426828606318,9.735060063469954
89390ca14c7ffff,0.0005755587295976005,0.0034510490623706584,0.016691203158330416,29,6.357077207196248,8.146723264840052
89390ca14cbffff,0.004652831990830654,0.016455792925594577,0.02326415995415327,5,8.445446243260179,9.708493614760831
89390ca14cfffff,0.003126581553058041,0.01027196026616575,0.06253163106116082,20,8.04801531811877,9.237270505416099
89390ca14d3ffff,5.79027242722362e-05,0.00015791652074246236,0.0003474163456334172,6,4.075887342087693,5.068379037568446
89390ca14d7ffff,0.0016604357031424115,0.01674284440765386,0.026566971250278584,16,7.415437388967263,9.72578597165874
89390ca14dbffff,0.000969403674106148,0.000969403674106148,0.000969403674106148,1,6.87771214379966,6.87771214379966
89390ca1593ffff,4.8425610493807516e-05,0.00016211913782673758,0.00019370244197523007,4,3.9004687209036644,5.094480840736891
89390ca1597ffff,1.8943614887452642e-05,6.463115667483843e-05,7.577445954981057e-05,4,2.99290903634031,4.184050532508881
89390ca1687ffff,0.0010602856930930953,0.003870037250469611,0.01378371401021024,13,6.967236370127677,8.26127777348914
89390ca168fffff,0.0021605770467782435,0.0027658314495845144,0.012963462280669462,6,7.678593348523651,7.925458063433736
89390ca1693ffff,3.687902618145543e-05,0.0001581075487917476,0.00022127415708873258,6,3.6343975600005005,5.069580381055055
89390ca1697ffff,0.0019475309624629883,0.003168582253494222,0.005842592887388965,3,7.574831015062053,8.06135507695531
89390ca16b3ffff,0.0,0.0,0.0,1,0.0,0.0
89390ca1c23ffff,4.737495622273871e-05,6.316660829698495e-05,9.474991244547742e-05,2,3.878982246393231,4.161482955401938
89390ca1c37ffff,0.00013264987742366837,0.0002210831290394473,0.0006632493871183419,5,4.895223525440238,5.403051766914098
89390ca1cd3ffff,0.00019172848546594926,0.00019172848546594926,0.00019172848546594926,1,5.26128238735989,5.26128238735989
89390ca1d97ffff,0.0002864783979114267,0.0002864783979114267,0.0002864783979114267,1,5.661147719715041,5.661147719715041
89390ca1d9bffff,0.0003988559542381696,0.0008501384953357319,0.0023931357254290174,6,5.991104367846643,6.746574859557271
89390ca1dc7ffff,0.0012789136871597313,0.0024248463816103666,0.012789136871597313,10,7.1545479227335695,7.793935765821586
89390ca1dcbffff,0.00023687367518421647,0.0004105763183535398,0.0014212420511052989,6,5.471739756222839,6.019994466720451
89390ca2003ffff,0.003916826302684693,0.011951478875481552,0.1605898784100724,41,8.273292264363166,9.38869397312631
89390ca2007ffff,0.0026942132972888493,0.010005985545544271,0.08890903881053203,33,7.899232625772978,9.211038682654944
89390ca200bffff,0.011824073220716155,0.01862810022604986,0.22465739119360695,19,9.3779774053677,9.832480165384199
89390ca200fffff,0.003927114839695629,0.01046082333089242,0.06283383743513006,16,8.275914905222047,9.255488037044753
89390ca2013ffff,0.0038829327416587166,0.036933044668725525,0.11260504950810278,29,8.264603512489579,10.516889024425282
89390ca2017ffff,0.0025455670121848606,0.006129007609283964,0.03563793817058805,14,7.842501461385782,8.720951270248241
89390ca201bffff,0.004852491628600566,0.01597319239708364,0.18924717351542208,39,8.487453648333767,9.678729723794662
89390ca2023ffff,0.0006380321533257224,0.0018019675889076382,0.012122610913188727,19,6.459954771305235,7.497189246839657
89390ca2027ffff,0.004070565350592958,0.013459645324588494,0.1261875258683817,31,8.311782811519613,9.50752554592675
89390ca202bffff,0.0019299526362807217,0.007437868126969977,0.03280919481677227,17,7.565768754049354,8.91447398278189
89390ca202fffff,0.0008700632997490587,0.0025306122448979593,0.009570696297239646,11,6.769714649009819,7.83661162971121
89390ca2033ffff,0.002327069735850659,0.005445636600974244,0.03490604603775988,15,7.752794763664989,8.60275355971368
89390ca2037ffff,0.008451688716899325,0.016706039670158237,0.09296857588589258,11,9.04223986108812,9.723585446718252
89390ca203bffff,0.0009473080964054891,0.003281861886720367,0.017051545735298802,18,6.854679445663516,8.096470847387407
89390ca2043ffff,0.0003472454257998462,0.0017837562482091122,0.006597663090197078,19,5.852907477756269,7.487037129264024
89390ca2047ffff,8.952847909834761e-05,0.0001517399471489064,0.00044764239549173804,5,4.50566448737216,5.028736783440186
89390ca204bffff,0.004011827820051578,0.012870578496609253,0.03209462256041262,8,8.297251463802361,9.462776942378548
89390ca204fffff,0.004815330869264455,0.012351300582635552,0.05296863956190901,11,8.479767686718573,9.421597606702568
89390ca2053ffff,0.001463454811484385,0.012849247031105735,0.033659460664140856,23,7.289238309857549,9.461118314349147
89390ca2057ffff,0.0018637014868349835,0.012913050399567003,0.033546626763029705,18,7.530856258588545,9.466071175886478
89390ca205bffff,0.005118582430372044,0.015019516699035309,0.0921344837466968,18,8.540828158139675,9.61717232546114
89390ca2067ffff,0.005430800089146423,0.005430800089146423,0.005430800089146423,1,8.600025866121399,8.600025866121399
89390ca2077ffff,0.006225945661203072,0.010599509694673503,0.0684854022732338,11,8.73664122851401,9.268657363347302
89390ca2083ffff,0.0041661731775393465,0.010377344073354772,0.04999407813047216,12,8.33499318984359,9.247476613488214
89390ca2087ffff,0.0015302750763276874,0.004949154700881913,0.02907522645022606,19,7.333856050536211,8.507174107777796
89390ca208bffff,0.010543419157656324,0.03541061479193862,0.23195522146843914,22,9.263352009144139,10.474795146775543
89390ca208fffff,0.012735006951298462,0.04736629628450444,0.3056401668311631,24,9.452188453883204,10.765687317753182
89390ca2093ffff,0.0009111719493014353,0.0036714954312458215,0.03735804992135885,41,6.815828513203426,8.208626664002553
89390ca2097ffff,0.002649160478890811,0.009277149861504665,0.0715273329300519,27,7.882375475218706,9.135417437531387
89390ca209bffff,0.0027903364455842228,0.009691553376420772,0.0865004298131109,31,7.934275772879627,9.179113176511688
89390ca20a3ffff,0.010482322669530158,0.04407023464612054,0.23061109872966348,22,9.25754095624503,10.693562573012484
89390ca20a7ffff,0.009431795750494213,0.015193288547868446,0.10374975325543635,11,9.151947805759248,9.628674882791652
89390ca20abffff,0.000739031806170206,0.002908083670285587,0.011824508898723296,16,6.606693166585634,7.975593420641068
89390ca20afffff,0.002422463079281189,0.015236269858957624,0.033914483109936645,14,7.792952820707321,9.631499670079576
89390ca20b3ffff,0.00045248177274029744,0.0024560476296602886,0.011312044318507436,25,6.116955076333557,7.80671575762441
89390ca20b7ffff,0.020413821942523207,0.06332649877423668,0.5511731924481266,27,9.924016481821113,11.056074933613464
89390ca20bbffff,0.01624427795586582,0.043400235601260786,0.30864128116145056,19,9.69555755819787,10.678243189758364
89390ca20c3ffff,0.00877303709268325,0.044051959629405585,0.175460741853665,20,9.079552309285408,10.693147817062039
89390ca20c7ffff,0.004718906616926183,0.04035021809035627,0.1368482918908593,29,8.459544293834346,10.605376861355362
89390ca20cbffff,0.004360103791906779,0.020540482027444365,0.05232124550288134,12,8.380480467584036,9.930201634114507
89390ca20cfffff,0.0002879004956116612,0.0008153713903658187,0.006045910407844885,21,5.666082322983564,6.704869386673703
89390ca20d3ffff,0.009001414517222087,0.04030889235569423,0.25203960648221846,28,9.105248100029138,10.604352185695694
89390ca20d7ffff,0.014310880241332103,0.04126823521920469,0.4579481677226273,32,9.56884525744338,10.627872591419234
89390ca20dbffff,0.00757806118142235,0.04187570441593174,0.0909367341770682,12,8.93314461627217,10.642484970769056
89390ca2103ffff,0.002915514661402783,0.008529147696520106,0.02915514661402783,10,7.978144573234985,9.051361955285424
89390ca2107ffff,0.0016816517558661532,0.00545302301887994,0.016816517558661533,10,7.428126254102912,8.604108783946671
89390ca210bffff,0.0005889324008334484,0.002614282530484893,0.005300391607501035,9,6.380007955477002,7.869127412913317
89390ca210fffff,0.000613879249047513,0.0027970326976344364,0.011049826482855234,18,6.421425905516531,7.9366718412309245
89390ca2113ffff,0.006430025364279879,0.015445572924957816,0.057870228278518905,9,8.768889270191753,9.645142440565994
89390ca2117ffff,0.00015423913508828604,0.00021476299729262082,0.0004627174052648581,3,5.044966735036371,5.3741805705250325
89390ca211bffff,0.0055494094049476275,0.013959247349485818,0.05549409404947627,10,8.621626970677085,9.543969094603936
89390ca2123ffff,0.0012024154435565178,0.004404724760418989,0.01082173899200866,9,7.092918995973407,8.390660056146134
89390ca2127ffff,0.0005594483837662545,0.0023034162182813847,0.007832277372727563,14,6.328737148648608,7.742582655796222
89390ca212bffff,0.0015495611661201145,0.010101435894170462,0.037189467986882746,24,7.346372187049801,9.220531851391339
89390ca212fffff,0.0009295606809695129,0.0020645038046419816,0.013013849533573181,14,6.835787287249416,7.633129448830757
89390ca2133ffff,0.005805308457236249,0.014614728262599894,0.08707962685854374,15,8.66670027049618,9.58985350610887
89390ca2137ffff,0.0029829464877094126,0.00509885701550511,0.0477271438033506,16,8.001002028089598,8.536967782143927
89390ca213bffff,0.0030944023475224726,0.01278289662198733,0.07426565634053935,24,8.03767317586904,9.455941581457976
89390ca2143ffff,0.002332146148504517,0.01044917061988602,0.08628940749466714,37,7.754972914081885,9.254373584521488
89390ca2147ffff,0.0007663275301776192,0.0023969562864147222,0.03295208379763762,43,6.642913737827891,7.782372106236453
89390ca214bffff,0.007445736663285774,0.024230125123372283,0.10424031328600084,14,8.915531183635942,10.095393247869609
89390ca214fffff,0.0007706827513945298,0.0034388232672164032,0.029285944552992133,38,6.648573521774768,8.143175373238476
89390ca2153ffff,0.0004590832511231238,0.0019992358878028593,0.0192814965471712,42,6.131407453810552,7.601020396488677
89390ca2157ffff,0.00025791102145013447,0.003073959693081601,0.005674042471902958,22,5.556484456149334,8.031047072213765
89390ca215bffff,0.008917055621000352,0.0201320003820561,0.17834111242000703,20,9.095833222104545,9.910115557802959
89390ca2163ffff,0.001566889886479813,0.00303390747874813,0.014102008978318318,9,7.357485972985128,8.017936218267192
89390ca2167ffff,0.00364757978074225,0.009960648221847243,0.043770957368907,12,8.202093269690529,9.206497821008867
89390ca216bffff,0.0061412334044382184,0.008355503199719826,0.024564933617752874,4,8.72294370165259,9.030795341030819
89390ca216fffff,0.00901057266780467,0.01926014836511828,0.11713744468146073,13,9.106264882296998,9.865845307931783
89390ca2173ffff,0.0002866694259607119,0.0013697984654080042,0.010033429908624917,35,5.66181199435325,7.223148670513399
89390ca2177ffff,0.0017972046398930927,0.009209780636123405,0.05391613919679278,30,7.494544023846027,9.128129885279979
89390ca217bffff,0.0010938387058275598,0.0031119105988729346,0.036096677292309476,33,6.9983623307867,8.04331345138898
89390ca2183ffff,0.013241109236206186,0.03651208252411729,0.15889331083447422,12,9.491157124673405,10.505425900669856
89390ca2187ffff,0.0022967106439359614,0.004087936578687637,0.0298572383711675,13,7.739668534003602,8.316040210018786
89390ca218bffff,0.002987860622296612,0.006320736094749913,0.020915024356076284,7,8.00264753098481,8.751749147954547
89390ca218fffff,0.0028351817065879917,0.005819478493425452,0.025516635359291925,9,7.950213957033943,8.669137752711183
89390ca2193ffff,0.00385123160028442,0.006072017574580535,0.02310738960170652,6,8.256407895795029,8.711610889781175
89390ca2197ffff,0.024090610971377633,0.03650883504727945,0.0722718329141329,3,10.08961896640654,10.50533695662467
89390ca219bffff,0.018263102224769266,0.026531376357095102,0.16436792002292339,9,9.81269278525755,10.186121015570285
89390ca21a3ffff,0.00156898235113078,0.0027443726320481392,0.01882778821356936,12,7.358819656961195,7.917672094110532
89390ca21a7ffff,0.00011179385950948242,0.00024126842624725399,0.0010061447355853418,9,4.725561900609539,5.490046310818398
89390ca21abffff,0.00446001676801766,0.00909089751345156,0.04014015091215894,9,8.403131993923635,9.115138912741234
89390ca21afffff,0.0007689970572583837,0.0015520392244261201,0.010765958801617372,14,6.6463866930980675,7.347969080026201
89390ca21b3ffff,0.0033971313954599,0.010357986564360534,0.067942627909198,20,8.13098096995393,9.245609689055671
89390ca21b7ffff,0.0010864401923015698,0.0032099716641726898,0.013037282307618837,12,6.991581765865763,8.074328869439144
89390ca21bbffff,0.0055161532408818225,0.009200420261708428,0.07722614537234551,14,8.615617289011716,9.127113127394997
89390ca21c3ffff,0.004729440606195677,0.009145977267662135,0.009458881212391353,2,8.46177362856323,9.121178750429939
89390ca21c7ffff,0.0046423424283910135,0.009321404692922412,0.04178108185551912,9,8.443189736838427,9.140175888661743
89390ca21cbffff,0.000880695635988705,0.004219427552612309,0.022898086535706328,26,6.781846912538604,8.347691717682867
89390ca21cfffff,0.0009772882631991955,0.003501353115349104,0.016613900474386323,17,6.885804374252702,8.161190340243728
89390ca21d3ffff,0.0002060101062934646,0.0003958101181190105,0.0014420707440542522,7,5.332767614747323,5.983457874377478
89390ca21d7ffff,0.002143334712980356,0.00334471011493521,0.006430004138941068,3,7.670584626134735,8.115434241492137
89390ca21dbffff,0.015372738174833117,0.021601770193256712,0.0922364290489987,6,9.640416019377245,9.980576835136779
89390ca2203ffff,0.0005264945291689219,0.0014215670667643034,0.0015794835875067657,3,6.26813849405269,7.260218311999327
89390ca2207ffff,0.002992632582813435,0.007134260880639308,0.0598526516562687,20,8.004242839617941,8.87280409275187
89390ca220bffff,0.0020105843689529894,0.008439682893438187,0.03619051864115381,18,7.606677933812753,9.040818495861648
89390ca220fffff,0.005566698550816923,0.011579865643605337,0.12803406666878922,23,8.62473706096836,9.357109501666889
89390ca2213ffff,0.006518267057212901,0.014257442134420073,0.10429227291540642,16,8.782517234063812,9.565104440764754
89390ca2217ffff,0.00976702415035377,0.027901174822503108,0.126971313954599,13,9.186869488182424,10.236459915398816
89390ca221bffff,0.009605436112488232,0.020041644114744184,0.20171415836225287,21,9.170188581203405,9.905617488348742
89390ca2223ffff,0.002760848801298991,0.004791620236238021,0.011043395205195964,4,7.923655590001223,8.474832563021996
89390ca2227ffff,0.003400541246139642,0.004271068801935752,0.01700270623069821,5,8.131983915579491,8.35985348583238
89390ca222bffff,0.002085102995956573,0.004170205991913146,0.004170205991913146,2,7.643053009201155,8.335960479674453
89390ca222fffff,0.0020875439099196625,0.004148365118278201,0.025050526919035948,12,7.644222408336595,8.330710617974146
89390ca2233ffff,0.008246763666465026,0.012194848610270943,0.08246763666465026,10,9.017697371850904,9.408850894967062
89390ca2237ffff,0.004306488586074055,0.017204177146677706,0.03445190868859244,8,8.3681103186189,9.752965614410932
89390ca223bffff,0.004475373300646312,0.006230507179470853,0.008950746601292624,2,8.406568466456044,8.737373505391396
89390ca2243ffff,0.0026048186825432204,0.008202489732242352,0.08335419784138305,32,7.865502178342953,9.01231491982282
89390ca2247ffff,0.00014997293769301794,0.0004608233308924194,0.0029994587538603587,20,5.017100600176958,6.1351824172822
89390ca224bffff,0.0013552095153932004,0.004173389792734567,0.04607712352336881,34,7.212448966441911,8.336723469174071
89390ca224fffff,0.0009650466909214402,0.0059747206214779205,0.031846540800407525,33,6.873212167331659,8.69545997563247
89390ca2253ffff,0.003106589830940177,0.01692565825081983,0.07766474577350442,25,8.041602730751494,9.73664506939586
89390ca2257ffff,0.005089864370085008,0.01973090515457353,0.20359457480340032,40,8.535202912432744,9.88999215566123
89390ca225bffff,0.00557303391668065,0.018070935082301252,0.20062922100050337,36,8.625874292824358,9.802115465971248
89390ca2263ffff,0.0014032124550288135,0.010578050877137127,0.011225699640230508,8,7.247231894383446,9.266630992232903
89390ca2267ffff,0.0025933357742472965,0.010470311057340254,0.06224005858193512,24,7.861085799154499,9.256394516401503
89390ca226bffff,0.0004390991966209261,0.0009457798720112071,0.00790378553917667,18,6.087000148368722,6.853066618448082
89390ca226fffff,0.0037472799449034893,0.011063771530453057,0.07119831895316629,19,8.229052332378915,9.311521604323769
89390ca2273ffff,0.0009096061059511027,0.011177433219777771,0.02001133433092426,22,6.814110428293424,9.321741595544704
89390ca2277ffff,0.003933961603362094,0.010561813492947882,0.03933961603362094,10,8.27765640308143,9.26509495103071
89390ca227bffff,0.00029129654982117657,0.0004679550447324016,0.0017477792989270594,6,5.677768868493574,6.150506910403006
89390ca2283ffff,0.007592551321100464,0.022484383456970933,0.06833296188990418,9,8.935054655704207,10.020620752960701
89390ca2287ffff,0.0,0.0,0.0,1,0.0,0.0
89390ca228bffff,0.014118803827528342,0.024569008882804295,0.07059401913764171,5,9.555333617716185,10.109281827045656
89390ca228fffff,0.0003126216477230518,0.0007731541914737815,0.009378649431691553,30,5.74818731582293,6.65177106753971
89390ca2293ffff,0.0007431900774573257,0.004669680664777612,0.00520233054220128,7,6.612296482656913,8.4490600926711
89390ca229bffff,0.0001073816422044637,0.00028609634181285624,0.0008590531376357096,8,4.68565872230647,5.659817845188844
89390ca22a3ffff,0.006903269763443599,0.012902161800757745,0.034516348817218,5,8.839895305499857,9.465227661151395
89390ca22a7ffff,0.015870546658601038,0.015870546658601038,0.015870546658601038,1,9.67228326678062,9.67228326678062
89390ca22abffff,0.003994492024578943,0.008020312649240665,0.03195593619663154,8,8.292922010711647,8.98985735944291
89390ca22afffff,0.0008698462224203255,0.0008915915820306282,0.001739692444840651,2,6.769465408360871,6.79412912130892
89390ca22b7ffff,0.01451462956477443,0.01451462956477443,0.01451462956477443,1,9.582981248909412,9.582981248909412
89390ca22bbffff,0.00924364433761024,0.0193785220796587,0.14789830940176385,16,9.131799672298106,9.871972224648355
89390ca22c3ffff,0.0004830197289524235,0.0017827374319462576,0.005796236747429082,12,6.182125668184267,7.486466122905681
89390ca22c7ffff,0.005053211924395343,0.02283339170301506,0.06063854309274412,12,8.527977219082342,10.036023086464851
89390ca22cbffff,0.004665499273032146,0.017160113343309243,0.1119719825527715,24,8.4481644492214,9.750401251083554
89390ca22cfffff,0.0037856861213224047,0.01662128689229202,0.04921391957719126,13,8.239246541267006,9.718499657757791
89390ca22d3ffff,0.007691547839375865,0.03437021235951479,0.1769056003056449,23,8.948007326140248,10.444974642992936
89390ca22d7ffff,0.0060351115343315045,0.019113438823267218,0.1327724537552931,22,8.705515297903155,9.858199287774749
89390ca22dbffff,0.006707792633434029,0.021354134165366617,0.1140324747683785,17,8.811174278370645,9.969047465876605
89390ca2303ffff,0.018792448024451593,0.018792448024451593,0.018792448024451593,1,9.841263578736866,9.841263578736866
89390ca2307ffff,0.0036122448979591837,0.00689916902798561,0.007224489795918367,2,8.192361511291473,8.839301187094817
89390ca230bffff,0.006452784233818332,0.011002387850616066,0.05162227387054666,8,8.772421940664522,9.305958490782068
89390ca230fffff,0.0011973956509280781,0.002307937215447802,0.0023947913018561562,2,7.088738983691014,7.744542617753885
89390ca2313ffff,0.009561241971988807,0.018420898468591806,0.03824496788795523,4,9.165577494449304,9.821295370111422
89390ca2317ffff,0.010389084338883761,0.023481995606354868,0.16622534942214018,16,9.24860720137349,10.064031846994826
89390ca231bffff,0.0054635852781050025,0.02449418956350091,0.04370868222484002,8,8.606043510833553,10.106232032907842
89390ca2323ffff,0.007058772963163425,0.007594065395268873,0.01411754592632685,2,8.862168171778052,8.93525402529812
89390ca2327ffff,0.002946513244062486,0.012115571969817569,0.08544888407781209,29,7.988717125722037,9.402329378842182
89390ca232bffff,0.012791874940303736,0.018163583686204594,0.10233499952242989,8,9.456643649634433,9.80722902593435
89390ca232fffff,0.005263011963909637,0.015340125441752365,0.18946843070074693,36,8.568648745781756,9.638292438706745
89390ca2333ffff,0.003801776560858353,0.0075605081346111,0.007603553121716706,2,8.243486752812348,8.930825937983524
89390ca2337ffff,7.768474004266294e-06,7.768474004266294e-06,7.768474004266294e-06,1,2.171162789449986,2.171162789449986
89390ca233bffff,5.902766722913815e-05,5.902766722913815e-05,5.902766722913815e-05,1,4.094805576424357,4.094805576424357
89390ca2343ffff,0.0034905662195159845,0.008256741698239358,0.08028302304886764,23,8.158105688028044,9.018906426983644
89390ca2347ffff,0.00025523469918388577,0.0012918590212996277,0.0015314081951033145,6,5.546093818167965,7.164611340576541
89390ca234bffff,0.005653140819510332,0.008126142188544684,0.045225126556082657,8,8.64014344411783,9.002964626422067
89390ca234fffff,0.0008742292548844813,0.0017386736285777964,0.005245375529306887,6,6.774485857622411,7.4614528048322875
89390ca2353ffff,0.004858787814824056,0.010443057722308894,0.06802302940753678,14,8.488750056440212,9.253788456642974
89390ca2357ffff,0.010523596305633303,0.016878155942564234,0.11575955936196633,11,9.261470302055676,9.733834763497143
89390ca2363ffff,4.5003024610780356e-05,8.411601770193258e-05,0.00018001209844312142,4,3.828707146735769,4.444015239982135
89390ca2367ffff,0.0005554618103091471,0.001020853895380305,0.0066655417237097645,12,6.321598543579404,6.9293738010335
89390ca236bffff,0.00022042249036900252,0.0006521060842433698,0.0017633799229520202,8,5.400072597631202,6.481739572809745
89390ca236fffff,0.0002957313190486803,0.0006965519437104015,0.004731701104778885,16,5.692827079692493,6.547576982192066
89390ca2373ffff,0.009907001178006304,0.01843242382756535,0.11888401413607565,12,9.201097909503703,9.821920808101442
89390ca2377ffff,0.012689496641090134,0.016754751822725972,0.06344748320545067,5,9.448608696356347,9.726496870709086
89390ca237bffff,0.0031458491049479423,0.01041675952752396,0.05347943478411502,17,8.054156947058116,9.251267275635582
89390ca2383ffff,0.0032033493584641345,0.00669063007418256,0.02883014422617721,9,8.07226434046628,8.808612781765659
89390ca2387ffff,0.000809419186043136,0.0026412811614505397,0.0202354796510784,25,6.697551627435987,7.879397899348361
89390ca238bffff,0.009544652806520424,0.009544652806520424,0.009544652806520424,1,9.163841126332494,9.163841126332494
89390ca2393ffff,0.005049372791238181,0.008775764908147347,0.040394982329905446,8,8.527217339592005,9.079863157243915
89390ca2397ffff,0.00040716832754942857,0.003032251902320991,0.0032573466203954285,8,6.0116796568446915,8.017390558087804
89390ca23a3ffff,0.006555079754210577,0.014520042026170844,0.052440638033684615,8,8.788148104861504,9.583354050691609
89390ca23a7ffff,0.003243295446103559,0.009633735553503773,0.038919545353242706,12,8.084653485719445,9.173130134026946
89390ca23abffff,0.0020359132732656244,0.002073673151007673,0.006107739819796874,3,7.619190839604,7.637558902670937
89390ca23afffff,0.00025768091948167725,0.00031602406953420997,0.001030723677926709,4,5.555595331086058,5.75897770012481
89390ca23b3ffff,0.007662315472210726,0.011673851443853673,0.045973892833264356,6,8.944199998361398,9.365192358160956
89390ca23b7ffff,0.0039604996444755755,0.007834060301187558,0.011881498933426726,3,8.284377930660392,8.96636385114692
89390ca23bbffff,0.009518072569336166,0.020133783310516094,0.19987952395605948,21,9.161052703852476,9.910204111395815
89390ca23c7ffff,0.015838963354452548,0.015838963354452548,0.015838963354452548,1,9.67029135188421,9.67029135188421
89390ca23cbffff,0.004121936033903942,0.017757075997325608,0.07419484861027095,18,8.324320818132012,9.784595677193748
89390ca23cfffff,8.241268426247255e-05,0.00013607564710751697,0.0003296507370498902,4,4.423800387278357,4.920532942107107
89390ca23d7ffff,0.010867416006198139,0.010867416006198139,0.010867416006198139,1,9.293616247895924,9.293616247895924
89390ca23dbffff,0.0008872616129134962,0.0008872616129134962,0.0008872616129134962,1,6.78926630874024,6.78926630874024
89390ca2403ffff,0.002545157666364964,0.004130281129612532,0.035632207329109496,14,7.8423407042875235,8.32634283872744
89390ca2407ffff,0.0023333894288716157,0.011996179439014296,0.03266745200420262,14,7.755505649344807,9.392426854393513
89390ca240bffff,0.003908641834201445,0.013487790123849853,0.10162468768923756,26,8.271201046277621,9.509614258289393
89390ca240fffff,0.0024503542446619835,0.012005285109363559,0.04165602215925372,17,7.8043959037504065,9.393185550769838
89390ca2413ffff,0.005445162214651852,0.02196325893852081,0.10890324429303704,20,8.602666458807711,9.997171817553493
89390ca2417ffff,0.004022326969517372,0.013507593364959089,0.06435723151227796,16,8.299864443694968,9.511081307469858
89390ca241bffff,0.005639633165501547,0.02032258269922634,0.1184322964755325,21,8.637751601577841,9.919537200089247
89390ca2423ffff,0.004028526855359929,0.009263523193988986,0.04028526855359929,10,8.301404242430266,9.133947674253145
89390ca2427ffff,0.005699489845366176,0.01006539526887198,0.07979285783512646,14,8.648307387913741,9.216957954285594
89390ca242bffff,0.004784612429035218,0.009922315259957338,0.10526147343877479,22,8.47336928504617,9.202642344039148
89390ca242fffff,0.002021336771838221,0.010244452227068676,0.048512082524117296,24,7.612008939538881,9.234589200945136
89390ca2433ffff,0.0022029951606227518,0.008007131713839983,0.03524792256996403,16,7.69802697454569,8.98821276864201
89390ca2437ffff,0.003894707158548733,0.008038715017988475,0.02726295010984113,7,8.267630497293874,8.992148916020984
89390ca243bffff,0.003477259090363615,0.012332707185838456,0.04520436817472699,13,8.154287186206277,9.420091214864122
89390ca2443ffff,0.0034382191603288576,0.0100517686013563,0.09283191732887916,27,8.142999736325212,9.215603358270844
89390ca2447ffff,0.003972726404417958,0.009478493425451304,0.08739998089719507,22,8.287459574344648,9.156886157687477
89390ca244bffff,0.00028957914305924505,0.004151357891050336,0.006660320290362636,23,5.671875976568864,8.331431618397412
89390ca244fffff,0.0025071131416685238,0.008487885637874495,0.060170715400044573,24,7.827286013043306,9.04651301484542
89390ca2453ffff,0.0039904364687707045,0.02267381960584546,0.0837991658441848,21,8.29190646232902,10.029010319310917
89390ca2457ffff,0.0009823746547506168,0.004532395173357955,0.024559366368765424,25,6.890990181563154,8.419226424144895
89390ca245bffff,0.0018385855434217373,0.008193320385876661,0.02757878315132606,15,7.517295577090499,9.0111965574006
89390ca2463ffff,0.00281357171227306,0.011727084593587827,0.07596643623137261,27,7.942565384157759,9.369741637059818
89390ca2467ffff,0.0029720057076865636,0.008889617625521349,0.0653841255691044,22,7.997328742837009,9.09275180028161
89390ca246bffff,0.002581228515763409,0.009819478493425453,0.08001808398866568,31,7.856408070884433,9.192225126579489
89390ca246fffff,0.003221148927589757,0.01443598968448534,0.048317233913846354,15,8.077803784763608,9.577548920110292
89390ca2473ffff,0.001855028577560336,0.007414244324875036,0.050085771594129073,27,7.5261943106200295,8.911293204113484
89390ca2477ffff,0.005587994948369364,0.01204654716800917,0.06705593938043236,12,8.628554755416966,9.396616363676706
89390ca247bffff,0.00045424713540265753,0.0022033811964723487,0.013173166926677068,29,6.120840426226926,7.698202111974672
89390ca2483ffff,0.0014724308355123109,0.01020178929606164,0.03092104754575853,21,7.295348862163502,9.230416422287083
89390ca2487ffff,0.0012483984644025934,0.005063962558502341,0.023719570823649276,19,7.1304174859908365,8.530102024454541
89390ca248bffff,0.0012390162332314057,0.008634531503709129,0.02849737336432233,23,7.122879749829042,9.063640540940035
89390ca248fffff,0.008302456400738546,0.02243751790887962,0.2158638664192022,26,9.02442714092411,10.018534310614072
89390ca2493ffff,0.002679283008055016,0.008001655576427139,0.01339641504027508,5,7.893677667950141,8.987528712633132
89390ca2497ffff,0.002420776863285329,0.013354707249514472,0.07020252903527455,29,7.792256790754657,9.499699081799246
89390ca249bffff,0.0006929011854351725,0.001313699894934573,0.004157407112611035,6,6.542329566270052,7.18136370178666
89390ca24a3ffff,0.00857857620427266,0.02801642841223853,0.10294291445127193,12,9.057139797820696,10.240582038814095
89390ca24a7ffff,0.018986429048998697,0.020384921519309755,0.15189143239198957,8,9.851532410175452,9.922599819986313
89390ca24abffff,0.0035588798479052864,0.006624661721162725,0.04982431787067401,14,8.17748207268811,8.798705528306161
89390ca24afffff,0.001569700220588268,0.006254958769779363,0.01569700220588268,10,7.359276799288442,8.741289691695016
89390ca24b3ffff,0.006323058231621319,0.02324613964150403,0.2023378634118822,32,8.75211640632323,10.053937377275293
89390ca24b7ffff,0.017846892528516976,0.029228246680887648,0.26770338792775467,15,9.78964071460819,10.282925085651653
89390ca24bbffff,0.0071088286796778,0.01954961953580184,0.071088286796778,10,8.86923342682172,9.880762254722237
89390ca24c3ffff,0.0019442385378488371,0.006555700595370754,0.03305205514343023,17,7.57313989010021,8.788242797389572
89390ca24c7ffff,0.0012357162820741893,0.004229934095322997,0.028421474487706353,23,7.120214986404199,8.350178073979274
89390ca24cbffff,0.0021387794287281697,0.010623961284982013,0.027804132573466207,13,7.668458032015978,9.270961350019581
89390ca24cfffff,0.007407828208172059,0.021533509503645454,0.15556439237161324,21,8.91042756923625,9.977412020523243
89390ca24d3ffff,0.00775665466071378,0.01999204049794645,0.13186312923213425,17,8.956435333051129,9.903139516876065
89390ca24d7ffff,0.004717926977014634,0.011798592760036933,0.08964061256327804,19,8.459336717356742,9.375820297996931
89390ca24dbffff,0.0034257019538480615,0.015115922187907926,0.0890682508000496,26,8.139353548103607,9.62357007001178
89390ca2503ffff,7.723900792766406e-05,7.723900792766406e-05,7.723900792766406e-05,1,4.359768345785027,4.359768345785027
89390ca2507ffff,0.0,0.0,0.0,2,0.0,0.0
89390ca250bffff,0.0020158309551064307,0.0045561463274857526,0.022174140506170736,11,7.609282724380688,8.424451901234582
89390ca250fffff,0.002875059696265402,0.004840332388805757,0.023000477570123214,8,7.9641764753242,8.484945248769517
89390ca2513ffff,9.09930274762011e-05,0.0002480180839886657,0.000909930274762011,10,4.5217127858748,5.517525520288038
89390ca251bffff,9.421927897524064e-05,0.00016689483905886848,0.00028265783692572194,3,4.556182431539012,5.123337825426842
89390ca2523ffff,0.006752777866216689,0.008724887771021046,0.08778611226081696,13,8.81785731118592,9.074049492154714
89390ca2527ffff,0.0019149670476614985,0.00598038778694005,0.009574835238307492,5,7.557977759876385,8.696407891414934
89390ca252bffff,0.0020165939698812444,0.005041484924703111,0.010082969849406221,5,7.609660976447884,8.525654280176523
89390ca252fffff,0.004485822534942214,0.005906332579833806,0.022429112674711073,5,8.408900054256051,8.683949668385887
89390ca2537ffff,0.004846023432774046,0.009408640835429336,0.07753637492438474,16,8.4861200703239,9.149490063458787
89390ca253bffff,0.004967079499506511,0.005858702919545353,0.009934158999013022,2,8.510788625801405,8.675854184962638
89390ca2543ffff,0.009430106728078647,0.01752242987678691,0.08487096055270782,9,9.151768731209641,9.771294114553086
89390ca2547ffff,0.001953813662750592,0.004623833932949155,0.01172288197650355,6,7.578050154705824,8.439195742912505
89390ca254bffff,0.0013383708137441146,0.006857079181126429,0.060226686618485153,45,7.199955240693598,8.833182678760592
89390ca254fffff,0.011165207424623515,0.0234681779107899,0.25679977076634086,23,9.320647302146227,10.063443260996403
89390ca2553ffff,0.011493834628668594,0.019301919831895317,0.310333534974052,27,9.349653050723079,9.86801165007701
89390ca2557ffff,0.0002759184132855478,0.0005439205323314974,0.0013795920664277392,5,5.623722925927555,6.300639971795822
89390ca255bffff,0.00119946193766118,0.0036796459613486583,0.0239892387532236,20,7.090461709753583,8.210843548734045
89390ca2563ffff,0.0004004966729281416,0.0007373045942245854,0.0060074500939221245,15,5.995199246747605,6.604356468752769
89390ca2567ffff,0.0001477283581139164,0.0002678213250979019,0.000738641790569582,5,5.0021215421696485,5.594046939943784
89390ca256bffff,0.012326117634895445,0.04583952201898145,0.23419623506301343,19,9.419556800370872,10.732923739172415
89390ca256fffff,0.015691560764880395,0.029741220669234934,0.3138312152976079,20,9.660942042408527,10.300322886669525
89390ca2573ffff,0.0010158644251441768,0.0033740010824922797,0.019301424077739358,19,6.924479078552715,8.124150924045033
89390ca2577ffff,0.0001949122862873699,0.0003240472476041899,0.0011694737177242193,6,5.27766704012204,5.783970549007151
89390ca257bffff,0.0007828760516990555,0.006292973351587125,0.011743140775485833,15,6.664250910529075,8.74734784367626
89390ca2583ffff,0.0015134993154828234,0.0038307491483332806,0.006053997261931294,4,7.322840178491504,8.25107667461326
89390ca2587ffff,5.527078225986183e-05,0.0001263332165939699,0.00022108312903944732,4,4.0301754352476475,4.846807403136761
89390ca258bffff,0.001772425617895028,0.003957973829157248,0.01595183056105525,9,7.480668332479907,8.283740136616297
89390ca258fffff,0.001465319565163559,0.004433315291795346,0.013187876086472032,9,7.290510843114063,8.397128495405402
89390ca2593ffff,0.0006829252761947213,0.0006829252761947213,0.0006829252761947213,1,6.5278486663254895,6.5278486663254895
89390ca2597ffff,0.0030758391290798075,0.006625489509376294,0.021530873903558654,7,8.031658092213284,8.798830457187554
89390ca259bffff,0.003581964503069919,0.01099576554490751,0.0931310770798179,26,8.18394581021427,9.305356467169823
89390ca25a3ffff,0.0012753244823670497,0.0031552739660606834,0.011477920341303448,9,7.151739728102755,8.057147486202187
89390ca25a7ffff,0.001935675986463228,0.0057302047183928175,0.032906491769874875,17,7.5687283734536495,8.653681035147882
89390ca25abffff,1.1461682957114204e-05,1.7510904517813368e-05,2.292336591422841e-05,2,2.5226585730276017,2.918359991831965
89390ca25afffff,0.0010254863255754721,0.0031067528415422334,0.012305835906905664,12,6.933896914963022,8.041655185012083
89390ca25b3ffff,0.0011323541377029232,0.0047139991722117865,0.020382374478652616,18,7.032936778564356,8.458504019502705
89390ca25b7ffff,0.0007583350458322601,0.0032749848769460985,0.008341685504154862,11,6.63244311060284,8.094373828645486
89390ca25c3ffff,0.005051822515418305,0.011498232990544113,0.050518225154183055,10,8.527702280079401,9.350035615652608
89390ca25c7ffff,0.0001484685918048967,0.00035276513101340385,0.0011877487344391735,8,5.00708628249755,5.868633221225468
89390ca25cbffff,0.01864347798401732,0.03575351014040562,0.41015651564838107,22,9.833305294581791,10.484431697938515
89390ca25cfffff,0.0023369600734620146,0.0058271196153968615,0.04440224139577828,19,7.757034064667212,8.67044969136612
89390ca25d3ffff,0.0010272272857519125,0.002453818969085294,0.011299500143271038,11,6.9355915166666025,7.805808297829593
89390ca25d7ffff,0.004702730016689114,0.010813588461905823,0.07524368026702583,16,8.456111093520013,9.288651285134787
89390ca25dbffff,0.0259130344805629,0.02923219459390621,0.2073042758445032,8,10.162539972764504,10.28306014374839
89390ca2603ffff,0.01087568319059293,0.04314699608392499,0.13050819828711516,12,9.29437662012677,10.672391254736183
89390ca2607ffff,0.01594213860928229,0.04314750549205642,0.3029006335763635,19,9.676783834422277,10.672403060733464
89390ca260bffff,0.006353070692367516,0.014763157056894521,0.06988377761604268,11,8.75685094041559,9.599957701921438
89390ca260fffff,0.0038427901965505367,0.012523289503008692,0.03458511176895483,9,8.254214189139311,9.435425198037377
89390ca2613ffff,0.003246245768198075,0.006028590531376357,0.01947747460918845,6,8.08556246009094,8.704434382171181
89390ca2617ffff,0.006264979059273688,0.03948390588684772,0.06891476965201057,11,8.742890129545762,10.583673748412258
89390ca261bffff,0.015048687389672459,0.0411046515330001,0.2708763730141043,18,9.619112498510956,10.623900897916768
89390ca2623ffff,0.0004817861998236948,0.001266452290744691,0.01011751019629759,21,6.179573905185393,7.1447640943188055
89390ca2627ffff,0.008953866726097616,0.016132064058072527,0.05372320035658569,6,9.099952431759567,9.688626113281984
89390ca262bffff,0.003924945488939088,0.017078735394313732,0.1295232011349899,33,8.275362490109114,9.745647975086358
89390ca262fffff,0.006947844794258243,0.013030150593778855,0.0486349135598077,7,8.846330708089829,9.475097969656968
89390ca2633ffff,0.0008161100252852289,0.002561622464898596,0.02121886065741595,26,6.705773755664591,7.848786413484642
89390ca2637ffff,0.0016144473048621696,0.01616364736222102,0.03390339340210556,21,7.38736716626284,9.690581875026504
89390ca263bffff,0.00676828407407936,0.030104173962876884,0.19628023814830145,29,8.820150610547708,10.312452328419534
89390ca2647ffff,0.0018885816657156084,0.0071864752141106054,0.02455156165430291,13,7.544110742662966,8.880095236628092
89390ca264fffff,0.004217214811041422,0.0071548919099621135,0.033737718488331375,8,8.347167286968483,8.875691339702081
89390ca2653ffff,0.011375357871457716,0.0346620395428062,0.1478796523289503,13,9.339292610009688,10.453429255408551
89390ca2657ffff,0.01316808194193657,0.06003967015823491,0.184353147187112,14,9.48562708402639,11.002777447547778
89390ca2663ffff,0.01251474984169435,0.029562100035021813,0.2252654971504983,18,9.43474311750804,10.294282242196061
89390ca2667ffff,0.0030217938746704386,0.005982934827597186,0.06345767136807921,21,8.013936806768449,8.696833628484908
89390ca266bffff,0.009202648922283422,0.025775159985991277,0.07362119137826738,8,9.12735530639075,10.157205312178657
89390ca266fffff,0.002175261160106268,0.016503231557833745,0.03915470088191283,18,7.685363619205387,9.711372085059457
89390ca2673ffff,0.0003007489007043275,0.0006297558024769971,0.0027067401063389476,9,5.709595216903325,6.446918786808219
89390ca2677ffff,0.008903250998797876,0.021618516985577384,0.17806501997595753,20,9.094284082000774,9.981351749851006
89390ca267bffff,0.0009700468018720749,0.003774268521761279,0.00970046801872075,10,6.878374666792039,8.236226790745786
89390ca2683ffff,0.0028116634869476413,0.00833652774682416,0.03655162533031934,13,7.941887173515763,9.028522018173263
89390ca2687ffff,0.013690428646142616,0.028031965360247064,0.2601181442767097,19,9.524525269750956,10.241136430937352
89390ca268bffff,0.0034773543322685293,0.01188455538221529,0.06259237798083353,18,8.154314567893065,9.383079108379846
89390ca268fffff,0.0017973669967206853,0.00696532840905473,0.014378935973765482,8,7.494634308063391,8.84884359438182
89390ca2693ffff,0.002782762194841535,0.008009105670349263,0.025044859753573817,9,7.931558599286377,8.988459232278666
89390ca2697ffff,0.007103501119636623,0.026426119901938938,0.10655251679454934,15,8.868483822673532,10.182146030867509
89390ca269bffff,0.0011652595231824115,0.002282021076761438,0.012817854755006528,11,7.061556917772298,7.733254878533365
89390ca26a3ffff,0.003344082788254841,0.010678404279028305,0.09029023528288072,27,8.115246722108028,9.276072331841274
89390ca26a7ffff,0.013819472429042936,0.058110796268585445,0.29020892100990164,21,9.533906281183329,10.970123956114124
89390ca26abffff,0.01659898512558578,0.052029099939507786,0.34857868763730143,21,9.717157078295184,10.859577675087959
89390ca26afffff,0.01645398725570014,0.05473864179056959,0.230355821579802,14,9.708383886883075,10.910343438740039
89390ca26b3ffff,0.0023477170379332182,0.009027603553121717,0.04225890668279793,18,7.761624516752975,9.108152989172229
89390ca26b7ffff,0.00280477484570876,0.008277818459677164,0.06450982145130148,23,7.939435017139616,9.02145553909034
89390ca26bbffff,0.007872358241268427,0.027613295552230254,0.15744716482536852,20,8.971239964660173,10.22608887240391
89390ca26c3ffff,0.0018984276572229072,0.0039920404979464485,0.01328899360056035,7,7.549307886734171,8.292308249247313
89390ca26c7ffff,0.004396478716291509,0.010763921169091662,0.035171829730332074,8,8.38878663664355,9.284048086881885
89390ca26cbffff,0.004288472743223118,0.009238180139450478,0.03859625468900806,9,8.363919100691191,9.131208431202333
89390ca26cfffff,0.01647003088286797,0.05091406921582986,0.1647003088286797,10,9.709358412765313,10.837914214043709
89390ca26d3ffff,0.010151747906650962,0.03178006303925627,0.0812139832532077,8,9.225499677548562,10.366625889476401
89390ca26d7ffff,0.0034371676907892644,0.00588531949441243,0.02406017383552485,7,8.142693960433714,8.680386207716559
89390ca26dbffff,0.011076041621966565,0.03656990034703429,0.254748957305231,23,9.312629923022428,10.507008130666295
89390ca284bffff,3.154085347087353e-05,6.29119042312713e-05,0.0001892451208252412,6,3.4824963298081366,4.157505638731868
89390ca284fffff,0.0006295775096309975,0.0016043809099302749,0.003147887548154988,5,6.446636081443228,7.381116334465866
89390ca286bffff,0.0011728980723854805,0.0017687923843484354,0.010556082651469324,9,7.068085175822885,7.4786175217097615
89390ca286fffff,0.002695179371800723,0.008929478811805534,0.024256614346206504,9,7.899591002386038,9.097225290776418
89390ca287bffff,0.0005957273392976536,0.0014525772867649402,0.002978636696488268,5,6.391460290970744,7.2817828914542
89390ca2893ffff,0.00010638139811306738,0.00028832500238785063,0.00031914419433920217,3,4.676386965146832,5.667550631987319
89390ca289bffff,0.00037096232148605676,0.0005631506892928779,0.003338660893374511,9,5.918792562815535,6.335321395409248
89390ca2a03ffff,1.6141870164602503e-05,3.0182431787067405e-05,3.2283740329205006e-05,2,2.8415240183377812,3.439854852476407
89390ca2a0bffff,0.0011673299585044626,0.003440924575758541,0.003501989875513388,3,7.063330622212496,8.14378606361987
89390ca2a13ffff,0.00021693509139782501,0.0003074278073163743,0.0015185456397847751,7,5.384197272572447,5.731487804019936
89390ca2a1bffff,0.0024263140067407396,0.004336273042758445,0.021836826060666656,9,7.794540577967763,8.375001098450051
89390ca2a43ffff,0.0007980992709096119,0.0017025693272628866,0.009577191250915343,12,6.683485181990577,7.440480933227948
89390ca2a47ffff,0.0006723762828064143,0.0009865325225253908,0.002017128848419243,3,6.512304286039038,6.8952094304358855
89390ca2a4fffff,0.0014782174960467807,0.0021909643732688083,0.004434652488140342,3,7.2992685080497335,7.692553394865024
89390ca2a53ffff,9.257431521750668e-05,0.0002807475564328696,0.0005554458913050401,6,4.538755935756841,5.6410114800619375
89390ca2a57ffff,0.003740254603844945,0.006616383839027031,0.04862330984998429,13,8.227176289729451,8.797455380343417
89390ca2a5bffff,6.800598554554427e-05,6.800598554554427e-05,6.800598554554427e-05,1,4.2341932478718265,4.2341932478718265
89390ca2a63ffff,0.0021876723934034456,0.006827342481454361,0.017501379147227564,8,7.69105042593133,8.828837241041674
89390ca2a67ffff,0.002314782387213856,0.006794995065108727,0.0370365181954217,16,7.7475028736625315,8.824088756645109
89390ca2a6fffff,9.475787194753097e-05,0.00018956350090738324,0.0007580629755802478,8,4.561822838232644,5.2499854771184555
89390ca2a73ffff,0.003535342855197758,0.006408800025470407,0.049494799972768615,14,8.170848380368673,8.765583352153563
89390ca2a7bffff,0.0012593205769047089,0.0018914323919895573,0.0025186411538094177,2,7.139121393699537,7.5456182604935895
89390ca2a83ffff,0.0037110764430577222,0.007616415677035245,0.018555382215288612,5,8.219346687190201,8.93819244116095
89390ca2a87ffff,0.003088796204909421,0.003088796204909421,0.003088796204909421,1,8.035860414613042,8.035860414613042
89390ca2a8bffff,0.00010338862534093201,0.00013925944792893757,0.000310165876022796,3,4.6481207168397,4.943493907046102
89390ca2a8fffff,0.00016959470215543315,0.0002751440669871693,0.0008479735107771658,5,5.139290580386836,5.620922711369589
89390ca2a9bffff,0.0012724378362889619,0.003114712343595785,0.01399681619917858,11,7.149475479948923,8.044213086810066
89390ca2aa3ffff,0.0005365659524340158,0.0006866184851475692,0.0010731319048680316,2,6.287051454677338,6.533234156724372
89390ca2aa7ffff,0.004070625798792886,0.00888274061574708,0.028494380591550197,7,8.31179765783694,9.091977987801398
89390ca2ab3ffff,0.0008578796796186716,0.0022617721035372027,0.012010315514661403,14,6.755628841880913,7.7243459350993895
89390ca2ab7ffff,9.28569981389237e-05,0.00027164188608360664,0.0010214269795281608,11,4.541772327529274,5.608159161470627
89390ca2abbffff,0.001989105035006957,0.005251361074851158,0.017901945315062614,9,7.59594269773618,8.566432983031175
89390ca2ac3ffff,0.002318370985568286,0.005384698653252253,0.016228596898978,7,7.749051300988588,8.59150232179742
89390ca2ac7ffff,0.0006063230284313413,0.0021701423158967175,0.0024252921137253654,4,6.4090608215512175,7.683008720883494
89390ca2acbffff,0.0017052373523512372,0.003567321468368939,0.03410474704702474,20,7.4420458463643975,8.179850587278386
89390ca2acfffff,0.0030816008150530106,0.006202999140373778,0.015408004075265054,5,8.033528940116987,8.732949385736422
89390ca2ad3ffff,0.00826199207523032,0.014270686745837181,0.09088191282753352,11,9.019542037633839,9.566032905716606
89390ca2ad7ffff,0.0023685567830876502,0.003539495049189723,0.011842783915438252,5,7.770458205284951,8.172021840754379
89390ca2adbffff,3.63908433888376e-05,8.857333885192144e-05,0.0001455633735553504,4,3.6214258452694654,4.495057718245647
89390ca2b07ffff,0.0005726105574835238,0.0019832532076793277,0.009161768919736381,16,6.351950694770707,7.592997904539832
89390ca2b0bffff,8.196376834665224e-05,0.0002516476169250852,0.0004098188417332612,5,4.418403986547463,5.531995699376335
89390ca2b0fffff,0.00014897004043427044,0.0002979400808685409,0.0002979400808685409,2,5.010435543709279,5.700243154875264
89390ca2b13ffff,0.000758094813588462,0.0022005157757330703,0.006064758508707696,8,6.6321266886827726,7.696901391072051
89390ca2b17ffff,0.0005398643700850076,0.0021087586360597284,0.005398643700850076,10,6.293168545169594,7.654328829434001
89390ca2b1bffff,0.0007291399138958756,0.0023043076825113823,0.006562259225062881,9,6.593236178648517,7.742969431342999
89390ca2b23ffff,0.00022015982680123535,0.0003882963481804579,0.0004403196536024707,2,5.398885638331586,5.964340874095809
89390ca2b2bffff,9.62144608233309e-05,9.62144608233309e-05,9.62144608233309e-05,1,4.576919474303235,4.576919474303235
89390ca2b33ffff,0.0007072282891315653,0.0007371135661753002,0.002121684867394696,3,6.562766483996604,6.604097696467958
89390ca2b3bffff,0.00025409914355757905,0.0006685344964819001,0.0025409914355757905,10,5.541652267860981,6.506582689542284
89390ca2b43ffff,0.00020108885988092589,0.0002531758413193671,0.0006032665796427777,3,5.308707501074013,5.538026316156207
89390ca2b47ffff,0.00035885255818396004,0.0013165653156738517,0.005382788372759401,15,5.885694386957195,7.183540854650719
89390ca2b53ffff,0.00045031678818173145,0.001984526728007896,0.004503167881817314,10,6.112169505746056,7.593639512081252
89390ca2b57ffff,0.0008594943214638208,0.0017910153140819512,0.012032920500493491,14,6.757507016517468,7.49109613930302
89390ca2b63ffff,9.586778028944288e-05,0.0002235664936801554,0.0008628100226049859,9,4.573346958851847,5.414171848985704
89390ca2b67ffff,0.00018236811105097267,0.0003339807061670222,0.001094208666305836,6,5.211495668209943,5.814072936635219
89390ca2b6bffff,0.0004443524679762701,0.0009329809927090962,0.003999172211786431,9,6.098866031518009,6.839456087603243
89390ca2b73ffff,0.00026421726256805375,0.0007198573657232004,0.0026421726256805377,10,5.580549348832993,6.580441289313776
89390ca2b77ffff,7.446910121302812e-05,0.0002663567767200484,0.0013404438218345062,18,4.323723317030527,5.588584008820073
89390ca2b7bffff,2.120411347066128e-05,3.1583304148492476e-05,6.361234041198384e-05,3,3.1002775631851183,3.4838000144985237
89390ca2b83ffff,0.0009684105707036346,0.001652456302333726,0.0038736422828145383,4,6.876688227729412,7.410623104696603
89390ca2b87ffff,0.0019612425313339068,0.0023914801490018786,0.01765118278200516,9,7.581843246825088,7.78008582611479
89390ca2b8bffff,0.00015208727087487954,0.0012141106052405363,0.001672959979623675,11,5.031008156652431,7.102590384751169
89390ca2b8fffff,0.00021049016887789217,0.0009951287847432266,0.0029468623642904903,14,5.354178514559126,6.903876551176852
89390ca2b9bffff,0.0009669748889080929,0.0016208729981852337,0.00676882422235665,7,6.87520614572945,7.391336932093906
89390ca2ba3ffff,8.768187462192366e-05,0.00017510904517813367,0.00035072749848769465,4,4.485055523698381,5.171103378056641
89390ca2babffff,0.00012115635645833997,0.0009308160081505302,0.0012115635645833997,10,4.8053018344860385,6.837135379048958
89390ca2bbbffff,0.00014942445564241865,0.0005204877582858417,0.0016436690120666053,11,5.013461002302584,6.2566858001209
89390ca2bc3ffff,0.0018199114903371648,0.002542455983953644,0.009099557451685824,5,7.507092473569503,7.841279058806867
89390ca2bc7ffff,0.001348594351937343,0.0031748861791206346,0.0094401604635614,7,7.207559346232888,8.063341983916473
89390ca2bcbffff,0.00026501048380127626,0.0007222133783310517,0.003710146773217868,14,5.583535720791788,6.583704307705333
89390ca2bcfffff,0.0005015202648922284,0.0019425005571651439,0.004012162119137827,8,6.2196359672638115,7.572246036973556
89390ca2bd3ffff,0.000800120984431214,0.0008158171224808176,0.001600241968862428,2,6.686011977399551,6.705415229511268
89390ca2bd7ffff,0.001572538656648307,0.008284122385303577,0.023588079849724605,15,7.361082283503807,9.022216701665087
89390ca2bdbffff,0.0005143748607087141,0.0007530325702824032,0.0015431245821261423,3,6.244894520755311,6.625435563736019
89390ca2c43ffff,0.0009458085262185999,0.0056548123149415775,0.018916170524371997,20,6.853096882899873,8.64043902367038
89390ca2c4bffff,0.002241480679635349,0.007316628991690281,0.013448884077812093,6,7.715337978348613,8.898041646246721
89390ca2c53ffff,0.0011876458731818662,0.002202617084275208,0.01543939635136426,13,7.0805700164852,7.697855418461596
89390ca2c57ffff,0.001441246988229699,0.007148078576204273,0.01441246988229699,10,7.273957584890547,8.874738756922602
89390ca2c5bffff,0.000214501344432256,0.000617848387404884,0.002359514788754816,11,5.372967148189103,6.427860311189446
89390ca2c83ffff,0.0005906905663981662,0.006400012735203286,0.0070882867967779935,12,6.382983806337988,8.764211496704668
89390ca2c87ffff,0.003753961178855318,0.007159667611194244,0.045047534146263814,12,8.230833225624238,8.876358497394852
89390ca2c8bffff,0.000563787449457162,0.0007033652774682416,0.001127574898914324,2,6.336449464716065,6.557297081636832
89390ca2c8fffff,0.0018802395633240297,0.007191250915342737,0.016922156069916268,9,7.539686180747062,8.880759463660613
89390ca2c93ffff,0.00031155765181044564,0.0006851539367697157,0.004361807125346239,14,5.744788937954471,6.531102000175997
89390ca2c97ffff,0.001787151453405075,0.006739023846668153,0.044678786335126876,25,7.488937657629975,8.815818741981422
89390ca2c9bffff,0.000551880034385049,0.0007222770543474801,0.0016556401031551469,3,6.315141041975745,6.583792349789859
89390ca2ca3ffff,0.002635751960690673,0.004771243910980929,0.03162902352828807,12,7.877303120757726,8.470571894858134
89390ca2ca7ffff,0.002121053895959178,0.004250947180744373,0.023331592855550958,11,7.6601397175126404,8.355132317170282
89390ca2cabffff,0.0014187971600496674,0.0021090770161418704,0.0056751886401986695,4,7.258269295356537,7.654479726345154
89390ca2cafffff,0.00021757033546647992,0.0011169410041707792,0.0013054220127988795,6,5.38710786418491,7.019243883244693
89390ca2cb3ffff,0.0023519487489245595,0.003861823044350346,0.030575333736019273,13,7.763424607327616,8.259153553786458
89390ca2cb7ffff,0.00015791652074246236,0.0003158330414849247,0.0006316660829698494,4,5.068379037568446,5.758374952118208
89390ca2cbbffff,0.0014414658218981822,0.0025519437104014773,0.0028829316437963643,2,7.274109304443449,7.845002368585361
89390ca2cc7ffff,0.0002505924143671286,0.00040236874781113697,0.0017541469005699004,7,5.527810374797567,5.999851150558511
89390ca2cd3ffff,0.0002616447515043459,0.0002616447515043459,0.0002616447515043459,1,5.570802364349924,5.570802364349924
89390ca2cdbffff,0.0006685663344901143,0.0013195580884459868,0.0026742653379604573,4,6.506630240865506,7.185809720505363
89390ca2d03ffff,0.00010628506772923978,0.00046056862682670573,0.0013817058804801172,13,4.675489476198889,6.134630746737435
89390ca2d07ffff,3.1583304148492476e-05,3.1583304148492476e-05,3.1583304148492476e-05,1,3.4838000144985237,3.4838000144985237
89390ca2d13ffff,0.00018229382236513954,0.0004341430800089147,0.0021875258683816744,12,5.2110904519598815,6.075674896567228
89390ca2d17ffff,0.00034432765474702256,0.002019895118327329,0.003098948892723203,9,5.844493690233365,7.611295820127901
89390ca2d1bffff,4.483852823500696e-05,0.0001753000732274189,0.00026903116941004175,6,3.8251249653248913,5.172187504760624
89390ca2d83ffff,0.0008698308658955323,0.002811614505396543,0.016526786452015114,19,6.769447774179544,7.941869758713804
89390ca2d87ffff,1.71606864274571e-05,3.43213728549142e-05,3.43213728549142e-05,2,2.899259171327571,3.564488244032308
89390ca2d8bffff,0.0005381833773324641,0.0023400299277277214,0.011301850923981747,21,6.290055730733545,7.758346251573108
89390ca2d8fffff,0.0005164478687991057,0.0011134388232672166,0.004648030819191951,9,6.248908783445165,7.01610625967932
89390ca2d93ffff,0.0010903653638856925,0.0025473590372186317,0.015265115094399696,14,6.995184818758072,7.843204916191718
89390ca2d97ffff,0.0012138173318843107,0.002598809258492789,0.014565807982611728,12,7.102349000343699,7.863193359200284
89390ca2d9bffff,0.0015263905250087555,0.004003820560985705,0.030527810500175112,20,7.331316019088674,8.295254054749854
89390ca2da3ffff,0.0023095927918749407,0.004813142729790824,0.023095927918749405,10,7.745259390453877,8.479313266800636
89390ca2da7ffff,0.002041877593471086,0.006120411347066128,0.018376898341239775,9,7.62211467793262,8.719547961185159
89390ca2dabffff,0.0022242191728485466,0.004220064312776593,0.017793753382788373,8,7.707610694400108,8.347842582050362
89390ca2db3ffff,0.000888747386630159,0.0026662421598904773,0.0026662421598904773,3,6.790937587190326,7.888800318669173
89390ca2db7ffff,0.00017693442431574816,0.0002808749084657264,0.0005308032729472445,3,5.181415079694616,5.641463385523325
89390ca2dbbffff,3.158330414849247e-05,9.474991244547742e-05,0.00015791652074246236,5,3.4838000144985237,4.56173971365279
89390ca2dc3ffff,0.0013384061893087968,0.002137030787353943,0.02542971759686714,19,7.19998165242152,7.667640491553314
89390ca2dc7ffff,0.0005607855801112511,0.002217644624152313,0.011776497182336273,21,6.3311202470414285,7.704651758756079
89390ca2dcbffff,0.0005742621541596358,0.0011485243083192715,0.0011485243083192715,2,6.354825857174907,7.047103490842865
89390ca2dcfffff,3.596103027794582e-05,0.00014371676907892644,0.00014384412111178327,4,3.6098641218705163,4.974778515512552
89390ca2dd3ffff,0.0011172084434397786,0.0021472826259989176,0.011172084434397786,10,7.019483079484962,7.672424023322936
89390ca2dd7ffff,0.0004973494858161674,0.0018869750708395685,0.003978795886529339,8,6.211301609640419,7.543260142613806
89390ca2ddbffff,4.268415634584567e-05,9.920723359546628e-05,0.00025610493807507405,6,3.7769854813476123,4.607240377616598
89390ca2e2fffff,0.00010990480435543954,0.00010990480435543954,0.00010990480435543954,1,4.708672214927796,4.708672214927796
89390ca2e43ffff,0.0027431076614051436,0.009809035626731192,0.054862153228102874,20,7.9172112232820515,9.191161184227758
89390ca2e47ffff,9.327262886433825e-05,0.00025935241491292305,0.00046636314432169123,5,4.546190891561491,5.562036155206078
89390ca2e4bffff,0.0006728063972121956,0.006969276322073292,0.024221030299639044,36,6.512942825157415,8.84941014745559
89390ca2e4fffff,0.0018198220087772363,0.006879684166958515,0.06915323633353498,38,7.507043331280553,8.836473368855152
89390ca2e53ffff,0.012894495208379764,0.01992594479289376,0.06447247604189882,5,9.464633320709492,9.899828104561228
89390ca2e5bffff,0.005187038024150627,0.01995752809704225,0.1919204068935732,37,8.55411087465979,9.90141180451318
89390ca2e67ffff,1.5791652074246238e-05,3.1583304148492476e-05,3.1583304148492476e-05,2,2.8208818625708405,3.4838000144985237
89390ca2e6bffff,0.004662083320067497,0.007892769588334554,0.07459333312107995,16,8.447432164988271,8.973829067594954
89390ca2e6fffff,0.00022738705466586015,0.0007143175522939286,0.0027286446559903216,12,5.431041797829956,6.572726573180296
89390ca2e73ffff,0.007647998981183738,0.007647998981183738,0.007647998981183738,1,8.94233006612585,8.94233006612585
89390ca2e77ffff,0.0030572129007609286,0.0030572129007609286,0.0030572129007609286,1,8.02558600498152,8.02558600498152
89390ca2e7bffff,0.0016958370357077735,0.006713235060014646,0.018654207392785508,11,7.436521229808461,8.811985187355287
89390ca2e83ffff,0.0005362634913559808,0.002386004011589035,0.0064351618962717695,12,6.286488647084439,7.777794306936092
89390ca2e87ffff,9.299245439205325e-05,0.0001809672386895476,0.00046496227196026624,5,4.543214506623035,5.203826663673267
89390ca2e8bffff,0.002018282976217008,0.0073482122958387725,0.016146263809736064,8,7.610497765112425,8.902348415829518
89390ca2e8fffff,0.0001475161047258217,0.00023477347257155594,0.0004425483141774651,3,5.000693401694683,5.462871482078166
89390ca2e93ffff,0.0012084937103176933,0.0030758699735744534,0.02296138049603617,19,7.097957129803153,8.031668116897302
89390ca2e97ffff,0.0003993793222752591,0.002283421949122863,0.005191931189578368,13,5.992412403438354,7.733868295010554
89390ca2e9bffff,0.0017075137252760162,0.00535712693813875,0.020490164703312195,12,7.4433791050472315,8.58636974115254
89390ca2ec3ffff,0.013984864210894968,0.017929829029895893,0.13984864210894968,10,9.54580239928596,9.794276802557379
89390ca2ecbffff,0.016717978923238563,0.017570696297239646,0.06687191569295425,4,9.724299815589598,9.77404472161144
89390ca2ed3ffff,0.0038344648311742797,0.013881180553344584,0.06518590212996275,17,8.252045914063682,9.538361322106878
89390ca2ed7ffff,0.0001374835945818785,0.0003187621382406317,0.0012373523512369067,9,4.930751867939201,5.767577401397947
89390ca2edbffff,0.0009811473508503023,0.0032547359037218633,0.006868031455952116,7,6.889741348880208,8.088173613182251
89390ca3003ffff,0.003787954885542361,0.026662739978986917,0.060607278168677774,16,8.23984550425528,10.19105986817686
89390ca3007ffff,0.008669378203699576,0.025510522461714796,0.034677512814798306,4,9.067667690933849,10.146885490331686
89390ca300bffff,0.007077900530987226,0.02669432328313541,0.12740220955777007,18,8.864873882395235,10.192243671111395
89390ca300fffff,0.0010453309560953868,0.0018520806138367985,0.0156799643414308,15,6.95304499620126,7.524604729838148
89390ca3013ffff,0.0021502626635677676,0.005940017192524436,0.021502626635677674,10,7.673810234117496,8.689635642228753
89390ca3017ffff,0.0011835567361008388,0.006579069693399981,0.016569794305411743,14,7.077123921228293,8.791800615965396
89390ca301bffff,0.002505605136239229,0.021854181922378937,0.07266254895093764,29,7.826684581261427,9.99219333132495
89390ca3027ffff,0.0,0.0,0.0,1,0.0,0.0
89390ca302bffff,0.0021834378681269704,0.003485115731159859,0.010917189340634851,5,7.689113805838674,8.156543424369936
89390ca302fffff,1.09204368174727e-05,2.1777197618516988e-05,2.18408736349454e-05,2,2.478254306726897,3.125759931071241
89390ca303bffff,0.0016856527322317383,0.0037268935655385403,0.01011391639339043,6,7.4305012120565905,8.223598625381436
89390ca3043ffff,0.005161712030105381,0.009003916075010348,0.056778832331159185,11,8.549217307632743,9.105525937745455
89390ca3047ffff,0.02607578808800383,0.043401904576448894,0.39113682132005745,15,10.168800852321427,10.6782816435737
89390ca304bffff,0.004835286064503805,0.011321022636823842,0.05802343277404566,12,8.483902363108408,9.334505013960783
89390ca304fffff,0.012470461564288176,0.03602897258747493,0.13717507720716993,11,9.43119823824445,10.49210644291684
89390ca3053ffff,0.0018713638341452026,0.0029742430513547075,0.011228183004871215,6,7.534956993999683,7.998081012576991
89390ca3057ffff,0.003041043740875,0.018180839886656693,0.04257461237225,14,8.020284851701726,9.808178566497208
89390ca305bffff,0.005707357763698304,0.00886223693845713,0.028536788818491518,5,8.649686654225123,9.08966731981863
89390ca3063ffff,0.00039247110700754565,0.0020461651119105992,0.00627953771212073,16,5.975007639513748,7.6242112428434865
89390ca3067ffff,0.001598395364386004,0.001598395364386004,0.001598395364386004,1,7.377380939547963,7.377380939547963
89390ca306bffff,0.0002348416968748721,0.001439587379413544,0.009863351268744628,42,5.463160804000834,7.272806211771007
89390ca3073ffff,0.0009330054834846455,0.004163010602056736,0.012129071285300393,13,6.8394823091801795,8.334233975854755
89390ca307bffff,0.0012221913645617496,0.005064662994683053,0.051332037311593484,42,7.109218594879133,8.530240305388556
89390ca3083ffff,0.013714024642618361,0.030340539335859153,0.1371402464261836,10,9.526247200134097,10.320272987800692
89390ca3087ffff,0.0037759633246562535,0.010875799929956383,0.07551926649312507,20,8.236675612486932,9.29438735306207
89390ca308bffff,0.007461753335869203,0.029478620777484164,0.14177331338151486,19,8.917679704979811,10.29145448249883
89390ca308fffff,0.00038156607009622,0.0010981565793243976,0.008776019612213061,23,5.946901370627788,7.002298418617623
89390ca3093ffff,0.014836199955707525,0.024315896717501354,0.1186895996456602,8,9.60489281668869,10.09892672586184
89390ca3097ffff,0.009107475912489551,0.03123009328536407,0.3369766087621134,37,9.116960677958362,10.349169457200848
89390ca309bffff,0.010659309433601835,0.03358126651596676,0.34109790187525874,32,9.27428272484093,10.421753424362318
89390ca30a3ffff,0.008123658823903977,0.008123658823903977,0.008123658823903977,1,9.002659015412169,9.002659015412169
89390ca30a7ffff,0.022080550160781944,0.022080550160781944,0.022080550160781944,1,10.00249770448382,10.00249770448382
89390ca30abffff,0.0012399842932492812,0.003769938552644147,0.014879811518991374,12,7.123660128596939,8.235079202414418
89390ca30b3ffff,0.0006388071653085747,0.0022277054347480023,0.007665685983702896,12,6.461166826747133,7.709176173351188
89390ca30bbffff,0.00380150063145383,0.011707090324429304,0.09123601515489192,24,8.243414190196242,9.36803536254366
89390ca30c3ffff,0.0007146749315814755,0.0023971473144640074,0.015008173563210984,21,6.573226057697516,7.782451765920765
89390ca30c7ffff,0.0033381101008926922,0.01928810213633035,0.09680519292588807,29,8.113459613611665,9.86729555926597
89390ca30cbffff,0.0004003603001262908,0.001158457766882104,0.009608647203030979,24,5.994859527949016,7.055707732472166
89390ca30cfffff,0.0011101170577435344,0.0030284950173517147,0.026642809385844825,24,7.013121146594822,8.016151223673909
89390ca30d3ffff,0.004003135494877923,0.015301346747747462,0.11609092935145977,29,8.295082979742157,9.635761477824396
89390ca30d7ffff,0.005579891179233389,0.020252220701072944,0.15065706183930153,27,8.62710375216318,9.916069106854623
89390ca30dbffff,0.0006429411543333855,0.0029132414276162887,0.026360587327668807,41,6.467607346670662,7.9773648342553525
89390ca3103ffff,0.001109047976985948,0.005477283581139164,0.03327143930957844,30,7.012158515882177,8.60854711575937
89390ca3107ffff,0.00103611468970491,0.0034887452640962784,0.01139726158675401,11,6.944197799707998,8.157584022302263
89390ca310bffff,0.0011212322139735635,0.0031611958355885258,0.02578834092139196,23,7.0230750289942945,8.059021949940298
89390ca310fffff,0.0011324198132077901,0.003034735266961699,0.026045655703779175,23,7.032994724796585,8.018208936743102
89390ca3113ffff,0.001547404326339509,0.005846859180489669,0.060348768727240855,39,7.344980212770572,8.67383092119606
89390ca3117ffff,0.003800156359995897,0.008145436021522495,0.06840281447992615,18,8.2430606046851,9.005335812619565
89390ca311bffff,0.0029337464642008285,0.012168550415486009,0.06747616867661906,23,7.984376344953691,9.406692243268468
89390ca3123ffff,0.0007756953087805525,0.003891687096055271,0.03335489827756376,43,6.6550481354698725,8.266854968334732
89390ca3127ffff,0.0010058794684752641,0.004354739087522685,0.036211660865109505,36,6.914611191885651,8.37924958499601
89390ca312bffff,0.0013842347279897028,0.0037523002960934766,0.01937928619185584,14,7.233624882954474,8.2303908108803
89390ca312fffff,0.0021940844980738007,0.005092616765895126,0.054852112451845014,25,7.693975820473935,8.535743420258402
89390ca3133ffff,0.0009836564891167077,0.0032539717915247225,0.02950969467350123,30,6.892292838333956,8.087938888406876
89390ca3137ffff,0.0022440135700666124,0.007502117227546246,0.08078448852239804,36,7.716466844731188,8.923073843513537
89390ca313bffff,0.0001495865400478728,0.0003406030118755771,0.0016454519405266006,11,5.0145379358594315,5.833649278841521
89390ca3143ffff,0.000736140553407936,0.0021322550861218124,0.012514389407934912,17,6.6027785841936195,7.665404301626585
89390ca3147ffff,0.0027968345944722143,0.015067528415422332,0.05034302270049986,18,7.936601037849799,9.620363636913678
89390ca314bffff,1.8211340698525902e-05,3.6422681397051804e-05,3.6422681397051804e-05,2,2.955500766043519,3.622276975067917
89390ca314fffff,0.00030396161720470596,0.0010413575726702538,0.006991117195708238,23,5.720185923457764,6.949240323399661
89390ca3153ffff,0.00036515011620873,0.0018474322646375243,0.0073030023241746,20,5.903043402887146,7.522093134284972
89390ca3157ffff,0.0037990021058568295,0.015443153236333535,0.07977904422299342,21,8.242756899887173,9.644985779397421
89390ca315bffff,0.00017303161514215673,0.0004073354770925531,0.0027685058422745076,16,5.159236978929062,6.012089084319515
89390ca3163ffff,0.003289659749655292,0.010264128116145054,0.0427655767455188,13,8.098843355465721,9.236507810246561
89390ca3167ffff,0.0001714405991205635,0.00034155815212200325,0.0030859307841701426,18,5.150052824244062,5.836441430507589
89390ca316bffff,0.0018046419815976314,0.006101817950269032,0.030678913687159734,17,7.498671476007084,8.716505902551663
89390ca316fffff,0.0011147004043427044,0.004751313317838836,0.01783520646948327,16,7.017237652010742,8.466386792757582
89390ca3173ffff,0.0009967397879588654,0.002642554681779108,0.009967397879588655,10,6.9054925088064225,7.879879760832894
89390ca3177ffff,0.0008351647604370179,0.00335954662676303,0.025890107573547556,31,6.728825675529084,8.119858926261847
89390ca317bffff,0.0014561469333234166,0.013532108631284028,0.06261431813290691,43,7.284235647591951,9.51289445318417
89390ca3183ffff,0.003641756609039872,0.009005253271355344,0.10925269827119616,30,8.20049598419192,9.10567442297945
89390ca3187ffff,0.010717379092611662,0.05773886465662709,0.5358689546305831,50,9.279715219144888,10.9637031092001
89390ca318bffff,0.0040102857991870695,0.015267534783023975,0.1203085739756121,30,8.296867117080302,9.633549439648355
89390ca318fffff,0.0022363990838144936,0.01273233786494317,0.07603756884969277,34,7.713069346926062,9.451978861812083
89390ca3193ffff,0.0035800070451961264,0.024942303978200596,0.07160014090392253,20,8.183399337378829,10.124360687532715
89390ca3197ffff,0.018823142760667915,0.0715528670126397,0.6211637111020412,33,9.842895514349324,11.178205829822398
89390ca319bffff,0.008768479555181553,0.02480174472285014,0.2279804684347204,26,9.079032739840386,10.118709600337597
89390ca31a3ffff,0.006560741188831227,0.048733165653156746,0.16401852972078068,25,8.78901127184583,10.794135616550003
89390ca31a7ffff,0.00452647946602525,0.053005699003470345,0.14032086344678277,31,8.417920654358051,10.878173580838814
89390ca31abffff,0.0019742723423222643,0.0063560762838676815,0.04935680855805661,25,7.588461562675318,8.757323846843596
89390ca31afffff,0.012870714945215885,0.05303244293037028,0.1801900092330224,14,9.462787543089522,10.878677992224526
89390ca31b3ffff,0.011574705612131192,0.05400171925244357,0.32409175713967336,28,9.356663837107783,10.896789680805297
89390ca31b7ffff,0.0023864752141106054,0.005745168582253495,0.023864752141106053,10,7.777991690776643,8.656288578171417
89390ca31bbffff,0.0022488562708907795,0.010203572224521635,0.1101939572736482,49,7.718621613553979,9.230591156141113
89390ca31c7ffff,0.006383664834023031,0.01727574898914324,0.17874261535264488,28,8.76165427437515,9.757116887455664
89390ca31cbffff,0.0009134775739423158,0.001984017319876469,0.00639434301759621,7,6.8183529447771605,7.593382918461798
89390ca31cfffff,0.0017485134459399986,0.012957305230984751,0.029724728580979975,17,7.467092997368376,9.469492192141088
89390ca31d3ffff,0.023317106561813496,0.025694864529275052,0.04663421312362699,2,10.05698544342076,10.154085344677604
89390ca31d7ffff,0.008514745339349754,0.026627845521984148,0.09366219873284728,11,9.049672121779224,10.189750325332898
89390ca31dbffff,0.007627240599828075,0.011865134197204624,0.01525448119965615,2,8.939612507888858,9.381443756143195
89390ca3203ffff,0.0059284493828732744,0.01750039797510268,0.017785348148619824,3,8.687686634876851,9.770036041012608
89390ca3207ffff,0.0011557260657773251,0.006271387182017894,0.01155726065777325,10,7.053348936652215,8.743912291951746
89390ca320bffff,0.0058447578719475314,0.017358591486516604,0.03506854723168519,6,8.67347152708296,9.761900456054779
89390ca320fffff,0.00032120002001246234,0.000511891496068006,0.0022484001400872363,7,5.775172532854797,6.240064314160298
89390ca3213ffff,1.5791652074246238e-05,3.1583304148492476e-05,3.1583304148492476e-05,2,2.8208818625708405,3.4838000144985237
89390ca3217ffff,0.006837962817927874,0.020524754051386547,0.08205555381513449,12,8.83039136431301,9.929435671837592
89390ca3223ffff,0.0010386416521434593,0.0031362985131650166,0.023888757999299567,23,6.9466313675125,8.051117362466368
89390ca3227ffff,0.00012450253112165303,0.0003698303034162183,0.0014940303734598363,12,4.832325926668485,5.915744554775899
89390ca322bffff,0.005226062968088953,0.017025438568563152,0.08884307045751219,17,8.561604825338076,9.742522624867282
89390ca322fffff,0.0019005818396001148,0.00748829953198128,0.030409309433601837,16,7.5504413659373375,8.921230551708222
89390ca3233ffff,0.006272102090020521,0.02135324270113662,0.13798624598045148,22,8.74402626247739,9.969005720279009
89390ca3237ffff,0.001800904995383489,0.004058263555031997,0.028814479926135825,16,7.496599715015672,8.308756845756346
89390ca323bffff,0.004279098347607374,0.017376993855264415,0.04279098347607374,10,8.36173126672478,9.762959963806294
89390ca3243ffff,0.002354151853148956,0.006135884619058232,0.021187366678340605,9,7.764360485538982,8.722072501341938
89390ca3247ffff,0.00690598236174345,0.01725970263300328,0.03452991180871725,5,8.840288115407335,9.756187672557582
89390ca324bffff,0.0009734442067849691,0.0022228023814830147,0.01070788627463466,11,6.881867264137702,7.706973794175588
89390ca324fffff,0.007398556359489592,0.017208061383679838,0.16276823990877104,22,8.909175325974777,9.753191348710716
89390ca325bffff,0.0033907797128211663,0.006242860326657965,0.020344678276926997,6,8.129110051648759,8.739353912175961
89390ca3263ffff,0.0014284548767519612,0.004338183323251298,0.03142600728854315,22,7.265048445508271,8.375441435021372
89390ca3267ffff,0.004569536645111463,0.020896940367410615,0.16450331922401268,36,8.42738590480847,9.947405886082981
89390ca326bffff,0.001853014528744415,0.005489573052309848,0.038913305103632716,21,7.525108582526819,8.610787910169153
89390ca326fffff,0.002050682667130182,0.017219013658505526,0.07587525868381674,37,7.626415548683729,9.753827571158267
89390ca3273ffff,0.0008256869050272215,0.0029853863542296795,0.006605495240217772,8,6.717426032079009,8.00181935828565
89390ca3277ffff,0.0022944697379731925,0.005921105415645197,0.03671151580757108,16,7.738692780406208,8.686447309186185
89390ca327bffff,0.0004952049343680835,0.0017561845330956096,0.004952049343680835,10,6.206989015521201,7.471468110045819
89390ca3283ffff,0.0006963892161128623,0.0017852207965869656,0.00626750294501576,9,6.547343671134992,7.487857380103834
89390ca3287ffff,0.0013682144018423812,0.0030066541437167695,0.039678217653429056,29,7.221992425036573,8.008915699641596
89390ca328bffff,4.6886773430120884e-05,0.00011423477347257156,0.0002813206405807253,6,3.8688393374787937,4.746971555773839
89390ca328fffff,0.0003066196117232445,0.0017773249705498426,0.003986054952402178,13,5.728863992826796,7.483427172460535
89390ca3293ffff,0.00040938372228766705,0.0009940462924639436,0.004912604667452004,12,6.0170926300282135,6.902789261165725
89390ca3297ffff,0.006108603994305545,0.01403935177815276,0.12828068388041644,21,8.717617237349256,9.549690732689905
89390ca329bffff,0.0003733006463115668,0.0007950587411251552,0.0029864051704925343,8,5.925059341629616,6.679672978504999
89390ca32a3ffff,0.008308872999994936,0.028336400394791305,0.1827952059998886,22,9.025199604940285,10.251937779848559
89390ca32a7ffff,0.003590271053819344,0.019510331433665512,0.061034607914928846,17,8.186261472808676,9.878750674941433
89390ca32abffff,9.117768792384348e-05,0.00029972300932853643,0.0009117768792384349,10,4.523718104789076,5.706189606283986
89390ca32afffff,0.011710002504109933,0.028973988347288995,0.16394003505753907,14,9.368284063867572,10.274188266043558
89390ca32b3ffff,0.006722800391607502,0.020101690598236174,0.21512961253144006,32,8.813408808128248,9.9086089456974
89390ca32b7ffff,0.011347590905747421,0.04539870737686651,0.3290801362666752,29,9.336848865929035,10.723260938565199
89390ca32bbffff,0.003571105383555728,0.014412811614505397,0.12141758304089476,34,8.18091044423637,9.575942165779539
89390ca32d3ffff,0.0027880984627140187,0.006730236556401032,0.036245280015282245,13,7.933473690953412,8.814514143710657
89390ca32d7ffff,0.0002775106922644253,0.0006410901334012544,0.0016650641535865519,6,5.62945645096224,6.464728688541551
89390ca32dbffff,0.00418650705211882,0.006208029545671624,0.029305549364831738,7,8.33986086021998,8.733759889876945
89390ca3307ffff,7.369437634648245e-05,0.0002526664331879398,0.000663249387118342,9,4.313404806125232,5.536020148777673
89390ca330fffff,0.0047313572542901725,0.011796809831576938,0.02365678627145086,5,8.462178719773878,9.375669185733074
89390ca3317ffff,0.005723200356585693,0.005723200356585693,0.005723200356585693,1,8.652458142961326,8.652458142961326
89390ca3323ffff,0.0029046239400596433,0.01546021840873635,0.01742774364035786,6,7.974403427655673,9.646090129432954
89390ca3327ffff,0.0002520354617524219,0.00043860040115890355,0.002772390079276641,11,5.5335296439346555,6.0858661350834256
89390ca332bffff,0.0017693163237551548,0.0029327262886433827,0.014154530590041238,8,7.478913523586396,7.984028664863592
89390ca332fffff,0.0003421221396960835,0.0009308160081505302,0.0071845649336177535,21,5.838086476188492,6.837135379048958
89390ca3333ffff,0.0019115540131809357,0.010127033652774684,0.02293864815817123,12,7.556194807487998,9.223062467124752
89390ca3343ffff,0.0031658123467795856,0.008123022063739693,0.025326498774236685,8,8.060480792108544,9.002580638568041
89390ca3347ffff,9.742430513547072e-06,9.742430513547072e-06,9.742430513547072e-06,1,2.374201368277191,2.374201368277191
89390ca334bffff,0.0017785830542683676,0.00716463434047566,0.05869324079085613,33,7.484134376672776,8.877051869557068
89390ca3353ffff,0.011526618343645312,0.01827272437836289,0.20747913018561562,18,9.352501030230316,9.813219480724173
89390ca335bffff,0.002476858450088304,0.00785488235855965,0.04210659365150117,17,7.815149937913582,8.969017875197084
89390ca3367ffff,0.0,0.0,0.0,2,0.0,0.0
89390ca338bffff,0.004162488458722023,0.005848705784966093,0.020812442293610112,5,8.334108573658588,8.67414664579297
89390ca3393ffff,0.003091152217517272,0.0034782387213855904,0.006182304435034544,2,8.0366226379643,8.154568790614919
89390ca339bffff,0.003091152217517272,0.003446655417237098,0.006182304435034544,2,8.0366226379643,8.145449689793349
89390ca33a7ffff,0.00587388964946353,0.008845935878251457,0.02349555859785412,4,8.678442555765919,9.087826449604906
89390ca33abffff,0.00011054156451972366,0.0001263332165939699,0.00022108312903944732,2,4.714397297398124,4.846807403136761
89390ca33afffff,0.0063553063829417744,0.009959183673469388,0.06990837021235952,11,8.757202730230176,9.206350791519993
89390ca33b3ffff,5.3790314877901244e-05,9.984399375975039e-05,0.00043032251902320995,8,4.003513442529635,4.613574706451673
89390ca33b7ffff,0.00015840917202746113,0.00034149447610557485,0.0030097742685217615,19,5.071474305650893,5.8362555294133145
89390ca33c3ffff,1.0867373470449022e-05,3.260212041134707e-05,3.260212041134707e-05,3,2.473792909532613,3.5145891724585328
89390ca33cbffff,0.0037868604540099975,0.014512464580215862,0.04544232544811997,12,8.239556614664885,9.582832089273099
89390ca33cfffff,0.01109204368174727,0.01109204368174727,0.01109204368174727,1,9.314073495506735,9.314073495506735
89390ca33d3ffff,9.665529478321992e-05,0.00041847877996752526,0.0012565188321818589,13,4.581443877903109,6.039012940521824
89390ca33dbffff,0.009784338428930743,0.014654271068801936,0.0684903690025152,7,9.188640465734963,9.592555349650965
89390ca3403ffff,0.009594311002760812,0.020406635040911843,0.06716017701932568,7,9.169029820919201,9.923664376523357
89390ca3407ffff,0.0011999373852505121,0.003378522079658697,0.014399248623006147,12,7.090857685209234,8.125489581928948
89390ca340bffff,0.004534163951592078,0.02039670158234901,0.0816149511286574,18,8.419616514396761,9.923177505952934
89390ca340fffff,0.0002693017924798625,0.0016422681397051803,0.0021544143398389,8,5.599539084706446,7.40444230600269
89390ca3413ffff,0.017041769017699486,0.029715177178515715,0.2215429972300933,13,9.743481288220146,10.299446862648447
89390ca3417ffff,0.003028621922759206,0.007018943614887453,0.048457950764147294,16,8.016193112750738,8.856510464920285
89390ca341bffff,0.020739605043950473,0.035613613932312396,0.39405249583505897,19,9.939848654161784,10.480511336323163
89390ca3423ffff,0.005073547072495146,0.023440478843643545,0.12683867681237865,25,8.53199255312827,10.062262332299948
89390ca3427ffff,0.006485293114348481,0.017752491324142763,0.09079410360087874,14,8.77744647769759,9.784337469879674
89390ca342bffff,0.003964417842019803,0.009606100162373843,0.03964417842019803,10,8.285366511119317,9.170257704333721
89390ca342fffff,0.004824922792830082,0.01400248336464071,0.08202368747811138,17,8.481757247886694,9.547061389408935
89390ca3433ffff,0.002042960085750369,0.007460982520933491,0.030644401286255535,15,7.622644423613542,8.917576411367946
89390ca3437ffff,0.022025714036547267,0.048684326148556153,0.5065914228405871,23,10.000011270094078,10.793132952549422
89390ca343bffff,0.005797007806564768,0.021238243815466906,0.1449251951641192,25,8.66526965590442,9.963605872813774
89390ca3443ffff,0.00015865410126609148,0.0002992772772135375,0.0019038492151930977,12,5.073009607938827,5.704706305171809
89390ca3447ffff,0.003248995965669531,0.006908274698334872,0.06822891527906015,21,8.086409033990561,8.84061994719108
89390ca344bffff,0.00044906873825973454,0.0012152567735362477,0.008981374765194691,20,6.109400322787313,7.103533202682033
89390ca344fffff,0.002761981843771454,0.007514151994651215,0.049715673187886174,18,7.92406575370076,8.924676527485033
89390ca3453ffff,0.010399998584977414,0.03535082301251234,0.18719997452959344,18,9.249657098306342,10.473105240363113
89390ca3457ffff,0.011912622662847951,0.03290120666051132,0.2739903212455029,23,9.385437785943573,10.401295006252319
89390ca345bffff,0.000687339029543996,0.0021288802572511064,0.013059441561335924,19,6.534281492059363,7.6638210398702205
89390ca3463ffff,0.0020551287357616754,0.0067176923811646345,0.02671667356490178,13,7.628580239284915,8.812648828446642
89390ca3467ffff,0.0021335788769896663,0.007688624279665064,0.04053799866280366,19,7.666024658895283,8.947627203005052
89390ca346bffff,0.0005690623706580917,0.0022534305453850807,0.014226559266452292,25,6.3457457770496015,7.720652690283056
89390ca346fffff,0.0007617561845330958,0.002096214460823331,0.009902830398930244,13,6.636938431768557,7.648365295974687
89390ca3473ffff,0.002064345782484631,0.009709828393135726,0.04747995299714651,23,7.633052940522189,9.180996871048627
89390ca3477ffff,0.007301183009419503,0.020770989206915218,0.10221656213187304,14,8.895928624818454,9.941360685366309
89390ca347bffff,0.004071992104173963,0.018270241013722183,0.16287968416695853,40,8.312133169069064,9.813083573377272
89390ca3483ffff,0.001360239987830806,0.0039426279091980005,0.024484319780954507,18,7.216151319091237,8.279856367762262
89390ca3487ffff,0.015826429128593715,0.03445693909389029,0.5064457321149989,32,9.669499734669746,10.447494702544509
89390ca348bffff,0.0066700687566989825,0.01466541437167691,0.13340137513397965,20,8.805535359461825,9.593315422153214
89390ca348fffff,0.010028376348412008,0.026046929224107743,0.11031213983253209,11,9.21327370039988,10.167693551665119
89390ca3493ffff,0.002123010468494483,0.006871852016937821,0.03184515702741725,15,7.661061311019402,8.83533443981718
89390ca3497ffff,0.004023082145059964,0.010922729154064123,0.10057705362649909,25,8.300052125353513,9.298692688626774
89390ca349bffff,0.0011766478822418205,0.0030947180744372634,0.014119774586901845,12,7.071274408019092,8.037775169335019
89390ca34a3ffff,0.006013266715211608,0.013154573529879972,0.13830513444986697,23,8.701889711619225,9.484600790386441
89390ca34a7ffff,0.004254749013489952,0.011611639975803115,0.07233073322932917,17,8.356026056888261,9.35984943693992
89390ca34abffff,0.00581308860517686,0.012211468050558758,0.1162617721035372,20,8.668039320971195,9.410212680221415
89390ca34afffff,0.007230807361341665,0.020380082142061193,0.13015453250414996,18,8.886244264734618,9.92236240360362
89390ca34b3ffff,0.002808604589081523,0.009214301633289823,0.07302371931611959,26,7.940799036797067,9.12862060242658
89390ca34b7ffff,0.0021348916159185556,0.009432774045655705,0.04483272393428967,21,7.666639457181523,9.152051512492685
89390ca34bbffff,0.005037392679380645,0.014251201884810088,0.07556089019070968,15,8.524842397380606,9.564666691992372
89390ca34c3ffff,0.00043222749318135993,0.0037130121939571463,0.005186729918176319,12,6.071262978443929,8.219868025148282
89390ca34c7ffff,0.00411443995174773,0.029683593874367222,0.07405991913145914,18,8.322501021551236,10.298383465437775
89390ca34cbffff,0.0,0.0,0.0,2,0.0,0.0
89390ca34cfffff,0.0014641274086337605,0.005898054697698113,0.02635429335540769,18,7.28969748602033,8.682547396327966
89390ca34d3ffff,0.004742430513547073,0.011533063771530454,0.09484861027094145,20,8.464515889953017,9.353060003163927
89390ca34d7ffff,0.004477408038807638,0.01663408577159413,0.04925148842688402,11,8.40702291377736,9.719269344531508
89390ca34dbffff,0.006445310261390049,0.0124748957305231,0.05156248209112039,8,8.771263193607695,9.431553720088015
89390ca3503ffff,0.010614091502435608,0.015963768346652234,0.031842274507306825,3,9.270031994207185,9.678139594968586
89390ca3507ffff,0.01602190798593225,0.03988524025031182,0.2243067118030515,14,9.681774726367179,10.593786687519582
89390ca350bffff,0.01020443821834506,0.023376229743067276,0.2040887643669012,20,9.230676015855062,10.059517739685289
89390ca350fffff,0.0,0.0,0.0,2,0.0,0.0
89390ca3513ffff,0.0,0.0,0.0,1,0.0,0.0
89390ca3517ffff,0.010226023638784687,0.037721099048043556,0.1738424018593397,17,9.232788872212815,10.538001383344469
89390ca351bffff,0.006418042144426303,0.016278455219841448,0.04492629501098412,7,8.767024186865283,9.697659175841926
89390ca3523ffff,0.005238997314994641,0.04151988283612978,0.0628679677799357,12,8.564076264909353,10.633951780526285
89390ca3527ffff,0.006273424545896766,0.03370568945206788,0.11919506637203856,19,8.744237053961562,10.425451596703285
89390ca352bffff,0.007105542997230094,0.04156343723136681,0.08526651596676113,12,8.868771187569557,10.635000206389993
89390ca352fffff,0.02285712399017503,0.09444203890604605,0.6171423477347258,27,10.037061868809575,11.455752168848262
89390ca3533ffff,0.00035657820070305815,0.0007875449711866026,0.0060618294119519885,17,5.8793540814385885,6.670189438621497
89390ca3537ffff,0.012375389709465933,0.03242191728485466,0.16088006622305712,13,9.423545880886568,10.3866207753516
89390ca353bffff,0.017665789307291076,0.04153796682479544,0.35331578614582154,20,9.779441845764191,10.634387225305566
89390ca3543ffff,6.252984813270083e-05,0.00014581807762106404,0.0003126492406635041,5,4.151509844793935,4.989194253156404
89390ca3547ffff,0.0001036823840300551,0.00038199242255404503,0.0025920596007513773,25,4.650930851858621,5.948015204530741
89390ca354bffff,0.0006233499952242988,0.0013103250660638673,0.0062334999522429884,10,6.436711100912077,7.178793405785068
89390ca354fffff,0.00011116240567990067,0.0001991785793880735,0.0004446496227196027,4,4.719947871700168,5.299209865093064
89390ca3553ffff,0.007527856488409197,0.012580597917794263,0.06775070839568277,9,8.926498448492895,9.439990542680402
89390ca3557ffff,0.0040250337710301416,0.008940749466713364,0.028175236397210993,7,8.30053699439857,9.098486538811777
89390ca355bffff,0.004585560667324653,0.013669012066605115,0.07336897067719444,16,8.430885712230518,9.522959812424636
89390ca3563ffff,0.008117570417102399,0.021951478875481552,0.21105683084466237,26,9.001909360648776,9.996635344950647
89390ca3567ffff,0.0007087405945217401,0.0019886019930593145,0.008504887134260881,12,6.564899543446662,7.595689894227392
89390ca356bffff,9.45119652261923e-05,0.00019172848546594926,0.0017957273392976538,19,4.559251529965128,5.26128238735989
89390ca356fffff,0.007881761544741525,0.0320755197554841,0.22857108479750424,29,8.972433571299018,10.375879569670314
89390ca3573ffff,0.0034707758922601804,0.013920468655480914,0.06941551784520361,20,8.152421526536896,9.541187435182215
89390ca3577ffff,7.287720080231781e-05,0.0002271960266165749,0.0005830176064185425,8,4.302404266176842,5.430205025429651
89390ca357bffff,0.00251722870399046,0.013315673851443855,0.02768951574389506,11,7.831311038116908,9.496772202058871
89390ca3583ffff,0.002127377511770546,0.003304912604667452,0.0063821325353116375,3,7.663115236875448,8.103467842661752
89390ca358bffff,0.013844944654929055,0.03200114616829571,0.20767416982393583,15,9.535747664041557,10.373558247292163
89390ca358fffff,3.1583304148492476e-05,6.316660829698495e-05,9.474991244547742e-05,3,3.4838000144985237,4.161482955401938
89390ca3593ffff,0.0008590643745797851,0.001963640994619377,0.014604094367856348,17,6.757007240608662,7.5830648076724465
89390ca359bffff,0.03892339775223662,0.05737864943169156,0.15569359100894647,4,10.56937652457831,10.957444979926095
89390ca35a3ffff,0.01025941944229864,0.023973892833264353,0.19492896940367413,19,9.2360489992048,10.084762429804812
89390ca35a7ffff,0.004687396242205375,0.017417173421630745,0.13124709478175048,28,8.45284585033974,9.76526938966372
89390ca35abffff,0.009862175564840037,0.025798465408004078,0.3451761447694013,35,9.19656346114435,10.158109050075037
89390ca35afffff,0.0024173724091820815,0.0067401700149638645,0.038677958546913305,16,7.7908500346927925,8.815988781565489
89390ca35b7ffff,0.005233139121483227,0.01047247604189882,0.03139883472889936,6,8.56295766307372,9.256601248946076
89390ca35bbffff,1.5791652074246238e-05,3.1583304148492476e-05,3.1583304148492476e-05,2,2.8208818625708405,3.4838000144985237
89390ca35c3ffff,0.007309062158404704,0.019738036868413515,0.08770874590085645,12,8.89700705590941,9.89035352093665
89390ca35c7ffff,0.013278943402634066,0.021889267407430992,0.0796736604158044,6,9.494010161171499,9.993797406405337
89390ca35cbffff,0.006520458814642011,0.02091967270527556,0.07172504696106212,11,8.782853374470609,9.948493073745782
89390ca35cfffff,0.007786892292018212,0.017870674010633896,0.062295138336145695,8,8.96032553640393,9.790972280913996
89390ca35d3ffff,0.003404352068440481,0.009481295170174155,0.05787398516348818,17,8.133103610724651,9.157181672504459
89390ca35d7ffff,0.0426967954268455,0.06308612181221944,0.6404519314026825,15,10.661902568535995,11.052271935975815
89390ca35dbffff,0.01745341976944384,0.04056748065841001,0.22689445700276992,13,9.767348177476677,10.610746705620254
89390ca3603ffff,0.001218536088382311,0.002416568499474673,0.002437072176764622,2,7.10622580998754,7.790517561765601
89390ca3607ffff,0.00010238193784311139,0.00024890954821866346,0.0014333471298035596,14,4.638430264447225,5.521099045268911
89390ca360bffff,0.010673508300876254,0.01540571173867363,0.09606157470788629,9,9.275613776228148,9.642558520643236
89390ca360fffff,0.004569199910853577,0.01363953007099876,0.013707599732560732,3,8.427312227100774,9.520800792152537
89390ca3613ffff,0.012964054888726163,0.012964054888726163,0.012964054888726163,1,9.470012931571683,9.470012931571683
89390ca3617ffff,0.002538932577711272,0.005913973701805216,0.022850393199401447,9,7.839892815452118,8.685242330384888
89390ca3627ffff,1.5791652074246238e-05,3.1583304148492476e-05,3.1583304148492476e-05,2,2.8208818625708405,3.4838000144985237
89390ca362bffff,0.00900016272759754,0.020226368238403007,0.16200292909675573,18,9.105109039929077,9.914791829677489
89390ca3633ffff,0.0028779047760549878,0.01021057658632876,0.05180228596898978,18,7.96516521471088,9.2312773151368
89390ca3637ffff,0.0003130472157661817,0.0006680250883504728,0.0050087554522589076,16,5.749543343286124,6.505821560696333
89390ca363bffff,0.005878856378744946,0.009854818682543221,0.04703085102995957,8,8.679287615210855,9.195817288946534
89390ca3643ffff,0.0001036136139323124,0.0002106402623451877,0.001036136139323124,10,4.650273695478306,5.354887957617414
89390ca3647ffff,7.195389856410583e-06,7.195389856410583e-06,7.195389856410583e-06,1,2.103571783536569,2.103571783536569
89390ca3653ffff,0.004985155732731716,0.01378872297749053,0.14456951624921976,29,8.51442049759728,9.531678881933685
89390ca3657ffff,0.006655480913114076,0.014436435416600338,0.053243847304912606,8,8.803346232462179,9.577579793945077
89390ca365bffff,0.00029030610490298305,0.0021142347734725716,0.0029030610490298307,10,5.6743746211882256,7.6569210893258335
89390ca3663ffff,0.000878023284196674,0.001971855200738642,0.010536279410360089,12,6.77881138675035,7.587237112928315
89390ca3667ffff,0.00446612259048185,0.009467923206724188,0.04019510331433666,9,8.404499764557787,9.155770473983795
89390ca366bffff,8.664713935496196e-05,0.0002668025088350473,0.00034658855741984785,4,4.473318973697869,5.590249801529274
89390ca366fffff,0.004352069592987801,0.008825050144862939,0.05657690470884142,13,8.378636528786734,9.085462871307001
89390ca3673ffff,0.003483940619220317,0.015822534942214018,0.038323346811423485,11,8.156206284088288,9.669253664035647
89390ca3677ffff,0.0031550829380113986,0.014072781686777676,0.031550829380113984,10,8.057086961091757,9.552068890595589
89390ca367bffff,0.0010324975462721426,0.004742526027571715,0.010324975462721426,10,6.940704004926593,8.464536025815184
89390ca3683ffff,0.002785135895231728,0.010404788436435417,0.0501324461141711,18,7.932410931050984,9.250117510722509
89390ca3687ffff,0.0029364777223905613,0.009052246171479513,0.09396728711649796,32,7.985306574556613,9.110878665360186
89390ca368bffff,0.002429997876370006,0.007921105415645198,0.03158997239281008,13,7.7960571007534245,8.977412284789263
89390ca368fffff,0.005354550508550954,0.015408577159412908,0.0696091566111624,13,8.585888780315276,9.642744488574483
89390ca3693ffff,0.0024537888067617227,0.008228087490846574,0.04662198732847273,19,7.805796010769221,9.015430411563603
89390ca3697ffff,0.0007152600649710081,0.0034455092489413864,0.016450981494333185,23,6.57404332024576,8.14511718589715
89390ca369bffff,0.002130743618573959,0.009299054411156039,0.04048412875290522,19,7.664695524102472,9.137775529786172
89390ca36a3ffff,0.009511905140928669,0.01621025820624662,0.06658333598650068,7,9.160404591636576,9.693461230856723
89390ca36a7ffff,0.004098379445381897,0.024739469578783153,0.1639351778152759,40,8.318590886452204,10.116195626315386
89390ca36abffff,0.00013961858066159383,0.0007637938170588049,0.0034904645165398456,25,4.946051123288088,6.639606277314875
89390ca36afffff,0.003760426947690153,0.011698494062211469,0.09025024674456367,24,8.232553671753637,9.367300877304833
89390ca36b3ffff,0.007718865712403045,0.029274029736699674,0.2547225685093005,33,8.951552248101086,10.284490204236526
89390ca36b7ffff,0.004472709520625724,0.018301824317870675,0.0939268999331402,21,8.40597321384164,9.814810661231071
89390ca36bbffff,0.016466666829938505,0.03156203635900538,0.21406666878920055,13,9.70915415132362,10.359741979425973
89390ca36c3ffff,0.0016567225954344296,0.003913400617657359,0.029821006717819735,18,7.413200008931174,8.27241749776597
89390ca36c7ffff,0.006950950364545194,0.01308204654716801,0.06950950364545194,10,8.846777527182283,9.479072514340519
89390ca36cbffff,0.0022646284277027056,0.013030023241745998,0.03170479798783788,14,7.725607450958951,9.475088196716793
89390ca36cfffff,0.0003319749116495272,0.00034767104969913085,0.0006639498232990544,2,5.808067146750404,5.8541289267165535
89390ca36d3ffff,0.00037090369912172585,0.0008729981852335319,0.005192651787704162,14,5.918634947430968,6.77307829926154
89390ca36d7ffff,0.0012658639243528927,0.00347785666528702,0.03164659810882232,25,7.144299774674032,8.154458974328213
89390ca36dbffff,0.0018962717692381165,0.0025102995956572957,0.003792543538476233,2,7.5481722223191925,7.828555665324788
89390ca764fffff,0.0,0.0,0.0,1,0.0,0.0
89390ca7697ffff,0.0,0.0,0.0,5,0.0,0.0
89390ca76bbffff,0.0,0.0,0.0,6,0.0,0.0
89390ca76c3ffff,0.00020529147696520108,0.00041058295393040217,0.00041058295393040217,2,5.329290105434146,6.020010588939044
89390ca76d7ffff,0.0001158054485444724,0.00018949982489095484,0.0003474163456334172,3,4.7605097178033144,5.249651275358747
89390cb0043ffff,0.0,0.0,0.0,1,0.0,0.0
89390cb0047ffff,0.00361140649707621,0.007253971791524723,0.02166843898245726,6,8.192129448923417,8.889442277168031
89390cb004fffff,0.007285173039574645,0.007285173039574645,0.007285173039574645,1,8.893733726884989,8.893733726884989
89390cb0057ffff,0.007018943614887453,0.007034544238912414,0.014037887229774906,2,8.856510464920285,8.858730328164254
89390cb00c3ffff,0.0,0.0,0.0,1,0.0,0.0
89390cb00c7ffff,0.0046271238604646235,0.006940558438664078,0.01388137158139387,3,8.43990685123647,8.845281587176592
89390cb00d7ffff,0.0068152440383329625,0.0068152440383329625,0.0068152440383329625,1,8.827063871614246,8.827063871614246
89390cb0103ffff,0.0006841351205068612,0.0007900920118437391,0.0013682702410137224,2,6.5296160750241725,6.673414284446019
89390cb0107ffff,0.00032124550288133977,0.00032124550288133977,0.00032124550288133977,1,5.775313686349817,5.775313686349817
89390cb010bffff,7.682511382087937e-05,0.00013098156579324397,0.00015365022764175874,2,4.354464178849948,4.882662259752486
89390cb010fffff,0.000868700054124614,0.0016214460823330895,0.012161800757744597,14,6.7681483868293775,7.391690216798396
89390cb0123ffff,0.00029643095927918753,0.0004301314909739247,0.002964309592791875,10,5.695182128403567,6.066413127041433
89390cb0127ffff,0.00023093168624704172,0.0004782705593938044,0.0006927950587411252,3,5.446442872473963,6.172265280105884
89390cb012bffff,0.0006657153855727513,0.0010457512178038142,0.007322869241300265,11,6.502363246563006,6.953446568312776
89390cb012fffff,0.000269709457411127,0.0005891305039956701,0.006203317520455921,23,5.601046132881521,6.380343705653154
89390cb0133ffff,0.0004828976832542689,0.0007484478970995575,0.0014486930497628068,3,6.1818734861338935,6.619336798247733
89390cb0137ffff,0.00041488108503931996,0.00042930370276035535,0.0008297621700786399,2,6.030399366126564,6.064491244874589
89390cb013bffff,0.0004800681823191295,0.0009634181285618772,0.006240886370148684,13,6.176009011243233,6.8715249438925525
89390cb0143ffff,7.059123181253781e-05,0.000116463434047566,0.00035295615906268905,5,4.270972605748928,4.766127085556389
89390cb0147ffff,0.0005061867038688969,0.0015377757967461557,0.011136107485115732,22,6.228879188009878,7.338742442099749
89390cb014bffff,0.0003051213204990785,0.0006198223439141647,0.0027460918844917064,9,5.723981495597249,6.431044960351084
89390cb014fffff,0.00010079913400617659,0.00044955267598459044,0.0006047948040370596,6,4.623001597264685,6.110474998036597
89390cb0153ffff,0.0,0.0,0.0,1,0.0,0.0
89390cb0157ffff,0.00012403509127378084,0.0003426406444012863,0.0013643860040115892,11,4.828594428095201,5.839596472990093
89390cb015bffff,0.00010668916552580471,0.00014804673819605846,0.00021337833105160943,2,4.679248980455764,5.004259935926612
89390cb0163ffff,0.0006268494471557289,0.0021838963354452547,0.008775892260180204,14,6.442300403898994,7.689323662672052
89390cb0167ffff,0.0012193426512570708,0.002696106211595403,0.036580279537712125,30,7.106886959979166,7.899934703749325
89390cb016bffff,0.00034388687500852804,0.0011625967079499507,0.0072216243751790895,21,5.843216464734878,7.059271097423121
89390cb016fffff,0.0010385558279474036,0.0029226654780476935,0.0290795631825273,28,6.946548812395032,7.980593408732406
89390cb0173ffff,0.0004987742366837531,0.0004987742366837531,0.0004987742366837531,1,6.2141564698208525,6.2141564698208525
89390cb0177ffff,0.0005518163583686205,0.0012360788309083385,0.0027590817918431024,5,6.315025863854669,7.120508097854572
89390cb017bffff,0.0005268620626672543,0.0015148524308319273,0.010010379190677833,19,6.268835004627474,7.323733220324471
89390cb01a3ffff,0.0017903148779012386,0.0017903148779012386,0.0017903148779012386,1,7.490705197831202,7.490705197831202
89390cb01afffff,0.0014273615842592888,0.0018215161259511605,0.009991531089815021,7,7.2642833211128295,7.507973312102192
89390cb01b7ffff,0.0,0.0,0.0,1,0.0,0.0
89390cb01cbffff,3.1583304148492476e-05,6.316660829698495e-05,6.316660829698495e-05,2,3.4838000144985237,4.161482955401938
89390cb0207ffff,0.001417475882708778,0.0020159190041071032,0.005669903530835112,4,7.257338252136643,7.6093263805326945
89390cb0223ffff,0.001223502817663727,0.003924862300614474,0.012235028176637271,10,7.110290177462443,8.275341300511293
89390cb022bffff,0.002646859180489669,0.005282180266802509,0.013234295902448344,5,7.8815067360694275,8.572283518634512
89390cb0233ffff,0.0027434538780968147,0.0043995670030882875,0.019204177146677704,7,7.917337382637153,8.389488675942305
89390cb0237ffff,0.0011651437486070873,0.002645929510649814,0.006990862491642524,6,7.061457642851173,7.881155571970673
89390cb023bffff,0.003167627113247796,0.004481390684198797,0.019005762679486775,6,8.061053685758399,8.407911817942383
89390cb0243ffff,0.0014228314905190963,0.002098188417332612,0.009959820433633674,7,7.261106749660122,7.649306081076683
89390cb024bffff,0.00120233054220128,0.00809468623642905,0.01322563596421408,11,7.092848443155805,8.99908663539445
89390cb024fffff,1.0527768049497492e-05,3.1583304148492476e-05,3.1583304148492476e-05,3,2.4447587378752194,3.4838000144985237
89390cb0253ffff,0.0006427996621725734,0.0016460887006908848,0.0064279966217257335,10,6.467387594124858,7.406764584641783
89390cb0257ffff,3.1583304148492476e-05,9.474991244547742e-05,0.0001263332165939699,4,3.4838000144985237,4.56173971365279
89390cb025bffff,0.006823139864370086,0.008176700945588845,0.027292559457480343,4,8.828221584912544,9.009166332096118
89390cb0267ffff,0.007298290298958897,0.007298290298958897,0.007298290298958897,1,8.895532403089678,8.895532403089678
89390cb026bffff,0.004006558629692127,0.013063962558502342,0.03605902766722914,9,8.295937514368488,9.477689312164333
89390cb02a7ffff,0.0007616925085166673,0.0007616925085166673,0.0007616925085166673,1,6.636854946802126,6.636854946802126
89390cb02abffff,0.0021735171447674236,0.0034784297494348756,0.004347034289534847,2,7.6845619164708205,8.154623694236246
89390cb02afffff,0.0017397985715346983,0.004899742112133465,0.015658187143812285,9,7.462099236081495,8.497141924086913
89390cb02b7ffff,0.0044643764526091255,0.007316501639657424,0.022321882263045628,5,8.404108801651093,8.89802424263946
89390cb02cbffff,0.0002331900622963694,0.000971568658664714,0.003497850934445541,15,5.456133017711535,6.879940673169898
89390cb02cfffff,1.0527768049497492e-05,3.1583304148492476e-05,3.1583304148492476e-05,3,2.4447587378752194,3.4838000144985237
89390cb02dbffff,2.526664331879398e-05,9.474991244547742e-05,0.0001263332165939699,5,3.268299819316927,4.56173971365279
89390cb0303ffff,0.0004861969499188131,0.0015462447069311345,0.012154923747970328,25,6.188668455946725,7.3442310196610485
89390cb0307ffff,0.0004116358823449148,0.001577063898882486,0.011525804705657615,28,6.022565563275847,7.363953994174371
89390cb030bffff,0.001239424270848385,0.004809895252952976,0.016112515521029006,13,7.12320875398777,8.478638469056065
89390cb030fffff,0.002821866803427607,0.007245821261421886,0.07054667008569018,25,7.945508244507554,8.888318205002433
89390cb0313ffff,0.0001397915974948036,0.0003035435703142412,0.0019570823649272505,14,4.947280765059709,5.718814164973737
89390cb0317ffff,0.00015782100671781973,0.0005783692572192684,0.004418988188098953,28,5.0677778241815155,6.361940024243842
89390cb031bffff,0.000897649161866029,0.0033932949154700884,0.014362386589856464,16,6.8008927045386525,8.129851335204236
89390cb0323ffff,0.0051978891400553985,0.013255818396001148,0.10395778280110797,20,8.556200254835616,9.492267294979905
89390cb0327ffff,0.004277245375529307,0.009976949282052916,0.029940717628705153,7,8.361298245531202,9.208132865430805
89390cb032bffff,0.004221140437454233,0.011391002578878666,0.08442280874908467,20,8.348097491108073,9.34066686002802
89390cb032fffff,0.0007315171518425364,0.0016619440287815597,0.006583654366582827,9,6.5964867561017755,7.416344821850554
89390cb0333ffff,0.0016760465038453487,0.011627750007959504,0.05363348812305116,32,7.424789491817589,9.361235759767236
89390cb0337ffff,0.0005583286782306171,0.0009001878442484639,0.006141615460536789,11,6.32673727573314,6.803713720061066
89390cb033bffff,0.000408806728208978,0.0011880034385048873,0.007767327835970582,19,6.015685653944735,7.080870788616699
89390cb0347ffff,0.0011856155878888217,0.002050049348912732,0.004742462351555287,4,7.078860490337636,7.626106818686253
89390cb034fffff,0.00027342481454360214,0.0007151453405074979,0.0013671240727180108,5,5.614677323773215,6.573883135896669
89390cb0357ffff,0.0015244639717561493,0.0028861791206342136,0.027440351491610688,18,7.3300538865432845,7.968035221601895
89390cb0363ffff,0.0012425610493807507,0.0042717055621000356,0.01863841574071126,15,7.125734356835897,8.360002526670286
89390cb0367ffff,0.0015434075866436019,0.003385335413416537,0.027781336559584834,18,7.34239567673466,8.127503616681501
89390cb036bffff,0.0007730435418117446,0.0020596644273934224,0.006957391876305702,9,6.651628127578172,7.63078374734919
89390cb036fffff,0.003082563030412373,0.005095927918749403,0.02774306727371136,9,8.033841035413605,8.536393268342733
89390cb0373ffff,0.0027811773695437616,0.006726097615333185,0.047280015282243945,17,7.9309891265774946,8.81389906889597
89390cb0377ffff,0.0006299043798486634,0.003511859658059792,0.0037794262790919802,6,6.447154313575941,8.164185702153796
89390cb037bffff,0.0007716406615448292,0.0014916106848355567,0.01003132860008278,13,6.649814078338404,7.308282003210829
89390cb0383ffff,0.00031340061765735937,0.0007481931930338439,0.0047010092648603905,15,5.7506680251121525,6.618996884882428
89390cb0387ffff,0.0005771523377941921,0.0011939253080327295,0.005194371040147729,9,6.359837394144054,7.085838958673869
89390cb038bffff,0.0003165759283432562,0.0008334553790314878,0.0009497277850297685,3,5.760716934130493,6.726779271368513
89390cb038fffff,0.00013953007099875832,0.00034970868222484005,0.0011162405679900666,8,4.945421494333891,5.859955913682687
89390cb0397ffff,0.00011996561495112867,0.00028195740074500944,0.0005998280747556434,5,4.795506331254057,5.645296358910057
89390cb03a3ffff,0.0006048839504600593,0.00310567034926295,0.0060488395046005925,10,6.406688466839686,8.041306804395894
89390cb03a7ffff,0.0006545908300448727,0.0021681683593874367,0.011128044110762837,17,6.48553685965299,7.682099128555636
89390cb03abffff,0.0013334041234538017,0.005179450562751151,0.03200169896289124,24,7.196240121717965,8.552647312696973
89390cb03afffff,0.0006804862918078875,0.002781368397593047,0.02245604762966029,33,6.524276136198975,7.93105778556867
89390cb03b3ffff,0.00022015628924476708,0.0008198287115158076,0.003962813206405807,18,5.398869642728712,6.710314453721642
89390cb03b7ffff,0.00027326562450253114,0.001405902766722914,0.002186124996020249,8,5.6140970692828525,7.249145947919661
89390cb03bbffff,0.0007275856232960383,0.0024240185933967974,0.013824126842624726,19,6.59110515242266,7.793594470722312
89390cb03c3ffff,0.0011526093696809098,0.003479703269763444,0.014983921805851827,13,7.050650888620542,8.15498964136377
89390cb03c7ffff,0.0006572808218451188,0.0014772835811391642,0.00985921232767678,15,6.4896316211998775,7.298636951262916
89390cb03cbffff,0.0013646870179074325,0.002703110573402528,0.015011557196981757,11,7.21941289082345,7.902528328857299
89390cb03cfffff,0.001230241862735734,0.003322805565283836,0.01845362794103601,15,7.115778583518862,8.10886566006588
89390cb03d3ffff,0.0010004138941067848,0.0010004138941067848,0.0010004138941067848,1,6.909168174481821,6.909168174481821
89390cb03d7ffff,0.00024578942341367126,0.0013175204559202776,0.0014747365404820276,6,5.508535436225056,7.184265520212452
89390cb03dbffff,5.1968725979359874e-05,0.00022974306727371137,0.00036378108185551914,7,3.9697016635277103,5.441304828614012
89390cb0413ffff,0.0036806647776115127,0.006785507338660894,0.018403323888057564,5,8.211120314088152,8.822691705099093
89390cb0483ffff,0.0038111878760864726,0.005459517972555637,0.019055939380432364,5,8.24595854899677,8.605298931007814
89390cb048bffff,0.0011657509266769942,0.004784806902480181,0.03264102594695584,28,7.061978179067444,8.473409921327635
89390cb0493ffff,0.0,0.0,0.0,1,0.0,0.0
89390cb049bffff,0.0008985371659764351,0.0030565124645802163,0.03504294947308097,39,6.801880371021088,8.0253569442759
89390cb04c7ffff,0.0,0.0,0.0,1,0.0,0.0
89390cb04d7ffff,1.1079626858543731e-05,3.234741634563342e-05,3.3238880575631194e-05,3,2.491520302836188,3.5069802984650584
89390cb054fffff,0.0,0.0,0.0,1,0.0,0.0
89390cb055bffff,0.0017395014167913656,0.0017395014167913656,0.0017395014167913656,1,7.461928521265161,7.461928521265161
89390cb056bffff,0.0,0.0,0.0,1,0.0,0.0
89390cb0807ffff,0.002227615227058062,0.011651055429972301,0.026731382724696745,12,7.709135697156273,9.363237875188874
89390cb080bffff,0.0035877161180267506,0.007736508644019231,0.017938580590133753,5,8.185549790227835,8.953835034151417
89390cb080fffff,0.002625818502127841,0.013523894425164763,0.03150982202553409,12,7.873528697891769,9.512287297781425
89390cb0817ffff,0.005115951576838584,0.012237702569327264,0.0665073704989016,13,8.54031414556676,9.412358551210032
89390cb081bffff,0.002716700096575292,0.008127543060906111,0.0326004011589035,12,7.9075412488790215,9.003136981182067
89390cb0823ffff,0.00700117221757516,0.015568403960648224,0.15402578878665352,22,8.853975696695603,9.653062982826718
89390cb0827ffff,0.006750880320927123,0.01337928619185584,0.033754401604635616,5,8.81757631113753,9.501537722979315
89390cb082bffff,0.003843223485358111,0.013867490209812476,0.11913992804610145,31,8.254326907151,9.537374654450476
89390cb082fffff,0.0002627201686706924,0.0005642968575885893,0.002364481518036232,9,5.574888573827377,6.337351004827283
89390cb0833ffff,0.0003379763761979051,0.0009151517081091408,0.002703811009583241,8,5.8259304182203735,6.820181971167104
89390cb0837ffff,0.0003729735831362754,0.001605336050176701,0.004102709414499029,11,5.924185161594414,7.3817111193030405
89390cb083bffff,0.0026435575790378554,0.008372058963991213,0.031722690948454264,12,7.880259063397329,9.032774564337908
89390cb084bffff,0.0045728374032920505,0.014066796141233406,0.036582699226336404,8,8.428107825916785,9.55164350253305
89390cb0853ffff,0.011844993473208318,0.030104428666942597,0.11844993473208318,10,9.379744985866669,10.312460788858546
89390cb085bffff,0.008624403037345985,0.024774364035785923,0.13799044859753576,16,9.062466969775446,10.117605052764745
89390cb0863ffff,0.0010649017797446593,0.0038606132000382058,0.008519214237957274,8,6.97157646140442,8.258840302622554
89390cb0867ffff,0.0026264470079936987,0.009470470247381325,0.07091406921582986,27,7.873767934324585,9.156039427284966
89390cb086bffff,0.0034590947143287895,0.010561813492947882,0.05880461014358942,17,8.149051241760572,9.26509495103071
89390cb086fffff,0.005058885953832814,0.014762711324779522,0.11635437693815472,23,8.52909922325929,9.599927511315785
89390cb0873ffff,0.0032928141615460537,0.013664873125537267,0.07573472571555924,23,8.099801491886222,9.522656991347478
89390cb0877ffff,0.002424668088764367,0.009536502276417587,0.06061670221910918,25,7.793862265949672,9.162986914273427
89390cb087bffff,0.0032234327740456557,0.01369645642968576,0.03223432774045656,10,8.078512329743614,9.524965432512149
89390cb0887ffff,0.004372902671208889,0.008702919545353243,0.034983221369671115,8,8.38341094932222,9.0715287256423
89390cb088bffff,8.263555031997199e-05,0.00021522493552803338,0.0006610844025597759,8,4.426468672762315,5.376319234021799
89390cb0893ffff,1.5176117248771584e-05,3.610430131490974e-05,4.5528351746314755e-05,3,2.7835359105685864,3.6137329013003225
89390cb0897ffff,6.558629692126461e-05,0.00015696138049603619,0.00026234518768505845,4,4.198498804443547,5.062350575909483
89390cb089bffff,0.0008218084567538547,0.00233047852526346,0.009039893024292402,11,6.712723435744767,7.754257905510465
89390cb08a3ffff,0.0023620847804868687,0.01174096596516922,0.01653459346340808,7,7.767723154870367,9.370924538065104
89390cb08a7ffff,0.001088132633790851,0.0029040084052341687,0.020674520042026173,19,6.993136909631307,7.97419156264987
89390cb08abffff,0.0005288133974338566,0.0015486007195389857,0.006345760769206279,12,6.272524864237864,7.345752576431208
89390cb08afffff,0.0005678428157534465,0.002257314782387214,0.009085485052055144,16,6.343604149484239,7.722374142604967
89390cb08b3ffff,0.003168900633576364,0.006651087267980515,0.009506701900729091,3,8.06145552050507,8.802685959285771
89390cb08b7ffff,0.0069358075003272245,0.01361584259288739,0.12484453500589004,18,8.844596933299712,9.519062731454868
89390cb08bbffff,0.006021675315992232,0.012206119265178771,0.03010837657996116,5,8.703286844234238,9.409774606850528
89390cb08c3ffff,0.010618421471552739,0.032367155910726225,0.09556579324397466,9,9.270439817940412,10.384930376212727
89390cb08c7ffff,0.0006927186475214111,0.002256232290107931,0.0034635932376070556,5,6.542066471277491,7.721894691374523
89390cb08cbffff,0.0008607596548759911,0.004138813715813939,0.008607596548759911,10,6.758976409135769,8.328406069626794
89390cb08cfffff,0.0062239250901937266,0.018760673692253815,0.11825457671368081,19,8.736316687556684,9.839571434585705
89390cb08d3ffff,0.0,0.0,0.0,3,0.0,0.0
89390cb08d7ffff,0.008183646179666429,0.02974663313063135,0.11457104651533001,14,9.010015260974296,10.30050484917458
89390cb08dbffff,0.0002419296771870875,0.000569645642968576,0.0031450858034321374,13,5.492772007166119,6.346768426762498
89390cb0903ffff,0.003175814029645734,0.005328663758795251,0.04446139641504028,14,8.063634096089629,8.581043430516171
89390cb0907ffff,0.0030606695987956136,0.0037987201120697894,0.021424687191569296,7,8.026715666671114,8.24268268828336
89390cb090bffff,0.0035422096190215447,0.010029354643573499,0.0708441923804309,20,8.172788267388986,9.213371238613394
89390cb090fffff,0.0007196026616574868,0.0007196026616574868,0.0007196026616574868,1,6.580087891975624,6.580087891975624
89390cb0913ffff,0.0013672896303607248,0.0022687764653443283,0.006836448151803624,5,7.221316793873327,7.727436632210027
89390cb0917ffff,0.0016748065841000988,0.0029637365086440195,0.005024419752300296,3,7.424049871100993,7.99454344024648
89390cb091bffff,0.0016521552884378827,0.0038821993696074378,0.01817370817281671,11,7.410441036807217,8.264414672633901
89390cb092bffff,0.002063403119215148,0.00481817313508867,0.014443821834506035,7,7.632596417228259,8.480357643591688
89390cb092fffff,0.0003367051300127807,0.0008382947562800472,0.00471387182017893,14,5.8221731183119125,6.732561963339069
89390cb0947ffff,0.002293732565629156,0.005384571301219396,0.029818523353179027,13,7.738371586566975,8.591478675183158
89390cb094bffff,0.0005886210958642428,0.0005886210958642428,0.0005886210958642428,1,6.379480120194746,6.379480120194746
89390cb094fffff,0.0037575275181693725,0.0070740233690980295,0.0413328026998631,11,8.231782542173633,8.864326025558709
89390cb0953ffff,0.002050558757044159,0.004208284249737336,0.018455028813397435,9,7.626355152488014,8.345047900283884
89390cb0957ffff,0.0011191465098307088,0.0033876277500079596,0.012310611608137796,11,7.021214768082798,8.128180324915512
89390cb095bffff,0.002219580375051737,0.00519551720844344,0.011097901875258685,5,7.70552387090289,8.555743912567964
89390cb096bffff,0.000666575234437949,0.0016179439014295267,0.008665478047693336,13,6.503652094691486,7.389529302941127
89390cb096fffff,0.0030083733961603367,0.004876755070202809,0.006016746792320673,2,8.009487162038589,8.49244036640471
89390cb0973ffff,0.0011698557738227897,0.001540450189436149,0.003509567321468369,3,7.065490191044561,7.340478933755894
89390cb0977ffff,0.002563002111921212,0.004988124422936101,0.015378012671527271,6,7.849324641722442,8.515015707004073
89390cb097bffff,0.0009822715357593896,0.004768123786175937,0.011787258429112674,12,6.890885313700475,8.46991787438324
89390cb0983ffff,0.0015625776051450223,0.003338533541341654,0.009375465630870133,6,7.354731811192171,8.113586417936679
89390cb0987ffff,0.00039920617232852584,0.0006449106943869592,0.0011976185169855775,3,5.991979845140458,6.470661250242986
89390cb098bffff,0.00017961044972411144,0.0006012289471170685,0.0023349358464134487,13,5.196342500461327,6.400637683834685
89390cb098fffff,0.0012192810977745233,0.003414244324875036,0.012192810977745232,10,7.106836519199357,8.136004314065033
89390cb0993ffff,0.00010672896303607248,0.0002575058104364991,0.0008538317042885798,8,4.679618471277973,5.554918171206503
89390cb0997ffff,0.00078003120124805,0.0015429972300932855,0.0015600624024961,2,6.660615099423317,7.342129936602079
89390cb099bffff,0.0012263364003947913,0.0038070616702219114,0.023300391607501036,19,7.1126015720855,8.244875590691336
89390cb09b3ffff,0.0,0.0,0.0,1,0.0,0.0
89390cb09c3ffff,0.002824599146822198,0.013746887834697063,0.042368987202332974,15,7.946475708463884,9.52864047927315
89390cb09c7ffff,0.0024356975511991255,0.007219968798751951,0.04627825347278339,19,7.79839893890611,8.884744405537809
89390cb09cbffff,0.004825746601292624,0.014981884173326118,0.07721194562068198,16,8.481927938175755,9.614663773473726
89390cb09cfffff,0.0052500866728725165,0.01371530453054857,0.057750953401597686,11,8.566190319476217,9.526340515913516
89390cb09d3ffff,0.0010198668157904976,0.0044592314304817094,0.01733773586843846,17,6.928407364788704,8.402955933910393
89390cb09d7ffff,0.0007679930827737943,0.0019524340157279763,0.014591868572702093,19,6.645081974372593,7.57734413646265
89390cb09dbffff,0.0005622141859293087,0.004286796777993569,0.02305078162310166,41,6.333659992611328,8.363528308435747
89390cb0a03ffff,0.00535107347151029,0.012817154318825815,0.08026610207265435,15,8.585239329574506,9.458617751219803
89390cb0a07ffff,0.0007089869600614929,0.0014688146709541852,0.00496290872043045,7,6.565246603756129,7.292891597643938
89390cb0a0bffff,0.0028541210058692316,0.003841446719093254,0.022832968046953853,8,7.956869505034054,8.253864609107962
89390cb0a0fffff,0.005603174811266161,0.013116113215957211,0.09525397179152473,17,8.631267100986463,9.481673009016534
89390cb0a13ffff,0.011815420594560333,0.02810595689133688,0.12996962654016367,11,9.377245418919655,10.243772400884065
89390cb0a17ffff,0.006827191091406283,0.01746677703842848,0.10923505746250053,16,8.828815069961834,9.768113150522874
89390cb0a1bffff,0.004651727516076227,0.013694164093094338,0.0697759127411434,15,8.44520888921784,9.524798063596505
89390cb0a23ffff,0.0021900092330223823,0.007617625521347385,0.037230156961380496,17,7.692117553654311,8.93835125463473
89390cb0a27ffff,0.0009845057605420654,0.0030553662962845046,0.015752092168673047,16,6.893154971874591,8.024982004453255
89390cb0a2bffff,0.005548055493648318,0.016091820815689772,0.08876888789837309,16,8.621383010933368,9.686128539455245
89390cb0a2fffff,0.005086683636904282,0.014904072081250597,0.0864736218273728,17,8.534577924805417,9.60945684214547
89390cb0a33ffff,0.004072794421980961,0.014917571396733421,0.06109191632971442,15,8.312330134536863,9.610362118284161
89390cb0a37ffff,0.008280665152176316,0.02146989716323347,0.14077130758699738,17,9.021799332495641,9.974453676829473
89390cb0a3bffff,0.005804116654462097,0.02988016173708173,0.11608233308924194,20,8.666494989444653,10.304983518580693
89390cb0a43ffff,0.007622910630710943,0.017513769938552647,0.11434365946066415,15,8.93904472316551,9.770799800435567
89390cb0a47ffff,0.00500141148503083,0.013054092775955936,0.09002540673055494,18,8.517675372154585,9.476933587653818
89390cb0a4bffff,0.006513247131660245,0.015033398070616703,0.06513247131660245,10,8.78174692365817,9.618096059411137
89390cb0a4fffff,0.004903524467509314,0.010766977617880227,0.04903524467509313,10,8.497913418779634,9.284331973305104
89390cb0a53ffff,0.0074897083638447584,0.013118214524499348,0.05991766691075807,8,8.921418646651485,9.481833192146386
89390cb0a57ffff,0.01182677768802443,0.02354573529879971,0.2010552206964153,17,9.378206085397053,10.066742461333671
89390cb0a5bffff,0.0023713075869973574,0.0074655035180999085,0.023713075869973576,10,7.771618425824212,8.918182098681825
89390cb0a63ffff,0.004046565361156721,0.014667324652169762,0.08497787258429114,21,8.305870833946845,9.593445662309364
89390cb0a67ffff,0.015356788965436168,0.03333426724824095,0.1996382565506702,13,9.639378048777468,10.4143711920664
89390cb0a6bffff,0.00810170333343946,0.0277312872106721,0.20254258333598651,25,8.999953029849168,10.23035261666071
89390cb0a6fffff,0.017398064249100578,0.02787621382406317,0.17398064249100578,10,9.764171704969167,10.235564925306177
89390cb0a73ffff,0.0038390047438632245,0.012337482887070586,0.07678009487726449,20,8.253228880962057,9.42047834720038
89390cb0a77ffff,0.009501314909739246,0.0321566430004139,0.1425197236460887,15,9.159290722614166,10.37840543081895
89390cb0a7bffff,0.010103680473749562,0.013469578783151328,0.04041472189499825,4,9.220754008729127,9.508263236792459
89390cb0a83ffff,0.0038599127638574934,0.013512241714158364,0.1157973829157248,30,8.25865890182548,9.511425351405551
89390cb0a87ffff,0.0013033724410200897,0.009228437708936929,0.020853959056321435,16,7.1734773159858145,9.130153405699375
89390cb0a8bffff,0.0026636880441204044,0.009383425132923685,0.07191957719125092,27,7.887842273133051,9.146806693327116
89390cb0a8fffff,0.003806468325523374,0.013663726957241556,0.08374230316151422,22,8.244719765765147,9.52257311698739
89390cb0a93ffff,0.002144947614857512,0.005531026139004744,0.04075400468229273,19,7.671336512295082,8.618309417828574
89390cb0a97ffff,0.00824684007768474,0.030838931516444335,0.24740520233054222,30,9.017706636285343,10.33656560706664
89390cb0a9bffff,0.0016803012108916032,0.004391734853067593,0.04704843390496489,28,7.427323302896128,8.387707285465781
89390cb0aa3ffff,0.0008021426979528161,0.000835493011557197,0.0032085707918112646,4,6.68853240420227,6.7292181660072785
89390cb0aa7ffff,0.006016683116304245,0.012760164284122386,0.042116781814129714,7,8.702457599822267,9.454161797573402
89390cb0aabffff,0.007526361870801364,0.017068674583718045,0.09031634244961637,12,8.926299910244168,9.745058751969868
89390cb0aafffff,0.013432646693622848,0.02734006176573594,0.14775911362985134,11,9.505517786063292,10.216144945139657
89390cb0ab3ffff,0.0006044339732772984,0.0006518513801776561,0.0018133019198318953,3,6.405945512088269,6.481349507932622
89390cb0ab7ffff,0.002546223481592325,0.010732465216976027,0.0611093635582158,24,7.842759214197525,9.281121730084806
89390cb0abbffff,0.0003755618609132189,0.002079786048584801,0.00676011349643794,18,5.931082338957718,7.640501009279593
89390cb0ac3ffff,0.005608604128078689,0.022297048616638546,0.19069254035467542,34,8.632235430622018,10.012254447639004
89390cb0ac7ffff,0.009104669362284696,0.022081314272979085,0.2276167340571174,25,9.116652505361216,10.002532307986344
89390cb0acbffff,0.003426521550657945,0.016771180234964503,0.08908956031710658,26,8.139592698990137,9.727476854414913
89390cb0acfffff,0.0025519437104014773,0.008658919418001211,0.02807138081441625,11,7.845002368585361,9.066460696432497
89390cb0ad3ffff,0.0007749004579849243,0.001939762488458722,0.0255717151135025,33,6.654024236162552,7.570836210127238
89390cb0ad7ffff,0.004656754433442644,0.014311121016269223,0.15367289630360725,33,8.446288729742133,9.568862080733384
89390cb0adbffff,0.001128906558214414,0.0038413830430768254,0.02596485083893152,23,7.029890216441576,8.25384803723366
89390cb0b03ffff,0.004455304742801957,0.011441306631857112,0.04009774268521762,9,8.40207516858689,9.3450728732683
89390cb0b07ffff,0.005456529444851264,0.0226689802285969,0.16369588334553792,30,8.604751483709823,10.028796871361667
89390cb0b0bffff,0.005163831920582864,0.018292591295488554,0.07745747880874296,15,8.549627839026726,9.814306075062001
89390cb0b0fffff,0.005278333656537356,0.018831672450571494,0.11612334044382185,22,8.57155516732286,9.843348536730618
89390cb0b13ffff,0.0033844405978172534,0.00696736604158044,0.06430437135852782,19,8.127239338712766,8.84913604895231
89390cb0b17ffff,0.00018677236885393785,0.000996274953038938,0.0011206342131236272,6,5.235230425246172,6.905026512321498
89390cb0b1bffff,0.000834035954475394,0.005612913496131682,0.014178611226081697,17,6.7274747831758015,8.633003348205266
89390cb0b23ffff,0.00022745073068228855,0.00022745073068228855,0.00022745073068228855,1,5.431320566438346,5.431320566438346
89390cb0b27ffff,0.00029123818013945054,0.000604858480053488,0.0011649527205578021,4,5.677569155186808,6.406646427531771
89390cb0b2bffff,0.0031474465080603142,0.005651373810054443,0.040916804604784085,13,8.054664438126004,8.639830879277442
89390cb0b2fffff,0.0013995409538088389,0.003297908242860327,0.015394950491897229,11,7.244613836549545,8.101346857219564
89390cb0b33ffff,0.0008555544942886152,0.0040352128370849125,0.030799961794390145,36,6.7529179401285715,8.30306211474237
89390cb0b37ffff,0.002093226994385898,0.005023528288070299,0.050237447865261554,24,7.646939787840908,8.522086855500092
89390cb0b3bffff,0.00035499102306594486,0.0032400904199433285,0.008164793530516731,23,5.874905514427202,8.083665101531565
89390cb0b43ffff,0.014371908457043291,0.02324059982807476,0.1580909930274762,11,9.57310035643913,10.053699048014542
89390cb0b47ffff,0.009581142909581931,0.02090158871660989,0.16287942946289283,17,9.167656531711096,9.947628292321385
89390cb0b4bffff,0.0013869739690000671,0.0077505810436499095,0.018030661597000872,13,7.2356003865681675,8.95565210717332
89390cb0b4fffff,0.01569366487312554,0.03402139514151995,0.3923416218281385,25,9.661076116587147,10.434774267396362
89390cb0b53ffff,0.008503553917666912,0.014310293228055654,0.1360568626826706,16,9.048357054032563,9.568804240798096
89390cb0b57ffff,0.005301175194527311,0.012972332770861857,0.06891527752885504,13,8.575872429405155,9.470651204275859
89390cb0b5bffff,0.0057673808993176055,0.01880416441147442,0.1038128561877169,18,8.660146713420662,9.841886813832152
89390cb0b63ffff,0.0009507784393008375,0.001964150402750804,0.013310898150211725,14,6.85833227587826,7.5833240622143645
89390cb0b67ffff,0.00044096172010145716,0.001222133783310516,0.010583081282434972,24,6.091223272221872,7.109171519165347
89390cb0b6bffff,0.0022738901392790408,0.00832404724760419,0.029560571810627528,13,7.7296870397922355,9.02702399022043
89390cb0b6fffff,0.0015269776513267567,0.007053264987742367,0.029012575375208377,19,7.3317003435244485,8.861387675690423
89390cb0b73ffff,0.0012970764748957307,0.00481976503549938,0.02075322359833169,16,7.168638813013623,8.480687915507755
89390cb0b77ffff,0.001319448102599429,0.0056220828424973735,0.029027858257187435,22,7.185726429639182,8.63463534097709
89390cb0b7bffff,0.0022176044077208846,0.005245821261421886,0.04213448374669681,19,7.704633632015326,8.565377698197377
89390cb0b83ffff,0.0006304587856983668,0.003806615938106912,0.04728440892737751,75,6.4480326755251465,8.244758534235316
89390cb0b87ffff,0.0007809177673229379,0.0025534719347957593,0.010151930975198193,13,6.661749578139901,7.845600802136125
89390cb0b8bffff,0.0015924630976415731,0.005543697666273998,0.07325330249151236,46,7.37366497553563,8.620597374632354
89390cb0b8fffff,0.0013558047243858542,0.003475819032761311,0.023048680314559523,17,7.21288774703766,8.15387308370523
89390cb0b93ffff,0.00033383106752841546,0.001627113247795218,0.006676621350568309,20,5.813626128600565,7.3951771066709
89390cb0b97ffff,0.00011444784321985125,0.0003861313636218918,0.0029756439237161327,26,4.748818854117569,5.9587640763162
89390cb0b9bffff,0.0013752108115462603,0.00602005794517495,0.04263153515793407,31,7.227089212824034,8.703018261263837
89390cb0ba3ffff,0.0032517581135418287,0.018592123276767805,0.11055977586042218,34,8.087258565744268,9.830547075036565
89390cb0ba7ffff,0.0032534086567544336,0.018414976599063965,0.10410907701614187,32,8.0877658658662,9.820973860275798
89390cb0babffff,0.003905924474455788,0.02052787417619154,0.17186067687605466,44,8.27050576404043,9.929587670525471
89390cb0bafffff,0.0018207838517622337,0.018521060842433698,0.036415677035244676,20,7.507571438379798,9.826717778598683
89390cb0bb3ffff,0.0009239792171781033,0.0043216108424305065,0.015707646692027757,17,6.829771269344453,8.371614860358916
89390cb0bb7ffff,0.0017544589130503996,0.0029692763220732915,0.03508917826100799,20,7.470485590635304,7.996410265204118
89390cb0bbbffff,0.000856581350452534,0.003462447069311344,0.018844789709955748,22,6.754116043872686,8.15001963491809
89390cb0bc3ffff,0.00939569337875556,0.016271132477952182,0.11274832054506671,12,9.148113138155649,9.697209259722271
89390cb0bc7ffff,0.0030688401209435973,0.011100194211850108,0.07672100302358993,25,8.029380761356608,9.31480796816656
89390cb0bcbffff,0.00501665876959208,0.022393072049412592,0.08528319908306536,17,8.52071872333719,10.016551562168392
89390cb0bcfffff,0.01144640625021629,0.03027444363080646,0.2632673437549747,23,9.34551845495557,10.318092221684914
89390cb0bd3ffff,0.00024448161599933385,0.0005796427775478367,0.00317826100799134,13,5.503222060517535,6.3641357270504475
89390cb0bd7ffff,0.007438546089262539,0.013627431627877362,0.12645528351746316,17,8.914565116458258,9.519913450415888
89390cb0bdbffff,0.0026197723127583997,0.01325734662039543,0.0366768123786176,14,7.871224329179259,9.49238256670422
89390cb0c03ffff,0.0013910535196918082,0.006648667579356236,0.006955267598459041,5,7.238535288209717,8.802322144333724
89390cb0c07ffff,0.00011265348573126598,0.0003417491801712885,0.0013518418287751918,12,4.733154220582864,5.836998926525014
89390cb0c0bffff,0.004759018115826674,0.007222706867458372,0.09042134420070681,19,8.468006753064163,8.885123516679172
89390cb0c0fffff,0.00040547238089854294,0.0027380687064217264,0.008514919998869401,21,6.007515983010569,7.915373253439788
89390cb0c13ffff,0.0011144894775382854,0.0033172020758381357,0.008915915820306283,8,7.017048580872727,8.107178371800686
89390cb0c17ffff,0.003104757659694143,0.009099812155751537,0.00931427297908243,3,8.041012977385245,9.11611893640737
89390cb0c1bffff,0.004816167340571174,0.009064535642650197,0.048161673405711744,10,8.479941345609786,9.112235210538703
89390cb0c23ffff,1.2247020493064622e-05,3.6741061479193867e-05,3.6741061479193867e-05,3,2.583772658697578,3.6307486656496386
89390cb0c27ffff,4.258333598650069e-05,0.00010576586328759274,0.00017033334394600275,4,3.7746748751526535,4.67063824329421
89390cb0c2bffff,0.0014023050717947088,0.008280620204400013,0.025241491292304758,18,7.2465854989419,9.02179390509699
89390cb0c33ffff,0.0028240950046165116,0.007726193129357828,0.019768665032315582,7,7.946297272967815,8.952500961714394
89390cb0c3bffff,0.0029472682988952214,0.007826546531249005,0.02357814639116177,8,7.988973259648087,8.96540439776916
89390cb0c43ffff,0.0014137300185884988,0.00307281352478589,0.018378490241650485,13,7.254693992288682,8.030674260184968
89390cb0c47ffff,0.00011170895815424455,0.0002765449393485944,0.001005380623388201,9,4.724808904614819,5.6259828636735785
89390cb0c4bffff,0.002059717490740446,0.003464739405902767,0.012358304944442677,6,7.630809497618434,8.15068128161594
89390cb0c4fffff,0.0013298463133860632,0.008321118150848484,0.009308924193702443,7,7.19357034470053,9.0266720868524
89390cb0c57ffff,0.0037709573689070014,0.009032952338501704,0.015083829475628006,4,8.235349341703001,9.108745240409366
89390cb0c5bffff,0.00019128275335095036,0.0004925976630901971,0.0013389792734566526,7,5.258966962410185,6.2017207381597865
89390cb0c63ffff,0.001189034383532776,0.003368652297112293,0.024969722054188292,21,7.0817374794131815,8.122564842092334
89390cb0c67ffff,0.005270912506259063,0.02209392212423191,0.11596007513769939,22,8.570148480115012,10.0031030929708
89390cb0c6bffff,0.000618812310550128,0.00312133464930434,0.01794555700595371,29,6.429416707289551,8.046336286011309
89390cb0c6fffff,0.008263125743972885,0.028432678531631065,0.30573565252699675,37,9.019679226556523,10.255329585358048
89390cb0c73ffff,0.0017904446790116503,0.0067544334426438285,0.04655156165430291,26,7.490777656564983,8.818102414530234
89390cb0c77ffff,0.0035408631738855566,0.010570791811264288,0.12393021108599447,35,8.172408187976522,9.265944583065684
89390cb0c7bffff,0.0002855348351225329,0.000766277181699513,0.003140883186347862,11,5.657860117323828,6.64284812030732
89390cb0c83ffff,3.916075010347353e-05,3.916075010347353e-05,3.916075010347353e-05,1,3.6928901530843814,3.6928901530843814
89390cb0c87ffff,0.0005715012508452298,0.002164920882549588,0.0051435112576070675,9,6.350014920308505,7.680600899908393
89390cb0c8bffff,0.001384985259129804,0.001384985259129804,0.001384985259129804,1,7.234166544144808,7.234166544144808
89390cb0c8fffff,0.0007742239485497788,0.0013543888694323284,0.0038711197427488938,5,6.653151953481434,7.21184368065142
89390cb0c97ffff,0.0008139068419879653,0.0009651373810054443,0.0016278136839759307,2,6.703073802398382,6.873306040462474
89390cb0ca3ffff,0.002927043248839683,0.010173135088668853,0.029270432488396832,10,7.982089645750696,9.227604003127158
89390cb0ca7ffff,0.001031965360247063,0.0019973892833264353,0.004127861440988252,4,6.94018893539869,7.600096776730051
89390cb0cabffff,0.0004993081355907298,0.001564710751695374,0.0064910057626794875,13,6.215224179786548,7.356095154315279
89390cb0cafffff,0.0030677383803871237,0.006390843388837595,0.015338691901935618,5,8.029021805103767,8.762777986025426
89390cb0cb3ffff,0.000560873804274667,0.0015815212200324749,0.01290009749831734,23,6.3312772771251415,7.366774563111668
89390cb0cb7ffff,0.0032715803326010596,0.010236301696965839,0.04907370498901589,15,8.093334045260017,9.233793357713973
89390cb0cbbffff,0.00161386509882164,0.00913139545990003,0.029049571778789522,18,7.387006702026521,9.119583311563135
89390cb0cc3ffff,0.0007685376802827217,0.0010324429303702762,0.00461122608169633,6,6.645789919309086,6.9406511578296435
89390cb0cc7ffff,0.0014943593662113833,0.00402209557770066,0.0179323123945366,12,7.310121835675159,8.299806929485289
89390cb0ccbffff,0.00030177337705753133,0.000564551561654303,0.0015088668852876565,5,5.712984595166611,6.337801470275502
89390cb0ccfffff,0.00021662580788945845,0.0008090674647394059,0.00411589034989971,19,5.382777110382248,6.697117533999817
89390cb0cd3ffff,0.00032595752809704226,0.00032595752809704226,0.00032595752809704226,1,5.789830278966378,5.789830278966378
89390cb0cd7ffff,0.0,0.0,0.0,1,0.0,0.0
89390cb0cdbffff,0.0008351587124709478,0.0013396160336209368,0.0033406348498837913,4,6.728818442519241,7.200884513885857
89390cb0d03ffff,0.0014518048960476273,0.004215989047725174,0.023228878336762036,16,7.281251377918186,8.346876656571068
89390cb0d07ffff,0.00011654180452932404,0.00045165398452672804,0.0015150434588812125,13,4.766794053536659,6.115128002548625
89390cb0d0bffff,0.0018699147965918637,0.004506224330605877,0.02430889235569423,13,7.53418278626969,8.413436795271782
89390cb0d0fffff,0.0024480874895705003,0.00674195294342386,0.05630601226012151,23,7.803470780924308,8.81625323012857
89390cb0d13ffff,0.0013588600331945842,0.0038027953771212074,0.03125378076347544,23,7.215137056665116,8.243754630715102
89390cb0d17ffff,0.0009409978031774333,0.0017300773663599606,0.009409978031774333,10,6.84800294249024,7.456499248781688
89390cb0d1bffff,0.0008712077407066673,0.0031327326562450254,0.008712077407066672,10,6.771027630290939,8.04998011495221
89390cb0d23ffff,0.0008251684003220187,0.0028714062848228215,0.005776178802254131,7,6.716798627223263,7.962905384237815
89390cb0d2bffff,0.0013959215511477603,0.0030183068547231687,0.011167372409182082,8,7.242026202453111,8.012782565721972
89390cb0d2fffff,0.00043327284111772637,0.0012870196440510683,0.001299818523353179,3,6.073673002742487,7.160861158140439
89390cb0d37ffff,0.001630488076665924,0.002561113056767169,0.0048914642299977724,3,7.39724780780313,7.848587609807476
89390cb0d3bffff,4.051613959602116e-05,9.576872870833202e-05,0.00028361297717214814,7,3.7260822575605643,4.572323891556707
89390cb0d43ffff,0.0011840068320619981,0.005200993345856284,0.020128116145053967,17,7.077503819005774,8.556797166856738
89390cb0d47ffff,0.0037540796869970036,0.010112770225094719,0.06757343436594607,18,8.2308647855435,9.221653162882227
89390cb0d4bffff,0.002986458233839558,0.009168136521379223,0.07167499761214939,24,8.00217821583729,9.123598397390381
89390cb0d4fffff,0.006419394122703684,0.01297258747492757,0.05135515298162947,8,8.767234784628963,9.470670836977028
89390cb0d53ffff,0.002035754083224554,0.005927982425419466,0.03664357349804197,18,7.619112683963286,8.687607879530175
89390cb0d57ffff,0.0010174202886482806,0.006004966729281417,0.013226463752427649,13,6.926007969126727,8.700508708947748
89390cb0d5bffff,0.000979107899009838,0.00707962685854373,0.014686618485147572,15,6.887662666634391,8.865117722110725
89390cb0d63ffff,0.0011283581139163936,0.002767487026011653,0.011283581139163935,10,7.029404709528146,7.926056249964034
89390cb0d67ffff,0.0016691606439767797,0.005666465025947977,0.025037409659651694,15,7.420675094782527,8.642497211378608
89390cb0d6bffff,0.0008895468743919826,0.0017546563087013278,0.008005921869527843,9,6.7918357396284605,7.470598031064438
89390cb0d6fffff,0.00041167760079999536,0.0014544875672577926,0.0049401312095999446,12,6.02266666050973,7.283096221244553
89390cb0d73ffff,0.0001308933990012662,0.0004129389665382534,0.0017016141870164604,13,4.881994012991545,6.025718539136711
89390cb0d77ffff,0.0026163756373612235,0.007132668980228597,0.028780132010973458,11,7.86992742962407,8.872580964537935
89390cb0d7bffff,0.00011119955002281725,0.00033359865006845176,0.00033359865006845176,3,4.720278982588729,5.8129317540809025
89390cb0d83ffff,0.0010555037980014969,0.0022596071189786367,0.013721549374019459,13,6.96272043193985,7.723388692906161
89390cb0d87ffff,0.000775701232130918,0.000775701232130918,0.000775701232130918,1,6.655055761790917,6.655055761790917
89390cb0d8bffff,0.00015052030652654678,0.00038250183068547233,0.001956763984845108,13,5.020719652446195,5.94934439442166
89390cb0d8fffff,0.002557339191526845,0.004765131013403802,0.038360087872902675,15,7.847113573632293,8.469290146454975
89390cb0d93ffff,0.001510777165780509,0.0026983985481868256,0.006043108663122036,4,7.321041168749109,7.900784267246936
89390cb0d97ffff,0.0003640357859212328,0.00041274793848896816,0.0014561431436849312,4,5.899995392396346,6.025256944174855
89390cb0da3ffff,9.938552644146582e-05,0.00017587315737527462,0.0004969276322073291,5,4.609018037916185,5.175432850676946
89390cb0dabffff,0.0003968501597206746,0.0015252316215097585,0.0023811009583240474,6,5.986075451282995,7.330556983753566
89390cb0db3ffff,2.769906714635933e-06,5.539813429271866e-06,5.539813429271866e-06,2,1.3270502570253786,1.8779086374279153
89390cb0dbbffff,0.0019092775955936198,0.002986850902607533,0.02291133114712344,12,7.555003848487261,8.002309646282
89390cb0dc3ffff,0.0019007333354558672,0.0039737654812314945,0.02851100003183801,15,7.550521031097262,8.287721026915628
89390cb0dc7ffff,0.0018548982775637558,0.0043300964691648895,0.014839186220510047,8,7.526124104497054,8.373576015075288
89390cb0dcbffff,0.0007786345739543868,0.0029695947021554335,0.011679518609315803,15,6.658825314975326,7.996517448168081
89390cb0dcfffff,0.0012487121525677355,0.004328249864688465,0.02497424305135471,20,7.1306685258324976,8.37314956457707
89390cb0dd3ffff,0.0038983412397720404,0.0039354325193415906,0.007796682479544081,2,8.268562904971386,8.278030140178998
89390cb0dd7ffff,0.0001365744425695395,0.00028736986214142443,0.0008194466554172371,6,4.92416517110799,5.664243899747162
89390cb0ddbffff,0.00010291459277418717,0.0002380846254258334,0.0009262313349676846,9,4.643569338427648,5.476817570539166
89390cb0e03ffff,0.0048445562312288415,0.011361775287338024,0.04360100608105957,9,8.485817322942445,9.338097965900765
89390cb0e07ffff,0.0004160590913432456,0.0004160590913432456,0.0004160590913432456,1,6.033227917618577,6.033227917618577
89390cb0e0bffff,0.0033218448528542755,0.009082364927250152,0.07972427646850261,24,8.108576578385392,9.114199989646606
89390cb0e0fffff,0.00017980515138972907,0.00046706358050240383,0.0007192206055589163,4,5.19741993975201,6.148604142464454
89390cb0e13ffff,0.005089681880410653,0.008588557419847815,0.05598650068451718,11,8.535167065289318,9.058302490932428
89390cb0e17ffff,0.0014247614802551285,0.004861536502276418,0.008548568881530771,6,7.262461322085681,8.489315494793418
89390cb0e1bffff,0.0018413831706840726,0.005617243465248814,0.012889682194788508,7,7.518815214011908,8.633774343366126
89390cb0e23ffff,0.0011679737937816833,0.0038804801171638706,0.01051176414403515,9,7.063881543583221,8.263971833370647
89390cb0e27ffff,0.0006239612849820115,0.0017303320704256744,0.009983380559712185,16,6.437689703789009,7.456646374112082
89390cb0e2fffff,0.0008054273191335817,0.0037769429144512722,0.00483256391480149,6,6.6926137746370875,8.236934937955576
89390cb0e33ffff,0.0003933267534783024,0.0003933267534783024,0.0003933267534783024,1,5.977179889148162,5.977179889148162
89390cb0e37ffff,0.0038063134770288773,0.005152663249387119,0.01522525390811551,4,8.244679095264393,8.547463051356932
89390cb0e3bffff,0.0008813079053774397,0.002810404661084403,0.003525231621509759,4,6.782541094153282,7.941439516819178
89390cb0e43ffff,0.004678368903463622,0.010023178069979943,0.042105320131172595,9,8.450918530131396,9.212755260781641
89390cb0e47ffff,0.001765069786464928,0.003861823044350346,0.022945907224044066,13,7.476511897067699,8.259153553786458
89390cb0e4bffff,0.006116551600839544,0.011857429399216786,0.15903034162182816,26,8.718917230236634,9.380794235385741
89390cb0e4fffff,0.0015944474513674427,0.002137603871501799,0.006377789805469771,4,7.374909509649395,7.667908498618215
89390cb0e53ffff,0.002095864242732975,0.007748225031042059,0.0251503709127957,12,7.64819829000464,8.955348121352888
89390cb0e57ffff,0.0006209990954134915,0.003853354134165367,0.013040981003683321,21,6.432938638418976,8.256958732185552
89390cb0e5bffff,0.00555905392242028,0.011283008055016079,0.03335432353452168,6,8.62336308547463,9.331141785965666
89390cb0e63ffff,0.002908900221555081,0.009203986118628419,0.049451303766436375,17,7.975874071452285,9.127500585640883
89390cb0e67ffff,0.001080755380580093,0.003698621414244325,0.022695862992181952,21,6.986340353051573,8.215985772922712
89390cb0e6bffff,0.000695085785518043,0.0018189690852940242,0.01807223042346912,26,6.5454729077937985,7.506574793824391
89390cb0e6fffff,0.0018676663801245929,0.007513706262536216,0.05602999140373779,30,7.532980289716223,8.924617214601637
89390cb0e73ffff,0.005098080093503524,0.011384889681301538,0.06627504121554581,13,8.536815428620264,9.340130120486531
89390cb0e77ffff,0.0006766086153650228,0.0028230125123372284,0.003383043076825114,5,6.51856985778627,7.945914029317633
89390cb0e7bffff,0.0046472921774013826,0.012648476551306952,0.06970938266102074,15,8.444255157442784,9.445371113956194
89390cb0e83ffff,0.00027015418279068823,0.001068419879652329,0.0029716960106975707,11,5.602687599281635,6.974871611880214
89390cb0e87ffff,0.0023925626412811614,0.00485822534942214,0.026318189054092778,11,7.7805381799048305,8.48863431106709
89390cb0e8bffff,0.0031637771633314313,0.007095991594765832,0.04112910312330861,13,8.059837925569267,8.867426254188059
89390cb0e8fffff,0.0025362581850212787,0.005922378935973766,0.05326142188544685,21,7.8388393222657005,8.686662331264756
89390cb0e93ffff,0.0006282737445618464,0.0015814575440160465,0.008795832423865849,14,6.4445663680064635,7.366734325232564
89390cb0e97ffff,0.0006730873316565316,0.00363787449457162,0.009423222643191443,14,6.513359674709256,8.199429708029113
89390cb0e9bffff,0.003755590223608945,0.003930847846158745,0.011266770670826834,3,8.231266969518643,8.276864784220967
89390cb0ea3ffff,0.0012846534432805884,0.008048202744436309,0.03211633608201471,25,7.159022384250451,8.993328327549804
89390cb0ea7ffff,3.1583304148492476e-05,6.316660829698495e-05,9.474991244547742e-05,3,3.4838000144985237,4.161482955401938
89390cb0eabffff,0.002111824881158512,0.005488172179948423,0.027453723455060655,13,7.655781137304396,8.610532736239449
89390cb0eafffff,0.0008993551578797847,0.00289674933936133,0.0116916170524372,13,6.802789305348797,7.9716896247855065
89390cb0eb3ffff,0.001415110140048316,0.00828953484669999,0.0438684143414978,31,7.2556690537487585,9.022869763141085
89390cb0eb7ffff,0.00025835232689019443,0.0010312967620745646,0.004391989557133305,17,5.5581874727648515,6.939541464853785
89390cb0ebbffff,0.00028004712025215704,0.00040020376325257097,0.0025204240822694133,9,5.638522343005826,5.994469436035241
89390cb0ec3ffff,0.0018276631356799464,0.004873316565315674,0.0511745677990385,28,7.51134045191978,8.49173518187405
89390cb0ec7ffff,0.002092274507306823,0.003903085102995957,0.016738196058454585,8,7.646484868794256,8.269778746218535
89390cb0ecbffff,0.002740896667344616,0.009886593014741,0.07400421001830462,27,7.916405174271608,9.199036019337957
89390cb0ecfffff,0.003671877487344392,0.006986341494476106,0.06609379477219905,18,8.208730690334,8.851855433052377
89390cb0ed3ffff,0.00145154937392831,0.00361781654939667,0.01016084561749817,7,7.281075480525833,8.193902331313637
89390cb0ed7ffff,0.0004946474243809403,0.0023677926708905095,0.010387595911999746,21,6.205864836018195,7.770135682764741
89390cb0edbffff,0.0014644907662195701,0.005328281702696679,0.030754306090610972,21,7.289945459359736,8.580971743105795
89390cb1023ffff,0.00021622783278678088,0.00042516476169250856,0.0008649113311471235,4,5.38094672343564,6.054826036031652
89390cb1027ffff,8.037328295852923e-05,0.00022611353433729187,0.0007233595466267631,9,4.3990469999501025,5.425450043713051
89390cb1033ffff,0.0002487185201693782,0.0003474163456334172,0.0019897481613550256,8,5.520334364216422,5.853398160162019
89390cb1037ffff,0.0002955904358623325,0.0005644878856378746,0.0029559043586233247,10,5.692352183271353,6.337688872935686
89390cb10a3ffff,0.0012106561813492948,0.0020945588843961924,0.009685249450794358,8,7.099743447630123,7.6475755673741315
89390cb10a7ffff,0.0008425101085676081,0.0033826610207265437,0.016850202171352163,20,6.737571885989624,8.126713544528547
89390cb10abffff,0.0,0.0,0.0,5,0.0,0.0
89390cb10afffff,0.0005523257665000478,0.0013357317966188036,0.006627909198000574,12,6.315946917589062,7.197982956095427
89390cb10b3ffff,0.0004229303123887479,0.001118596580597918,0.004652233436276227,11,6.049569084150064,7.020723703508301
89390cb10b7ffff,0.0006658524626699354,0.002238020949409405,0.016646311566748385,25,6.502568826050916,7.713793973146945
89390cb1103ffff,0.004443885510522462,0.013188576522652744,0.053326626126269545,12,8.399509390703457,9.487182139256056
89390cb1107ffff,0.0056555960197591576,0.017301410423763892,0.07352274825686905,13,8.640577580341187,9.758601101633634
89390cb110bffff,7.785984908784107e-05,0.00040090419943328347,0.001245757585405457,16,4.3676722147758404,5.9962137503512585
89390cb110fffff,0.0,0.0,0.0,3,0.0,0.0
89390cb1113ffff,0.0016659874558247639,0.004154669043904614,0.009995924734948583,6,7.41877335772234,8.332228715724014
89390cb1117ffff,0.002870938266102073,0.009865070521188195,0.05741876532204146,20,7.962742434847285,9.196856929668826
89390cb111bffff,0.0019499429095809287,0.01137043522557229,0.023399314914971145,12,7.576068078063203,9.338859807940382
89390cb112bffff,0.015328472730745966,0.017234295902448345,0.030656945461491933,2,9.637532576672001,9.754714647498007
89390cb113bffff,0.013347639211690918,0.013363430863765164,0.026695278423381836,2,9.49916972692446,9.50035204358587
89390cb1153ffff,0.00019909102486548444,0.0004782705593938044,0.0015927281989238755,8,5.298772387337796,6.172265280105884
89390cb1157ffff,5.167308733165654e-05,0.00012467764016683118,0.0003100385239899392,6,3.9641046482888385,4.833720217250009
89390cb1183ffff,0.0014179502690311696,0.009671877487344393,0.014179502690311695,10,7.257672630056238,9.177081112677383
89390cb1187ffff,0.002348410964371993,0.006850265847368589,0.018787287714975943,8,7.76191992226065,8.832188709420025
89390cb118bffff,0.0009379318029864053,0.0037359355598713746,0.007503454423891242,8,6.844742849293251,8.226021185523956
89390cb118fffff,0.002363983687362337,0.0096402941831959,0.026003820560985706,11,7.768526403381035,9.173810629962553
89390cb1193ffff,0.0017428125696456432,0.009840555254863256,0.024399375975039005,14,7.463829127159984,9.194369031913048
89390cb1197ffff,0.005170584368669418,0.012994364672546086,0.12409402484806603,24,8.55093437484304,9.472348009209439
89390cb119bffff,0.0008301440475270641,0.0039030214269795286,0.01660288095054128,20,6.722803122224564,8.269762435986038
89390cb11a3ffff,7.895826037123119e-06,3.1583304148492476e-05,3.1583304148492476e-05,4,2.185582182137516,3.4838000144985237
89390cb11a7ffff,0.007650928077939445,0.013328409054729538,0.01530185615587889,2,8.942712931396715,9.497728080211784
89390cb11b3ffff,0.0023933394886815882,0.011461364577032061,0.01196669744340794,5,7.780862684201767,9.346824302059341
89390cb11b7ffff,0.005237607055302621,0.01142978127288357,0.015712821165907862,3,8.563810912835537,9.344065107286117
89390cb11bbffff,0.00017652356240022195,0.0006974434079403993,0.0024713298736031074,14,5.179103346022254,6.54885415600231
89390cb11c3ffff,0.0028011197268587532,0.009325034225858831,0.058823514264033816,21,7.938131455055738,9.14056514730136
89390cb11c7ffff,0.0028619822343914168,0.009391703015059379,0.028619822343914168,10,7.959619099836605,9.14768839180696
89390cb11cbffff,0.0002435183121610579,0.0006989716323346812,0.0007305549364831737,3,5.499290202474579,6.551039808986065
89390cb11cfffff,0.0001427669351672026,0.0006673883281861887,0.0017132032220064314,12,4.968193482597224,6.504869334250082
89390cb11d3ffff,0.001925505428380401,0.004790410391925882,0.03851010856760802,20,7.56346298180447,8.474580092142988
89390cb11d7ffff,0.00011536679154241,0.00032583017606418546,0.00103830112388169,9,4.756747198565279,5.789440696740659
89390cb11dbffff,0.0014144495031501942,0.003761915374574167,0.012730045528351747,9,7.255202429701693,8.232949301521577
89390cb1407ffff,0.00014470829562045459,0.0008526855359928683,0.001012958069343182,7,4.98160664789095,6.7495629011444525
89390cb1413ffff,0.0005863833387154729,0.0008593715177178516,0.0041046833710083105,7,6.375677653901009,6.757364293309903
89390cb1417ffff,0.0007571219855596945,0.0019116813652137923,0.0068140978700372504,9,6.630844303511935,7.556261392688806
89390cb1427ffff,0.0011689188267239145,0.0020476296602884524,0.008182431787067401,7,7.064689646516528,7.62492639021865
89390cb1433ffff,0.0006873287151845161,0.0032540991435575793,0.01374657430369032,20,6.5342665075294795,8.087978013029064
89390cb1437ffff,0.0007371029535058953,0.004701136616893247,0.008845235442070744,12,6.604083318266301,8.455772283738165
89390cb1483ffff,0.00044912816920840106,0.0006894839058868478,0.0013473845076252032,3,6.109532362673831,6.537392664665835
89390cb148bffff,0.001581466640589822,0.002942150339074788,0.022140532968257506,14,7.366740073600136,7.987235830542337
89390cb148fffff,0.0015108984534308487,0.0034130344805628965,0.03172886752204782,21,7.321121394054783,8.135650003058187
89390cb149bffff,9.420512874936768e-05,0.0005951797255563693,0.0008478461587443091,9,4.556033813763927,6.3905421745543265
89390cb14a3ffff,3.937300349156824e-05,0.0001086949600432997,0.0002362380209494094,6,3.6981613311949273,4.697703423138255
89390cb14abffff,0.0010265889819266241,0.004669553312744755,0.015398834728899361,15,6.9349705430359965,8.449032826030917
89390cb14bbffff,0.00030435846222037505,0.002148110414212487,0.004869735395526001,16,5.721486372467964,7.672809274667675
89390cb14d7ffff,0.0020423870016025134,0.0021160813779489956,0.00612716100480754,3,7.622364004975553,7.657793710617597
89390cb1503ffff,0.0004128673310197714,0.0016066732465216977,0.0033029386481581713,8,6.025545465994185,7.382543224190557
89390cb1507ffff,0.00014531776606341223,0.0005907860804228088,0.0010172243624438856,7,4.985780736493482,6.383145218943985
89390cb150bffff,0.005621700786398803,0.010097360629119043,0.061838708650386834,11,8.634567394427286,9.220128375706407
89390cb150fffff,0.0005267916839122545,0.0007259065872838996,0.0036875417873857815,7,6.268701667810677,6.588797978609247
89390cb1513ffff,2.8055652838358434e-05,0.0001014358941704607,0.00014027826419179217,5,3.369213054328453,4.629237180192873
89390cb1517ffff,1.7803814193384065e-05,4.05616224648986e-05,8.901907096692032e-05,5,2.9340597318848185,3.7271772045666776
89390cb151bffff,0.002889760808828329,0.00782157980196759,0.04623617294125326,16,7.96927500211073,8.964769677084814
89390cb1523ffff,9.289865030452513e-05,0.00012518704829825848,0.0003715946012181005,4,4.542216012357188,4.83776531645899
89390cb1527ffff,4.571937979559999e-05,4.571937979559999e-05,4.571937979559999e-05,1,3.8441590635089136,3.8441590635089136
89390cb152bffff,0.0008680597564038618,0.00200401158903499,0.007812537807634756,9,6.767411887462624,7.603405119791292
89390cb152fffff,0.000988237624743085,0.0020205673533063772,0.008894138622687765,9,6.896934570450703,7.611628407005311
89390cb1533ffff,0.0004433522238848738,0.0012499602024897323,0.007093635582157981,16,6.096617544976447,7.131666697402713
89390cb1537ffff,0.00011982356845294221,0.0003707854436626445,0.0015577063898882487,13,4.794331369557852,5.918316923532878
89390cb153bffff,0.0005475739437740775,0.0016885606036486358,0.00438059155019262,8,6.307322081520777,7.432223776270777
89390cb1543ffff,0.0007369953107162189,0.003059441561335923,0.010317934350027064,14,6.603937470537222,8.026314485626196
89390cb1547ffff,0.001112335105649124,0.0025420102518386454,0.006674010633894744,6,7.01511538920178,7.84110379680945
89390cb154bffff,6.695987956136322e-05,0.00023477347257155594,0.0009374383138590851,14,4.218917524603268,5.462871482078166
89390cb154fffff,0.0008118254322009616,0.0039073513960966606,0.012989206915215386,16,6.700516365952033,8.270870926238247
89390cb1553ffff,0.0012350600146454839,0.0024573848260052854,0.02223108026361871,18,7.119684192377272,7.807259838492184
89390cb155bffff,5.915501926199497e-05,0.0001887357126938139,0.0004732401540959598,8,4.096924884691487,5.245632118019626
89390cb1563ffff,0.0033108901907096693,0.007700468018720749,0.05297424305135471,16,8.105274359976548,8.94916624145195
89390cb1567ffff,0.002684680914933391,0.011080136266675158,0.03758553280906747,14,7.895689574394774,9.312999506187234
89390cb156bffff,0.0013434058544607795,0.005500971059250534,0.038958769779362606,29,7.203707450543031,8.61286168142898
89390cb156fffff,0.0017641068923253784,0.006492342959024484,0.049394992985110596,28,7.47596652975759,8.778532770923286
89390cb1573ffff,0.004322354044440071,0.010126969976758255,0.09509178897768156,22,8.37178677917217,9.223056179999455
89390cb1577ffff,0.0032263125218886307,0.008522780094877265,0.025810500175109045,8,8.079405033315169,9.05061519453721
89390cb157bffff,0.0020532098513372544,0.00558374988060747,0.03901098717540784,19,7.627646552425226,8.62779492636572
89390cb15abffff,7.87318567572635e-05,0.0002511382087936579,0.0007085867108153715,9,4.378669214306248,5.52997738476289
89390cb15afffff,0.00011322391671177052,0.0003111846922856506,0.0009057913336941642,8,4.738160703594081,5.743594975122831
89390cb15c3ffff,0.004584630732168062,0.006876181986054953,0.013753892196504188,3,8.430682939497313,8.835964251970273
89390cb15c7ffff,0.003435193734279984,0.006838804164411475,0.006870387468559968,2,8.142119665181697,8.830514379272728
89390cb15cbffff,4.737495622273871e-05,0.0003158330414849247,0.0003789996497819097,8,3.878982246393231,5.758374952118208
89390cb15cfffff,0.00024565049392328203,0.0005614951128657392,0.002702155433156102,11,5.507972330204732,6.332382445802146
89390cb15dbffff,0.0032950565307853356,0.006816390206628674,0.046130791430994696,14,8.100482042212782,8.827232009951803
89390cb1803ffff,0.003068598172498329,0.00532745391448311,0.015342990862491645,5,8.029301943577577,8.580816402751152
89390cb1807ffff,0.0039030882867967785,0.007501289439332676,0.07806176573593557,20,8.269779561723176,8.922963511520171
89390cb180bffff,0.006671495431245822,0.01325416281957401,0.013342990862491645,2,8.805749196564443,9.492142402282086
89390cb180fffff,0.008977018576541382,0.01972377344073355,0.1526093158012035,17,9.102534488457735,9.889630659753742
89390cb1813ffff,1.5791652074246238e-05,3.1583304148492476e-05,3.1583304148492476e-05,2,2.8208818625708405,3.4838000144985237
89390cb1817ffff,0.006041262058645611,0.006041262058645611,0.006041262058645611,1,8.70653373383716,8.70653373383716
89390cb181bffff,0.010868559057231095,0.017132477952179315,0.07607991340061766,7,9.293721414180334,9.7487896035282
89390cb1823ffff,0.003200091268956881,0.016061128975771277,0.019200547613741285,6,8.071247052202212,9.684219542586128
89390cb1827ffff,0.003164952720557802,0.015446846445286384,0.025319621764462417,8,8.060209306835391,9.645224883955787
89390cb182bffff,0.0057148694111029755,0.016331433665509886,0.0685784329332357,12,8.65100169258566,9.700908205204126
89390cb182fffff,0.004715365854338072,0.01639307204941259,0.07073048781507107,15,8.458793835904043,9.704675088068061
89390cb1833ffff,0.004658254799579739,0.015896271769238118,0.07453207679327582,16,8.44661080007877,9.673902786645247
89390cb1837ffff,0.010181217044600151,0.022811614505396545,0.13235582157980197,13,9.228398050734809,10.035068929726894
89390cb183bffff,0.0041433410805819994,0.01509853863542297,0.04143341080581999,10,8.329499087642526,9.622419468390735
89390cb1843ffff,0.004091529725328955,0.007162150975834953,0.028640708077302686,7,8.316918572585791,8.876705243571578
89390cb1847ffff,8.351109554586265e-05,0.0002450889872329587,0.0006680887643669012,8,4.436882833978017,5.505693207240754
89390cb184bffff,0.01020096150784807,0.020339966251711295,0.04080384603139228,4,9.230335285475173,9.920392173474779
89390cb184fffff,0.0051394305054440126,0.009092807793944412,0.03597601353810809,7,8.544892110864838,9.115348998681547
89390cb1853ffff,0.003552202962754079,0.006979082428603267,0.024865420739278554,7,8.175604718722193,8.850816004942171
89390cb1857ffff,0.001130503995670031,0.0022394854977872587,0.002261007991340062,2,7.031302996370964,7.714447861447945
89390cb185bffff,0.010194832691266835,0.020371613231876216,0.04077933076506734,4,9.229734356109395,9.9219467892536
89390cb1863ffff,0.009941076723005505,0.027101467732178676,0.16899830429109358,17,9.204531203684336,10.207380062950056
89390cb1867ffff,0.010262744000630057,0.026413002642554684,0.1949921360119711,19,9.236372964502555,10.18164955164746
89390cb186bffff,0.0008683694295470556,0.0016324620331752047,0.009552063725017611,11,6.76776815523467,7.3984569881479345
89390cb186fffff,0.012616331740468134,0.031083129039447294,0.27755929829029896,22,9.442826682715802,10.34445264763461
89390cb1873ffff,0.004414435352924321,0.019275303257028243,0.03531548282339457,8,8.392861715860521,9.866631809999422
89390cb1877ffff,0.006280360952047412,0.018286287369862143,0.08792505332866377,14,8.745341948093028,9.813961418185578
89390cb187bffff,0.002581124692111989,0.009713012193957147,0.028392371613231878,11,7.856367863080181,9.181324678202117
89390cb1883ffff,0.0010551360829943403,0.003704288579706454,0.013716769078926425,13,6.96237232243555,8.217516423956479
89390cb1887ffff,0.0028695809056852074,0.0031566748384221086,0.008608742717055622,3,7.962269694434396,8.057591225113537
89390cb188bffff,0.0028995033270718586,0.005158012034767105,0.011598013308287435,4,7.972639561973849,8.548500374013223
89390cb188fffff,0.0006408566546743503,0.0008370212359514789,0.001922569964023051,3,6.46436499943598,6.731043441391881
89390cb1893ffff,0.004082242881551997,0.008425228437708938,0.04898691457862397,12,8.314646775602762,9.039104553221659
89390cb1897ffff,0.0019563564583399665,0.004395619090069726,0.019563564583399664,10,7.579350096103436,8.388591135923988
89390cb189bffff,0.004512687446273362,0.005452704638797797,0.009025374892546723,2,8.41486971401286,8.604050406969867
89390cb18a3ffff,0.000825643127765927,0.00331662899169028,0.013210290044254832,16,6.717373075608811,8.107005647647991
89390cb18a7ffff,0.011529052182495465,0.025588079849724603,0.18446483491992743,16,9.352712139054725,10.149920971091353
89390cb18abffff,0.0013278016834959113,0.003880225413098157,0.017261421885446847,13,7.192032825227776,8.2639062108722
89390cb18afffff,0.006370502439145185,0.015032888662485276,0.057334521952306663,9,8.759590582473447,9.618062175995297
89390cb18b3ffff,0.004389096846672701,0.008776146964245918,0.030723677926708905,7,8.387106566571372,9.079906686697795
89390cb18b7ffff,0.0006952218224783413,0.0021529497914610464,0.006256996402305072,9,6.545668320014418,7.675058548002253
89390cb18bbffff,0.0028034319125857733,0.006112515521029005,0.06447893398947278,23,7.938956270738104,8.718257258393324
89390cb18c3ffff,0.0029457619644608288,0.005663217549110128,0.02651185768014746,9,7.988462207320996,8.641924043730247
89390cb18c7ffff,0.005446628127515772,0.011948358750676558,0.0762527937852208,14,8.60293558696728,9.388432894888602
89390cb18cbffff,0.0008773281543506639,0.0028859244165684995,0.0035093126174026556,4,6.778020275915013,7.967946998706604
89390cb18cfffff,4.9921996879875196e-05,4.9921996879875196e-05,4.9921996879875196e-05,1,3.930294988942964,3.930294988942964
89390cb18d3ffff,0.0,0.0,0.0,1,0.0,0.0
89390cb18d7ffff,0.003223445509248942,0.013867999617943903,0.01611722754624471,5,8.07851627933073,9.537411385108848
89390cb18dbffff,0.0,0.0,0.0,1,0.0,0.0
89390cb1903ffff,0.01035479321213665,0.024743099111719572,0.207095864242733,20,9.245301372743972,10.116342319841833
89390cb1907ffff,0.004972934155461457,0.013796937183609794,0.04475640739915311,9,8.511966386531753,9.532274380523564
89390cb190bffff,0.008398074154258688,0.02554045018943615,0.0755826673883282,9,9.035876759025655,10.14805790908011
89390cb190fffff,0.007782272597026331,0.02016810468337101,0.15564545194052662,20,8.959732171018572,9.911907241434104
89390cb1913ffff,0.0035169321822564126,0.011308032729472445,0.05275398273384619,15,8.16562864775422,9.333357041975587
89390cb1917ffff,0.014130743822857492,0.03984030055079755,0.3391378517485798,24,9.55617888086338,10.592659355513048
89390cb191bffff,0.007296372058963992,0.014665287019644053,0.05837097647171194,8,8.895269570401094,9.593306738872997
89390cb1923ffff,0.011724964214362584,0.034266165748670765,0.34002396221651493,29,9.369560825699837,10.441942907878953
89390cb1927ffff,0.008167226484977768,0.03026521060842434,0.1960134356394664,24,9.008007087787425,10.31778720780415
89390cb192bffff,0.009542678675141953,0.02840001273520329,0.2576523242288327,27,9.163634295476484,10.254180083203762
89390cb192fffff,0.010603381196472349,0.028096150784806904,0.15905071794708522,15,9.269022515128722,10.243423454622487
89390cb1933ffff,0.008801374693734631,0.019397943264669364,0.10561649632481557,12,9.082776815623667,9.872973872674494
89390cb1937ffff,0.0019326843812632862,0.013043331529179535,0.0425190563877923,22,7.567182467898873,9.476108952806673
89390cb193bffff,0.0073367293875428495,0.011318093540068134,0.02201018816262855,3,8.90078472600447,9.33424627258521
89390cb1943ffff,0.01289802710617552,0.0405219523066637,0.23216448791115935,18,9.464907169379744,10.609623816188773
89390cb1947ffff,0.008723805278741763,0.01997675825400363,0.06106663695119234,7,9.073925429198866,9.902374846408392
89390cb194bffff,0.0007530138420422772,0.008746855996688847,0.012801235314718712,17,6.625410725985704,9.076563920377316
89390cb194fffff,0.009780731637428763,0.02004934891273202,0.1369302429240027,14,9.188271806397557,9.906001834714573
89390cb1953ffff,0.008813658505523896,0.023968353019835083,0.08813658505523896,10,9.084171353925441,10.08453133581823
89390cb1957ffff,0.007357318058993307,0.020158744308956034,0.08093049864892637,11,8.903586661013897,9.911443039017376
89390cb195bffff,0.013831446233144707,0.035782482727880545,0.26279747842974943,19,9.53477228776993,10.485241689605804
89390cb1963ffff,0.011302047183928174,0.026324429303702764,0.18083275494285078,16,9.332827630642619,10.178290644702168
89390cb1967ffff,0.005049894403939424,0.016714190200261072,0.07574841605909136,15,8.527320616278312,9.724073177805975
89390cb196bffff,0.00933897396712195,0.04038594033557261,0.1120676876054634,12,9.14205874397296,10.606261752669301
89390cb196fffff,0.007455584209762949,0.018032665796427778,0.06710025788786654,9,8.91685270760959,9.799995612027637
89390cb1973ffff,0.010013032358029016,0.02123805278741762,0.15019548537043523,15,9.21174262416378,9.963596878665488
89390cb1977ffff,0.01083382261017044,0.04520086599382343,0.18417498437289748,17,9.290520541909391,10.718893648017392
89390cb197bffff,0.004162185997643988,0.023164188608360663,0.08324371995287976,20,8.334035924948768,10.05040593977144
89390cb1983ffff,0.0008474810829167861,0.002415294979146105,0.012712216243751791,15,6.743447789690082,7.789990645619265
89390cb1987ffff,0.003029322805565284,0.005194880448279156,0.036351873666783406,12,8.016424429318999,8.555621369111465
89390cb198bffff,0.0026886644232406386,0.01250571492247445,0.06183928173453469,23,7.897171715089321,9.434020972851414
89390cb198fffff,0.004110892317578925,0.012242541946575824,0.10688320025705204,26,8.321638619432896,9.412753888925776
89390cb1993ffff,0.002112268391729494,0.006326976344359897,0.052806709793237344,25,7.655991028825463,8.752735771191434
89390cb1997ffff,0.003107539877105289,0.006955649654557612,0.07768849692763222,25,8.041908402034794,8.847453265960416
89390cb199bffff,0.00037993742384203726,0.0011270654907828968,0.00417931166226241,11,5.942635119753109,7.02825948957733
89390cb19a3ffff,0.004015352991160851,0.01856429685758859,0.11644523674366468,29,8.298129553714311,9.829049356657785
89390cb19a7ffff,0.005935177815275877,0.022808048648476555,0.17805533445827632,30,8.68882073980218,10.034912606757464
89390cb19abffff,0.006688723773440734,0.021248877710210452,0.10701958037505174,16,8.808327862799098,9.964106419522379
89390cb19afffff,0.007747362510455893,0.022971186602566144,0.17044197523002963,22,8.9552368110493,10.042039484995168
89390cb19b3ffff,0.006849125216117785,0.019375210926804422,0.15752987997070905,23,8.832022210814422,9.871801351716508
89390cb19b7ffff,0.010589868566913364,0.026495081027730908,0.23297710847209402,22,9.267747452882176,10.184752115292135
89390cb19bbffff,0.004692738457837634,0.018724887771021045,0.08446929224107741,18,8.453984656460182,9.837662218264013
89390cb19c3ffff,0.008352335317902512,0.020831927154637206,0.1336373650864402,16,9.030416177360035,9.944290050288908
89390cb19c7ffff,0.00025971855200738645,0.0004811996561495113,0.0020777484160590916,8,5.56344148069134,6.1783582526599465
89390cb19cbffff,0.004572027125982999,0.010225986182304437,0.022860135629914995,5,8.427930655410197,9.232785209705504
89390cb19cfffff,0.005890120666051132,0.014407972237256839,0.029450603330255662,5,8.681201524430419,9.575606363567031
89390cb19d3ffff,0.005008818925605001,0.011196663376739153,0.08514992173528502,17,8.51915505083194,9.323460408440669
89390cb19d7ffff,0.010443906735861272,0.030499984080995895,0.28198548186825434,27,9.253869744880555,10.325514227025685
89390cb19dbffff,0.015165334776656374,0.015165334776656374,0.015165334776656374,1,9.626833433173678,9.626833433173678
89390cb1a03ffff,0.0008099430099652966,0.0011123563309879336,0.0032397720398611865,4,6.698197780333441,7.01513445366528
89390cb1a07ffff,0.006072463306695534,0.01408787290267121,0.024289853226782135,4,8.711684282580219,9.553140608979952
89390cb1a0bffff,0.006311389870560809,0.013748861791206343,0.05680250883504728,9,8.750269627183634,9.52878405149557
89390cb1a0fffff,0.01055812938056881,0.03265115094399695,0.2956276226559267,28,9.264746108839581,10.393666011370708
89390cb1a13ffff,7.895826037123118e-05,9.474991244547742e-05,0.00015791652074246236,2,4.3815047531578,4.56173971365279
89390cb1a17ffff,1.0527768049497492e-05,3.1583304148492476e-05,3.1583304148492476e-05,3,2.4447587378752194,3.4838000144985237
89390cb1a1bffff,0.0002576086716938065,0.0006758572383711675,0.003348912732019485,13,5.555315999007575,6.517460376777416
89390cb1a23ffff,0.034393278996465985,0.04483797637619791,0.13757311598586394,4,10.445645521288473,10.71083304856241
89390cb1a27ffff,0.003371998825531253,0.009930975198191602,0.030347989429781275,9,8.123557486864511,9.2035146494634
89390cb1a2bffff,0.006861261253443881,0.06280900378872298,0.07547387378788269,11,8.833792295186207,11.047869635768803
89390cb1a2fffff,0.006643796364099463,0.037078735394313736,0.0531503709127957,8,8.80158932569651,10.520825883578649
89390cb1a33ffff,0.009975732362627839,0.044684262472539725,0.08978159126365055,9,9.20801089711798,10.707399027638226
89390cb1a3bffff,0.01285471862023169,0.060795504473240156,0.17996606068324367,14,9.461544020139218,11.015287574085074
89390cb1a43ffff,0.005658424638143827,0.013594829507466015,0.2093617116113216,37,8.641077511991913,9.51751837083344
89390cb1a47ffff,0.0012595150044110636,0.012258651978732212,0.03148787511027659,25,7.13927565009625,9.414068822360719
89390cb1a4bffff,0.0002578332870924167,0.001112738387086504,0.009024165048234584,35,5.556184175269296,7.015477551872301
89390cb1a4fffff,0.0002299666737500065,0.0009969753892196504,0.00988856697125028,43,5.44227343063346,6.905728615906848
89390cb1a53ffff,0.0009199837381250354,0.004811168773281544,0.02391957719125092,26,6.8254423793405055,8.478903149896292
89390cb1a57ffff,0.003623221935680149,0.012309720143907799,0.03260899742112134,9,8.195394905817588,9.418225718191021
89390cb1a5bffff,0.0027974708907132616,0.01283542933554077,0.06993677226783154,25,7.936828436531116,9.46004244943766
89390cb1a63ffff,0.0002297095535808543,0.0008536406762392945,0.004364481518036232,19,5.441159575596036,6.750681118893631
89390cb1a67ffff,0.0044789883617608155,0.013106434461460092,0.049268871979368974,11,8.40737572758441,9.48093486435485
89390cb1a6fffff,0.005466203954280621,0.01620783851762234,0.04919583558852559,9,8.606522604634218,9.693311959949275
89390cb1a73ffff,0.0022693843910860786,0.010091184055525487,0.12027737272756217,53,7.727704431420059,9.219516547359753
89390cb1a77ffff,0.0034698971632334684,0.012596325893852081,0.07980763475436978,23,8.152168388005274,9.441239839768798
89390cb1a7bffff,0.0019279739583032886,0.009416409309433603,0.06555111458231182,34,7.564743512712626,9.150315309515431
89390cb1a83ffff,0.0,0.0,0.0,2,0.0,0.0
89390cb1a87ffff,0.001354709514543111,0.01032910483324572,0.01625651417451733,12,7.212080223238123,9.242817710488687
89390cb1a97ffff,0.0012784281867368925,0.004874653761660671,0.033239132855159205,26,7.154168527988683,8.492009479396717
89390cb1aa3ffff,0.007867757649081476,0.024517686013562995,0.039338788245407375,5,8.970655469875613,10.107190800260366
89390cb1aa7ffff,0.0008398387614372516,0.0016637906332579834,0.0025195162843117546,3,6.734399919162902,7.417454648716879
89390cb1aabffff,0.012261326371422205,0.012261326371422205,0.012261326371422205,1,9.414286944460201,9.414286944460201
89390cb1aafffff,0.01678052385253305,0.0326335763634627,0.31882995319812796,19,9.728033789517262,10.393127629935966
89390cb1ab3ffff,0.011577141725124787,0.024511063707854438,0.10419427552612309,9,9.3568742654627,10.106920671584527
89390cb1ab7ffff,0.0006511509439969436,0.0006511509439969436,0.0006511509439969436,1,6.4802760443303,6.4802760443303
89390cb1abbffff,9.173591433453257e-05,0.0001721799484224267,0.0005504154860071954,6,4.529755822941456,5.154331218193226
89390cb1ac7ffff,0.00014212486866821612,0.00015791652074246236,0.00028424973733643224,2,4.9637174567060995,5.068379037568446
89390cb1acbffff,9.307118110327382e-05,0.00020923938998376263,0.001023782992136012,11,4.544051741483585,5.348246833768838
89390cb1acfffff,0.00022503104205800887,0.00022503104205800887,0.00022503104205800887,1,5.420672344079033,5.420672344079033
89390cb1b03ffff,0.003469407653857175,0.010463051991467414,0.0555105224617148,16,8.152027345538475,9.255701042288173
89390cb1b07ffff,0.0004023778443849124,0.0015362475723518737,0.00844993473208316,21,5.999873701812805,7.3377488056174185
89390cb1b0bffff,3.1201248049922e-05,0.00012289471170683563,0.000280811232449298,9,3.4720052111135877,4.819432105777753
89390cb1b0fffff,0.016510387762449275,0.030700054124613966,0.21463504091184057,13,9.711805589253832,10.332052269292454
89390cb1b13ffff,0.0010405782995168203,0.003841637747142539,0.02185214428985323,21,6.948492437440063,8.253914323083173
89390cb1b17ffff,0.001798532621576972,0.00409787003725047,0.0323735871883855,18,7.495282255488683,8.318466614036938
89390cb1b1bffff,0.011144648376884501,0.034711643159603935,0.2563269126683435,23,9.318804420609121,10.454859255757906
89390cb1b23ffff,0.022622343914164733,0.06858651978732211,0.339335158712471,15,10.026737568725094,11.135865869864686
89390cb1b27ffff,0.019422253858084354,0.030772644783342358,0.27191155401318096,14,9.87422627971966,10.334413913798459
89390cb1b2bffff,0.01512884045974084,0.046617530007322744,0.36309217103378016,24,9.624424262096326,10.749753380718165
89390cb1b2fffff,0.0009357360416865655,0.0021336559584832376,0.014036040625298483,15,6.842401536774485,7.6660607691101355
89390cb1b33ffff,0.00913657444256954,0.024258588302715784,0.08222916998312586,9,9.120150250954483,10.096567212144473
89390cb1b37ffff,0.014362079010816329,0.04610270941449903,0.2010691061514286,14,9.572416235413442,10.738648690270399
89390cb1b3bffff,0.021264752732352968,0.056039351778152766,0.4465598073794123,21,9.964853204773592,10.933827277700205
89390cb1b43ffff,0.02361119161497882,0.0555096309974848,0.47222383229957643,20,10.069518451480068,10.924329830895493
89390cb1b47ffff,0.021847544922205052,0.0607276895157439,0.2840180839886657,13,9.991889604356835,11.01417150979734
89390cb1b4bffff,0.013336313186334022,0.04085465949250215,0.3067352032856825,23,9.498320888864043,10.617800633960023
89390cb1b4fffff,0.009127671344471873,0.044296730236556406,0.18255342688943746,20,9.119175436654217,10.698688718525494
89390cb1b53ffff,0.0009151705750769714,0.003265178770416123,0.024709605527078227,27,6.820202564670773,8.091376008840772
89390cb1b57ffff,0.010166240935351699,0.03476487630933809,0.2643222643191442,26,9.22692615777658,10.456391618869775
89390cb1b5bffff,0.009730208963460581,0.03485758858925786,0.14595313445190872,15,9.183093418587992,10.459054830281255
89390cb1b63ffff,0.0029388611434675543,0.026484447132987362,0.08522697316055908,29,7.986117629104274,10.18435069633517
89390cb1b67ffff,0.013505932890376842,0.04193110255022446,0.17557712757489893,13,9.510958380041487,10.643806983201078
89390cb1b6bffff,0.0007019257446682707,0.002734120793403165,0.01965392085071158,28,6.555251259870884,7.913930879658925
89390cb1b6fffff,0.008251093635582159,0.026960934763921172,0.16502187271164317,20,9.018222221143509,10.202181326691713
89390cb1b73ffff,0.0206046568393348,0.047575790378553924,0.1236279410360088,6,9.93332092093214,10.770100324216191
89390cb1b77ffff,0.0013947867535692683,0.019791015314081953,0.029290521824954632,21,7.241213516331161,9.893033868383078
89390cb1b7bffff,0.008462942468719158,0.043457862396128505,0.21157356171797895,25,9.043570356900966,10.679570077584911
89390cb1b83ffff,0.01659033140259975,0.038212932598936614,0.48111961067539266,29,9.716635633285627,10.550955455818533
89390cb1b87ffff,0.007009115352549156,0.020471138845553825,0.16821876846117975,24,8.855109435321086,9.926820160033987
89390cb1b8bffff,0.01148876413106411,0.03808793657868764,0.31019663153873095,27,9.34921184243924,10.547679140434653
89390cb1b8fffff,0.0007904646553886835,0.00421299627495304,0.016599757763162352,21,6.673885223098072,8.346166710394366
89390cb1b93ffff,0.009665795470721125,0.027553312744754692,0.12565534111937463,13,9.176452144769089,10.223914344788904
89390cb1b97ffff,0.0119593134745798,0.036174535961030284,0.3109421503390748,26,9.389349237410288,10.496138367175151
89390cb1b9bffff,0.008080650981141286,0.015331974911649528,0.09696781177369544,12,8.997351459991911,9.637761011202711
89390cb1ba3ffff,0.009796057877798324,0.020303989302429243,0.2449014469449581,25,9.189837403033462,9.918621913276095
89390cb1ba7ffff,0.009412065695455806,0.030250628800662233,0.1317689197363813,14,9.149853970749021,10.317305306659408
89390cb1babffff,0.003375188003438505,0.021232704002037635,0.08437970008596263,25,8.124502542387622,9.963345009664625
89390cb1bafffff,0.011106736922538126,0.020822121048107232,0.17770779076061002,16,9.315397164543251,9.943819237183288
89390cb1bb3ffff,0.008101067122657957,0.01956458339966252,0.15392027533050118,19,8.999874508430608,9.881527352736239
89390cb1bb7ffff,0.005274316278773601,0.014354484383456972,0.052743162787736005,10,8.5707939146082,9.571887335173404
89390cb1bbbffff,0.004802551285724899,0.02242070744054252,0.11526123085739758,24,8.477110774533694,10.017784850753227
89390cb1bc3ffff,0.011501188898254106,0.03791575663026522,0.218522589066828,19,9.350292635217794,10.543148420808608
89390cb1bc7ffff,0.015105885461053386,0.049754210576586334,0.4531765638316016,30,9.622905909669043,10.814870472310155
89390cb1bcfffff,0.00180616743746946,0.022658919418001213,0.04154185106179758,23,7.499515946769606,10.028352978441571
89390cb1bd3ffff,0.006782578241905186,0.014393772485593303,0.13565156483810373,20,8.822260006008648,9.574620397821917
89390cb1bd7ffff,0.00527193904082694,0.02587532235983317,0.12652653697984656,24,8.570343178839131,10.161083634955855
89390cb1bdbffff,0.010988297904988875,0.02973504409564138,0.15383617066984426,14,9.30467716046057,10.30011519488026
89390cb1c03ffff,0.00013305740392881022,0.00024528001528224396,0.0006652870196440511,5,4.898268095747605,5.506469162095322
89390cb1c0bffff,0.0036640028866460786,0.01196434143080009,0.02198401731987647,6,8.206584401945566,9.389769535731414
89390cb1c0fffff,0.002850735457989748,0.007911999745295935,0.022805883663917986,8,7.955683020566435,8.97626222342114
89390cb1c23ffff,0.005674997612149384,0.010206055589162343,0.045399980897195075,8,8.644001617587348,9.23083448456897
89390cb1c2bffff,0.000800802317806998,0.003656595243401573,0.00400401158903499,5,6.686862090958778,8.204561173129822
89390cb1c2fffff,0.002156617530007323,0.0075372027125983005,0.010783087650036615,5,7.676759896564169,8.927739065558663
89390cb1c33ffff,0.010571524085453214,0.01095934286351046,0.02114304817090643,2,9.26601384746684,9.30203884317971
89390cb1c37ffff,0.008101478344848081,0.010937693017924799,0.07291330510363273,9,8.999925262361478,9.300061600642076
89390cb1c47ffff,0.002768569518290936,0.002768569518290936,0.002768569518290936,1,7.926447178544994,7.926447178544994
89390cb1c63ffff,0.004415677035244675,0.01420376325257092,0.0176627081409787,4,8.393142890346072,9.561332627663722
89390cb1c67ffff,0.0009276428199985143,0.0036870960552707827,0.011131713839982172,12,6.833724186948386,8.212865629692729
89390cb1c6bffff,0.00022780360725696463,0.0003774714253876278,0.0006834108217708939,3,5.432864025364598,5.936140575675291
89390cb1c6fffff,0.005501960486582729,0.014695342099398262,0.07152548632557548,13,8.613041496692844,9.595353905026192
89390cb1c73ffff,0.009995208379763762,0.01466375879524977,0.03998083351905505,4,9.209961138052464,9.593202533628812
89390cb1c77ffff,9.474991244547742e-05,0.00015791652074246236,0.00018949982489095484,2,4.56173971365279,5.068379037568446
89390cb1c7bffff,0.0028728867522047822,0.004361488745264096,0.011491547008819129,4,7.9634206616193115,8.380797986625199
89390cb1c8bffff,0.00732987360310739,0.00732987360310739,0.00732987360310739,1,8.899849969649141,8.899849969649141
89390cb1c9bffff,0.005250596962654017,0.005250596962654017,0.005250596962654017,1,8.56628749269396,8.56628749269396
89390cb1ca7ffff,0.0019525542926478966,0.004472539717915247,0.01757298863383107,9,7.577405706608484,8.405935257436054
89390cb1cafffff,0.005389602688111451,0.011589544398102456,0.07006483494544886,13,8.592412473628253,9.357944906594133
89390cb1cb7ffff,0.0010016025130801152,0.0030048075392403455,0.0030048075392403455,3,6.910354411389313,8.008301542727716
89390cb1cc7ffff,0.016867060396701584,0.01959584832372887,0.06746824158680634,4,9.733177195409104,9.88312403247918
89390cb1cd3ffff,0.01082135693591009,0.014675602534305455,0.02164271387182018,2,9.289369360093636,9.594009840390479
89390cb1cd7ffff,0.0041951914811286335,0.019629660288452356,0.054537489254672236,13,8.341932602681041,9.884847923406403
89390cb1d03ffff,0.0016274634658855743,0.010005603489445701,0.019529561590626892,12,7.395392190252525,9.211000502986325
89390cb1d07ffff,0.003415362097658047,0.013636027890095197,0.15027593229695407,44,8.136331549776182,9.520544011033948
89390cb1d0bffff,0.0060425992549906085,0.010777420484574486,0.09668158807984974,16,8.706755016593226,9.285301310960733
89390cb1d0fffff,0.00341389410678468,0.01206577732497055,0.09558903498997104,28,8.135901763261952,9.398211279681373
89390cb1d13ffff,0.00011790251201884811,0.00044445859467031744,0.0011790251201884811,10,4.7783039306295585,6.099104301335256
89390cb1d17ffff,0.00014253664024111988,0.00054060937947722,0.002138049603616798,15,4.966590335298563,6.29454503953751
89390cb1d1bffff,0.007312299022573149,0.014378872297749054,0.021936897067719445,3,8.897449753614985,9.573584750689642
89390cb1d23ffff,0.010827807018847916,0.02216969658378172,0.20572833335811042,19,9.289965178696471,10.006526722224185
89390cb1d27ffff,0.004984148209465794,0.01936559584832373,0.0897146677703843,18,8.514218413040396,9.871304997452146
89390cb1d2bffff,0.010869075742621543,0.03072157661816677,0.16303613613932313,15,9.293768948133438,10.33275305803364
89390cb1d2fffff,0.0009436048333447838,0.002978636696488268,0.017928491833550893,19,6.850766674265339,7.999556658137231
89390cb1d33ffff,0.0005383937806491851,0.0020366137094463372,0.02099735744531822,39,6.29044588051158,7.619534651875012
89390cb1d37ffff,0.004492317171726582,0.02543627622655927,0.10781561212143796,24,8.410346498994965,10.143970945155958
89390cb1d3bffff,0.004057091337456838,0.015035563055175269,0.08925600942405043,22,8.308468028130694,9.618240051121495
89390cb1d43ffff,0.003219382979400809,0.008185806615938108,0.04829074469101213,15,8.077255569168042,9.01027918822757
89390cb1d47ffff,0.006713475613854487,0.017133942500557168,0.06042128052469038,9,8.812021014151426,9.748875078630897
89390cb1d4bffff,0.0018835620363590055,0.0034428348562513932,0.009417810181795027,5,7.541450731432546,8.14434091325141
89390cb1d4fffff,0.0025899243316671447,0.007094590722404407,0.03884886497500717,15,7.8597699758389155,8.867228845100035
89390cb1d57ffff,0.002018592931942124,0.00751396096660193,0.028260301047189736,14,7.610651251247068,8.92465110810864
89390cb1d63ffff,0.0013254845933812795,0.004820847527778662,0.05699583751539502,43,7.190287559022052,8.48091243812063
89390cb1d67ffff,0.010825514449149394,0.036241013722181546,0.2598123467795855,24,9.289753446008922,10.497974324898529
89390cb1d6bffff,0.007201102211303726,0.0179957337068993,0.2232341685504155,31,8.882128236180279,9.797945559684495
89390cb1d6fffff,0.007061924925976631,0.031156865866471397,0.15536234837148588,22,8.86261454015473,10.34682200811643
89390cb1d73ffff,0.00309081155082938,0.009883027157821007,0.061816231016587606,20,8.036512460511455,9.198675314759623
89390cb1d77ffff,0.0016101392353697615,0.005750835747715623,0.04669403782572308,29,7.384696807356488,8.657274343310899
89390cb1d7bffff,0.00957023276391364,0.029796173071412656,0.2105451208061001,22,9.166517291606972,10.302168804618267
89390cb1d83ffff,0.0009510928396319527,0.007386099525613679,0.015217485434111243,16,6.858662550658337,8.907490450514148
89390cb1d87ffff,0.006782180266802509,0.013458053424177784,0.054257442134420075,8,8.822201336857496,9.50740727562756
89390cb1d8bffff,0.0006166480944952084,0.003135216020885734,0.01233296188990417,20,6.425918868889759,8.050772263308902
89390cb1d8fffff,0.0001747906650959916,0.00043076825113820885,0.00436976662739979,25,5.169293884273507,6.06788898860168
89390cb1d93ffff,0.0040182387664407645,0.007789932821802669,0.10447420792745989,26,8.2988478021,8.960715877755199
89390cb1d97ffff,0.007356048994146354,0.01718144480881276,0.10298468591804896,14,8.903414179437934,9.751643490932564
89390cb1d9bffff,0.001374339055194861,0.004404342704320418,0.017866407717533193,13,7.226455565299703,8.390573334281765
89390cb1da3ffff,0.0017251428579085006,0.006009806106529976,0.04830400002143802,28,7.453644636415552,8.701314146077385
89390cb1da7ffff,0.001137564803745477,0.005978222802381483,0.036402073719855266,32,7.037523804169779,8.696045872341402
89390cb1dabffff,0.005632964618876301,0.023579610939539624,0.15772300932853642,28,8.63656866848694,10.068180082981323
89390cb1dafffff,0.001755699471676346,0.00637097647171193,0.05969378203699577,34,7.471192027271496,8.759664978573644
89390cb1db3ffff,0.001826886136669957,0.005407876723232195,0.021922633640039484,12,7.510915461600322,8.595796720565708
89390cb1db7ffff,0.00028429340089055455,0.0014139259447928938,0.00995026903116941,35,5.653518127529771,7.254832472872359
89390cb1dbbffff,0.008534366934142532,0.023642522843770896,0.24749664109013342,29,9.051973626002436,10.07084448088167
89390cb1dc3ffff,0.0005505110000318381,0.0024687191569295426,0.004404088000254705,8,6.312661784155276,7.811859721509542
89390cb1dc7ffff,0.0037674073745494504,0.009304291029765602,0.04897629586914286,13,8.234407744117044,9.138338445294993
89390cb1dcfffff,0.008609557770065905,0.014354357031424115,0.043047788850329526,5,9.060744376980436,9.571878463818432
89390cb1dd3ffff,0.000794593906205228,0.0024747683784902418,0.015891878124104558,20,6.679088887580484,7.814306082776966
89390cb1dd7ffff,0.002688360660957051,0.008346206501321278,0.06720901652392627,25,7.897058771840626,9.029682211130352
89390cb1ddbffff,0.0023236651915056195,0.002331433665509886,0.006970995574516858,3,7.751331303998438,7.754667493093039
89390cb1e23ffff,0.005937693017924799,0.010339966251711293,0.011875386035849598,2,8.689244357494005,9.243868591637565
89390cb1e27ffff,0.0070732835144309576,0.020374924384730493,0.1485389538030501,21,8.864221447338187,9.92210930565567
89390cb1e2fffff,0.0006716665605399726,0.001854627654493935,0.021493329937279124,32,6.5112497544753225,7.525978276029058
89390cb1e37ffff,0.00698238296878814,0.013644051068165177,0.04189429781272884,6,8.851288744359273,9.521132175763883
89390cb1ea7ffff,0.003463816103664555,0.004235155528670127,0.00692763220732911,2,8.150414837680124,8.351411421975076
89390cb1eb7ffff,0.0008596644273934225,0.00426673883281862,0.004298322136967112,5,6.757704680945887,8.358839418613686
89390cb222bffff,0.0005009710592505333,0.0018139386799961796,0.0040077684740042665,8,6.2185424671345,7.503806961002149
89390cb222fffff,0.0017748416059091344,0.0017748416059091344,0.0017748416059091344,1,7.482029733712846,7.482029733712846
89390cb2233ffff,0.0013398996813304815,0.00314737814002356,0.014738896494635296,11,7.201096071632112,8.054642723042425
89390cb223bffff,7.369437634648244e-05,0.00015791652074246236,0.00044216625807889465,6,4.313404806125232,5.068379037568446
89390cb2267ffff,0.0008198570119675536,0.0018767869082110225,0.007378713107707983,9,6.710348931029136,7.537849185924024
89390cb22a3ffff,2.3687478111369355e-05,6.303925626412813e-05,9.474991244547742e-05,4,3.2062961560328707,4.159496274446586
89390cb22abffff,0.00022074566792067184,0.002361297717214811,0.0037526763546514214,17,5.401531085128159,7.767390033359159
89390cb22afffff,1.2684262472539718e-05,3.1774332197777707e-05,6.342131236269859e-05,5,2.616246447912092,3.4896456540883376
89390cb22b3ffff,0.0,0.0,0.0,1,0.0,0.0
89390cb2807ffff,0.0025539335859148652,0.00488751631697921,0.010215734343659461,4,7.845781508528871,8.494644124769595
89390cb2823ffff,0.005184724123658824,0.008331943073641313,0.020738896494635298,4,8.55366476832012,9.027971982922573
89390cb2827ffff,7.579992995638193e-05,0.00018949982489095484,0.0003789996497819097,5,4.341203728126934,5.249651275358747
89390cb282bffff,0.008125922860043653,0.014019930593142094,0.07313330574039288,9,9.00293763889613,9.548306534501483
89390cb2833ffff,0.00130713419012951,0.00525811073259257,0.01176420771116559,9,7.176357118597094,8.567717229194365
89390cb2837ffff,0.001925790346960833,0.004043172339138464,0.059699500755785825,31,7.563610864862279,8.305032195240848
89390cb283bffff,0.005316398778400116,0.013989302429240028,0.0691131841192015,13,8.578739511331412,9.546119684955537
89390cb2863ffff,0.0,0.0,0.0,1,0.0,0.0
89390cb2867ffff,0.010279028303989303,0.010279028303989303,0.010279028303989303,1,9.237958292311719,9.237958292311719
89390cb2877ffff,0.007827708618548824,0.010531694737177242,0.0626216689483906,8,8.96555284799443,9.2622394828517
89390cb2887ffff,0.00022839879581577823,0.00040848164538826457,0.002055589162342004,9,5.435461955404153,6.014892080281908
89390cb288fffff,0.00020960022074352364,0.00047088414148810853,0.0006288006622305709,3,5.349961647864205,6.156733492505673
89390cb2893ffff,6.316660829698495e-05,6.316660829698495e-05,6.316660829698495e-05,1,4.161482955401938,4.161482955401938
89390cb2897ffff,6.84304923217337e-05,0.0002210831290394473,0.00041058295393040217,6,4.240326141647916,5.403051766914098
89390cb28a3ffff,0.0005033236264627061,0.002072463306695533,0.007046530770477885,14,6.223218178000533,7.636975583217114
89390cb28a7ffff,0.0002753892196504187,0.0009485816167340572,0.005507784393008374,20,5.621810088420945,6.856021484150676
89390cb28abffff,0.002745370024472022,0.004794931389092299,0.0247083302202482,9,7.918035327603881,8.47552321018442
89390cb28afffff,3.924425993206173e-05,0.00010125635077343709,0.0002747098195244321,7,3.694967383311185,4.627482903247813
89390cb28bbffff,0.0007430566610419519,0.0021279887930211088,0.004458339966251712,6,6.612117189247722,7.663402400915843
89390cb299bffff,4.737495622273871e-05,9.474991244547742e-05,0.00018949982489095484,4,3.878982246393231,4.56173971365279
89390cb29c3ffff,0.00014129708045464677,0.00015702505651246458,0.00028259416090929354,2,4.957916988052212,5.06275360597554
89390cb29cbffff,0.00013309117990274182,0.00047203030978382,0.003061097137763062,23,4.898520015587178,6.159159466320132
89390cb29cfffff,3.1583304148492476e-05,6.316660829698495e-05,9.474991244547742e-05,3,3.4838000144985237,4.161482955401938
89390cb29d3ffff,0.00010678069979942056,0.0003151962813206406,0.001708491196790729,16,4.680098605334713,5.756363164176933
89390cb29d7ffff,4.726352319398899e-05,9.443153236333536e-05,0.00018905409277595597,4,3.8766760619662777,4.558409051759484
89390cb29dbffff,0.0009553578061489808,0.002108312903944729,0.022928587347575538,24,6.863132117242694,7.6541175354976785
89390cb2b13ffff,0.006967716259670796,0.013837498806074693,0.013935432519341592,2,8.84918630596922,9.535209755519437
89390cb2b1bffff,0.001484422143234754,0.008639307204941259,0.013359799289112786,9,7.3034542823778565,9.064193417293458
89390cb2b4bffff,3.3923397752236624e-05,7.252698271196155e-05,0.0001356935910089465,4,3.5531570272756667,4.297652450577137
89390cb2b4fffff,0.00015791652074246236,0.00015791652074246236,0.00015791652074246236,1,5.068379037568446,5.068379037568446
89390cb2b57ffff,0.0018128880257251108,0.0036257760514502215,0.0036257760514502215,2,7.503227900944654,8.196099392532448
89390cb2b6bffff,0.003286340433209165,0.0048518577477793,0.009859021299627495,3,8.09783413788117,8.487323036752093
89390cb2b6fffff,3.578592123276768e-05,5.157757330701392e-05,7.157184246553536e-05,2,3.6051151967777937,3.962289665840597
89390cb2b7bffff,0.0036135927069735857,0.010267885001114332,0.010840778120920757,3,8.192734460741557,9.236873728490574
89390cb2b8bffff,0.004117990680119618,0.012224327670910607,0.012353972040358855,3,8.323363431777443,9.411265117330341
89390cb2b9bffff,0.00624170803321438,0.009117068356203637,0.02496683213285752,4,8.739169346903319,9.118013257587098
89390cb2bc7ffff,0.004623027370074396,0.013869082110223186,0.013869082110223186,3,8.439021329468432,9.537489433278607
89390cb2c23ffff,0.0007579992995638194,0.0007579992995638194,0.0007579992995638194,1,6.632000854554386,6.632000854554386
89390cb2c2fffff,0.0003947913018561559,0.0007895826037123118,0.0007895826037123118,2,5.9808870568182355,6.672770146714996
89390cb2c33ffff,0.00026845808526218605,0.00028424973733643224,0.0005369161705243721,2,5.596412850469256,5.653365067922944
89390cb2c37ffff,0.0003158330414849247,0.0003158330414849247,0.0003158330414849247,1,5.758374952118208,5.758374952118208
89390cb3247ffff,5.3378694914560434e-05,0.0001561335922824668,0.00037365086440192303,7,3.995972439551871,5.057096349790561
89390cb3263ffff,0.00011904476179047164,0.0011054156451972366,0.0015475819032761313,13,4.787864688149873,7.008880920884371
89390cb3267ffff,0.00031761596994492027,0.00031761596994492027,0.00031761596994492027,1,5.763986521596111,5.763986521596111
89390cb326bffff,3.947913018561559e-05,0.00015791652074246236,0.00015791652074246236,4,3.7007865372388538,5.068379037568446
89390cb326fffff,0.0006106105468708545,0.0018949982489095483,0.010990989843675381,18,6.416095718626386,7.547500759243627
89390cb3277ffff,0.00022197459326944507,0.0002860326657964278,0.00044394918653889014,2,5.407057833442277,5.659596027388853
89390cb327bffff,0.00016318040476721111,0.0010422490369002516,0.0039163297144130665,24,5.100965852303919,6.9500951962987
89390cb5003ffff,0.0011443641419126153,0.0016955012894393328,0.003433092425737846,3,7.0434778932994755,7.436323344282548
89390cb5007ffff,9.832486593924399e-05,0.00025209334904008405,0.0006882740615747079,7,4.598395951981594,5.53375838921325
89390cb500fffff,0.0002203699576554491,0.0007027285173039575,0.0033055493648317365,15,5.399835318454313,6.556392652954519
89390cb5023ffff,5.530615782454428e-05,8.538953803050081e-05,0.0004977554204208985,9,4.030803904378542,4.458866580868369
89390cb5027ffff,0.0006970956389275979,0.001332547995797383,0.009062243306058773,13,6.548356111897106,7.1955983353233535
89390cb502bffff,0.0008167191993802202,0.0019668884714572257,0.014700945588843963,18,6.706519000628401,7.584716404998829
89390cb502fffff,0.0008746820621124166,0.0017477156229106308,0.015744277118023498,18,6.7750030822626695,7.466636867693905
89390cb5033ffff,3.3896866078724785e-05,8.201470915979497e-05,0.0002033811964723487,6,3.5523970280051644,4.4190178108879135
89390cb5037ffff,0.0012821802668025089,0.0013137635709510014,0.0025643605336050177,2,7.157096858878754,7.1814121344933834
89390cb503bffff,0.00012184405743576683,0.00032022668661848517,0.0012184405743576683,10,4.81091572527597,5.772147062738639
89390cb5047ffff,0.002607469196727053,0.002607469196727053,0.002607469196727053,1,7.866518813585766,7.866518813585766
89390cb505bffff,0.003122862873698622,0.003684549014613646,0.006245725747397244,2,8.046825615533518,8.21217477985271
89390cb5063ffff,0.00175376484447133,0.0023591964086726734,0.00876882422235665,5,7.470090135168041,7.766500118570574
89390cb5067ffff,0.00029290436923599397,0.0019259447928937567,0.007029704861663855,24,5.683254439717886,7.563691018753194
89390cb506bffff,9.218164644953144e-05,0.00015320449552675986,0.00027654493934859434,3,4.534550775791802,5.038279614574301
89390cb506fffff,0.0014338954510561375,0.004534178101817951,0.025810118119010475,18,7.268847269132692,8.419619634505306
89390cb5077ffff,0.0010216339265815531,0.0019776497182336277,0.008173071412652425,8,6.930136858881747,7.590169930559687
89390cb5083ffff,7.360947499124456e-05,0.00015899901302174538,0.0005152663249387119,7,4.312267509751046,5.075167646600709
89390cb5087ffff,0.0005037919067783119,0.0007560253430545386,0.0025189595338915597,5,6.224146278567403,6.629396731152544
89390cb508bffff,4.9085112092530355e-05,0.00013945047597822282,0.0003435957846477125,7,3.913723800107152,4.944854942495901
89390cb5093ffff,0.0001418255913910026,0.0005257728676493999,0.002836511827820052,20,4.961624245270622,6.266769464460361
89390cb5097ffff,0.0001160177019325671,0.0002210831290394473,0.0003480531057977013,3,4.762325221922231,5.403051766914098
89390cb509bffff,0.00026506856192615055,0.0006569454614919291,0.0034458913050399572,13,5.583754027171532,6.489122042619519
89390cb50a3ffff,0.0003855328090674648,0.0007533509503645453,0.003855328090674648,10,5.957216752050766,6.625857711130912
89390cb50a7ffff,0.0003440768923273938,0.0006841987965232896,0.0030966920309465442,9,5.843767268509411,6.529709010060929
89390cb50abffff,0.0010664459231430482,0.0010822375752172946,0.0021328918462860964,2,6.9730240863424084,6.987709590641749
89390cb50afffff,0.0011736285777961732,0.002492725015123054,0.009389028622369386,8,7.068707272603601,7.821532861589709
89390cb50b3ffff,0.00037520031413501445,0.0005738482600528512,0.0011256009424050434,3,5.930121751887885,6.354106110410531
89390cb50bbffff,0.0005027221497023146,0.0006768123786175937,0.0020108885988092584,4,6.222024825781828,6.5188705219415555
89390cb50c3ffff,1.0527768049497492e-05,3.1583304148492476e-05,3.1583304148492476e-05,3,2.4447587378752194,3.4838000144985237
89390cb50cbffff,0.0011405409277595595,0.0036259670794995067,0.018248654844152952,16,7.040134319693773,8.196152062732063
89390cb5143ffff,0.0008617624199072287,0.002799579738291573,0.024991110177309633,29,6.760139357594262,7.937581724121376
89390cb5147ffff,0.0001818351192097571,0.0004786526154923748,0.004909548218663441,27,5.20858475878301,6.173062124167624
89390cb514bffff,0.003665573561717979,0.009471998471775607,0.10263605972810341,28,8.207012870531276,9.156200764551295
89390cb514fffff,0.0004577893559920068,0.0010888598809258494,0.007782419051864116,17,6.128591185317413,6.993804417350668
89390cb5153ffff,0.002112165302938648,0.003981533955235761,0.03801897545289567,18,7.65594224595162,8.28967356785853
89390cb5157ffff,0.00011512623770256933,0.0005073068228851603,0.0023025247540513867,20,4.754677855441631,6.231085247312131
89390cb515bffff,0.0013668281568283713,0.006160718265465313,0.03280387576388091,24,7.220979473938571,8.726110956830174
89390cb516bffff,0.00014063909495155318,0.00021815403228374035,0.000843834569709319,6,4.953282237443235,5.389774826347567
89390cb517bffff,0.00019953941014783452,0.0003810372823076189,0.0011972364608870071,6,5.3010107867721885,5.945518201508157
89390cb51c3ffff,0.0009782310562502549,0.0021093953962240124,0.010760541618752804,11,6.886767627196967,7.654630600489866
89390cb51c7ffff,0.0010492279283008056,0.0017538921965041868,0.005246139641504028,5,6.956762494166489,7.470162707519941
89390cb51cbffff,0.001182081568977045,0.001182081568977045,0.001182081568977045,1,7.07587781255408,7.07587781255408
89390cb51cfffff,0.0008096261438519964,0.0031975548409691494,0.028336915034819873,35,6.6978069661438795,8.070454374583175
89390cb51dbffff,0.0006578049680819183,0.002778057244738769,0.010524879489310694,16,6.490427539383003,7.929867028572724
89390cb5203ffff,0.0019360866456921732,0.007498105638511256,0.021296953102613904,11,7.568940394307521,8.92253904421527
89390cb5207ffff,0.011035206469483269,0.017418701646025027,0.055176032347416346,5,9.308936643886643,9.765357123165968
89390cb520bffff,0.0011483049798182406,0.009714285714285715,0.02066948963672833,18,7.046912673279483,9.181455770981321
89390cb520fffff,0.0067590817918431025,0.019499060778757682,0.11490439046133274,17,8.818790268348888,9.878172861406348
89390cb5213ffff,0.004841351205068611,0.007529688942659748,0.009682702410137222,2,8.485155667925975,8.926741809657809
89390cb521bffff,0.004263280735311046,0.010851730395746443,0.055422649559043594,13,8.358028802166004,9.292171976687765
89390cb5223ffff,0.0012688932047077801,0.0037750963099748482,0.0038066796141233406,3,7.146688085135533,8.236446032759734
89390cb5227ffff,2.8824010103261273e-05,7.984972460122895e-05,0.00025941609092935145,9,3.3953137772659074,4.392592179724537
89390cb522bffff,0.005089385208061384,0.011465185138017767,0.04071508166449107,8,8.535108786064404,9.347157560034097
89390cb522fffff,0.0020033559619028756,0.008287433538157854,0.054090610971377635,27,7.603078072131217,9.022616272271856
89390cb5233ffff,0.0036478079531344523,0.003862205100448916,0.010943423859403357,3,8.20215580505266,8.259252454823763
89390cb5237ffff,0.0036841669585150755,0.0036841669585150755,0.0036841669585150755,1,8.212071111199542,8.212071111199542
89390cb523bffff,0.0024812951701741544,0.00392263364003948,0.004962590340348309,2,7.816938883018416,8.274773452422261
89390cb5243ffff,0.003247336080339025,0.011963895698685091,0.06169938552644147,19,8.085898168939389,9.389732283103065
89390cb5247ffff,0.0056458279322426546,0.041033971154764565,0.11856238657709575,21,8.638849238559164,10.62217993712131
89390cb524bffff,0.016572040840817308,0.052442293610111754,0.215436530930625,13,9.715532608418902,10.867487743115715
89390cb524fffff,0.01743038088870494,0.052270814097870044,0.20916457066445926,12,9.766027360201244,10.864212577396474
89390cb5253ffff,0.0019405159798065066,0.006034002992772773,0.025226707737484585,13,7.571224379787609,8.705331629434205
89390cb5257ffff,0.0038285008951378465,0.011387818778057246,0.09954102327358401,26,8.25048975909759,9.34038734413241
89390cb525bffff,0.002421448811305222,0.003504409564137668,0.03390028335827311,14,7.792534213017508,8.162062644036583
89390cb5263ffff,0.00019759516911288698,0.0004187971600496673,0.0029639275366933047,15,5.291268426606697,6.039771642355711
89390cb5267ffff,0.000483778534814862,0.000967557069629724,0.000967557069629724,2,6.183692157402893,6.875807406903172
89390cb5273ffff,0.011997178147061437,0.039552357604508266,0.4558927695883346,38,9.392510096165937,10.585405864775929
89390cb5277ffff,0.0024109543973595683,0.01149676844216626,0.057862905536629636,24,7.788192651101001,9.349908247014213
89390cb527bffff,0.0005768672333273088,0.0020085325862014072,0.016152282533164645,28,6.3593441421615,7.605657429832127
89390cb5283ffff,0.0017247604189881882,0.00248285523257665,0.010348562513929129,6,7.45342305493357,7.817567161393935
89390cb528bffff,0.004086099070784989,0.004532013117259385,0.028602693495494925,7,8.315590723736591,8.419142144662535
89390cb5293ffff,0.00045198509981215584,0.0007178197331974912,0.002259925499060779,5,6.1158592326951755,6.577610607506272
89390cb5297ffff,0.0031271291667993254,0.003869846222420326,0.018762775000795952,6,8.048190394546438,8.261228424244864
89390cb529bffff,0.0011803102179745817,0.004208411601770194,0.0129834123977204,11,7.074379455688149,8.345078154858967
89390cb52afffff,0.011044254831417747,0.013893661052564553,0.022088509662835494,2,9.309756187694692,9.53925994839686
89390cb52c3ffff,0.004914850533737517,0.009978477506447198,0.0589782064048502,12,8.500220066183338,9.20828601387158
89390cb52c7ffff,0.00418090356267312,0.010257569486452928,0.04598993918940431,11,8.338521819625397,9.23586868273237
89390cb52cbffff,0.0009385844821547965,0.0013861632016301062,0.009385844821547964,10,6.845437737274597,7.235016078591172
89390cb52cfffff,0.0011068067212484417,0.005644178420198033,0.014388487376229744,13,7.010137412784463,8.638557082850982
89390cb52d3ffff,0.0009325399820622494,0.0061556878601674685,0.018650799641244987,20,6.838983792340162,8.72529422688538
89390cb52d7ffff,0.006950613460531,0.009229902257314784,0.076456748065841,11,8.846729064209983,9.130312075407907
89390cb52dbffff,0.006284812208814884,0.009128657391193607,0.07541774650577861,12,8.746050342398833,9.119283447276324
89390cb5303ffff,0.0013081350659274185,0.003040402432423828,0.03662778184596772,28,7.177121943113625,8.02007401447714
89390cb5307ffff,0.0004967896675050676,0.00169601069757076,0.0029807380050304055,6,6.210177633400414,7.436623569027415
89390cb530bffff,0.0024122799197682193,0.00515820306281639,0.04824559839536439,20,7.788742063773994,8.5485374013571
89390cb530fffff,0.00045729992465004727,0.0010777802540673056,0.0027437995479002836,6,6.127523827103211,6.983586287489706
89390cb5313ffff,0.0006283954512169356,0.001626349135598077,0.006912349963386291,11,6.44475975743059,7.394707672764939
89390cb5317ffff,0.0004120347671049699,0.0015279696902161801,0.0020601738355248496,5,6.023531771270167,7.332349382459969
89390cb531bffff,0.0011250384709265923,0.0030750421853608842,0.006750230825559553,6,7.026460974125398,8.031399044888088
89390cb532fffff,0.0025963683445297,0.003935941927473018,0.023367315100767297,9,7.8622540362334705,8.278159540383594
89390cb5343ffff,0.0028675379668247954,0.010636123404119839,0.034410455601897545,12,7.961557759730801,9.272105369587004
89390cb5347ffff,0.0005582073390024107,0.005879588652933873,0.010605939441045802,19,6.326520314943656,8.679412146925072
89390cb534bffff,0.0032326785316310613,0.0071280843070457515,0.016163392658155307,5,8.081375632484791,8.87193807697641
89390cb534fffff,0.0029619456206819703,0.008054697698112007,0.023695564965455763,8,7.993939194614725,8.99413490863374
89390cb5353ffff,0.0006182794250545533,0.002229488363207998,0.008037632525709193,13,6.4285565844865085,7.709975837432091
89390cb5357ffff,0.002295596197025724,0.0075943200993345865,0.0482075201375402,21,7.739183391425767,8.935287560202923
89390cb535bffff,0.0012698748766277184,0.009107071221624376,0.020317998026043494,16,7.147460821518675,9.116916246830744
89390cb5363ffff,0.0021863860676876058,0.010131363621891815,0.06559158203062818,30,7.6904625335325765,9.22348989893908
89390cb5367ffff,0.0028696806647776118,0.0074704702473813245,0.02869680664777612,10,7.962304446062132,8.918847079025534
89390cb536bffff,6.323028431341336e-05,0.00015804387277531918,0.00025292113725365346,4,4.162474817749292,5.069180093563238
89390cb536fffff,0.0017966745200420262,0.006269476901525041,0.02874679232067242,16,7.4942491753089495,8.743607691583776
89390cb5373ffff,0.002502153782296417,0.007843675379668248,0.06755815212200325,27,7.825306728736002,8.967590285046265
89390cb5377ffff,0.0019637732448073435,0.004631411378904136,0.025529052182495467,13,7.583132120600001,8.440832827680605
89390cb537bffff,0.0010408506136163815,0.008047565984272025,0.02706211595402592,26,6.948753846984103,8.993249215944296
89390cb5383ffff,0.0017472800789582604,0.008608997421121336,0.04368200197395651,25,7.466387771617299,9.0606792979004
89390cb5387ffff,0.006931949441242956,0.011678627145085805,0.10397924161864434,15,8.84404060643688,9.365601333362907
89390cb538bffff,0.003717095418510618,0.007844948899996818,0.05947352669616989,16,8.220966831887154,8.967752613875081
89390cb538fffff,0.001136680569263587,0.001565602215925372,0.003410041707790761,3,7.036746880436641,7.356664359412779
89390cb5393ffff,0.000968036762286818,0.0038157216084561754,0.01452055143430227,15,6.8763025495476136,8.247147115439358
89390cb5397ffff,0.00010402538550521612,0.000534751185965806,0.001560380782578242,15,4.654202087653005,6.283669848006497
89390cb539bffff,0.0005838194525513448,0.002049858320863447,0.015763125218886308,27,6.371303171479038,7.626013677609075
89390cb53a3ffff,0.0004918653889012704,0.0022104492342959027,0.006886115444617785,14,6.200236091934156,7.701403341718611
89390cb53a7ffff,0.0001311853290458149,0.00026145372345506065,0.0019677799356872237,15,4.884204945811661,5.570074774890719
89390cb53abffff,0.0003684066896203545,0.0017248559330128308,0.005157693654684963,14,5.911898177022808,7.453478399453312
89390cb53afffff,0.00021415659347462335,0.0004509535483460155,0.00192740934127161,9,5.37136610475797,6.113579405405138
89390cb53b3ffff,0.0006447290998215893,0.0018046419815976314,0.01740768569518291,27,6.470380065709372,7.498671476007084
89390cb53b7ffff,0.0005844383855105544,0.0019465758222165623,0.007597699011637207,13,6.372360943530271,7.574340710089244
89390cb53bbffff,0.001337960457193798,0.002675920914387596,0.002675920914387596,2,7.199648813659735,7.892422500456989
89390cb53c3ffff,0.005632767678054061,0.013820688337737592,0.05632767678054061,10,8.63653371188395,9.533994256121735
89390cb53c7ffff,0.00019984080995892896,0.0004068260689611258,0.0009992040497946448,5,5.3025126040150194,6.010840781945949
89390cb53cbffff,0.0012221196330846433,0.003655067019007291,0.01099907669776179,9,7.1091599502691905,8.204143263644344
89390cb53cfffff,0.0013147505492056418,0.0029550765704097555,0.010518004393645135,8,7.182162541642612,7.991618185118856
89390cb53d3ffff,0.0017866452869230883,0.0054451271928428165,0.02143974344307706,12,7.488654550662703,8.602660028238759
89390cb53d7ffff,0.0024804586988674353,0.008097424305135471,0.054570091375083576,22,7.816601851273206,8.999424791506883
89390cb53dbffff,0.004417294406061957,0.013839791142666116,0.022086472030309785,5,8.393509019619062,9.535375391025326
89390cb5403ffff,0.0009204020851001016,0.0018976726415995417,0.010124422936101118,11,6.825896515468761,7.548910311328622
89390cb5407ffff,0.0010885167379484297,0.002276417587315738,0.019593301283071733,18,6.993489517229887,7.730797442888066
89390cb5413ffff,0.0008472955484846045,0.003021745359610303,0.014404024324238276,17,6.7432290992278405,8.013920756898203
89390cb5417ffff,0.00034221806720135227,0.0008134611098729664,0.00752879747842975,22,5.8383660095887775,6.702526679662098
89390cb541bffff,0.0003399726193129358,0.0006955968034639753,0.003399726193129358,10,5.8318021787896965,6.5462067691530335
89390cb5423ffff,0.0014854416025380512,0.004400076411219715,0.02525250724314687,17,7.304140356458296,8.389604428900705
89390cb5427ffff,0.001233404438218345,0.0021501480467381964,0.00986723550574676,8,7.118343896488327,7.673756953834736
89390cb542bffff,0.0009610550408410896,0.004579451749498552,0.017298990735139613,18,6.869071664040518,8.429552907505785
89390cb542fffff,4.858480053487854e-05,6.71145213155465e-05,0.0002429240026743927,5,3.9036843459392347,4.221190425600972
89390cb5433ffff,0.0015989279274324962,0.0030738323410487442,0.01758820720175746,11,7.37771386185861,8.031005655517992
89390cb5437ffff,0.0003975007163551848,0.0010521188194466556,0.007950014327103697,20,5.987709295857725,6.959511344748816
89390cb543bffff,0.0019943625500122046,0.004431659715368207,0.02991543825018307,15,7.598581042142615,8.396755070095184
89390cb544bffff,0.0013249625903403485,0.002619058231717024,0.010599700722722788,8,7.18989395793482,7.870951822354344
89390cb545bffff,0.00040122257951542557,0.0004040880002547041,0.0008024451590308511,2,5.997005615781222,6.00410432808318
89390cb5463ffff,0.003877393506051735,0.009514534050749786,0.07367047661498297,19,8.263176302045062,9.160680905401605
89390cb5467ffff,5.860012826169024e-05,0.0002189181444808813,0.00041020089783183166,7,4.087657726110771,5.393255406575495
89390cb546bffff,0.008622694874200082,0.01023827565347512,0.06035886411940057,7,9.062268911516371,9.233986159126202
89390cb5477ffff,0.003965041866980802,0.008024706294374224,0.05154554427075043,13,8.285523865499263,8.990404955885436
89390cb548bffff,0.002336245734807512,0.003520710624343341,0.021026211613267606,9,7.756728478693308,8.166702123370406
89390cb548fffff,0.0005235442070744055,0.0005235442070744055,0.0005235442070744055,1,6.262529708506572,6.262529708506572
89390cb5497ffff,0.0,0.0,0.0,1,0.0,0.0
89390cb549bffff,0.001406154631527374,0.0027415708873252892,0.005624618526109496,4,7.249324952658719,7.91665103951827
89390cb54a3ffff,0.00013718997739501417,0.00022585883027157822,0.0005487599095800567,4,4.928629386236352,5.424327930948945
89390cb54a7ffff,0.00014585628323092106,0.0003428316724505715,0.0014585628323092108,10,4.98945444345672,5.840152213343614
89390cb54abffff,0.0008814161546053679,0.0020623388200834156,0.008814161546053679,10,6.782663775348057,7.632080736175049
89390cb54afffff,0.00012535897354261518,0.0004051704925339871,0.0012535897354261519,10,4.839126852623075,6.0067730038045415
89390cb54bbffff,0.00020685836635543045,0.00021872711643159605,0.0006205750990662914,3,5.336856916779013,5.392386396588168
89390cb54d7ffff,0.0038694429409829455,0.004523480531057977,0.023216657645897674,6,8.261124234508703,8.417258049777836
89390cb550bffff,7.86080422808749e-05,0.0001284982011525359,0.0001572160845617498,2,4.377115121426112,4.863666990329107
89390cb5513ffff,0.0001323470625899866,0.00032684899232704006,0.0011911235633098795,9,4.892955222563784,5.7925531131256465
89390cb551bffff,0.0001790808367028559,0.0005106816517558662,0.0014326466936228472,8,5.193405842871867,6.23770265774362
89390cb554bffff,0.0005080470565761407,0.001133433092425738,0.00812875290521825,16,6.232540461346409,7.033888327095798
89390cb554fffff,0.00024454137349167436,0.0005422649559043587,0.001222706867458372,5,5.503465460496414,6.297597149184383
89390cb5553ffff,0.0009174504123022065,0.001762552134738451,0.009174504123022065,10,6.822687915502862,7.475085312459113
89390cb5557ffff,1.681046833710083e-05,3.260212041134707e-05,3.362093667420166e-05,2,2.879786393255707,3.5145891724585328
89390cb555bffff,0.0006925130649540851,0.0018834092139195773,0.004847591454678596,7,6.541770078732565,7.541369636391292
89390cb55c7ffff,0.0003036178590000743,0.0006412811614505397,0.003643414308000892,12,5.71905806973404,6.465026154004162
89390cb55cbffff,0.00019051864115380944,0.0003810372823076189,0.0003810372823076189,2,5.25498514672293,5.945518201508157
89390cb55cfffff,0.00015240217771976186,0.00041262058645611136,0.0007620108885988094,5,5.03306308518025,6.0249490957856
89390cb55d3ffff,2.2201704394706405e-05,4.546467572988634e-05,0.00013321022636823842,6,3.144225741262891,3.8386923621812565
89390cb5603ffff,0.00280089570929776,0.005081982871151581,0.00840268712789328,3,7.938051506110678,8.533653547610728
89390cb5607ffff,0.002900455062331568,0.0052691266834346846,0.04350682593497352,15,7.97296763577389,8.569809679848893
89390cb560bffff,0.0037009862636540555,0.005836352637778981,0.05921578021846489,16,8.216624782606315,8.672032657594958
89390cb560fffff,0.00384193065681811,0.0051017861122608175,0.0384193065681811,10,8.253990546378658,8.537541966068524
89390cb5613ffff,0.0017992295202012166,0.0026794867713075873,0.007196918080804866,4,7.495669446978289,7.893753688096894
89390cb5617ffff,0.001214668558359037,0.005107325925690089,0.048586742334361485,40,7.103049458233989,8.538627022025643
89390cb561bffff,8.633558170315153e-05,0.00019153745741666404,0.0006043490719220607,7,4.469757959454173,5.260290718781501
89390cb5627ffff,0.0050108169632907765,0.006231589671750136,0.04008653570632621,8,8.51955379565452,8.737547203059975
89390cb5643ffff,0.0020110005807691847,0.005850234009360375,0.05831901684230635,29,7.606884819872264,8.674407859751819
89390cb5647ffff,0.0002485741878654738,0.0007994523862587157,0.007457225635964215,30,5.519756217147171,6.68517705066616
89390cb564bffff,0.005384635497480756,0.012195931102550225,0.07000026146724983,13,8.591490595158803,9.408939650106305
89390cb564fffff,0.00167348538119677,0.005262886433824701,0.015061368430770931,9,7.423261161946386,8.568624898650981
89390cb5653ffff,0.002353752811107905,0.007701868891082175,0.03766004497772648,16,7.764191037505338,8.949348121707294
89390cb5657ffff,0.0010558677449138782,0.004561367760832883,0.008446941959311026,8,6.963064854970622,8.425597013543666
89390cb565bffff,0.0009842147155273968,0.002181603998853832,0.009842147155273968,10,6.892859602723746,7.6882739378287965
89390cb5663ffff,0.0030168028878589546,0.007319303384380273,0.06335286064503805,21,8.01228432502089,8.898407052050088
89390cb5667ffff,0.0015112929415135791,0.002676621350568309,0.015112929415135791,10,7.321382282360746,7.892684123635982
89390cb566bffff,0.00011773695437613425,0.0002692858734757554,0.0015305804068897451,13,4.7769105789947455,5.599480189525834
89390cb566fffff,0.006704626062593524,0.01125454487567258,0.03352313031296762,5,8.810702163854009,9.328616164045744
89390cb5673ffff,0.004809576872870834,0.005612722468082397,0.009619153745741668,2,8.47857228789832,8.632969320018049
89390cb5677ffff,0.0012848864975007165,0.0021013722181540324,0.002569772995001433,2,7.159203640794105,7.6508216138546326
89390cb567bffff,0.0011273565811437123,0.0046475850870769525,0.01578299213601197,14,7.028517500138431,8.444318169929092
89390cb5683ffff,0.00616130735976531,0.016787927027285175,0.17251660607342867,28,8.726206557783687,9.728474842567078
89390cb5687ffff,0.003940641217485435,0.009618516985577382,0.05910961826228152,15,8.279352468219283,9.171549332999778
89390cb568fffff,0.0021501071881129016,0.0044800534878538,0.04515225095037093,21,7.67373795978484,8.407613451303567
89390cb5693ffff,0.00028259416090929354,0.0008964309592791876,0.00395631825273011,14,5.647544205268627,6.799536191809289
89390cb5697ffff,9.423070800383037e-05,0.0002367474290808367,0.0012249992040497947,13,4.556302452850484,5.471208887826914
89390cb569bffff,0.008704946565209547,0.01948428794294629,0.052229679391257285,6,9.071761584396365,9.877414995335998
89390cb56afffff,0.0024191314591359165,0.003045050781623102,0.019353051673087332,8,7.791577139632338,8.021601204892994
89390cb56b3ffff,0.005238647096904285,0.007956891336877965,0.04714782387213856,9,8.564009427128084,8.981919336316867
89390cb56b7ffff,0.00410208538953803,0.008111242000700437,0.020510426947690154,5,8.319494503714305,9.001129557819471
89390cb56bbffff,0.0005784696713622094,0.0016131682001973959,0.0057846967136220935,10,6.362113325538295,7.38657505665744
89390cb56c3ffff,0.003185458944888408,0.009677098920691522,0.0796364736222102,25,8.066665530594276,9.177620768492547
89390cb56c7ffff,6.878601674679232e-05,0.00021280524690375373,0.0002751440669871693,4,4.245433656558451,5.365065539467335
89390cb56cbffff,0.0037928831438971845,0.008444713298736032,0.05689324715845777,15,8.241145349782663,9.041414289705333
89390cb56cfffff,0.0007613692302794153,0.00452978445668439,0.009897799993632399,13,6.636430992500644,8.418650372731019
89390cb56d3ffff,0.0026719453161445006,0.016274252602757174,0.06145474227132351,23,7.890936258071256,9.69740098786306
89390cb56d7ffff,0.010561627771233298,0.019558661530134677,0.12673953325479959,12,9.265077368277074,9.881224639253745
89390cb56dbffff,0.003733723879567428,0.010417268935655387,0.05600585819351142,15,8.225429167007462,9.251316172490606
89390cb5a13ffff,1.0527768049497492e-05,3.1583304148492476e-05,3.1583304148492476e-05,3,2.4447587378752194,3.4838000144985237
89390cb5ac3ffff,0.0007339934413703079,0.004452481772740297,0.005871947530962463,8,6.59986157586732,8.401441490069184
89390cb5ac7ffff,0.002014778142146094,0.006220764748957306,0.02417733770575313,12,7.608760574596831,8.735808867189151
89390cb5acbffff,7.369437634648244e-05,0.00015791652074246236,0.00044216625807889465,6,4.313404806125232,5.068379037568446
89390cb5acfffff,0.00020645462553196006,0.0020895284790983476,0.003096819382979401,15,5.334912643623383,7.6451721738075555
89390cb5ad3ffff,0.0025410312330860583,0.005426406444012863,0.020328249864688466,8,7.840718738489833,8.599216664204132
89390cb5ad7ffff,0.003239814490538806,0.005957973829157248,0.03887777388646567,12,8.083579963162984,8.692653568919454
89390cb5adbffff,3.238986702325236e-05,6.507688878983731e-05,9.716960106975708e-05,3,3.508252471415508,4.190819045626059
89390cb5e43ffff,0.0007691657573538564,0.0022372568372122643,0.00846082333089242,11,6.646605760971343,7.713452644222998
89390cb5e47ffff,0.0008966856633449012,0.00211028686045401,0.006276799643414308,7,6.799819966205016,7.655052927036037
89390cb5e4fffff,0.0001924448406507689,0.0003810372823076189,0.0007697793626030756,4,5.264992410595823,5.945518201508157
89390cb5e5bffff,0.0014168863151401438,0.003966888471457226,0.01841952209682187,13,7.2569225311983425,8.285989361018128
89390cb5e6bffff,0.0002194275526123086,0.0002194275526123086,0.0002194275526123086,1,5.395569081318008,5.395569081318008
89390cb5e6fffff,0.0005019792628439832,0.0005544907510586138,0.0015059377885319495,3,6.220548942299554,6.319851959181605
89390cb5e7bffff,0.000389326401387388,0.0010526282275780828,0.0066185488235855966,17,5.966983315730209,6.959994941621136
89390cb720bffff,0.0014349496428836747,0.0019118087172466493,0.008609697857302048,6,7.269581681363532,7.5563279734563205
89390cb722fffff,0.00011054156451972366,0.0002526664331879398,0.0008843325161577893,8,4.714397297398124,5.536020148777673
89390cb724bffff,0.000456748065841001,0.0013531790251201886,0.001370244197523003,3,6.12631895818469,7.2109506641708405
89390cb7253ffff,7.106243433410807e-05,0.0002526664331879398,0.0005684994746728646,8,4.277532886793589,5.536020148777673
89390cb7257ffff,0.0015658887579992995,0.002455156165430291,0.009395332547995797,6,7.356847249408066,7.806352872518495
89390cb725bffff,0.00023086801023061333,0.00069260403069184,0.00069260403069184,3,5.446168288349342,6.541901236712192
89390cb7263ffff,0.0010601419975166354,0.0015199465121462003,0.005300709987583177,5,6.967100963322239,7.327088125399132
89390cb726bffff,0.0009705710677406689,0.0015332547995797383,0.0058234264064440135,6,6.878914418731443,7.335800069554838
89390cb7273ffff,0.00018587029195453534,0.00018587029195453534,0.00018587029195453534,1,5.230414750273262,5.230414750273262
89390cb7277ffff,0.0008128031243698729,0.0020474386322391672,0.009753637492438474,12,6.701718474795748,7.624833139125046
89390cb727bffff,0.00010073545798974817,0.00020147091597949633,0.00020147091597949633,2,4.622375895089134,5.310596251438955
89390cb72dbffff,0.000854426013775245,0.0025316947371772426,0.002563278041325735,3,6.7515996065710375,7.837039128399422
89390cb764bffff,0.0003312089266283737,0.0007368588621095865,0.005630551752682352,17,5.805764068065531,6.603752562557106
89390cb8517ffff,6.316660829698495e-05,0.0001263332165939699,0.0002526664331879398,4,4.161482955401938,4.846807403136761
89390cb8587ffff,4.737495622273871e-05,9.474991244547742e-05,9.474991244547742e-05,2,3.878982246393231,4.56173971365279
89390cb85b7ffff,1.5791652074246238e-05,6.316660829698495e-05,6.316660829698495e-05,4,2.8208818625708405,4.161482955401938
89390cb8903ffff,0.000720961083341293,0.001803177433219778,0.0021628832500238788,3,6.58197123625076,7.497860051229325
89390cb8907ffff,0.001498742398675539,0.004002356012607852,0.035969817568212936,24,7.313048638125985,8.294888291487588
89390cb890bffff,0.0009687032379254354,0.0021281161450539656,0.0029061097137763063,3,6.876990084405096,7.663462217211941
89390cb890fffff,0.00024994305894684765,0.0006212232162755898,0.0032492597663090197,13,5.525226056610424,6.433298896971515
89390cb8913ffff,0.00010014327103696394,0.0002194275526123086,0.0010014327103696394,10,4.616538036803406,5.395569081318008
89390cb8917ffff,0.0004864767809453067,0.0017896144417205262,0.006810674933234294,14,6.189242660473473,7.490314103464374
89390cb891bffff,7.259065872838996e-05,8.704511445763954e-05,0.00021777197618516988,3,4.298518098228652,4.477849347402123
89390cb8923ffff,0.0007407067128166177,0.0008977681556241842,0.005184946989716324,7,6.608953899283486,6.801025109803886
89390cb8927ffff,4.498710560667325e-05,8.978318316406126e-05,0.000179948422426693,4,3.8283610442956832,4.508474061009972
89390cb892bffff,0.0010104922506989846,0.0032884205164124933,0.0262727985181736,26,6.919181995381206,8.098466693416828
89390cb892fffff,0.0016672185254757131,0.0031458499156292786,0.010003311152854279,6,7.419511584814615,8.054157204674928
89390cb8933ffff,0.0011130779925074554,0.0014669680664777614,0.0033392339775223665,3,7.0157824292640765,7.291634455857315
89390cb8937ffff,0.00032817026966792956,0.0008136521379222516,0.003938043236015155,12,5.796575153873883,6.702761197490026
89390cb893bffff,0.0003014422617721036,0.0003014422617721036,0.0003014422617721036,1,5.711890389078002,5.711890389078002
89390cb8943ffff,0.00014973627516529233,0.0002864783979114267,0.002246044127479385,15,5.015531787782915,5.661147719715041
89390cb8947ffff,0.00030662478199808263,0.0012984813270081825,0.005519246075965488,18,5.728880800049718,7.169720484611766
89390cb894fffff,0.0003167881817313509,0.0005669712502785826,0.0022175172721194563,7,5.761385065655787,6.342070801733413
89390cb8953ffff,0.0006886829607692392,0.0020768569518290936,0.009641561450769349,14,6.536232014853305,7.639092329938863
89390cb8957ffff,0.00033646009105670353,0.0007181381132796333,0.0053833614569072565,16,5.821447254599775,6.57805343006623
89390cb8963ffff,3.154085347087353e-05,6.284822821484289e-05,9.46225604126206e-05,3,3.4824963298081366,4.156508832913311
89390cb8967ffff,3.2220064312776594e-05,6.405807252698271e-05,9.666019293832978e-05,3,3.5031540401488557,4.175280294522463
89390cb8977ffff,0.00011404374542328633,0.00011404374542328633,0.00011404374542328633,1,4.7453124510165186,4.7453124510165186
89390cb8983ffff,0.0012388499168084638,0.004516348817217995,0.03344894775382852,27,7.122745616441892,8.41568055587827
89390cb8987ffff,0.0007086283451338053,0.0027403610430131492,0.01842433697347894,26,6.564741375425603,7.916209807078796
89390cb898bffff,0.0013961753661238484,0.005589098665987456,0.032112033420848514,23,7.242207881889653,8.628752216438361
89390cb898fffff,0.0008617494091682942,0.0043998853831704295,0.02843773050255371,33,6.760124277154111,8.389561023111455
89390cb8993ffff,0.0022044244849695285,0.004750803909707409,0.019839820364725758,9,7.6986752795435,8.466279595398854
89390cb8997ffff,0.0020072226795777373,0.0047725811073259265,0.028101117514088322,14,7.605005370867143,8.470852058458698
89390cb899bffff,0.004408099589289695,0.004408099589289695,0.004408099589289695,1,8.391425772830145,8.391425772830145
89390cb89a3ffff,0.0006438405835553151,0.0035403865134197208,0.023178261007991342,36,6.469003128968797,8.172273599902518
89390cb89abffff,0.0018342830396378099,0.006734439173485307,0.03301709471348058,18,7.514953993628358,8.81513829436298
89390cb89afffff,0.00029611084257841555,0.0008393772485593302,0.0032572192683625713,11,5.694105276512897,6.733850896447475
89390cb89b3ffff,0.004678163438213943,0.016260434907192207,0.11695408595534858,25,8.450874620415169,9.696551626883002
89390cb89b7ffff,0.0019047247604189884,0.004984049157884684,0.022856697125027862,12,7.552617666870929,8.514198543507735
89390cb89bbffff,0.0015959498611604697,0.009765608583527015,0.05905014486293738,37,7.375850752080624,9.18672455924022
89390cb89c7ffff,0.001235013194045169,0.003605336050176701,0.04199044859753574,34,7.119646312754487,8.19044759137255
89390cb89cfffff,0.0006569168072845363,0.0016948645292750486,0.013138336145690727,20,6.489078490633757,7.435947936554849
89390cb89d7ffff,2.569327262886434e-05,4.119838262918272e-05,5.138654525772868e-05,2,3.284411572192826,3.7423818939848092
89390cb8bb7ffff,0.0,0.0,0.0,2,0.0,0.0
89390cb8c83ffff,0.00010069566047948042,0.0002869241300264256,0.0008055652838358433,8,4.621984632325847,5.662697008021972
89390cb8c87ffff,0.001691652428001882,0.003945493329937279,0.015224871852016939,9,7.4340520615890275,8.28058269902598
89390cb8c93ffff,0.0004572359265772327,0.0014765194689420232,0.003200651486040629,7,6.12738417501468,7.298119926142354
89390cb8c97ffff,0.00045458069320394883,0.001443598968448534,0.009546194557282926,21,6.121572854037598,7.2755870315423765
89390cb8c9bffff,4.3044987105606675e-05,9.615078480690248e-05,0.00012913496131682003,3,3.785211545806731,4.576264254091411
89390cb8cb3ffff,0.0015361297717214812,0.0034382501830685476,0.030722595434429623,20,7.33767217180363,8.14300875657031
89390cb8cb7ffff,0.001350107593739524,0.0028012353147187116,0.022951829093571907,17,7.208679974862763,7.938172704355297
89390cb8cbbffff,0.0002729712090614417,0.0015207743003597695,0.002729712090614417,10,5.613023024449061,7.327632235940322
89390cb8d23ffff,0.0014370085007481934,0.0018331688369575602,0.0028740170014963868,2,7.271014449771303,7.514346707988996
89390cb8d27ffff,0.004487026011652712,0.006274443630806458,0.017948104046610847,4,8.409168243008533,8.744399459637476
89390cb8d2bffff,0.003421376038715018,0.004902862236938458,0.010264128116145054,3,8.138090336993153,8.49777838524317
89390cb8d2fffff,0.001863071949912517,0.005487599095800567,0.03539836704833782,19,7.5305185942390604,8.610428328134383
89390cb8d67ffff,0.0004737495622273871,0.0004737495622273871,0.0004737495622273871,1,6.162787427580095,6.162787427580095
89390cb8d6fffff,0.00012633321659396988,0.0004421662580788946,0.0005053328663758795,4,4.846807403136761,6.09394500004138
89390cb8d83ffff,0.0,0.0,0.0,1,0.0,0.0
89390cb8d93ffff,1.642841223853036e-05,3.2220064312776594e-05,3.285682447706072e-05,2,2.858101761781414,3.5031540401488557
89390cb8d9bffff,6.380336846126906e-05,6.380336846126906e-05,6.380336846126906e-05,1,4.1713575844341815,4.1713575844341815
89390cb8da7ffff,0.0015816485720653317,0.004744945716195995,0.004744945716195995,3,7.36685503401294,8.4650459991292
89390cb8dafffff,0.00240405616224649,0.00480811232449298,0.00480811232449298,2,7.785328534552644,8.478267798146286
89390cba803ffff,0.0023553313510398174,0.004500366137094464,0.04710662702079635,20,7.764861176240566,8.412136215706491
89390cba807ffff,0.0008600545877122654,0.004549141965678628,0.00946060046483492,11,6.75815790278069,8.422913712706297
89390cba80bffff,0.0002748808727859319,0.0014785571014677324,0.004123213091788978,15,5.6199691522014525,7.299498066207174
89390cba80fffff,0.0008651094343093452,0.0018309401763825658,0.007785984908784107,9,6.7640112681414815,7.5131308898878855
89390cba813ffff,0.003637138682826225,0.010745518800343851,0.06546849629087205,18,8.199227478974427,9.282337148584581
89390cba817ffff,0.00011353433729185902,0.00023521920468655484,0.0017030150593778854,15,4.740874667048442,5.464760207344382
89390cba823ffff,0.0006292543538476233,0.00990620522780095,0.020136139323123945,32,6.446123474172091,9.201017572192097
89390cba827ffff,0.0005916457066445924,0.0023480531057977014,0.003549874239867554,6,6.384596761163814,7.761767592235501
89390cba82bffff,0.00208783045199359,0.010095322996593334,0.0626349135598077,30,7.644359595981059,9.21992657680028
89390cba82fffff,0.0018959959747745906,0.009010984112833902,0.05498388326846313,29,7.5480268480427215,9.106310538660424
89390cba833ffff,0.0061518354611735495,0.0126004011589035,0.0738220255340826,12,8.72466830514672,9.441563289844543
89390cba837ffff,0.0011786685344964821,0.004968002801744724,0.01768002801744723,15,7.072988775029999,8.510974455446943
89390cba83bffff,0.0023894544557292495,0.010206756025343055,0.03823127129166799,16,7.7792387756902475,9.230903104960303
89390cba847ffff,0.0006058772963163424,0.0022997230093285367,0.00242350918526537,4,6.408326622875864,7.740978704401012
89390cba84bffff,0.0004072222752855693,0.0016570409755165719,0.0036650004775701235,9,6.011811818425268,7.413392049211676
89390cba84fffff,0.0006770110391753611,0.005375911362985132,0.010832176626805778,16,6.519163569777405,8.589869392200148
89390cba853ffff,0.0006733314230528406,0.0009702951383361457,0.0020199942691585216,3,6.513721715652579,6.8786303750793225
89390cba857ffff,0.001045878569836671,0.0010631984463051992,0.002091757139673342,2,6.953568225000855,6.969977162196158
89390cba85bffff,0.00030089539716042426,0.0007806042853959056,0.005115221751727212,17,5.710080590357497,6.661348583563984
89390cba863ffff,0.0049757012321309186,0.013688560603648637,0.049757012321309184,10,8.512522547346215,9.524388821613176
89390cba867ffff,0.0031637906332579835,0.004739087522684581,0.012655162533031934,4,8.059842181760837,8.46381087922004
89390cba86bffff,0.00012557285004485415,0.0003716769078926423,0.0021347384507625204,17,4.84081803208939,5.92071184559772
89390cba86fffff,5.63385997056994e-05,5.63385997056994e-05,5.63385997056994e-05,1,4.048974039258867,4.048974039258867
89390cba873ffff,0.0029502487706187285,0.00789015887166099,0.032452736476806014,11,7.989983671836732,8.973498281591839
89390cba877ffff,0.008291703015059378,0.012360915661116242,0.16583406030118758,20,9.023131252289321,9.422375707765614
89390cba87bffff,0.002219525189170832,0.013669903530835113,0.03329287783756248,15,7.705499018586226,9.523025023425134
89390cba883ffff,0.0002106568069022139,0.0022147155273966063,0.00484510655875092,23,5.354966127575284,7.703330667513325
89390cba887ffff,0.0010890593991106584,0.003500270623069821,0.016335890986659878,15,6.993987468335347,8.160881216758991
89390cba88bffff,0.0015645853895380306,0.004241714158362254,0.05006673246521698,32,7.356015083857708,8.352958475118317
89390cba88fffff,0.0011119068532249093,0.010713935496195358,0.01890241650482346,17,7.014730657948477,9.279393887935788
89390cba89bffff,0.00048095404865757316,0.002194275526123086,0.006733356681206024,14,6.17784877477063,7.694062842061392
89390cba8a3ffff,0.00015725247085685178,0.0008130790537743959,0.0011007672959979624,7,5.06419167453179,6.702057478945889
89390cba8a7ffff,0.007148929105852282,0.011128466363144322,0.10008500748193194,14,8.874857720373482,9.317351497311018
89390cba8abffff,0.0001772581107325926,0.0003691298672355058,0.0014180648858607408,8,5.18323256026535,5.913853936583196
89390cba8afffff,0.005170952960567402,0.012350536470438411,0.06722238848737623,13,8.551005644832484,9.421535744879586
89390cba8b3ffff,0.005988920373141457,0.005988920373141457,0.005988920373141457,1,8.697833397722551,8.697833397722551
89390cba8b7ffff,0.007820051577573307,0.015903594511127384,0.06256041262058645,8,8.964574297334156,9.674363309430554
89390cba8bbffff,0.00023689752254813225,0.0008305262822757809,0.0033165653156738517,14,5.471840003417497,6.723262906402581
89390cba8c3ffff,0.0007831725513918515,0.0021721162724059983,0.0023495176541755546,3,6.6646290871949585,7.683917486604966
89390cba8c7ffff,0.0014556860152611496,0.004369575599350505,0.03784783639678989,26,7.2839192821212855,8.382649995514345
89390cba8cbffff,0.002057594956859499,0.004300932853640677,0.012345569741156994,6,7.629778969298095,8.366819701533082
89390cba8d3ffff,4.912958423098829e-05,0.00015791652074246236,0.00044216625807889465,9,3.9146113374247062,5.068379037568446
89390cba8d7ffff,0.0006598038071182712,0.0023824381546690442,0.011876468528128882,18,6.493456983567701,7.776299327032827
89390cba8dbffff,4.1325734662039545e-05,4.1325734662039545e-05,4.1325734662039545e-05,1,3.7453952855068215,3.7453952855068215
89390cba903ffff,0.008270458573444979,0.014262663567767201,0.1984910057626795,24,9.02056614168598,9.565470573157642
89390cba907ffff,0.0014600698313646833,0.006181540322837404,0.03066146645865835,21,7.286924207572652,8.729484521466887
89390cba90bffff,0.003104684887103939,0.013599350504632431,0.06519838262918272,21,8.040989545601192,9.517850843791484
89390cba90fffff,0.001460320290362635,0.004289725874749276,0.021904804355439525,15,7.2870956145293775,8.364211199182348
89390cba913ffff,0.00027393422267502944,0.0005557642713871821,0.0010957368907001178,4,5.6165318787833955,6.322141939194097
89390cba917ffff,0.009598904772517432,0.014432105447483207,0.028796714317552298,3,9.169508457877294,9.57727983633985
89390cba91bffff,0.0019518563832932327,0.004295074660129262,0.02732598936610526,14,7.577048391712543,8.365457015024946
89390cba923ffff,0.0008396389006196497,0.002072399630679105,0.02434952811796984,29,6.7341621987066,7.636944872765675
89390cba927ffff,0.006081137095224107,0.030021076761437806,0.15810956447582677,26,8.713111409125009,10.309688282056431
89390cba92bffff,0.00629045525457382,0.019472253175841323,0.13839001560062403,22,8.746947682962517,9.876797170995447
89390cba92fffff,0.0046701332193229425,0.02110223184437582,0.1307637301410424,28,8.449156980609844,9.957181475715037
89390cba933ffff,0.0008262466020147642,0.003892260180203127,0.027266137866487218,33,6.71810283922576,8.267002178206198
89390cba937ffff,0.00039425873880966376,0.0010929351459772678,0.0043368461269063015,11,5.979540585420535,6.997536699668277
89390cba93bffff,0.0009159600574853635,0.0020061128975771276,0.019235161207192635,21,6.82106391349467,7.6044525991211485
89390cba943ffff,0.004932666150183423,0.009008437072176766,0.08878799070330161,18,8.503837631683597,9.106027870534758
89390cba947ffff,0.0015689855264244515,0.008928905727657678,0.047069565792733546,30,7.358821679461931,9.097161117001571
89390cba94bffff,0.0033661556666348285,0.006446114171097457,0.08078773599923589,24,8.121823651129137,8.771387894335986
89390cba94fffff,0.0007190844706272418,0.005178961444172053,0.02085344964819001,29,6.579368525444225,8.5525528920158
89390cba953ffff,0.0,0.0,0.0,1,0.0,0.0
89390cba957ffff,0.0016724976363739555,0.009362029991403738,0.038467445636600976,23,7.4226711082655354,9.144524234116899
89390cba95bffff,0.0,0.0,0.0,1,0.0,0.0
89390cba963ffff,0.005798366356422965,0.017431564201343567,0.10437059441561337,18,8.665503941673823,9.76609524194188
89390cba967ffff,0.005335168135775368,0.02711853290458149,0.13871437153015956,26,8.58226309680207,10.208009518623616
89390cba96bffff,0.015964659810882232,0.015964659810882232,0.015964659810882232,1,9.678195432881303,9.678195432881303
89390cba96fffff,0.0004301160543638815,0.002575312808430705,0.014193829794008088,33,6.066377321523334,7.8541145116962126
89390cba973ffff,0.0021156155824945152,0.0064524817727402975,0.04654354281487934,22,7.657573668672832,8.772375073872137
89390cba977ffff,0.0030600025774841005,0.010300741825591393,0.06426005412716611,21,8.026497780984947,9.240068269201082
89390cba97bffff,0.000986216689483906,0.003820115253589736,0.02465541723709765,25,6.89488955888738,8.248297610192663
89390cba983ffff,0.0009010381920801308,0.004973033207042568,0.017119725649522487,19,6.804656860718497,8.511986300465425
89390cba987ffff,0.0003038619503963832,0.0007747460918844918,0.003950205355152982,13,5.71985905249211,6.653825265461454
89390cba98bffff,0.0024258524626699354,0.009317647807953135,0.024258524626699356,10,7.794350413878788,9.139772812170223
89390cba98fffff,0.002270241013722182,0.0058073800503040535,0.006810723041166545,3,7.728081663168567,8.667056990022225
89390cba993ffff,0.01002123840055643,0.016673310197714033,0.1302760992072336,13,9.2125617429594,9.721624502474736
89390cba997ffff,0.003668250228551416,0.018729281416154608,0.10271100639943966,28,8.207742622779625,9.837896820213388
89390cba99bffff,0.001106727067916536,0.006854914196567864,0.04648253685249451,42,7.010065508368173,8.832866945112933
89390cba9a3ffff,0.0013061861249960202,0.0015518481963768347,0.0039185583749880605,3,7.175632109756276,7.347846069740479
89390cba9a7ffff,0.007808220573720909,0.018323983571587762,0.07808220573720909,10,8.963060439354287,9.816020630251737
89390cba9abffff,0.009586798688274062,0.030856060364863578,0.23966996720685155,25,9.16824659911713,10.337120864246513
89390cba9b3ffff,0.00042649257181553334,0.0015124327422076475,0.0115152994390194,27,6.057936912355755,7.322135688893344
89390cba9b7ffff,0.001885344964819001,0.008534560157916522,0.047133624120475025,25,7.542396354643246,9.051996263762291
89390cba9bbffff,0.0005171288484192429,0.0008862427966506416,0.004137030787353943,8,6.250223953450381,6.788118672756699
89390cba9c3ffff,0.003043659005835452,0.007708172816708587,0.021305613040848166,7,8.02114418892591,8.950166173734077
89390cba9c7ffff,0.0007687180956626021,0.002207774841605909,0.0046123085739756126,6,6.646024338284186,7.700193270477693
89390cba9cbffff,0.000728937565665892,0.0022408863701486835,0.01093406348498838,15,6.592959003999759,7.715072919987623
89390cba9cfffff,0.001158616956923175,0.001372854914196568,0.00231723391384635,2,7.055845020020246,7.2253758734634825
89390cba9d3ffff,6.779373215744957e-05,0.00018217708300168742,0.0002033811964723487,3,4.231112638426574,5.210453351629726
89390cba9d7ffff,0.00031233086058136207,0.0004669999044859754,0.0012493234423254483,4,5.74725969480319,6.14846809182783
89390cba9dbffff,0.003480340029927728,0.005680664777611513,0.03828374032920501,11,8.155172564720793,8.644999563421266
89390cbaa0bffff,0.0002400331115285428,0.0004421662580788946,0.001200165557642714,5,5.4849343162878235,6.09394500004138
89390cbaa17ffff,0.0001050654271068802,0.00015874430895603173,0.0003151962813206406,3,4.664056140557108,5.073574467934693
89390cbaa1bffff,0.0001158054485444724,0.00028424973733643224,0.0010422490369002516,9,4.7605097178033144,5.653365067922944
89390cbaa23ffff,0.0008488777102104493,0.0021730077366359964,0.01273316565315674,15,6.745092468793384,7.684327626385032
89390cbaa27ffff,0.0007871370467063581,0.002631220350854851,0.02518838549460346,32,6.669671991876095,7.875583008870545
89390cbaa2bffff,0.0004084051320827526,0.0010260753287274348,0.002042025660413763,5,6.014705208768435,6.934470555561423
89390cbaa2fffff,0.00044368869374441025,0.0015414690056990035,0.009761151262377026,22,6.097374472737429,7.341139662027586
89390cbaa33ffff,0.0003293323569677481,0.001368843325161578,0.002634658855741985,8,5.800099289959472,7.222451651086502
89390cbaa37ffff,0.001392311474771916,0.003922888344105193,0.02506160654589449,18,7.239438548764896,8.274838365669098
89390cbaa47ffff,0.00018827724537552934,0.0005440478843643542,0.00282415868063294,15,5.243212846951785,6.300873652022672
89390cbaa63ffff,8.800025470406572e-05,0.00017600050940813145,0.00017600050940813145,2,4.48863923157148,5.17615261058173
89390cbaa67ffff,0.0001877168964309593,0.0003339170301505938,0.0009385844821547965,5,5.240247989600475,5.813882829957234
89390cbaa73ffff,0.0009049635454805948,0.0009049635454805948,0.0009049635454805948,1,6.808999068457073,6.808999068457073
89390cbaa83ffff,0.0006681190966095967,0.0029603616797733135,0.0200435728982879,30,6.5059620661221835,7.993404468488592
89390cbaa87ffff,0.0013599658001051283,0.00487229774905282,0.04215893980325898,31,7.215949873831058,8.491526142773054
89390cbaa8bffff,0.0029976944560584765,0.006018402368747812,0.023981555648467812,8,8.005932291617537,8.702743259080464
89390cbaa8fffff,0.000990098379445382,0.003735999235887803,0.015841574071126113,16,6.898813802304256,8.226038225013374
89390cbaa93ffff,0.00018519957124815605,0.000766277181699513,0.002777993568722341,15,5.2268190621988335,6.64284812030732
89390cbaa97ffff,0.00028540015069990557,0.0013887102422872426,0.0042810022604985835,15,5.657389961273173,7.2368505456080285
89390cbaa9bffff,0.001291134622300823,0.004886943232831354,0.018075884712211523,14,7.164050875741697,8.494526887206119
89390cbaaa3ffff,0.000335333821516126,0.000605940972332771,0.002682670572129008,8,5.818104183169459,6.4084315414096045
89390cbaaa7ffff,0.00043871360296588737,0.0010907701614187018,0.0039484224266929865,9,6.0861236126331475,6.995555659260603
89390cbaaabffff,0.0009449266133910663,0.003731669266770671,0.014173899200865994,15,6.852164990346181,8.224878877821306
89390cbaaafffff,0.001837016100788864,0.004363207997707664,0.05694749912445478,31,7.51644206282768,8.381192007986648
89390cbaab3ffff,0.00167579568488862,0.005522302524754052,0.050273870546658606,30,7.4246399207029805,8.616731243840874
89390cbaab7ffff,0.002158429274006731,0.013382151612595117,0.030218009836094233,14,7.677599240767752,9.501751852477263
89390cbaabbffff,0.0010335420337842796,0.003915183546117355,0.023771466777038428,23,6.941714128341078,8.272872873368483
89390cbaacfffff,0.0,0.0,0.0,1,0.0,0.0
89390cbab03ffff,0.0023930975198191602,0.007418255913910026,0.047861950396383204,20,7.7807616203839896,8.911834049988734
89390cbab07ffff,0.0008934188068498782,0.006455092489413863,0.0205486325575472,23,6.796174129516389,8.772779535964556
89390cbab0bffff,0.0005589048634831691,0.0029393485943519375,0.015649336177528735,28,6.327766882659628,7.986283422811381
89390cbab0fffff,0.0017621415073771983,0.00623305422012799,0.017621415073771983,10,7.4748524442801445,8.737782157775502
89390cbab13ffff,0.007887012215182485,0.017892833264350982,0.18928829316437965,24,8.973099444859173,9.792211422100062
89390cbab17ffff,0.0025484698299496605,0.014946671336241207,0.04587245693909389,18,7.8436407067125655,9.612310803224318
89390cbab1bffff,0.003366182577332248,0.012731510076729602,0.047126556082651476,14,8.121831643212827,9.45191385017644
89390cbab23ffff,0.009283863132950975,0.018678786335126877,0.06498704193065682,7,9.136140733015909,9.835197273555044
89390cbab27ffff,0.012215114949681477,0.02457868763730141,0.13436626444649624,11,9.41051125661856,10.109675675036895
89390cbab2bffff,0.0007326570106687952,0.0007326570106687952,0.0007326570106687952,1,6.59804163148432,6.59804163148432
89390cbab33ffff,0.0022281971550970883,0.014762966028845236,0.04010754879174759,18,7.709396779495521,9.599944763202053
89390cbab37ffff,0.006505319349122464,0.018053487853799868,0.0910744708877145,14,8.780529191153347,9.801149567416127
89390cbab3bffff,0.004980101520497776,0.014794294628928015,0.1245025380124444,25,8.513406334415025,9.602064478723761
89390cbab43ffff,0.0004971156280653558,0.0018247636027890098,0.010439428189372473,21,6.21083223494411,7.5097535909936255
89390cbab4bffff,0.0005428380400522143,0.002835620363590054,0.010856760801044286,20,6.298651482036146,7.950368609707352
89390cbab4fffff,0.0005719141010538381,0.0015085485052055145,0.013725938425292114,24,6.350735794576171,7.319565881923452
89390cbab53ffff,0.0012714667770384286,0.0020740552071062436,0.010171734216307429,8,7.148712639666109,7.637743038145204
89390cbab57ffff,0.00256138474110393,0.007929255945748035,0.03842077111655895,15,7.848693643353681,8.978440589738316
89390cbab5bffff,0.0004344044868131998,0.0017002133146550352,0.008253685249450795,19,6.076275453784557,7.439096989974194
89390cbab63ffff,0.0017771580177345578,0.007731223534655673,0.026657370266018367,15,7.483333285991257,8.953151750238272
89390cbab67ffff,0.0026400886833246985,0.008393963513642588,0.029040975516571685,11,7.8789464911823135,9.035387223301194
89390cbab6bffff,0.0016086037645787411,0.004603457607692063,0.04343230164362601,27,7.383743318731426,8.43478015840649
89390cbab6fffff,0.0013211272474222585,0.004545767136807922,0.01849578146391162,14,7.186997269502881,8.422171740023595
89390cbab73ffff,0.00011179689170074093,0.0002184724123658824,0.0007825782419051864,7,4.725588782839794,5.39122654063402
89390cbab77ffff,0.001061953226428377,0.002666178483874049,0.009557579037855393,9,6.968806375895375,7.888776445030147
89390cbab7bffff,0.0005946384794167277,0.001666656053997262,0.008324938711834188,14,6.389633904862537,7.419174359016473
89390cbab83ffff,0.0,0.0,0.0,1,0.0,0.0
89390cbab87ffff,0.0025935719061415522,0.006461842147155275,0.031122862873698625,12,7.861176813259572,8.773824460882196
89390cbab8bffff,0.0017440166252290167,0.0029994587538603587,0.019184182877519183,11,7.464519361943014,8.006520473912941
89390cbab8fffff,0.004251392912859372,0.00947989429781273,0.02125696456429686,5,8.355237141791712,9.157033926012094
89390cbab93ffff,0.0021551041633502076,0.005001560062402497,0.012930624980101245,6,7.676058244104052,8.517705072863071
89390cbab97ffff,0.0017928892082797016,0.009120379509057914,0.025100448915915823,14,7.492141283899951,9.118376333587545
89390cbaba3ffff,0.0014565649972937695,0.003634053933585915,0.023305039956700312,16,7.284522512286077,8.198379227157663
89390cbababffff,0.0006096023432774045,0.0017401381769556498,0.0134112515521029,22,6.414445917957031,7.462294303049426
89390cbabafffff,0.0014364819490738816,0.004280620204400013,0.01867426533796046,13,7.270648215426668,8.362086769372858
89390cbabb3ffff,0.0032415170689687185,0.014823585596485086,0.06158882431040565,19,8.08410518031513,9.604042270455677
89390cbabb7ffff,0.007839800239239891,0.0184394918653889,0.10975720334935847,14,8.967096179467148,9.822304170582877
89390cbabbbffff,0.004791215473555731,0.011551911872393263,0.08145066305044743,17,8.4747481040506,9.354692794339432
89390cbabc3ffff,9.70786353320022e-05,0.00027431627877359994,0.0006795504473240154,7,4.585769558265677,5.617920541434172
89390cbabc7ffff,0.0020970740870451146,0.008071317138399823,0.025164889044541377,12,7.648775101509637,8.996195849963327
89390cbabcbffff,0.003382749907149777,0.012433633671877489,0.054123998514396435,16,8.126739813488474,9.428240896364684
89390cbabcfffff,0.004610889508466637,0.013858384539463212,0.06455245311853292,14,8.436392923700977,9.536717866235804
89390cbabd3ffff,6.335763634627019e-05,0.00018949982489095484,0.00025343054538508076,4,4.1644555959412415,5.249651275358747
89390cbabdbffff,0.00014491191892573662,0.0003681747269890796,0.001883854946034576,13,4.9830031446234635,5.91127004684329
89390cbad03ffff,7.994523862587157e-05,0.00015989047725174313,0.00015989047725174313,2,4.393772859689267,5.0807238679817655
89390cbad07ffff,0.00014823776624534372,0.00028100226049858324,0.0007411888312267186,5,5.005540780707732,5.6419150868584085
89390cbad0bffff,9.585363006356991e-05,0.00014167913655321724,0.00028756089019070974,3,4.573200870447139,4.960598308840877
89390cbad27ffff,4.211107219798997e-05,9.474991244547742e-05,0.0001263332165939699,3,3.763779859662703,4.56173971365279
89390cbad2bffff,0.00035372027125983005,0.001080454646757299,0.00247604189881881,7,5.871329510583062,6.9860623090143035
89390cbad2fffff,0.002698265131771452,0.01698786971887039,0.05666356776720049,21,7.900734841528533,9.740313686194643
89390cbad33ffff,0.0002294459125303788,0.00037575217294406063,0.0006883377375911364,3,5.440016182104807,5.931587605091991
89390cbad37ffff,0.00034104874399057595,0.0006915852144289854,0.002387341207934032,7,5.834953253194932,6.5404312838181085
89390cbad47ffff,6.81333375784011e-05,7.456461523767073e-05,0.00020440001273520328,3,4.236037068531381,4.3249881212030035
89390cbad4fffff,0.0002464667046793189,0.0005984272023942183,0.002711133751472508,11,5.511276046411031,6.395974536559202
89390cbad63ffff,0.0012504088289691144,0.011707154000445733,0.027508994237320516,22,7.13202525881276,9.368040801162726
89390cbad67ffff,0.002870849789617122,0.0171210162692222,0.0660295451611938,23,7.962711627134987,9.748120415496011
89390cbad6bffff,0.004598704647894371,0.010920500493489128,0.0643818650705212,14,8.433747373436345,9.29848864768798
89390cbad6fffff,0.0026860551973099337,0.00770568945206788,0.034918717565029136,13,7.8962011507602625,8.949843990697035
89390cbad77ffff,0.00019913916090171305,0.0007364131299945876,0.004181922378935974,21,5.299012929096876,6.60314829143836
89390cbad7bffff,5.704575121780382e-05,0.0001845967716259671,0.00045636600974243054,8,4.061231513696153,5.2235764259441755
89390cbada3ffff,0.0,0.0,0.0,1,0.0,0.0
89390cbadafffff,0.00042312712916679936,0.0004389187812410456,0.0008462542583335987,2,6.050033243231609,6.086590121785296
89390cbae23ffff,0.0036864592951064983,0.004332516157789169,0.014745837180425993,4,8.212692961971962,8.374134537144618
89390cbae27ffff,9.635090942996322e-05,0.00018440574357668187,0.0006744563660097425,7,4.578322073633466,5.222546632029907
89390cbae2bffff,0.0014613999525967434,0.0047825145658887585,0.01315259957337069,9,7.287834168285185,8.472930820141025
89390cbae2fffff,8.785331005076937e-05,0.0004131299945875386,0.001142093030660002,13,4.486986808276676,6.02617992112696
89390cbae63ffff,0.00014493570996484175,0.0005664618421471553,0.0010145499697538922,7,4.983166182022453,6.341173508587732
89390cbae67ffff,0.00022121048107230415,0.0004265656340539336,0.0013272628864338248,6,5.403625045635405,6.05810780654302
89390cbae6bffff,0.0,0.0,0.0,2,0.0,0.0
89390cbae73ffff,2.8622369384571302e-05,5.7244738769142604e-05,5.7244738769142604e-05,2,3.388529798367323,4.064653766806789
89390cbae77ffff,0.00042768451262831854,0.0008575249132414277,0.00299379158839823,7,6.0607212465886775,6.7552156994172625
89390cbae7bffff,0.00018664855437754927,0.0004165048234582445,0.0016798369893979434,9,5.23457082172801,6.034296097417573
89392b4d33bffff,7.219040948226851e-05,0.0002526664331879398,0.0005053328663758796,7,4.293064394381862,5.536020148777673
89392b4d363ffff,0.0003000413894106785,0.0003158330414849247,0.000600082778821357,2,5.707247761643513,5.758374952118208
