hex_id,tipologia_label,morfologia_continua,espontaneo,dist_centro_km,vitalidad_vecinal,dim1,dim2,dim3,barrio_km2,pct_barrio,pct_host,div_actividad,terrazas_ext_km2,n_parques_500m,dist_mercado_km,n_mercados_500m,dist_parque_km,airbnb_ent_km2,vut_km2,renta_persona,densidad_pob_km2,log_renta,log_densidad,log_bc_mean,log_airbnb,ps
89390ca0497ffff,Planificado,0.5459077046406804,0.0,5.598881631542717,0.7750473643151677,0.8857684163601918,0.7769976596456034,0.662376016939708,230.7876642476461,0.5555555555555556,0.08888888888888889,3.328859964642838,18.463013139811686,1.0,0.6755046315504127,0.0,0.47149500347976564,9.231506569905843,0.0,12841.806511056511,23458.86069439029,9.460461261354995,10.063046184184307,0.0,2.3254718389059224,0.80103826360414
89390ca3387ffff,Espontáneo,0.33915426447156366,1.0,5.2434338881265266,0.5261153831865969,0.24350830268583526,0.630558341691742,0.7042795051822134,0.0,0.0,0.0,0.0,0.0,2.0,0.6938366294155953,0.0,0.327198231169237,0.0,0.0,9245.0,287.9635668060044,9.131838143821225,5.666300613750184,0.0,0.0,0.9568628003281794
89390ca007bffff,Planificado,0.9054560969714273,0.0,9.17503217546707,0.47001188751439504,0.5877632898696089,0.33174523570712133,0.49052713696645495,9.233041186595282,1.0,0.0,0.0,0.0,0.0,1.716231250705077,0.0,0.7782581109982186,0.0,0.0,,,,,7.244779455601941,0.0,
89390cb8c87ffff,Espontáneo,0.39515498579627006,1.0,7.567278705030133,0.7466102009732903,0.8172851889000334,0.8562353727850217,0.5663100412348155,193.53052922601296,0.35,0.25,3.4443496925299226,82.94165538257698,1.0,2.0951912286361525,0.0,0.39502330084172554,9.215739486952998,0.0,,,,,7.4340520615890275,2.323929617911066,
89390cb0adbffff,Espontáneo,0.15384757228398646,1.0,5.533318394660885,0.785300345480887,0.912069541959211,0.6300568371782013,0.813774657305249,452.082730943354,0.3888888888888889,0.19047619047619047,4.0183294677419354,73.80942546013942,0.0,0.22474736709833318,2.0,0.7743621056966168,239.88063274545314,27.678534547552285,15485.836978951713,30182.91870458709,9.647681141896019,10.3150645683125,7.029890216441576,5.484301510977788,0.7088112218695497
89390cb5143ffff,Espontáneo,0.13042719428933514,1.0,12.36066626517985,0.7636056317099446,0.9321297225008358,0.8662654630558342,0.492421709573164,545.2316970556736,0.42142857142857143,0.15,4.037792157777671,101.65336724766797,1.0,7.433787504447759,0.0,0.07682237744338907,101.65336724766797,9.241215204333452,,,,,6.760139357594262,4.631357946119019,
89390cb1e37ffff,Planificado,0.6279298522726954,0.0,3.740848288896442,0.34983654667706815,0.24350830268583526,0.33174523570712133,0.47425610163824805,0.0,0.0,0.0,0.0,0.0,0.0,1.7133132294820428,0.0,0.8842585408973505,0.0,0.0,,,,,8.851288744359273,0.0,
89390cbac37ffff,Espontáneo,0.1006356040352761,1.0,6.07631886702203,0.2919963594487165,0.24350830268583526,0.33174523570712133,0.3007355399531929,0.0,0.0,0.0,0.0,0.0,0.0,3.6400174414392983,0.0,2.1716567752891134,0.0,0.0,,,,,0.0,0.0,
89390ca202bffff,Espontáneo,0.1463512255329478,1.0,5.696753487054295,0.6433559939076489,0.6829377019948736,0.630558341691742,0.6165719380363311,55.39516783638736,0.2222222222222222,0.2222222222222222,3.019736127138996,0.0,2.0,1.7123738459086633,0.0,0.3071940988747531,64.62769580911858,55.39516783638736,15293.0,31540.982370742015,9.635150486348124,10.359074711133582,7.565768754049354,4.183997799064161,0.6377321528255788
89390cb02a3ffff,Espontáneo,0.4318148378051016,1.0,8.354257869860065,0.36538318659682756,0.35434080017831276,0.33174523570712133,0.41006352390504847,0.0,0.0,0.2,1.6094379124341005,0.0,0.0,3.135931807335087,0.0,0.8479869037836548,0.0,0.0,,,,,0.0,0.0,
89390ca2317ffff,Espontáneo,0.5742576184461244,1.0,6.508664052690012,0.5098071993759055,0.24350830268583526,0.630558341691742,0.6553549537501393,0.0,0.0,0.0,0.0,0.0,2.0,1.7937166476178097,0.0,0.10749691528676392,0.0,0.0,,,,,9.24860720137349,0.0,
89390cb1a1bffff,Planificado,0.5767478754328709,0.0,2.6687562026828604,0.5588989189791597,0.36715702663546196,0.630558341691742,0.6789813886102752,0.0,0.0,0.2857142857142857,1.945910149055314,0.0,2.0,0.774721850762556,0.0,0.3740829395864479,0.0,0.0,,,,,5.555315999007575,0.0,
89390cbab07ffff,Espontáneo,0.1692823562413893,1.0,5.703095524144593,0.6461235558527435,0.8075894349715814,0.5640254095620194,0.5667558230246293,165.9198451534643,0.4186046511627907,0.2558139534883721,3.0233298295926216,27.653307525577386,0.0,1.4158688692091361,0.0,0.5496175346288031,64.52438422634724,18.435538350384924,11133.824598930481,42622.633911863544,9.317743014975612,10.6601641650837,6.796174129516389,4.1824223516276895,0.8339276908381075
89390ca3673ffff,Transición,0.5122321337894341,,4.908297509921663,0.46915747241725175,0.24350830268583526,0.33174523570712133,0.8322188788587986,0.0,0.0,0.0,0.0,0.0,0.0,0.4865567532364136,1.0,0.5313646118019357,9.220820044085826,0.0,13303.0,3971.8307133711783,9.495744852683906,8.287234145637022,8.156206284088288,2.3244268207039114,
89390ca3257ffff,Espontáneo,0.6123324010434856,1.0,6.4431443572153135,0.5324399123295813,0.7377131394182547,0.33174523570712133,0.527861361863368,46.10920744914957,0.8333333333333334,0.0,1.791759469228055,0.0,0.0,1.208509691478594,0.0,0.7938177766712678,0.0,0.0,,,,,0.0,0.0,
89390cb0dc7ffff,Planificado,0.7259964387380359,0.0,10.726867344812362,0.5877818641108511,0.8301571380809093,0.5921096623202943,0.3410787919313496,129.2310941648785,0.6086956521739131,0.21739130434782608,2.8943995444300383,36.92316976139385,0.0,3.4952704707565596,0.0,1.4611923919663405,36.92316976139385,0.0,26111.0,19661.47856355816,10.170111960461874,9.886467457146392,7.526124104497054,3.635562264647366,0.23076537299233507
89390cb542fffff,Espontáneo,0.44546348264576496,1.0,11.692123041118945,0.3921672424681451,0.6338459823916193,0.33174523570712133,0.21091050930569488,18.476840786138727,0.3333333333333333,0.0,1.791759469228055,0.0,0.0,6.825706784282447,0.0,2.5774616008762745,9.238420393069363,0.0,,,,,3.9036843459392343,2.3261473492229774,
89390cb09abffff,Transición,0.4845374521830581,,10.104495239495593,0.3175173669155615,0.24350830268583526,0.33174523570712133,0.3772985623537279,0.0,0.0,0.0,0.0,0.0,0.0,3.990758545861869,0.0,0.8757468689179166,0.0,0.0,,,,,0.0,0.0,
89390cb1b4bffff,Espontáneo,0.04209532583349822,1.0,0.7452781663799967,0.918282625654742,0.8311601471079907,0.9923938482113006,0.9312938816449347,534.940218043938,0.22053231939163498,0.4220532319391635,3.802735540951117,212.1314657760444,4.0,0.05224792944212962,1.0,0.2994651987967937,2379.561659574759,64.56175045357872,19313.310927327115,41546.636885384156,9.868549822523066,10.634595924668233,9.498320888864043,7.775091730241892,0.5951230841917423
89390ca2603ffff,Planificado,0.9327051224943044,0.0,2.6700709718282067,0.7105761729633345,0.8895575615736098,0.6664994984954865,0.5756714588209072,784.3752510248969,0.33073929961089493,0.2529182879377432,3.9208174159492764,322.9780445396635,0.0,0.778730051093701,0.0,0.7747707368115372,378.3457093178915,0.0,28278.79588565322,35094.05881732359,10.249867540803223,10.46581562510908,9.29437662012677,5.938447951104306,0.22028260349649495
89390cb1d07ffff,Espontáneo,0.08613426388980375,1.0,5.073392546662796,0.6046287009175676,0.745904379806085,0.5100300902708125,0.5579516326758052,119.92374951338373,0.18309859154929578,0.08450704225352113,3.568619070606904,9.224903808721825,0.0,0.7951068626768477,0.0,0.8782740630849413,212.172787600602,55.34942285233095,14368.467174119885,43402.525082148764,9.572791304915937,10.678295939881066,8.136331549776182,5.362103046249417,0.7158125409423343
89390cb0173ffff,Planificado,0.7235462806721197,0.0,8.818575830391074,0.4757048924551432,0.24350830268583526,0.630558341691742,0.5530480329878524,0.0,0.0,0.0,0.0,0.0,2.0,2.9042020757257667,0.0,0.314860291566285,9.224417158679566,0.0,21774.0,5868.593069546374,9.988471876441125,8.677540586662133,6.2141564698208525,2.3247786987080823,0.3787256070937155
89390ca2447ffff,Planificado,0.8349009820897306,0.0,4.100536397322151,0.4977525168096883,0.35434080017831276,0.5165496489468405,0.6223671013039117,0.0,0.0,0.2,1.6094379124341005,9.229221358038114,0.0,0.7125455360706754,0.0,0.6037265081353577,0.0,0.0,25741.0,13046.301562034545,10.155840330434325,9.476336614513967,8.287459574344648,0.0,0.1167987306952558
89390ca0653ffff,Espontáneo,0.3719747627561137,1.0,6.921463523800968,0.3662376016939708,0.3346149559790483,0.33174523570712133,0.43235261339574277,0.0,0.0,0.6666666666666666,1.0986122886681096,0.0,0.0,1.9841286015298567,0.0,1.108744943989443,0.0,0.0,,,,,6.72131581115297,0.0,
89390cba9d7ffff,Espontáneo,0.4397730127142073,1.0,4.237479036790085,0.686151045729782,0.6697314164716373,0.7233366766967569,0.6653850440209518,46.09010800228492,0.22727272727272727,0.22727272727272727,2.9650156932565075,9.218021600456984,1.0,1.74324466017447,0.0,0.0505826180151878,0.0,0.0,15956.0,5729.70655964901,9.677590213025297,8.653594110946145,5.74725969480319,0.0,0.5016317218565479
89390cb03d3ffff,Espontáneo,0.14643582381687018,1.0,8.149823034599219,0.44434228611761206,0.24350830268583526,0.5547475760615179,0.534770979605483,0.0,0.0,0.0,0.0,0.0,1.0,2.625468347842122,0.0,0.4136638888329992,0.0,0.0,,,,,6.909168174481821,0.0,
89390ca1dcbffff,Espontáneo,0.3582608038305137,1.0,12.847667458880231,0.2629833946283294,0.24350830268583526,0.33174523570712133,0.21369664549203168,0.0,0.0,0.0,0.0,0.0,0.0,5.173063069519859,0.0,4.483455565510897,0.0,0.0,,,,,5.471739756222839,0.0,
89390ca3543ffff,Planificado,0.9196546165895374,0.0,2.2855433494424124,0.6028920093614176,0.37568260336565257,0.6557171514543632,0.7772762732642371,0.0,0.0,0.6,2.163955656882057,0.0,3.0,0.5472788520226963,0.0,0.05711090678764869,9.225141639569186,0.0,24205.0,32053.849023135648,10.094314502373795,10.37520374647845,4.151509844793935,2.3248495541135283,0.23615004755677502
89390ca0237ffff,Espontáneo,0.22286946542278424,1.0,10.1539712894098,0.3022121921319514,0.24350830268583526,0.33174523570712133,0.3313830380028976,0.0,0.0,0.0,0.0,0.0,0.0,2.965640549892389,0.0,2.031993775695731,0.0,0.0,,,,,0.0,0.0,
89390cb10b3ffff,Espontáneo,0.23538764368897053,1.0,8.898091810604354,0.31688584271332515,0.24350830268583526,0.33174523570712133,0.3754039897470189,0.0,0.0,0.0,0.0,0.0,0.0,6.266523515252398,0.0,0.6074681871382636,0.0,0.0,,,,,6.049569084150064,0.0,
89390ca3127ffff,Espontáneo,0.11500300260998562,1.0,5.569221369399836,0.6747464616070434,0.8297670790148223,0.603978602474089,0.590493703332219,276.89173737525283,0.3225806451612903,0.1935483870967742,3.544031339892303,46.14862289587548,0.0,1.1512218005638903,0.0,0.5447861079101258,36.91889831670038,0.0,9937.004651162792,27991.182866525676,9.204020911296343,10.239680566840049,6.914611191885651,3.635449624135148,0.8770983723154621
89390cb282bffff,Planificado,0.5516060485564163,0.0,13.603094209198348,0.25466213455180353,0.24350830268583526,0.33174523570712133,0.18873286526245403,0.0,0.0,0.0,0.0,0.0,0.0,6.554491202359902,0.0,4.147138207049027,0.0,0.0,,,,,9.00293763889613,0.0,
89390ca1593ffff,Espontáneo,0.6272782807420756,1.0,7.250398341121094,0.44592109662320295,0.6065418477655188,0.33174523570712133,0.3994762063969686,18.454878946479802,0.3333333333333333,0.16666666666666666,1.3296613488547582,0.0,0.0,2.4013860411796895,0.0,1.2381653806042645,0.0,0.0,,,,,3.900468720903664,0.0,
89390cb0c97ffff,Espontáneo,0.42082285658558827,1.0,11.001398418316166,0.29392808053791003,0.24350830268583526,0.33174523570712133,0.3065307032207734,0.0,0.0,0.0,0.0,0.0,0.0,4.037415419429612,0.0,1.7461693141916756,0.0,0.0,,,,,6.703073802398382,0.0,
89390cb087bffff,Planificado,0.7808326315175605,0.0,7.2618607440808125,0.588301942865634,0.7210520450239608,0.5172183216315613,0.5266354619413797,55.37696507495145,0.42857142857142855,0.2857142857142857,2.242973226438147,9.229494179158575,0.0,0.8717864152496869,0.0,1.0584938410805385,0.0,0.0,26184.29352633695,16268.22600829888,10.172915026259375,9.69703062737278,8.078512329743614,0.0,0.10885013346332255
89390ca24d3ffff,Planificado,0.7956884288063178,0.0,4.434972472114043,0.8490935770273785,0.8894461161261562,0.9407388833166166,0.7170957316393626,369.128277971438,0.36036036036036034,0.21621621621621623,3.9442873622126515,101.51027644214545,2.0,0.7394863311162502,0.0,0.2701504978287146,9.22820694928595,0.0,34765.0,14959.877874409369,10.456366412533118,9.613193931251256,8.956435333051129,2.3251492908267024,0.07162139824806153
89390cb1bd7ffff,Espontáneo,0.35797931831540375,1.0,1.380660271689985,0.8958913778372154,0.7437869163044689,0.9889669007021064,0.9549203165050707,212.13737403341855,0.12921348314606743,0.5337078651685393,3.337042875819945,267.47755856387556,3.0,0.3104640443932015,1.0,0.15255299268283837,839.3261320452647,18.446728176819004,21422.0,24832.310055131526,9.972173710324576,10.119941178321849,8.570343178839131,6.733790068921724,0.5004384844545677
89390cb0043ffff,Espontáneo,0.6137250822408767,1.0,9.302611098002696,0.2973457409264831,0.24350830268583526,0.33174523570712133,0.3167836843864928,0.0,0.0,0.0,0.0,0.0,0.0,3.9058187206449424,0.0,1.6350377978440167,0.0,0.0,,,,,0.0,0.0,
89390ca20b7ffff,Espontáneo,0.3772636755417107,1.0,6.076412773601147,0.6649764107136223,0.9261116683383485,0.5944500167168171,0.47436754708570156,932.5114291604707,0.39147286821705424,0.13178294573643412,3.9266458529195836,36.93114570932558,0.0,1.291436146198659,0.0,1.194102998034468,27.69835928199418,0.0,19785.64405080214,20884.114802554348,9.892711905768964,9.946791973806489,9.924016481821113,3.356839953256663,0.3596609980690741
89390cba8a7ffff,Espontáneo,0.6281158150587733,1.0,4.913980899400078,0.47552843716334187,0.5588431962554329,0.33174523570712133,0.5359968795274713,9.217005154411034,0.25,0.25,1.3862943611198906,0.0,0.0,2.0850090049434713,0.0,0.4996455680603099,0.0,0.0,,,,,8.874857720373482,0.0,
89390ca3413ffff,Planificado,0.8184942773138002,0.0,1.7212922534841708,0.8511646049258889,0.8570712136409228,0.9801069876295554,0.7163156135071883,267.44796043975117,0.38666666666666666,0.29333333333333333,3.5046090274243906,156.77983887847483,3.0,1.0785326711499088,0.0,0.07919122782326612,55.334060780638175,0.0,,,,,9.743481288220146,4.031299339437354,
89390cb2b17ffff,Transición,0.5257022588770534,,12.585563997227249,0.2677012519038597,0.24350830268583526,0.33174523570712133,0.2278502173186225,0.0,0.0,0.0,0.0,0.0,0.0,5.400970143052137,0.0,2.988853650036706,0.0,0.0,,,,,0.0,0.0,
89390ca0107ffff,Transición,0.4784893580315,,10.77889532116222,0.32164084847133995,0.24350830268583526,0.33174523570712133,0.38966900702106316,0.0,0.0,0.0,0.0,0.0,0.0,1.8559652629977617,0.0,1.94702313295894,0.0,0.0,,,,,5.032158698216906,0.0,
89390ca1463ffff,Espontáneo,0.378629722554236,1.0,9.09308103562829,0.3144340428693488,0.24350830268583526,0.33174523570712133,0.3680485902150898,0.0,0.0,0.0,0.0,0.0,0.0,3.04474571695068,0.0,1.28797530008232,0.0,0.0,,,,,0.0,0.0,
89390cb0b67ffff,Espontáneo,0.43932087384457524,1.0,6.871373909692024,0.5499554218210186,0.8613618633678813,0.33174523570712133,0.45675916638805303,166.1811460022918,0.5294117647058824,0.20588235294117646,3.266330691954871,0.0,0.0,2.4869167599946658,0.0,0.7342842559019154,55.39371533409726,9.232285889016211,14316.77194703286,18074.243553122065,9.569186992409886,9.802298521521084,6.091223272221872,4.032357722048699,0.7357499683793655
89390ca2bdbffff,Transición,0.5000974162167857,,11.573593881507406,0.39188862884951153,0.5689290092499721,0.33174523570712133,0.274991641591441,9.240429671986321,0.14285714285714285,0.2857142857142857,1.945910149055314,0.0,0.0,3.492980153364022,0.0,3.309534424119666,0.0,0.0,,,,,6.244894520755311,0.0,
89390cb5273ffff,Espontáneo,0.4106917073353378,1.0,8.902384138659984,0.6157175229391879,0.7748801961439876,0.6175192243396858,0.4547531483338905,147.78988383346893,0.35555555555555557,0.35555555555555557,2.9938180341195264,55.42120643755084,0.0,4.054954844076977,0.0,0.5093942109010186,27.71060321877542,0.0,,,,,9.392510096165935,3.357266504667228,
89390cb51cfffff,Espontáneo,0.5115741933137342,1.0,12.59673489630035,0.33611018239904894,0.3213529477320851,0.33174523570712133,0.3552323637579405,0.0,0.0,0.5,0.6931471805599453,0.0,0.0,7.675818759661672,0.0,0.6040589977895676,0.0,0.0,15104.0,5021.186489343028,9.622714888385282,8.52162067350497,6.69780696614388,0.0,0.5500280226082291
89390cb1ec3ffff,Espontáneo,0.2039142058494419,1.0,5.357560858513347,0.297940116646235,0.24350830268583526,0.33174523570712133,0.31856681154574834,0.0,0.0,0.0,0.0,0.0,0.0,3.591195179542939,0.0,1.7882198274291292,0.0,0.0,,,,,0.0,0.0,
89390cb032fffff,Planificado,0.6888143227327772,0.0,6.618888746448509,0.7792451428359151,0.8547865819681265,0.7315279170845871,0.7514209294550317,184.48296814675152,0.5128205128205128,0.1282051282051282,3.1460221400101918,9.224148407337577,1.0,0.7303841566613781,0.0,0.10576024857465197,36.896593629350306,0.0,20312.2147385103,32911.03997756896,9.918977695330911,10.401593826572633,6.596486756101776,3.6348612301955705,0.3899942113730368
89390ca23a3ffff,Planificado,0.9017652724173504,0.0,6.9680100603561685,0.6848322746015826,0.9223225231249303,0.5789033767970578,0.5532709238827594,535.5900136570159,0.4393939393939394,0.14393939393939395,3.7909406494026268,27.702931740880132,0.0,1.7334408698011075,0.0,0.5135289291687282,0.0,0.0,17836.0,8394.502897919187,9.788974165747367,9.03545147217476,8.788148104861504,0.0,0.3325438617144663
89390cb1aa7ffff,Planificado,0.596412723485008,0.0,1.7605079279590523,0.6427337568260336,0.5614064415468628,0.6557171514543632,0.7110776774768751,9.22234652394772,0.25,0.25,1.3862943611198906,0.0,3.0,0.8202130823351412,0.0,0.2541190131381218,64.55642566763404,0.0,,,,,6.734399919162902,4.182911232371574,
89390cbab93ffff,Planificado,0.6690964924857792,0.0,5.580952973402584,0.6243173966343475,0.8051376351276051,0.4994984954864594,0.568316059288978,156.68477459671115,0.3269230769230769,0.11538461538461539,3.584545199695127,9.216751446865361,0.0,1.3322621992295147,0.0,0.5664704039168769,46.08375723432681,9.216751446865361,13908.0,34570.719464116024,9.540219493127752,10.450791270299401,7.676058244104052,3.851928084524853,0.6836905091895353
89390cb0e53ffff,Transición,0.5207404243434635,,6.950586912854015,0.7236152903153905,0.9516326758051933,0.6487796723503845,0.570433522790594,1005.5156124653023,0.448559670781893,0.13991769547325103,3.9561327855717403,119.92388038577,0.0,1.273158931048841,0.0,0.5804193687164215,83.02422488245615,36.899655503313845,13508.501721664275,80358.44991940456,9.51107452337301,11.294264973701418,7.64819829000464,4.431105148724302,
89390ca2ec7ffff,Planificado,0.6830619529687152,0.0,8.208436678364778,0.4720922025335265,0.24350830268583526,0.5547475760615179,0.6180207288532263,0.0,0.0,0.0,0.0,0.0,1.0,1.2979028223903821,0.0,0.4050059118291338,0.0,0.0,,,,,0.0,0.0,
89390cb54bbffff,Planificado,0.7186978479132816,0.0,11.916515601525429,0.26443218544522457,0.24350830268583526,0.33174523570712133,0.21804301794271705,0.0,0.0,0.0,0.0,0.0,0.0,6.247917451293979,0.0,2.640694052672617,0.0,0.0,,,,,5.336856916779013,0.0,
89390cb0a37ffff,Planificado,0.6895697082971031,0.0,6.205423241243242,0.5731825104944464,0.36359077231695086,0.7400534938147776,0.6159032653516104,0.0,0.0,0.1111111111111111,1.8891591637540213,9.229487419240265,1.0,1.027667980288493,0.0,0.4986420263795139,101.5243616116429,0.0,,,,,9.02179933249564,4.630100444598341,
89390ca268fffff,Planificado,0.972140717031285,0.0,2.886305855847472,0.834354916601657,0.9285634681823248,0.8868271481109997,0.6876741335116461,839.7430387278035,0.41743119266055045,0.20642201834862386,3.8577085565180624,221.4706915326075,1.0,0.5747638167597857,0.0,0.42570024104168785,313.75014633786066,0.0,25574.723489932887,36712.069596566835,10.14935977902855,10.510888090444519,7.494634308063391,5.75177913785798,0.30218479904228435
89390cb1d93ffff,Espontáneo,0.2530231941734379,1.0,6.307716330113649,0.7429417883279469,0.8051933578513317,0.5547475760615179,0.8688844310709908,119.91059768709258,0.48148148148148145,0.037037037037037035,2.8976680950647618,0.0,1.0,0.37531524877532746,1.0,0.442314324983076,0.0,0.0,17447.108527131782,29860.05055309932,9.766929213449837,10.304310253096501,8.2988478021,0.0,0.28433123443716823
89390ca2273ffff,Planificado,0.5791230350607612,0.0,4.384248237313574,0.6302983023143504,0.6803744567034435,0.5498161150117018,0.660704335227906,46.14861836231176,0.3333333333333333,0.26666666666666666,2.395908119293929,18.459447344924705,0.0,0.51187970087448,0.0,0.5423165004837828,0.0,0.0,10832.961689159774,26230.059876916654,9.290348773445247,10.174699479094391,6.814110428293424,0.0,0.6942018502724404
89390cb1977ffff,Planificado,0.9863818371952632,0.0,2.8103884453701924,0.7746944537315651,0.7076785913295441,0.8871614844533601,0.729243285411791,110.72009929287574,0.14457831325301204,0.4457831325301205,3.220183373946886,230.66687352682447,1.0,0.5278567958952991,0.0,0.3062270409048953,101.49342435180277,0.0,34765.0,11360.093558944647,10.456366412533118,9.337949951633668,9.290520541909393,4.629798643855254,0.1221252566431944
89390cbaa63ffff,Espontáneo,0.4750457736133589,1.0,8.332007861005929,0.33397414465619074,0.24350830268583526,0.33174523570712133,0.4266688955756157,0.0,0.0,0.0,0.0,0.0,0.0,1.82762092601967,0.0,1.292975023584097,0.0,0.0,,,,,4.48863923157148,0.0,
89390cb155bffff,Espontáneo,0.5363993263937443,1.0,9.581056363270536,0.2832664660648612,0.24350830268583526,0.33174523570712133,0.2745458598016271,0.0,0.0,0.0,0.0,0.0,0.0,6.647949087905865,0.0,1.2857404291650751,0.0,0.0,,,,,4.096924884691487,0.0,
89390ca35cfffff,Planificado,0.7871827839401905,0.0,1.697748947184529,0.8152048738809019,0.8476540733311043,0.8796389167502507,0.7183216315613508,359.7805266504377,0.319672131147541,0.23770491803278687,3.686405675039548,156.8274090527549,1.0,0.5121087648250733,0.0,0.34921495433811967,452.0319437402935,36.90056683594233,17306.37446171129,52632.40522080994,9.758830178613819,10.871106277391219,8.96032553640393,6.1159626389798865,0.5846206117013358
89390cb0c0bffff,Espontáneo,0.416650522890778,1.0,9.437545516337732,0.4604275790333965,0.24350830268583526,0.5547475760615179,0.5830268583528363,0.0,0.0,0.0,0.0,0.0,1.0,2.49571938197765,0.0,0.2743139211702922,0.0,0.0,,,,,8.468006753064163,0.0,
89390cb568fffff,Planificado,0.7392622765539393,0.0,9.326934012306474,0.5344087819012593,0.5655299231026413,0.5547475760615179,0.48294884653961884,9.23509827807961,0.16666666666666666,0.16666666666666666,1.791759469228055,0.0,1.0,4.67116631955277,0.0,0.3558094246454458,18.47019655615922,0.0,,,,,7.67373795978484,2.968884914667471,
89390ca31b3ffff,Espontáneo,0.12327949236746953,1.0,4.193366181840196,0.7804710427579034,0.8672684720829155,0.6135071882313607,0.8606374679594339,470.66396435343825,0.31097560975609756,0.20121951219512196,3.883998374022787,55.3722311004045,0.0,0.2888150866009637,1.0,0.4996141957728677,73.829641467206,0.0,10718.8177442644,46530.81842536286,9.279756143492987,10.747891624783485,9.356663837107783,4.315214082783261,0.822668376408394
89390cb0d23ffff,Planificado,0.6311649511143148,0.0,10.836051062120783,0.3991325829339871,0.5872060626323414,0.33174523570712133,0.2784464504624986,18.46565351609781,0.18181818181818182,0.36363636363636365,1.9722469794234416,0.0,0.0,3.895963352549721,0.0,2.5437229357760387,64.62978730634234,0.0,,,,,6.716798627223263,4.184029667681086,
89390ca2d97ffff,Espontáneo,0.34609722300916407,1.0,12.38980357161772,0.29034325197815664,0.3213529477320851,0.33174523570712133,0.21793157249526354,0.0,0.0,0.0,0.6931471805599453,0.0,0.0,6.303361059722809,0.0,2.615532635133946,0.0,0.0,,,,,7.102349000343699,0.0,
89390cb538bffff,Planificado,0.6370906173139022,0.0,11.236768221224551,0.32043352279059406,0.35434080017831276,0.33174523570712133,0.2752145324863479,0.0,0.0,0.2,1.6094379124341005,0.0,0.0,6.324629255522991,0.0,1.343719488192967,0.0,0.0,27576.0,6315.441494526517,10.224701108196701,8.750911273902574,8.220966831887154,0.0,0.11783361075064203
89390cb0907ffff,Planificado,0.6637116641124006,0.0,9.756261741037507,0.3423697016976856,0.24350830268583526,0.33174523570712133,0.4518555667001003,0.0,0.0,0.0,0.0,0.0,0.0,3.7634254891123,0.0,0.5527634830811783,0.0,0.0,,,,,8.026715666671114,0.0,
89390cb899bffff,Espontáneo,0.4241830846164904,1.0,7.703427435280831,0.4960529737360229,0.24350830268583526,0.5547475760615179,0.6899030424607155,0.0,0.0,0.0,0.0,0.0,1.0,0.6421425816716212,0.0,0.3916446768298792,0.0,0.0,,,,,8.391425772830145,0.0,
89390cb1c63ffff,Planificado,0.8756438177935373,0.0,4.604191675409727,0.47341097366172596,0.31355176641034216,0.5547475760615179,0.5519335785133177,0.0,0.0,0.3333333333333333,0.6365141682948128,0.0,1.0,2.2931051596048166,0.0,0.40978875949276244,0.0,0.0,,,,,8.393142890346072,0.0,
89390cb00cfffff,Espontáneo,0.2941116453806895,1.0,9.900857108813225,0.3103662840372971,0.3213529477320851,0.33174523570712133,0.27800066867268475,0.0,0.0,1.0,0.6931471805599453,0.0,0.0,4.389411189174429,0.0,2.1845658396466523,0.0,0.0,,,,,0.0,0.0,
89390ca2143ffff,Transición,0.5082468996805403,,6.731563627788467,0.6567294476020655,0.6541847765518779,0.8017385489802742,0.5142650172740444,36.936228554297244,0.26666666666666666,0.3333333333333333,2.5232109529528914,27.702171415722933,1.0,2.6301712599877787,0.0,0.4813621078185596,0.0,0.0,11102.477693144723,35350.73514608055,9.314923577990154,10.473102754874855,7.754972914081885,0.0,
89390cbad4fffff,Espontáneo,0.43939988309727784,1.0,5.182859337455268,0.4799862550614807,0.7089602139752591,0.33174523570712133,0.3992533155020617,36.86598922165717,0.8,0.0,1.3321790402101223,0.0,0.0,2.7958812124938124,0.0,1.02863729280154,9.216497305414293,0.0,,,,,5.511276046411031,2.3240037966188933,
89390cb1847ffff,Planificado,0.8448148103416874,0.0,2.6181831546722476,0.7473717448642222,0.7096846093837067,0.8221330658642594,0.7102975593447006,92.22094384465929,0.2702702702702703,0.24324324324324326,2.899520945186258,46.110471922329644,1.0,0.5061650380053243,0.0,0.3721409373382774,9.22209438446593,0.0,28384.666666666668,25056.857672770817,10.25360437224423,10.128942736877596,4.436882833978017,2.3245514937671583,0.15911548961836677
89390ca05afffff,Planificado,0.587492986244888,0.0,8.976500020601346,0.36242988223931044,0.24350830268583526,0.33174523570712133,0.5120361083249749,0.0,0.0,0.0,0.0,0.0,0.0,1.1382514561011567,0.0,0.9429808066191268,0.0,0.0,,,,,8.009856674934575,0.0,
89390cba933ffff,Espontáneo,0.22453924097146857,1.0,3.1583712362292466,0.6682361900516364,0.7712024963780229,0.5547475760615179,0.6787584977153683,110.64065882610937,0.36363636363636365,0.24242424242424243,3.0867152724480524,0.0,1.0,0.7189880804269316,0.0,0.4035387332876005,267.38159216309765,18.44010980435156,11391.327128897161,44852.50274332005,9.340607566677102,10.71115696350805,6.71810283922576,5.592409819150548,0.8644506970171261
89390ca309bffff,Espontáneo,0.1800701238531761,1.0,2.8233538159238134,0.8770013744938518,0.9025409562019391,0.8676028084252758,0.8608603588543408,553.4169237890541,0.35714285714285715,0.21428571428571427,4.007891486337559,110.68338475781083,1.0,0.32334635307023685,1.0,0.48508887774958587,221.36676951562166,36.89446158593694,13018.461840812315,46663.47267932777,9.474123770597236,10.750738397803733,9.27428272484093,5.404328133566913,0.7578079013507901
89390cb2ba3ffff,Espontáneo,0.34450331319266003,1.0,13.05078295808226,0.26194323711876366,0.24350830268583526,0.33174523570712133,0.21057617296333445,0.0,0.0,0.0,0.0,0.0,0.0,5.831282907574598,0.0,3.449455653285196,0.0,0.0,,,,,0.0,0.0,
89390ca0193ffff,Espontáneo,0.107946462882502,1.0,9.531025620660749,0.3728314573349678,0.24350830268583526,0.33174523570712133,0.543240833611947,0.0,0.0,0.0,0.0,0.0,0.0,1.109477504045154,0.0,0.7617258221392217,0.0,0.0,,,,,0.0,0.0,
89390cb1027ffff,Espontáneo,0.5040946863139569,1.0,7.551870226549475,0.32596864668078307,0.3213529477320851,0.33174523570712133,0.32480775660314276,0.0,0.0,0.5,0.6931471805599453,0.0,0.0,5.653318423503391,0.0,0.9462997737061254,0.0,0.0,29267.0,11609.58580775364,10.284215880411878,9.359672530589872,4.399046999950103,0.0,0.11016234351881528
89390ca3083ffff,Planificado,0.8966891183714168,0.0,2.80369096153197,0.6857424124224525,0.636855009472863,0.7310264125710464,0.6893458152234482,27.672372483986866,0.3,0.2,2.163955656882057,9.224124161328955,1.0,0.5468844702593789,0.0,0.42876821648146834,27.672372483986866,0.0,23037.0,14186.151412046886,10.044856897998653,9.560092003845918,9.526247200134096,3.3559340279186145,0.27409200965862723
89390cb720bffff,Transición,0.5295560592049323,,11.637094797521506,0.2747594635759129,0.24350830268583526,0.33174523570712133,0.2490248523347821,0.0,0.0,0.0,0.0,0.0,0.0,5.041959293162866,0.0,2.519300281293643,0.0,0.0,34765.0,5973.202730283638,10.456366412533118,8.695205933634416,7.269581681363532,0.0,
89390cb8983ffff,Espontáneo,0.12758232016294407,1.0,7.587629197395238,0.8834744975667744,0.8722835172183215,0.8355901036442661,0.9425498718377354,212.07319351398786,0.48936170212765956,0.19148936170212766,3.409566987190414,18.441147262085902,2.0,0.3099092723162614,1.0,0.2086565937519712,0.0,0.0,10182.879211878926,48631.60061881027,9.22846308035909,10.792049379632157,7.122745616441892,0.0,0.7025065010453216
89390cb5677ffff,Planificado,0.4262404134298487,0.0,8.922248565557531,0.3244641331401612,0.24350830268583526,0.33174523570712133,0.3981388610275271,0.0,0.0,0.0,0.0,0.0,0.0,4.109181072882112,0.0,0.730177706149634,0.0,0.0,,,,,7.159203640794105,0.0,
89390ca2c67ffff,Planificado,0.49044796788705014,0.0,10.357633422429176,0.29463390170511533,0.24350830268583526,0.33174523570712133,0.30864816672238937,0.0,0.0,0.0,0.0,0.0,0.0,3.4301634571779114,0.0,2.1632845508056713,0.0,0.0,,,,,0.0,0.0,
89390cb236bffff,Espontáneo,0.13196647451020957,1.0,12.793318409013212,0.2753166908131803,0.24350830268583526,0.33174523570712133,0.25069653404658415,0.0,0.0,0.0,0.0,0.0,0.0,6.925292393082596,0.0,1.596327373305384,0.0,0.0,,,,,0.0,0.0,
89390cb525bffff,Espontáneo,0.3089916614147515,1.0,7.904728934331189,0.4627122107061927,0.3213529477320851,0.5547475760615179,0.5120361083249749,0.0,0.0,0.5,0.6931471805599453,0.0,1.0,3.028016704431147,0.0,0.43062528482533324,0.0,0.0,,,,,7.792534213017508,0.0,
89390ca284bffff,Espontáneo,0.39316181788133225,1.0,10.488014897218624,0.3054441101081021,0.24350830268583526,0.33174523570712133,0.3410787919313496,0.0,0.0,0.0,0.0,0.0,0.0,2.4911128321130795,0.0,2.2806743456082272,0.0,0.0,,,,,3.4824963298081366,0.0,
89390cb03bbffff,Transición,0.5025700607775325,,7.907758415830972,0.6511850365912553,0.7228351721832164,0.6557171514543632,0.5750027861361863,64.5619663509917,0.35,0.15,2.830940430253775,0.0,3.0,1.9677556437444772,0.0,0.39123050315637437,0.0,0.0,21149.57589285714,16978.5650390067,9.959375131926192,9.739765843459898,6.59110515242266,0.0,
89390ca242fffff,Planificado,0.5762015941938631,0.0,5.313358809505255,0.7232995282142723,0.8253649838404101,0.5202273487128051,0.8243062520896022,193.85644628911035,0.3333333333333333,0.12698412698412698,3.6341153553450067,9.231259347100492,0.0,0.48803037020317613,1.0,0.563398852240834,18.462518694200984,9.231259347100492,16161.673141891892,35399.35931897808,9.690397862723765,10.47447724932397,7.612008939538881,2.9684904976837907,0.5128242260500256
89390cb1b33ffff,Espontáneo,0.4431326052637533,1.0,1.0818898766995877,0.8139603997176715,0.7679705784018722,0.8095954530257439,0.8643151677253984,276.7619556969641,0.19230769230769232,0.22435897435897437,3.3321713610581085,36.90159409292855,1.0,0.2799527918639651,1.0,0.486143464051399,433.59373059191046,0.0,33647.0,11188.029959673448,10.423679178052442,9.322689109404767,9.120150250954485,6.074411642020879,0.18116153364009788
89390ca2013ffff,Espontáneo,0.1084158928257155,1.0,4.926544313436536,0.7182844830788663,0.9176418143318846,0.5767301905717152,0.660481444332999,729.2692155564575,0.395,0.135,3.880616734385619,27.693767679359148,0.0,0.5436599261348904,0.0,0.5304872905066164,64.618791251838,27.693767679359148,14206.214979494927,45160.38109400166,9.561434822450076,10.717997600036929,8.264603512489579,4.183862106940225,0.6586154185687315
89390cb2bbbffff,Planificado,0.6337838385413395,0.0,12.937478843052238,0.2629462461458449,0.24350830268583526,0.33174523570712133,0.21358520004457818,0.0,0.0,0.0,0.0,0.0,0.0,5.744453880503309,0.0,3.337202433436437,0.0,0.0,,,,,0.0,0.0,
89390cba803ffff,Planificado,0.6210021220055512,0.0,6.062097249072644,0.7128050819124039,0.7502507522567704,0.7206619859578736,0.6675025075225678,110.58577004037005,0.2553191489361702,0.1276595744680851,3.4038100381574603,9.215480836697504,1.0,1.482874406728731,0.0,0.1705077063021355,0.0,0.0,17150.0,23935.951864019233,9.749753452594087,10.083178647029774,7.764861176240566,0.0,0.3174787023338516
89390ca336fffff,Espontáneo,0.6205038832668492,1.0,7.410567234343117,0.31331958839481405,0.24350830268583526,0.33174523570712133,0.3647052267914856,0.0,0.0,0.0,0.0,0.0,0.0,2.7211709503857624,0.0,1.548172427102688,0.0,0.0,,,,,0.0,0.0,
89390ca34b7ffff,Espontáneo,0.05167232366873035,1.0,0.6277767991099762,0.7889966194880939,0.9197592778335005,0.6399197592778335,0.8073108213529477,1116.0882815651055,0.3853503184713376,0.17834394904458598,3.8513952258603004,101.46257105137323,0.0,0.16187761207504292,2.0,0.8382587912659798,2573.4597566666484,64.56709066905569,13958.78102545366,78285.16650372444,9.543864053410251,11.268126193365584,7.666639457181523,7.853394987849805,0.8136347743458311
89390ca0063ffff,Planificado,0.8325780760879283,0.0,9.406517235896127,0.3509510011516029,0.24350830268583526,0.33174523570712133,0.47759946506185225,0.0,0.0,0.0,0.0,0.0,0.0,1.7962061589768368,0.0,0.8215779850899684,0.0,0.0,,,,,7.769086765600809,0.0,
89390cb5547ffff,Planificado,0.6274799376957827,0.0,12.55846387524136,0.38889817600951,0.6296110553883874,0.33174523570712133,0.2053382369330213,36.959806983463935,0.2222222222222222,0.5,2.3221879428070658,0.0,0.0,7.763835438194607,0.0,2.3645163834864986,0.0,0.0,,,,,0.0,0.0,
89390cb0ac3ffff,Espontáneo,0.06536764561640523,1.0,5.628347496756267,0.792339982911698,0.9156357962777221,0.6457706452691407,0.8156135071882313,701.2282431512405,0.37254901960784315,0.18627450980392157,4.028080918831624,110.72024891861692,0.0,0.16431888248324877,1.0,0.706827450856176,405.9742460349287,36.90674963953897,16138.320618556701,35779.34617999036,9.688951885515394,10.485154032253199,8.632235430622018,6.008749905885028,0.6689697311984782
89390ca2b37ffff,Espontáneo,0.3093928815957717,1.0,13.812354404686323,0.25666815260596604,0.24350830268583526,0.33174523570712133,0.1947509194249415,0.0,0.0,0.0,0.0,0.0,0.0,5.742702957124492,0.0,5.564228714364134,0.0,0.0,,,,,0.0,0.0,
89390cb223bffff,Espontáneo,0.46290925127215576,1.0,14.164156245635294,0.2821520115903265,0.24350830268583526,0.33174523570712133,0.2712024963780229,0.0,0.0,0.0,0.0,0.0,0.0,8.514770550356717,0.0,1.0887077903948241,0.0,0.0,,,,,4.313404806125232,0.0,
89390cba94bffff,Espontáneo,0.2624161248092021,1.0,4.972360869197739,0.6493926223113786,0.7738771871169062,0.5638582413908392,0.6104424384263903,147.48428414431797,0.22535211267605634,0.18309859154929578,3.7219852643174987,27.653303277059617,0.0,0.7720379686044511,0.0,0.6224438339260971,9.217767759019873,0.0,13977.547648772368,34099.637212752285,9.54520758185742,10.437071349687992,8.121823651129137,2.3241281420360846,0.5868529688191716
89390cb1a03ffff,Transición,0.468914637281734,,2.335459525787112,0.5727553029458746,0.3346149559790483,0.630558341691742,0.7530926111668338,0.0,0.0,0.3333333333333333,1.0986122886681096,0.0,2.0,0.5408543120319109,0.0,0.2114467563696615,0.0,0.0,,,,,6.698197780333441,0.0,
89390ca365bffff,Espontáneo,0.36452103641223793,1.0,5.456864388171022,0.5882369330212862,0.5828039674579294,0.5547475760615179,0.6271592555444111,9.219294947621465,0.3333333333333333,0.3333333333333333,1.0986122886681096,0.0,1.0,1.348564113803032,0.0,0.36083438205426294,0.0,0.0,,,,,5.6743746211882256,0.0,
89390ca05c7ffff,Planificado,0.8339256601616455,0.0,7.719785387482897,0.4757327538170066,0.24350830268583526,0.5547475760615179,0.6289423827036665,0.0,0.0,0.0,0.0,0.0,1.0,1.2451661603701443,0.0,0.38472774072609445,0.0,0.0,12894.0,1196.8613384322634,9.464517365870565,7.088293027763046,8.793721535872267,0.0,0.7135401157380344
89390cb11cbffff,Espontáneo,0.420948626758613,1.0,7.623326048456382,0.4613934395779933,0.6844979382592222,0.33174523570712133,0.3679371447676362,27.647244400212657,0.42857142857142855,0.14285714285714285,1.945910149055314,0.0,0.0,5.474107710570593,0.0,0.7097112951618492,0.0,0.0,27642.0,7285.810364288904,10.227091634163973,8.893821193493164,5.499290202474579,0.0,0.13446126763934518
89390cb2943ffff,Espontáneo,0.20949090671108478,1.0,13.885163478762493,0.2533619376648463,0.24350830268583526,0.33174523570712133,0.1848322746015825,0.0,0.0,0.0,0.0,0.0,0.0,6.700517203170882,0.0,4.290068317211219,0.0,0.0,,,,,0.0,0.0,
89390ca2e23ffff,Planificado,0.7043822728397336,0.0,9.677367002972245,0.32732456629146695,0.24350830268583526,0.33174523570712133,0.4067201604814443,0.0,0.0,0.0,0.0,0.0,0.0,1.896983760964998,0.0,1.5460522772517686,0.0,0.0,,,,,0.0,0.0,
89390cb5417ffff,Planificado,0.5525999715270942,0.0,11.581185976919135,0.46106839035625397,0.6185222333667669,0.5302574389836175,0.23442549871837737,18.474301886345966,0.2857142857142857,0.14285714285714285,1.945910149055314,9.237150943172983,0.0,6.025746488743218,0.0,2.2954775124950872,9.237150943172983,0.0,22928.0,18607.186775332422,10.040114150067954,9.831356912075464,5.8383660095887775,2.32602335269295,0.28370419536986285
89390cb0993ffff,Transición,0.5118483654872861,,10.313778423477071,0.3333611946951967,0.35434080017831276,0.33174523570712133,0.313997548200156,0.0,0.0,0.2,1.6094379124341005,0.0,0.0,3.5354638526577253,0.0,1.9500536030253905,27.6984658407339,0.0,25073.0,15904.147040332455,10.129546848931234,9.674398049052957,4.679618471277973,3.356843666310111,
89390ca0e73ffff,Espontáneo,0.13198092376328666,1.0,13.197452309770249,0.26903859727330137,0.24350830268583526,0.33174523570712133,0.23186225342694752,0.0,0.0,0.0,0.0,0.0,0.0,4.411867831596762,0.0,4.521102518894817,0.0,0.0,,,,,6.434858308901583,0.0,
89390cb015bffff,Espontáneo,0.28090530665944663,1.0,8.862600676489011,0.3366859838775586,0.24350830268583526,0.33174523570712133,0.43480441323971913,0.0,0.0,0.0,0.0,0.0,0.0,2.926224080150698,0.0,0.7503474035788651,0.0,0.0,,,,,4.679248980455764,0.0,
89390ca21cfffff,Planificado,0.34985578438078585,0.0,6.760820557084208,0.7353727850217319,0.8198484341914632,0.8390170511534604,0.547252869720272,156.97899336830432,0.4473684210526316,0.2631578947368421,3.033464331808004,55.404350600578,1.0,2.427614311146283,0.0,0.40354157073257374,27.702175300289,9.234058433429666,11584.582102519547,45476.3856963478,9.357430363925786,10.724970463722137,6.885804374252702,3.356972914328479,0.7797575634327174
89390cbaddbffff,Espontáneo,0.326291698287132,1.0,5.948565064957024,0.28542107804896166,0.24350830268583526,0.33174523570712133,0.2810096957539284,0.0,0.0,0.0,0.0,0.0,0.0,3.965788355135739,0.0,2.401782361260866,0.0,0.0,,,,,0.0,0.0,
89390cb18d3ffff,Planificado,0.7539326937040611,0.0,4.052720185579085,0.36659051227757344,0.24350830268583526,0.33174523570712133,0.5245179984397638,0.0,0.0,0.0,0.0,0.0,0.0,1.8503403690567466,0.0,0.5939288877840194,0.0,0.0,,,,,0.0,0.0,
89390ca063bffff,Espontáneo,0.5993359478623392,1.0,7.613814886827056,0.3462331438760726,0.24350830268583526,0.33174523570712133,0.46344589323526136,0.0,0.0,0.0,0.0,0.0,0.0,1.8372853064661536,0.0,0.9064178657956696,0.0,0.0,,,,,4.992009381948539,0.0,
89390cbad67ffff,Espontáneo,0.11726184905016143,1.0,4.148890040869022,0.6037928600616665,0.8051933578513318,0.5005015045135406,0.5056837178201271,147.48835128151393,0.41025641025641024,0.20512820512820512,3.1104761307507065,9.21802195509462,0.0,2.220304555092264,0.0,0.5795011915228586,36.87208782037848,9.21802195509462,13336.785138764548,33911.5374554704,9.49828129633026,10.431540061440456,7.962711627134987,3.6342143716424737,0.6968919899573802
89390ca215bffff,Planificado,0.811087490581688,0.0,6.386639294667767,0.6308369553103755,0.8082581076563023,0.5949515212303578,0.48930123704446676,129.26966316705526,0.45161290322580644,0.25806451612903225,2.986795475091634,36.934189476301505,0.0,2.313301196202125,0.0,0.6282334395323396,18.467094738150752,18.467094738150752,10094.0,45863.01629375249,9.219696466900208,10.733436129850507,9.095833222104543,2.9687255908977934,0.810175470652408
89390ca352bffff,Planificado,0.7941498469577555,0.0,3.010626252897231,0.8120658271109625,0.8995876518444222,0.8253092611166833,0.711300568371782,322.9512168201264,0.44871794871794873,0.1282051282051282,3.662326729004023,46.13588811716092,1.0,0.6178013112133548,0.0,0.333279298476515,92.27177623432183,9.227177623432183,21943.77183173589,45666.06486129426,9.996238634811645,10.729132635694523,8.868771187569557,4.535517556562175,0.31380655009011876
89390cb2c2fffff,Transición,0.4864415898845896,,15.591933368727421,0.2523217801552806,0.24350830268583526,0.33174523570712133,0.18171180207288531,0.0,0.0,0.0,0.0,0.0,0.0,8.751263058458624,0.0,3.0540458098134042,0.0,0.0,,,,,5.980887056818236,0.0,
89390ca310fffff,Espontáneo,0.3475703766689224,1.0,4.91889189708573,0.5547475760615179,0.7363200713250864,0.33174523570712133,0.596177421152346,55.36918177607818,0.42857142857142855,0.07142857142857142,2.5400363038209806,0.0,0.0,0.8507919324827751,0.0,0.640532010901811,0.0,0.0,16697.781072106263,25288.881500799118,9.723031119643098,10.13815965403813,7.032994724796585,0.0,0.34563473300695824
89390ca157bffff,Espontáneo,0.4722985523915517,1.0,9.408710174547052,0.27535383929566476,0.24350830268583526,0.33174523570712133,0.25080797949403766,0.0,0.0,0.0,0.0,0.0,0.0,4.606906945293696,0.0,2.834830866859148,0.0,0.0,,,,,0.0,0.0,
89390cb0863ffff,Planificado,0.9342024369359253,0.0,7.4391001627113065,0.6796872097774805,0.8813663211857796,0.6140086927449013,0.5436866154017608,258.44010476424415,0.5384615384615384,0.23076923076923078,3.2369847554976765,55.38002244948089,0.0,1.193543937931067,0.0,0.7210065387260726,0.0,9.230003741580148,25656.0,31929.546889124333,10.15253274137299,10.371318413314242,6.97157646140442,0.0,0.10695082115186444
89390cb0447ffff,Espontáneo,0.07949941820568246,1.0,11.665449803296596,0.28204056614287304,0.24350830268583526,0.33174523570712133,0.27086816003566255,0.0,0.0,0.0,0.0,0.0,0.0,6.1714987490324,0.0,1.4701847050785677,0.0,0.0,,,,,0.0,0.0,
89390ca24bbffff,Planificado,0.6861112781302814,0.0,5.40089447732098,0.6212247854675137,0.6419815000557227,0.5547475760615179,0.6669452802853004,9.2302446966496,0.5,0.0,0.6931471805599453,0.0,1.0,1.3190405800088159,0.0,0.2325903858672041,18.4604893932992,0.0,27828.0,17702.334167870347,10.233797987043532,9.78150827188844,8.86923342682172,2.968386225120937,0.15558846663697584
89390cba88fffff,Espontáneo,0.34799168137745723,1.0,5.93494632775812,0.6406813031687656,0.8388498829822802,0.6181878970244066,0.46500612949960995,248.81798271874447,0.4153846153846154,0.3076923076923077,3.2127169033890084,64.50836589004486,0.0,2.0967852009382346,0.0,0.7942616883425013,46.0774042071749,0.0,12825.150360016942,30933.873558037958,9.459163393948174,10.339639420613532,7.014730657948477,3.851793145085613,0.755447618154646
89390ca144bffff,Planificado,0.7373212530462915,0.0,9.109353283150703,0.3253185482373045,0.24350830268583526,0.33174523570712133,0.40070210631895686,0.0,0.0,0.0,0.0,0.0,0.0,2.2810354370797734,0.0,1.2985362928248985,0.0,0.0,,,,,5.889233557161161,0.0,
89390cb55d3ffff,Transición,0.5373383606832512,,12.7112795047993,0.2536591255247223,0.24350830268583526,0.33174523570712133,0.1857238381812103,0.0,0.0,0.0,0.0,0.0,0.0,7.265759441835966,0.0,3.4274095892339598,0.0,0.0,,,,,3.144225741262891,0.0,
89390cb0b4fffff,Espontáneo,0.39105834480076457,1.0,6.073113199314163,0.6746907388833167,0.9385935584531371,0.5524908057505851,0.5329878524462276,452.30708735205053,0.49,0.13,3.896214571401168,18.461513769471452,0.0,1.5325394398830445,0.0,0.643482040113194,18.461513769471452,0.0,21141.0,32356.47898185773,9.958969561995133,10.384600462756241,9.661076116587148,2.968438862502842,0.27142281683147734
89390cb1c7bffff,Planificado,0.6866818819337781,0.0,4.770315022300635,0.4675600876704187,0.24350830268583526,0.5547475760615179,0.6044243842639028,0.0,0.0,0.0,0.0,0.0,1.0,2.5367595097382627,0.0,0.17073873999601752,0.0,0.0,,,,,7.963420661619311,0.0,
89390ca2bc3ffff,Transición,0.516508369517341,,11.90328335466758,0.5524536572681006,0.791429845090828,0.607321965897693,0.25860916081578067,101.65033987232589,0.44,0.32,2.9206870268936393,46.20469994196631,0.0,3.825403584268547,0.0,3.6442628401974444,9.240939988393261,0.0,,,,,7.507092473569503,2.32639341113992,
89390ca2577ffff,Espontáneo,0.2408799847600224,1.0,6.917830345488834,0.4841654593409859,0.34536944165830824,0.5547475760615179,0.5523793603031316,0.0,0.0,0.25,1.3862943611198906,0.0,1.0,2.0088542843784576,0.0,0.4569280943130703,9.23380790314063,0.0,30604.0,2675.542672948919,10.328885998351742,7.892281193270291,5.27766704012204,2.325696739749495,0.20314134858854568
89390cb1eabffff,Espontáneo,0.2015604219440834,1.0,4.320630717256108,0.33664883539507406,0.24350830268583526,0.33174523570712133,0.4346929677922657,0.0,0.0,0.0,0.0,0.0,0.0,2.3193208797370977,0.0,0.9140421870075166,0.0,0.0,,,,,0.0,0.0,
89390cb0317ffff,Transición,0.5167791448062107,,7.613101971938484,0.5094078531891971,0.36158475426278835,0.5547475760615179,0.6118912292432853,0.0,0.0,0.3333333333333333,1.791759469228055,0.0,1.0,1.7112959743804979,0.0,0.32252243195215413,0.0,0.0,,,,,5.067777824181516,0.0,
89390ca238bffff,Espontáneo,0.41943255166552595,1.0,5.943821961358512,0.45634124596010256,0.24350830268583526,0.5547475760615179,0.5707678591329545,0.0,0.0,0.0,0.0,0.0,1.0,1.66337593637181,0.0,0.46834649499424386,0.0,0.0,,,,,9.163841126332494,0.0,
89390cb1a8fffff,Espontáneo,0.34127625806305395,1.0,2.583986995345512,0.4814907686021026,0.24350830268583526,0.5547475760615179,0.6462164270589547,0.0,0.0,0.0,0.0,0.0,1.0,1.1291961873565681,0.0,0.3615258819704418,0.0,0.0,,,,,0.0,0.0,
89390cbab7bffff,Espontáneo,0.35405416043868354,1.0,6.720808072567324,0.383140161224414,0.35812994539173076,0.33174523570712133,0.45954530257438986,0.0,0.0,0.25,1.7328679513998633,0.0,0.0,2.218057255651836,0.0,0.7846923153022283,0.0,0.0,16900.0,18257.994408102717,9.735068900911164,9.812413081882385,6.389633904862537,0.0,0.3706081647294605
89390ca32cbffff,Transición,0.5353334997031778,,6.28797963808622,0.4730580630781233,0.24350830268583526,0.5547475760615179,0.6209183104870166,0.0,0.0,0.0,0.0,0.0,1.0,1.1526504841991614,0.0,0.4357643370423453,0.0,0.0,,,,,0.0,0.0,
89390cb29cfffff,Espontáneo,0.4231384891162221,1.0,14.48338256160834,0.2775084512797652,0.3294327426724618,0.33174523570712133,0.17134737545971246,0.0,0.0,0.5,1.0397207708399179,0.0,0.0,7.3143612893851495,0.0,4.599628582035995,0.0,0.0,,,,,3.483800014498524,0.0,
89390cb0e3bffff,Planificado,0.832513519351134,0.0,7.182140595802043,0.6553735279913816,0.559456146216427,0.7350384486793715,0.6716259890783461,9.226950768886393,0.14285714285714285,0.2857142857142857,1.945910149055314,9.226950768886393,1.0,0.9726898911348835,0.0,0.33282012166072983,9.226950768886393,0.0,,,,,6.782541094153282,2.325026467975034,
89390ca2eafffff,Planificado,0.37988465126166693,0.0,9.574400034280801,0.3184832274601582,0.24350830268583526,0.33174523570712133,0.3801961439875181,0.0,0.0,0.0,0.0,0.0,0.0,2.1771281058197576,0.0,1.7227866455551875,0.0,0.0,,,,,0.0,0.0,
89390cb54a3ffff,Planificado,0.7867301078478233,0.0,12.177446611605346,0.260680188714291,0.24350830268583526,0.33174523570712133,0.20678702774991642,0.0,0.0,0.0,0.0,0.0,0.0,6.586635364792308,0.0,2.885621144902744,0.0,0.0,,,,,4.928629386236352,0.0,
89390ca2a93ffff,Transición,0.4997478863390992,,9.819477211450103,0.32814183290612575,0.24350830268583526,0.33174523570712133,0.4091719603254207,0.0,0.0,0.0,0.0,0.0,0.0,1.8015561701399754,0.0,1.61274853063919,0.0,0.0,,,,,0.0,0.0,
89390cb5087ffff,Espontáneo,0.05467453328394524,1.0,11.644792868783114,0.26602957019205764,0.24350830268583526,0.33174523570712133,0.22283517218321633,0.0,0.0,0.0,0.0,0.0,0.0,6.8355965992383405,0.0,2.2423230623115424,0.0,0.0,,,,,6.224146278567403,0.0,
89390ca2677ffff,Planificado,0.45602105513512364,0.0,2.936728492963606,0.6215498346892528,0.7089602139752591,0.5478100969575392,0.6078791931349604,92.2845228908018,0.2222222222222222,0.24444444444444444,3.0994036495898856,18.45690457816036,0.0,0.7438273511743166,0.0,0.6462865580902228,73.82761831264143,9.22845228908018,25241.118249901458,23975.606252180663,10.136229620344942,10.08483389447014,9.094284082000774,4.315187045610889,0.23981471495764697
89390cb1d7bffff,Planificado,0.8003727891998228,0.0,4.106203256511424,0.743564025409562,0.6219213195140979,0.8655967903711134,0.7431739663434748,27.672408428788774,0.23076923076923078,0.23076923076923078,2.351673301904631,18.448272285859183,3.0,0.7558705722460728,0.0,0.14507946141317835,55.34481685757755,9.224136142929591,29661.0,9275.341966166923,10.297588330565242,9.135222563388755,9.166517291606972,4.031490255023265,0.1807593331592737
89390ca225bffff,Espontáneo,0.1423370545498004,1.0,3.5231791030017416,0.8076172963334448,0.9147442326980944,0.8128552323637579,0.6952524239384821,442.95340322041613,0.44036697247706424,0.13761467889908258,3.7714518667778356,9.228195900425336,2.0,0.556292065343718,0.0,0.41058445942466854,249.16128931148407,18.45639180085067,11353.52320120233,38247.99234722761,9.337283388943876,10.551872495044346,8.625874292824358,5.522105867083714,0.8504093312042518
89390cbae67ffff,Espontáneo,0.4525944230466874,1.0,8.147768561313853,0.4725751328058249,0.24350830268583526,0.5547475760615179,0.6194695196701215,0.0,0.0,1.0,0.0,0.0,1.0,1.603279318359767,0.0,0.32135634615339914,0.0,0.0,,,,,5.403625045635405,0.0,
89390cb1543ffff,Espontáneo,0.5148316442884496,1.0,9.334366303368153,0.29065901407927486,0.24350830268583526,0.33174523570712133,0.29672350384486795,0.0,0.0,0.0,0.0,0.0,0.0,6.304388774535685,0.0,1.0859250894364845,0.0,0.0,,,,,6.603937470537222,0.0,
89390ca35b7ffff,Planificado,0.9315709580846812,0.0,2.3285836711352377,0.7893681043129388,0.7576618745124262,0.8465396188565697,0.7639028195698204,119.95662948337444,0.2765957446808511,0.23404255319148937,3.355951727977136,64.59203126027855,1.0,0.5878370887386568,0.0,0.13183838487037963,64.59203126027855,0.0,29502.1240063593,16142.207801115337,10.29221753995159,9.689254670596226,8.56295766307372,4.18345421388052,0.17284082267856066
89390ca02abffff,Espontáneo,0.42442515142119014,1.0,9.595220653706239,0.31372822170214343,0.24350830268583526,0.33174523570712133,0.3659311267134737,0.0,0.0,0.0,0.0,0.0,0.0,2.656860590305908,0.0,1.5795066021090733,0.0,0.0,,,,,6.604439514066171,0.0,
89390ca319bffff,Espontáneo,0.44716636573644025,1.0,3.492817038262421,0.511971098480627,0.3710576172963334,0.33174523570712133,0.8331104424384264,0.0,0.0,0.0,2.0431918705451206,0.0,0.0,0.4581041516896758,1.0,0.5397814153982359,18.45435549689557,9.227177748447785,10239.731308411216,30297.851607731667,9.234030658836271,10.31886509004428,9.079032739840386,2.968070977997546,0.8169852641534332
89390cb0d0bffff,Planificado,0.6408721984352355,0.0,10.315799101583238,0.5479772651287195,0.7476875069653405,0.5538281511200267,0.34241613730079123,64.61908036150716,0.4117647058823529,0.11764705882352941,2.7516666169315167,18.462594389002042,0.0,3.1613831368101892,0.0,1.6354744688302778,0.0,0.0,21331.0,30623.31182102827,9.967916692691817,10.32954947644445,7.53418278626969,0.0,0.17966390097303514
89390cb53a3ffff,Planificado,0.5800179419319765,0.0,12.224438077666617,0.2895817080872246,0.24350830268583526,0.33174523570712133,0.29349158586871726,0.0,0.0,0.0,0.0,0.0,0.0,7.171542824597788,0.0,0.9754835101407329,0.0,0.0,,,,,6.200236091934156,0.0,
89390cb5373ffff,Planificado,0.5792462504963904,0.0,11.255788583013603,0.3139139641145659,0.34536944165830824,0.33174523570712133,0.26462721497826813,0.0,0.0,0.0,1.3862943611198906,0.0,0.0,5.749425686584785,0.0,1.721176948642409,0.0,0.0,,,,,7.825306728736002,0.0,
89390ca2547ffff,Planificado,0.6756837981815155,0.0,6.268413391040107,0.48869757420409377,0.636019168616962,0.33174523570712133,0.4983283182881979,36.93115335243235,0.2222222222222222,0.16666666666666666,2.476220649598165,0.0,0.0,1.3426417401518427,0.0,0.9125261511380688,83.09509504297277,0.0,,,,,7.578050154705824,4.431948242364533,
89390cb1c4bffff,Planificado,0.43018027054144475,0.0,5.156158580123161,0.34028938667855413,0.24350830268583526,0.33174523570712133,0.4456146216427059,0.0,0.0,0.0,0.0,0.0,0.0,3.020736435952602,0.0,0.6832508280101518,0.0,0.0,,,,,0.0,0.0,
89390cb00b7ffff,Espontáneo,0.042772580448117645,1.0,10.484226519647892,0.28133474497566774,0.24350830268583526,0.33174523570712133,0.2687506965340466,0.0,0.0,0.0,0.0,0.0,0.0,4.573884140814462,0.0,2.2790985550809872,0.0,0.0,,,,,0.0,0.0,
89390cbad37ffff,Planificado,0.6013330097488591,0.0,3.6819677870028635,0.34775623165793673,0.24350830268583526,0.33174523570712133,0.46801515658085363,0.0,0.0,0.0,0.0,0.0,0.0,1.7186822530946928,0.0,0.9280905627447427,0.0,0.0,,,,,5.834953253194932,0.0,
89390ca212bffff,Planificado,0.4348822851742553,0.0,8.111136375720536,0.7046138415245737,0.8126044801069877,0.7527582748244734,0.5484787696422601,138.54145038022224,0.40540540540540543,0.05405405405405406,3.2595693344322374,9.236096692014815,1.0,2.518801117831767,0.0,0.37778744644078477,0.0,0.0,17156.866790870983,21581.814733147745,9.750153768426165,9.979652662797175,7.346372187049801,0.0,0.3333655386727754
89390cb182fffff,Planificado,0.9776013319779279,0.0,2.221688945469924,0.9253965600505221,0.9311267134737546,0.9273654296222,0.9176975370556114,737.930376977055,0.39408866995073893,0.1477832512315271,4.112062272078648,73.7930376977055,2.0,0.06677567416693339,1.0,0.3437352222508449,239.82737251754287,18.448259424426375,23069.854233226837,60174.644310180964,10.046282032692131,11.005022969867419,8.458793835904043,5.484080380219962,0.3170289007764277
89390ca0597ffff,Espontáneo,0.445107884185995,1.0,7.8355240535435575,0.7265500204316654,0.5473643151677253,0.7512537612838515,0.8810319848434193,9.23507413914944,0.1111111111111111,0.4444444444444444,1.5810937501718234,9.23507413914944,1.0,0.26914589025698293,1.0,0.4345835498285282,0.0,0.0,11193.069246435845,12624.209051914953,9.323050048454231,9.44345081257399,8.028295348834378,0.0,0.6957193603239166
89390cba91bffff,Espontáneo,0.335916138889485,1.0,4.092986515017213,0.7598536349790111,0.7603365652513094,0.8062520896021397,0.7129722500835841,92.18529786308234,0.37037037037037035,0.4074074074074074,2.9877714524221317,36.87411914523294,1.0,1.039384747980537,0.0,0.13995423400871734,0.0,0.0,11427.164597374956,23752.159856249273,9.343748659293867,10.075470847191793,7.577048391712543,0.0,0.6464532589093178
89390cb1413ffff,Planificado,0.5870846502444457,0.0,11.365624903552312,0.3984267617667818,0.6804859021508971,0.33174523570712133,0.183049147442327,18.423392061090485,0.6666666666666666,0.0,1.0986122886681096,0.0,0.0,8.329689014898147,0.0,3.073947284152692,0.0,0.0,,,,,6.375677653901009,0.0,
89390ca3487ffff,Espontáneo,0.18845711958005343,1.0,1.049627812360773,0.8453694416583083,0.8093168394071103,0.8318288197927115,0.8949626657751031,267.4627236548431,0.18354430379746836,0.2721518987341772,3.912460977233726,55.33711523893305,1.0,0.4075958004020598,1.0,0.3499276635443403,1171.3022725574162,27.668557619466526,20188.634107027723,31818.82608276009,9.912875057063346,10.367844836218767,9.669499734669746,7.066724848621853,0.531156498664642
89390cb2b8bffff,Planificado,0.694466315253957,0.0,12.735899367851037,0.2645807793751625,0.24350830268583526,0.33174523570712133,0.2184887997325309,0.0,0.0,0.0,0.0,0.0,0.0,5.630512443095166,0.0,3.213633124650279,0.0,0.0,,,,,8.323363431777443,0.0,
89390ca017bffff,Planificado,0.8038458702260286,0.0,10.92169599123361,0.477125821910175,0.7328095397303022,0.33174523570712133,0.3668226902931015,36.94643563177471,0.5714285714285714,0.2857142857142857,1.945910149055314,0.0,0.0,2.0745031388591237,0.0,2.1831943930182782,0.0,0.0,15070.0,10609.209541675793,9.620461291620542,9.269571980864075,6.903150299448648,0.0,0.4958935549855126
89390cb8d87ffff,Espontáneo,0.1563212956883361,1.0,5.971221390708053,0.35622608566440056,0.24350830268583526,0.33174523570712133,0.49342471860024517,0.0,0.0,0.0,0.0,0.0,0.0,1.2963732292418142,0.0,0.9842529476130689,0.0,0.0,,,,,0.0,0.0,
89390cb0d3bffff,Transición,0.4812824990634189,,10.654296523105325,0.289990341394554,0.24350830268583526,0.33174523570712133,0.29471748579070545,0.0,0.0,0.0,0.0,0.0,0.0,3.634903897542777,0.0,2.325053344084983,0.0,0.0,,,,,3.726082257560564,0.0,
89390ca306bffff,Transición,0.5089897957004269,,5.005916848345973,0.6274750176455292,0.8265908837623983,0.6093279839518556,0.4465061852223337,156.81448392831356,0.5151515151515151,0.21212121212121213,2.858717047647872,55.34628844528714,0.0,1.9224206805864306,0.0,1.0041114164404026,18.448762815095712,9.224381407547856,10680.917840375587,21978.01736874205,9.27621404893162,9.99784352125956,5.463160804000834,2.967783459562981,
89390ca14d7ffff,Espontáneo,0.36273553687911153,1.0,7.531028231010296,0.6105074482707381,0.3594115680374457,0.8058341691741893,0.6662766076005795,0.0,0.0,0.14285714285714285,1.7478680974667578,9.223371342673573,2.0,1.6257614433000473,0.0,0.1136562929028639,0.0,0.0,8181.583944423002,41972.988552508396,9.009641047089247,10.644805385229173,7.415437388967263,0.0,0.8333241717220967
89390cb0bdbffff,Planificado,0.8684128064545966,0.0,6.560687747497653,0.40329321297225,0.36476094951521226,0.33174523570712133,0.5133734536944167,0.0,0.0,0.375,1.9061547465398496,0.0,0.0,1.380294626116038,0.0,0.7922019018997587,9.229743772573357,0.0,,,,,7.871224329179259,2.325299532980591,
89390ca10bbffff,Planificado,0.6346515336438148,0.0,9.871105917933352,0.2776198967272187,0.24350830268583526,0.33174523570712133,0.25760615178869944,0.0,0.0,0.0,0.0,0.0,0.0,4.5445440610628065,0.0,2.616845732432526,0.0,0.0,,,,,4.420244330382925,0.0,
89390cb5243ffff,Espontáneo,0.20303646756411575,1.0,8.236279771034617,0.3906627289275233,0.36476094951521226,0.33174523570712133,0.4754820015602363,0.0,0.0,0.0,1.9061547465398496,0.0,0.0,3.369820590180868,0.0,0.513891272371939,9.235847603886612,0.0,20702.0,6527.775545732487,9.937985592943695,8.783974692548902,8.085898168939389,2.325896029938041,0.37576315277020766
89390cb03a3ffff,Planificado,0.5542296293009075,0.0,7.883958310015661,0.3892696608343549,0.3213529477320851,0.33174523570712133,0.5147107990638582,0.0,0.0,0.0,0.6931471805599453,0.0,0.0,1.9268328248936906,0.0,0.614324200344606,0.0,0.0,20077.477157360405,33796.185234646335,9.907353926338669,10.428132800921912,6.406688466839686,0.0,0.22003266804281377
89390ca2417ffff,Planificado,0.4118197830700036,0.0,5.069218032828713,0.6338366952709982,0.679037111334002,0.5547475760615179,0.6677253984174746,55.37993239352896,0.18181818181818182,0.18181818181818182,3.102571276804554,0.0,1.0,1.0236606829404071,0.0,0.32662037051571563,9.229988732254826,9.229988732254826,27431.552110817942,18602.90582710089,10.219449166757276,9.831126828360679,8.299864443694968,2.3253234785215624,0.1459103859732911
89390cb1b1bffff,Espontáneo,0.5644049023789355,1.0,0.6734796404831432,0.774991641591441,0.8321631561350719,0.6671681711802073,0.8256435974590438,645.6710210707242,0.23102310231023102,0.42244224422442245,3.6977445348701874,470.4174582086705,0.0,0.4137049842691115,1.0,0.5877489783106115,2259.848573747535,9.223871729581774,19822.971293604653,18663.066001614974,9.894596710553394,9.834355350001003,9.31880442060912,7.723495496902721,0.625054980961598
89390ca0467ffff,Planificado,0.6932405717575482,0.0,7.256665421120661,0.5873732308035217,0.6331215869831718,0.5222333667669675,0.6067647386604257,27.696816901453936,0.25,0.3333333333333333,2.3693821196946763,9.232272300484645,0.0,0.5758110750639531,0.0,0.7441407897028365,0.0,0.0,,,,,9.077349748134218,0.0,
89390cb2a5bffff,Espontáneo,0.19084736196632393,1.0,11.020224001895807,0.27813997548200153,0.24350830268583526,0.33174523570712133,0.25916638805304804,0.0,0.0,0.0,0.0,0.0,0.0,5.014322447559808,0.0,2.2706533660718224,0.0,0.0,,,,,0.0,0.0,
89390ca004bffff,Espontáneo,0.5822297250432436,1.0,8.734529270187688,0.3660332850403061,0.24350830268583526,0.33174523570712133,0.5228463167279617,0.0,0.0,0.0,0.0,0.0,0.0,1.7599906737793045,0.0,0.6215019480368945,0.0,0.0,,,,,0.0,0.0,
89390cb0ec7ffff,Planificado,0.8038394081075402,0.0,7.607349931850546,0.5492496006538132,0.8267023292098518,0.33174523570712133,0.4893012370444667,202.9593924149446,0.3728813559322034,0.03389830508474576,3.3683594375868644,0.0,0.0,1.9806340180209105,0.0,0.7079205799226627,18.450853855904057,18.450853855904057,24809.54684512428,29758.863618190313,10.118983811509942,10.300915906214428,7.646484868794256,2.9678909691473576,0.20895399904549325
89390ca31cbffff,Planificado,0.5871032030825462,0.0,4.060964561558416,0.5019595824510569,0.24350830268583526,0.5547475760615179,0.7076228686058174,0.0,0.0,0.0,0.0,0.0,1.0,0.8887755004241331,0.0,0.23904578494845163,0.0,0.0,,,,,6.8183529447771605,0.0,
89390cb0aabffff,Planificado,0.8266680213628687,0.0,6.188882296666742,0.5930198001411643,0.6534046584197036,0.5737211634904714,0.5519335785133177,36.91489917971209,0.19047619047619047,0.23809523809523808,2.912494403331052,27.686174384784067,0.0,1.111568363920172,0.0,0.7166841766788875,36.91489917971209,0.0,,,,,8.926299910244168,3.635344153035875,
89390cb2223ffff,Espontáneo,0.08443390774574573,1.0,14.065750715816568,0.2834893569597681,0.24350830268583526,0.33174523570712133,0.2752145324863479,0.0,0.0,0.0,0.0,0.0,0.0,8.363081868950799,0.0,1.0443033633523542,0.0,0.0,,,,,0.0,0.0,
89390cb1157ffff,Espontáneo,0.1306737149019487,1.0,7.027078111176239,0.33285969018165606,0.24350830268583526,0.33174523570712133,0.4233255321520116,0.0,0.0,0.0,0.0,0.0,0.0,5.029256695132965,0.0,0.5277736264750833,0.0,0.0,24324.0,2442.120799725267,10.09921879624,7.801031517323543,3.9641046482888393,0.0,0.26436187944039097
89390cb1e07ffff,Planificado,0.6917720993785672,0.0,4.221078998311448,0.32476132100003713,0.24350830268583526,0.33174523570712133,0.3990304246071548,0.0,0.0,0.0,0.0,0.0,0.0,2.3452249506094267,0.0,1.271476630245036,0.0,0.0,,,,,0.0,0.0,
89390cb15cfffff,Planificado,0.6811175146152446,0.0,9.791552265167871,0.497733942568446,0.7048924551432073,0.5329321297225008,0.25537724283963,64.50141922503722,0.3333333333333333,0.5238095238095238,2.6895357734679943,18.428976921439208,0.0,6.403988255037641,0.0,1.6670943868508847,0.0,0.0,,,,,5.507972330204732,0.0,
89390ca3643ffff,Espontáneo,0.27676965809111986,1.0,5.257713201418461,0.5289293807347969,0.6527359857349827,0.33174523570712133,0.6023069207622869,27.659409796914733,0.375,0.375,1.7328679513998633,0.0,0.0,1.026102510008453,0.0,0.5488054942196848,0.0,0.0,,,,,4.650273695478306,0.0,
89390cb2d47ffff,Planificado,0.5599180498687629,0.0,15.781460169025896,0.2532133437349084,0.24350830268583526,0.33174523570712133,0.18438649281176864,0.0,0.0,0.0,0.0,0.0,0.0,8.758641244478383,0.0,2.921672393334171,0.0,0.0,,,,,0.0,0.0,
89390ca0337ffff,Planificado,0.2610873387419078,0.0,11.75674268447773,0.2880586203053605,0.24350830268583526,0.33174523570712133,0.28892232252312494,0.0,0.0,0.0,0.0,0.0,0.0,3.1910325734395717,0.0,3.1028702851279486,0.0,0.0,,,,,4.38785547024083,0.0,
89390cb11b3ffff,Espontáneo,0.6068085443746373,1.0,7.294444717084783,0.43082023849325757,0.24350830268583526,0.5547475760615179,0.4942048367324195,0.0,0.0,0.0,0.0,0.0,1.0,3.849072989259785,0.0,0.39481999854166583,0.0,0.0,,,,,7.780862684201767,0.0,
89390ca3227ffff,Planificado,0.6411548591475481,0.0,6.261628666873818,0.7275901779412312,0.7957762175415134,0.7923771313941825,0.5946171848879973,119.91699828397515,0.40625,0.1875,3.119162312519754,27.67315345014811,1.0,2.5344664904900434,0.0,0.21696757848911002,0.0,0.0,14872.0,28120.69722135604,9.60723552940128,10.244296700481465,4.832325926668485,0.0,0.47703924889241284
89390ca1693ffff,Planificado,0.6650737810376917,0.0,9.185281063403943,0.3580092128236561,0.34536944165830824,0.33174523570712133,0.3969129611055388,0.0,0.0,0.25,1.3862943611198906,0.0,0.0,1.919087684275926,0.0,1.7017641393187979,9.222106860445423,0.0,,,,,3.634397560000501,2.3245527142579316,
89390ca02dbffff,Espontáneo,0.4087136358072342,1.0,8.71235857571744,0.29671421672424675,0.24350830268583526,0.33174523570712133,0.3148891117797838,0.0,0.0,0.0,0.0,0.0,0.0,3.3166961213180453,0.0,2.101182384750666,0.0,0.0,,,,,5.6051183689151,0.0,
89390cb0d97ffff,Planificado,0.6784810759838731,0.0,11.79739787223743,0.2794030238864742,0.24350830268583526,0.33174523570712133,0.2629555332664661,0.0,0.0,1.0,0.0,0.0,0.0,4.5682394110468225,0.0,2.4316916901871397,0.0,0.0,,,,,5.899995392396346,0.0,
89390cb097bffff,Espontáneo,0.4224312349692735,1.0,8.716100610852589,0.6480552769419369,0.6601471079906386,0.747576061517887,0.5364426613172851,36.932248457903626,0.3333333333333333,0.3333333333333333,2.094729047527649,9.233062114475906,1.0,3.226438492341479,0.0,0.32614643393185144,36.932248457903626,0.0,15917.0,13478.318468808702,9.675142999429854,9.508911824494447,6.890885313700475,3.6358016330871226,0.6450649555917396
89390ca25d3ffff,Transición,0.4893875683504707,,6.228475733481729,0.5467792265685948,0.7668004012036108,0.33174523570712133,0.5417920427950519,73.85418805063972,0.42105263157894735,0.05263157894736842,2.871476118054867,0.0,0.0,1.778697125236301,0.0,0.5437708926892486,55.39064103797979,0.0,33887.0,8019.015150293466,10.430786738995007,8.9896955899228,6.9355915166666025,4.032303205691695,
89390cb1cd7ffff,Planificado,0.542002765768696,0.0,6.398295793864414,0.3481834392065084,0.3346149559790483,0.33174523570712133,0.3781901259333556,0.0,0.0,0.0,1.0986122886681096,0.0,0.0,2.653206814635435,0.0,1.3636010417086974,0.0,0.0,,,,,8.341932602681041,0.0,
89390cb0143ffff,Planificado,0.6878456047495312,0.0,8.834472754494417,0.5367491362977822,0.5572829599910843,0.5547475760615179,0.4982168728407445,9.223398988183495,0.16666666666666666,0.16666666666666666,1.791759469228055,0.0,1.0,2.8777916658264435,0.0,0.49920614588504436,0.0,0.0,,,,,4.270972605748928,0.0,
89390ca21b7ffff,Espontáneo,0.3583215099063989,1.0,8.43007660994117,0.7693915078569041,0.8548980274155801,0.8800568371782013,0.5732196589769308,258.6179572481232,0.3835616438356164,0.1643835616438356,3.5024202362919437,27.709066848013205,2.0,3.695399294086045,0.0,0.08924497881323448,36.945422464017604,9.236355616004401,,,,,6.991581765865763,3.63614887638245,
89390cbadc3ffff,Espontáneo,0.3404881863135119,1.0,5.608048300854199,0.29017608380697646,0.24350830268583526,0.33174523570712133,0.2952747130279728,0.0,0.0,0.0,0.0,0.0,0.0,3.639262136247205,0.0,2.3090713465908577,0.0,0.0,,,,,0.0,0.0,
89390cb18bbffff,Planificado,0.6447441986022542,0.0,3.5476634992807488,0.42576804487536685,0.39050484787696416,0.33174523570712133,0.5550540510420149,0.0,0.0,0.27586206896551724,2.43466510325488,0.0,0.0,1.0885363288636158,0.0,0.7127835746411575,0.0,0.0,33798.0,10749.490873513247,10.42815690812277,9.282706695165697,7.938956270738104,0.0,0.05406573380378896
89390ca0623ffff,Espontáneo,0.4817649766374522,1.0,7.81543355195451,0.3755804450388201,0.24350830268583526,0.33174523570712133,0.5514877967235039,0.0,0.0,0.0,0.0,0.0,0.0,1.5700758597192883,0.0,0.5615566061765779,0.0,0.0,,,,,5.234269143722908,0.0,
89390cba9a7ffff,Espontáneo,0.507046273305953,1.0,2.57947864688516,0.48022772019762994,0.24350830268583526,0.5547475760615179,0.6424272818455367,0.0,0.0,0.0,0.0,0.0,1.0,1.1882416639874562,0.0,0.35558464764486497,0.0,0.0,,,,,8.963060439354287,0.0,
89390cb1573ffff,Espontáneo,0.3978125685117006,1.0,8.860824369949766,0.49084289906757306,0.6158475426278837,0.5337679705784019,0.32291318399643376,36.862005806584875,0.14814814814814814,0.37037037037037035,2.4649708912956645,18.431002903292438,0.0,5.617987397586953,0.0,0.9732882307341445,0.0,0.0,30083.0,3540.17676521314,10.31171550713322,8.172214370440416,8.37178677917217,0.0,0.10164610072512228
89390ca1d9bffff,Espontáneo,0.2640474579769115,1.0,12.433037661142139,0.3764905828596902,0.5552769419369219,0.33174523570712133,0.2424495709350273,9.236107873927036,0.25,0.0,1.0397207708399179,0.0,0.0,4.303389581151116,0.0,3.8498246867923505,0.0,0.0,,,,,5.991104367846643,0.0,
89390ca3513ffff,Planificado,0.8240459022522405,0.0,1.7314607265127857,0.6352204762435454,0.7481890114788811,0.5441323971915747,0.6133400200601805,83.03314757731115,0.36,0.16,2.941616952644222,18.451810572735813,0.0,0.9057720677095659,0.0,0.5551742286626108,46.12952643183953,0.0,20319.0,13070.743911962336,9.919311687883013,9.478208226329729,0.0,3.8528996927595367,0.586446757166152
89390cb0c67ffff,Transición,0.5398058765245372,,9.042838560550466,0.6949180875961217,0.7910397860247409,0.7385489802741558,0.5551654964894684,110.74493041119722,0.41379310344827586,0.06896551724137931,3.0443902281158373,9.2287442009331,1.0,1.849688547360652,0.0,0.4816024815302394,9.2287442009331,0.0,14586.0,25438.818604434364,9.587817443544179,10.144070887099799,8.570148480115012,2.32520181592131,
89390ca2cdbffff,Espontáneo,0.14454845613138484,1.0,8.679015460075457,0.44151900144879086,0.24350830268583526,0.5547475760615179,0.5263011255990193,0.0,0.0,0.0,0.0,0.0,1.0,3.5497836097494146,0.0,0.32375496597938375,9.236863904695392,0.0,,,,,6.506630240865506,2.3259953133973124,
89390cb52cfffff,Espontáneo,0.4410980381869746,1.0,8.42530390408134,0.5653813291727033,0.6837735428507745,0.5601805416248746,0.4521899030424607,46.179249411291075,0.3333333333333333,0.13333333333333333,2.430791328878232,18.47169976451643,0.0,3.5028622911715903,0.0,0.5872281185248569,0.0,0.0,30784.0,17948.271486300637,10.334750353465433,9.795304807371389,7.010137412784463,0.0,0.07050360561289856
89390cb084bffff,Planificado,0.5062025093586232,0.0,6.945321160851863,0.44872580705078197,0.24350830268583526,0.33174523570712133,0.7709238827593893,0.0,0.0,0.0,0.0,0.0,0.0,0.38104670532194224,1.0,0.8686973874677829,36.91390078791723,0.0,21267.0,9688.447920790239,9.964911854523127,9.17879272914307,8.428107825916785,3.6353178202495102,0.3956957127510321
89390cb042fffff,Espontáneo,0.10479761854584653,1.0,11.286661133256942,0.27706266948995134,0.24350830268583526,0.33174523570712133,0.25593447007689735,0.0,0.0,0.0,0.0,0.0,0.0,5.501117228855244,0.0,2.0481332810109647,0.0,0.0,,,,,0.0,0.0,
89390ca24a3ffff,Espontáneo,0.43485843680105746,1.0,5.669198585335081,0.5960752628255136,0.6074334113451466,0.5547475760615179,0.6260448010698763,18.46150850469035,0.08333333333333333,0.2916666666666667,2.694153703984459,0.0,1.0,1.6227434122436346,0.0,0.29689710844512474,46.15377126172588,0.0,26118.81304347826,14437.39888710301,10.170411139918253,9.577646525904603,9.057139797820696,3.8534139902229017,0.22698609429289504
89390cb1ba7ffff,Planificado,0.9373930115249451,0.0,1.7588175160386321,0.8586035885434079,0.7511423158363981,0.909645603477098,0.9150228463167279,147.61454129689963,0.1702127659574468,0.30851063829787234,3.5282427408810566,55.35545298633736,2.0,0.4993051431760642,1.0,0.2497164333533404,46.12954415528113,0.0,34765.0,9901.52945994043,10.456366412533118,9.200545504491942,9.14985397074902,3.8529000688175965,0.10736937482352703
89390cb0013ffff,Espontáneo,0.29127640120439113,1.0,10.062802879619454,0.28549537501393063,0.24350830268583526,0.33174523570712133,0.2812325866488354,0.0,0.0,0.0,0.0,0.0,0.0,4.368858081771158,0.0,2.1251753901644683,0.0,0.0,,,,,0.0,0.0,
89390ca2087ffff,Espontáneo,0.19425341908007704,1.0,5.413654991591759,0.69614398751811,0.8376239830602921,0.5927783350050151,0.6580296444890227,323.1118480472109,0.2755905511811024,0.14173228346456693,3.8223229018539078,36.927068348252675,0.0,0.6195033180754108,0.0,0.512480729978969,36.927068348252675,0.0,14610.779641070903,50955.71686165749,9.589514866843954,10.838731862378964,7.333856050536211,3.6356650616051454,0.6170641424949338
89390cba877ffff,Transición,0.528947921547227,,5.927573258537471,0.8273617147739515,0.9132397191574725,0.8964393179538617,0.6724061072105204,534.527368829177,0.453125,0.1796875,3.6231933072091613,46.07994558872216,2.0,1.0807821548688217,0.0,0.29231797189305864,9.215989117744432,0.0,,,,,9.02313125228932,2.3239540535127983,
89390cb136fffff,Espontáneo,0.22923724290194386,1.0,5.7516960407341315,0.28274638731007834,0.24350830268583526,0.33174523570712133,0.27298562353727845,0.0,0.0,0.0,0.0,0.0,0.0,3.825693875982545,0.0,2.835473884472643,0.0,0.0,,,,,0.0,0.0,
89390ca00d7ffff,Planificado,0.6554219043202436,0.0,7.678771771852121,0.7223893903934023,0.7062855232363758,0.6148445336008024,0.846038114343029,73.85818645823055,0.3076923076923077,0.2692307692307692,2.7353131916118647,55.39363984367291,0.0,0.3155449247319669,1.0,0.5415767273625692,0.0,0.0,13452.530022854768,39221.05957101126,9.506922473128768,10.57699461165589,8.222723697377948,0.0,0.4732158141571216
89390ca1433ffff,Planificado,0.8061729940728739,0.0,8.191608416645046,0.5841784613098555,0.7662988966900702,0.6014710799063858,0.38476540733311043,110.704902007685,0.3333333333333333,0.2222222222222222,3.2224106775160117,46.127042503202084,0.0,3.107304707715335,0.0,1.0480656592642608,0.0,0.0,13882.0,24282.78023449163,9.53834831589953,10.097563926402573,6.928599024383434,0.0,0.5053565883843107
89390cb0b37ffff,Espontáneo,0.2669237796495772,1.0,7.859212481991259,0.7509658605445968,0.8200156023626435,0.9305416248746239,0.5023403543965229,184.66110223253244,0.36363636363636365,0.23636363636363636,3.397810708758051,73.86444089301298,2.0,3.173360967427296,0.0,0.44453786366273623,9.233055111626623,9.233055111626623,19699.0,28666.990417744208,9.888323152016355,10.263536462864563,7.646939787840908,2.3256231777665177,0.33196699306389316
89390ca2babffff,Espontáneo,0.33328952008028295,1.0,13.229602001245595,0.2617203462238567,0.24350830268583526,0.33174523570712133,0.2099075002786136,0.0,0.0,0.0,0.0,0.0,0.0,5.171147548826274,0.0,4.996705910689265,0.0,0.0,,,,,4.805301834486039,0.0,
89390cb22afffff,Espontáneo,0.0606495599815554,1.0,14.671733405676928,0.29877595750213604,0.3346149559790483,0.33174523570712133,0.22996768082023847,0.0,0.0,0.3333333333333333,1.0986122886681096,0.0,0.0,8.93746854122168,0.0,1.672316118680423,0.0,0.0,,,,,2.616246447912092,0.0,
89390cb198fffff,Planificado,0.6987093780361701,0.0,3.738641089727448,0.8379118837995468,0.8311601471079907,0.944416583082581,0.7381589212080687,332.14211864506893,0.3130434782608696,0.22608695652173913,3.5225810539188576,110.71403954835631,2.0,0.7644952256219874,0.0,0.166831486264445,129.16637947308237,9.226169962363027,32100.0,22238.73076128321,10.376611309118108,10.00963564223383,8.321638619432896,4.868813474256437,0.14917068035313463
89390cb1e93ffff,Espontáneo,0.3413064706541819,1.0,5.600901803899643,0.31844607897767374,0.24350830268583526,0.33174523570712133,0.3800846985400646,0.0,0.0,0.0,0.0,0.0,0.0,3.5566516353894864,0.0,0.9498563136346139,0.0,0.0,,,,,0.0,0.0,
89390ca2373ffff,Planificado,0.8130600714801705,0.0,6.5907068897975325,0.6887142910212117,0.6917976150674244,0.7477432296890671,0.6266020283071437,46.166450687375516,0.3333333333333333,0.06666666666666667,2.615630577027551,9.233290137475104,1.0,1.503655435396345,0.0,0.3236340191360596,0.0,0.0,16589.0,14921.900825752473,9.716495104092274,9.61065228017813,9.201097909503703,0.0,0.34501709543726805
89390ca228bffff,Planificado,0.5190438198489677,0.0,3.5774466641242073,0.8316152160184257,0.9108436420372228,0.8727014376462722,0.711300568371782,286.10566644783563,0.62,0.12,3.447478884119199,27.687645140113123,2.0,1.0249932436715699,0.0,0.15655437646504702,0.0,0.0,21751.85045742435,19952.132864318814,9.987454111400128,9.901141445794632,9.555333617716183,0.0,0.1577338845015466
89390cb1a77ffff,Espontáneo,0.4706178039956298,1.0,1.8955696507480682,0.7928972101489654,0.925554441101081,0.5986292209963223,0.8545079683494929,544.0583025154675,0.4645669291338583,0.25196850393700787,3.7352586872040203,46.10663580639555,0.0,0.1776505842286237,1.0,0.5471958486187098,258.1971605158151,18.442654322558223,18727.44805982215,29197.22392772611,9.837745537347208,10.281863162013554,8.152168388005274,5.557589009618019,0.5410947969455042
89390cbab63ffff,Espontáneo,0.4231163261349456,1.0,6.477846067238511,0.32881050559084657,0.24350830268583526,0.33174523570712133,0.4111779783795832,0.0,0.0,0.0,0.0,0.0,0.0,2.3295608817632814,0.0,1.1290048815832163,0.0,0.0,,,,,7.483333285991257,0.0,
89390ca36cfffff,Planificado,0.6202816703088909,0.0,4.749065728899096,0.3870964746090122,0.24350830268583526,0.33174523570712133,0.58603588543408,0.0,0.0,0.0,0.0,0.0,0.0,1.3410547874329348,0.0,0.500738979173125,0.0,0.0,,,,,5.808067146750404,0.0,
89390ca32b3ffff,Planificado,0.5738140623055356,0.0,5.027076294275228,0.6324714885396931,0.8084809985512091,0.5996322300234036,0.4893012370444667,138.3504599785794,0.42857142857142855,0.17142857142857143,3.0800471376768797,46.11681999285981,0.0,1.4969138070491508,0.0,0.890593367807659,27.670091995715886,0.0,9081.146934803763,32281.347387885064,9.113955778024048,10.38227583931507,8.813408808128248,3.355854488669896,0.8814923711578163
89390cba32bffff,Planificado,0.7046211379545108,0.0,10.238574430835312,0.28441806902188044,0.24350830268583526,0.33174523570712133,0.27800066867268475,0.0,0.0,0.0,0.0,0.0,0.0,3.8577112391247446,0.0,2.581551362676223,0.0,0.0,,,,,0.0,0.0,
89390cb0e23ffff,Planificado,0.7533787941641683,0.0,7.279881348395778,0.55021546119841,0.34536944165830824,0.5547475760615179,0.750529365875404,0.0,0.0,0.0,1.3862943611198906,0.0,1.0,0.6468405146021553,0.0,0.16837495409337597,0.0,0.0,,,,,7.063881543583221,0.0,
89390ca2e97ffff,Planificado,0.5088185242336892,0.0,8.63435479422844,0.6321185779560905,0.8001783127159255,0.6327315279170845,0.46344589323526136,147.78977799330445,0.3902439024390244,0.36585365853658536,3.1053917390256522,73.89488899665223,0.0,2.3622504620167746,0.0,0.731025368157096,0.0,0.0,20901.0,30733.85652707522,9.94755228369823,10.333152681266938,5.992412403438354,0.0,0.20793932062871384
89390cb548bffff,Planificado,0.6852232354104552,0.0,11.407999299141856,0.41103867157026636,0.6468850997436756,0.33174523570712133,0.25448567926000226,9.236387802294129,0.5,0.0,0.6931471805599453,0.0,0.0,5.57269471273925,0.0,2.056450605111035,9.236387802294129,0.0,,,,,7.756728478693308,2.325948803696932,
89390cb0a07ffff,Planificado,0.5332400819186887,0.0,5.831229671283029,0.6249860693190684,0.725454140198373,0.5148779672350384,0.6346261005237935,92.2846850642757,0.3225806451612903,0.06451612903225806,2.8298412396949244,9.228468506427571,0.0,0.7892830505705442,0.0,0.5231207419427346,27.685405519282714,0.0,,,,,6.565246603756129,3.356388474934306,
89390ca2a7bffff,Transición,0.4655230742752047,,10.753396744312365,0.30856458263679926,0.24350830268583526,0.33174523570712133,0.3504402095174412,0.0,0.0,0.0,0.0,0.0,0.0,2.42525845593144,0.0,2.1404417242023897,0.0,0.0,,,,,7.139121393699537,0.0,
89390cb506fffff,Planificado,0.8158302052034445,0.0,10.85079723899594,0.4434878710204688,0.7143653181767524,0.33174523570712133,0.2843530591775326,55.43502127613271,0.375,0.25,2.512658529529802,0.0,0.0,5.92486539861956,0.0,1.328256720219565,0.0,0.0,,,,,7.268847269132692,0.0,
89390cb1d63ffff,Espontáneo,0.10843241291521222,1.0,4.119720070471309,0.8537464244585609,0.8933467067870278,0.8236375794048814,0.8442549871837736,359.7611606791044,0.38613861386138615,0.1782178217821782,3.8393751563654557,46.12322572809031,1.0,0.4751417771939474,1.0,0.4898964920280543,212.16683834921542,18.449290291236125,14460.872479326854,46149.579998096786,9.579201831328685,10.739664807524763,7.190287559022052,5.3620751377416225,0.7223808373232044
89390ca2243ffff,Espontáneo,0.19561032776571013,1.0,3.800574902341328,0.704558118800847,0.7568817563802518,0.5483116014710799,0.8084809985512091,110.74446132250935,0.23076923076923078,0.11538461538461539,3.5946076639982905,18.457410220418225,0.0,0.33417212945376834,1.0,0.6905447560568255,212.26021753480958,27.686115330627338,11792.817073170732,43111.74634785552,9.375245902494276,10.671573971299065,7.865502178342953,5.362513098634573,0.8324670638549508
89390cbae4fffff,Espontáneo,0.16525759857206826,1.0,9.14009829120505,0.31855752442512725,0.24350830268583526,0.33174523570712133,0.38041903488242507,0.0,0.0,0.0,0.0,0.0,0.0,2.6089953805734196,0.0,1.3563967130071015,0.0,0.0,,,,,0.0,0.0,
89390cb1947ffff,Planificado,0.9669084373541545,0.0,2.4492242424297093,0.8753668412645342,0.8722835172183215,0.8527248411902373,0.901092165385044,461.2828353512615,0.2994011976047904,0.16766467065868262,4.056926235641729,73.80525365620184,1.0,0.1760294543345235,1.0,0.38588219304013505,119.93353719132799,0.0,28827.761654629023,41361.95007260372,10.269094148167397,10.630140833345735,9.073925429198866,4.79524111527703,0.1637830627471465
89390ca06afffff,Espontáneo,0.37537415450453876,1.0,7.320965138714364,0.5039841747464616,0.6638248077566032,0.33174523570712133,0.5163824807756603,27.693001139838618,0.375,0.25,1.9061547465398496,0.0,0.0,1.2317918193735584,0.0,0.8587778936384102,0.0,0.0,,,,,9.316234682749124,0.0,
89390cbaa33ffff,Espontáneo,0.44881594172511813,1.0,7.391990031715877,0.48039488836881006,0.5812437311935806,0.33174523570712133,0.5281956982057283,9.214721015400345,0.3333333333333333,0.3333333333333333,1.0986122886681096,0.0,0.0,0.7763334048596281,0.0,1.1657572215980796,0.0,0.0,19336.0,16312.094042234286,9.869723922383319,9.699723379784167,5.800099289959472,0.0,0.2889453129338747
89390cb1dabffff,Espontáneo,0.10727564199156102,1.0,5.404701685501093,0.6030127419294922,0.6905717151454364,0.5431293881644935,0.5753371224785467,55.350959221277485,0.2857142857142857,0.2857142857142857,2.846480386134867,18.45031974042583,0.0,0.7247113671390549,0.0,0.8155506578307308,92.25159870212914,0.0,15309.010150622134,35847.89364741253,9.636196832781188,10.487067984949407,8.63656866848694,4.535301202635721,0.62820517009154
89390cb152bffff,Transición,0.5134145902808628,,8.417417969159372,0.29693710761915376,0.24350830268583526,0.33174523570712133,0.3155577844645046,0.0,0.0,1.0,0.0,0.0,0.0,4.932860897017576,0.0,1.2247802335234323,0.0,0.0,,,,,6.767411887462624,0.0,
89390cb2ca3ffff,Espontáneo,0.35429838106294603,1.0,16.789369723395428,0.26112597050410485,0.24350830268583526,0.33174523570712133,0.20812437311935808,0.0,0.0,0.0,0.0,0.0,0.0,10.028007206521439,0.0,2.0798764517177966,0.0,0.0,,,,,0.0,0.0,
89390ca26a7ffff,Planificado,0.8733209803974346,0.0,3.841708592554075,0.7649708384412498,0.707511423158364,0.8732029421598129,0.7141981500055724,73.8357877329568,0.27586206896551724,0.2413793103448276,2.948783720452397,27.688420399858803,2.0,0.5973947513153737,0.0,0.3294159211129247,184.589469332392,9.2294734666196,22884.0,7496.952288416219,10.03819325538842,8.922385234034243,9.533906281183327,5.2235370802315915,0.4186374407244383
89390cb110fffff,Espontáneo,0.11306579483485599,1.0,6.533268845985217,0.464783238604703,0.24350830268583526,0.630558341691742,0.5202830714365319,0.0,0.0,0.0,0.0,0.0,2.0,4.362218378472609,0.0,0.26340446312756144,0.0,0.0,,,,,0.0,0.0,
89390ca3183ffff,Espontáneo,0.33390249749740747,1.0,3.708980057660772,0.9185612392733757,0.9407110219547531,0.8701939150785691,0.9447787807868048,867.402563517524,0.44549763033175355,0.16587677725118483,3.850947904214075,27.683060537793317,2.0,0.1609451737541943,1.0,0.24224419464681202,525.978150218073,36.91074738372442,9609.284204671858,41776.57690227405,9.17048501476483,10.640115036834004,8.20049598419192,6.2671590869950755,0.9233785996882222
89390cb2887ffff,Transición,0.5212533771696805,,15.029969258531253,0.25020431665366466,0.24350830268583526,0.33174523570712133,0.17535941156803744,0.0,0.0,0.0,0.0,0.0,0.0,8.112059657958774,0.0,3.589291701609787,0.0,0.0,,,,,5.435461955404153,0.0,
89390cb535bffff,Planificado,0.4939549937170124,0.0,10.243828605846454,0.4190441695456741,0.5671458820907166,0.33174523570712133,0.35824139083918416,9.238908581851597,0.2,0.4,1.6094379124341005,0.0,0.0,5.217632976251579,0.0,0.7888393022179624,9.238908581851597,0.0,22220.0,12230.92145944554,10.008748063193622,9.411804326679647,7.147460821518675,2.3261950301273493,0.3050439181206274
89390cb08d7ffff,Planificado,0.5833325237166603,0.0,8.45582196197491,0.4994984954864594,0.3873286526245403,0.5486459378134403,0.5625208960213975,0.0,0.0,0.3333333333333333,2.3693821196946763,18.457479584858312,0.0,1.231885142687828,0.0,0.6249732176470071,0.0,0.0,,,,,9.010015260974296,0.0,
89390cb04bbffff,Espontáneo,0.18988156634116427,1.0,12.670950238675605,0.30161781641219954,0.24350830268583526,0.33174523570712133,0.32959991084364204,0.0,0.0,0.0,0.0,0.0,0.0,6.930961622300605,0.0,0.7615767708384255,0.0,0.0,,,,,0.0,0.0,
89390ca252fffff,Planificado,0.6280434050624574,0.0,7.574356681478787,0.46661280136706423,0.3346149559790483,0.5547475760615179,0.5104758720606264,0.0,0.0,0.0,1.0986122886681096,0.0,1.0,2.6869871527276077,0.0,0.4829463677589303,0.0,0.0,21129.0,2762.962087480377,9.95840178341352,7.92442046825238,8.408900054256051,0.0,0.28139133820929
89390cb1c33ffff,Planificado,0.8452237551852839,0.0,5.286493851740787,0.3496879527471302,0.24350830268583526,0.33174523570712133,0.47381031984843425,0.0,0.0,0.0,0.0,0.0,0.0,1.545563943242723,0.0,0.9820820235554906,0.0,0.0,,,,,9.26601384746684,0.0,
89390ca2113ffff,Planificado,0.9313846361238205,0.0,7.309682171746998,0.5399160444295851,0.6186894015379472,0.5279170845870946,0.4731416471637133,27.704471886160878,0.10714285714285714,0.25,2.669880408806521,9.234823962053627,0.0,2.7840265151037977,0.0,0.6080292103083271,9.234823962053627,0.0,25488.0,20271.792609363172,10.14596303214983,9.917035000522077,8.768889270191753,2.3257960193613934,0.17267845238076446
89390cb1817ffff,Planificado,0.915790305422674,0.0,3.2816148029401813,0.6044986812288718,0.6186336788142205,0.5850885991307255,0.6097737657416694,27.668581191760545,0.2727272727272727,0.45454545454545453,1.9722469794234416,36.89144158901406,0.0,0.8285459808708837,0.0,0.6001040186840776,18.44572079450703,0.0,,,,,8.70653373383716,2.9676270352933893,
89390cba903ffff,Espontáneo,0.06531401697216496,1.0,3.7755700971485813,0.7362829228426019,0.7977265128719492,0.7878635907723169,0.6232586648835395,193.5998003264273,0.3387096774193548,0.20967741935483872,3.2419488564193317,27.657114332346755,1.0,1.011858574925451,0.0,0.4797443024397396,27.657114332346755,0.0,8216.475035663338,42063.74397496205,9.013896568299117,10.646965233551606,9.02056614168598,3.355401731090308,0.904496059221985
89390ca346fffff,Espontáneo,0.07317198896257772,1.0,2.8844888682211836,0.8610461012667633,0.8643708904491252,0.8085924439986627,0.9101749693525019,230.577666976825,0.45454545454545453,0.23636363636363636,3.3581721794956283,36.89242671629199,1.0,0.23142555648411592,2.0,0.3989948252524288,73.78485343258399,0.0,13206.0,12127.938749513374,9.488426550754516,9.403349508375557,6.636938431768557,4.314615370258918,0.802205800981421
89390ca0163ffff,Planificado,0.6589859733395479,0.0,11.191461344515394,0.44176046658494,0.6473308815334894,0.33174523570712133,0.3462052825142093,9.237118772630573,0.5,0.0,0.6931471805599453,0.0,0.0,2.287602923197543,0.0,2.404616070060802,0.0,0.0,,,,,7.223201333085134,0.0,
89390cb8d6fffff,Espontáneo,0.43456943213873966,1.0,7.832749157401705,0.3811527174114937,0.24350830268583526,0.33174523570712133,0.5682046138415245,0.0,0.0,0.0,0.0,0.0,0.0,0.9834049833921259,0.0,0.7060517129183255,0.0,0.0,,,,,4.846807403136761,0.0,
89390ca2ac3ffff,Planificado,0.6424000846445983,0.0,9.617421610942626,0.45357368401500797,0.5949515212303577,0.33174523570712133,0.43402429510754487,9.237368772462702,0.3333333333333333,0.0,1.0986122886681096,0.0,0.0,1.6110202940314395,0.0,1.4066227106227334,0.0,0.0,,,,,7.749051300988588,0.0,
89390ca3053ffff,Espontáneo,0.46111736246893287,1.0,4.115609169742432,0.3701196181136,0.24350830268583526,0.33174523570712133,0.5351053159478436,0.0,0.0,1.0,0.0,0.0,0.0,0.9798767791071124,0.0,0.900956978965265,0.0,0.0,,,,,7.534956993999683,0.0,
89390cb8953ffff,Transición,0.5138685511424748,,9.000222844177578,0.33731750807979494,0.24350830268583526,0.33174523570712133,0.43669898584642813,0.0,0.0,0.0,0.0,0.0,0.0,1.4950847998075016,0.0,1.5181791757022305,0.0,0.0,,,,,6.536232014853305,0.0,
89390cb5647ffff,Espontáneo,0.4754245530278891,1.0,8.330073155732762,0.7515695233849696,0.907834614955979,0.8291541290538281,0.517719826145102,406.3215938315778,0.411214953271028,0.14953271028037382,3.8786029225706016,46.17290838995202,1.0,3.6053328393529784,0.0,0.34418545790663146,73.87665342392323,9.234581677990404,15432.239130434782,47600.91749422681,9.644214050216855,10.770628322900313,5.519756217147171,4.315842138648203,0.6544924914991589
89390cb0bc3ffff,Planificado,0.9125404022275744,0.0,6.7653385573626315,0.48713733793974523,0.6149559790482559,0.33174523570712133,0.5147107990638583,18.46050666562473,0.2857142857142857,0.14285714285714285,1.945910149055314,0.0,0.0,1.6115649141626198,0.0,0.7013766189747411,258.4470933187462,0.0,32788.0,7796.263735721688,10.39781787377292,8.961528148019273,9.148113138155647,5.558552802508541,0.1951012290737288
89390cb0a4fffff,Planificado,0.914171489200776,0.0,4.593617951789039,0.83512574761321,0.8171180207288532,0.9577900367769977,0.7304691853337791,258.3613444108228,0.2916666666666667,0.3229166666666667,3.592610447993453,166.08943569267183,2.0,0.9036086560497687,0.0,0.11488049168959243,55.36314523089061,9.2271908718151,34765.0,12714.847285720092,10.456366412533118,9.450604312342353,8.497913418779634,4.031815491557314,0.11193664023408964
89390ca76bbffff,Espontáneo,0.24903116990008964,1.0,15.336305950974259,0.24652661688770014,0.24350830268583526,0.33174523570712133,0.1643263122701438,0.0,0.0,0.0,0.0,0.0,0.0,7.3480990382310996,0.0,7.144083958555215,0.0,0.0,,,,,0.0,0.0,
89390cb54d3ffff,Planificado,0.5607444962900758,0.0,10.919348119772922,0.29051042014933687,0.24350830268583526,0.33174523570712133,0.29627772205505404,0.0,0.0,0.0,0.0,0.0,0.0,4.901456357097708,0.0,1.5429899846282376,0.0,0.0,,,,,0.0,0.0,
89390cb522bffff,Planificado,0.8473586120222016,0.0,9.571785960451674,0.456526988372525,0.34536944165830824,0.5547475760615179,0.4694639473977488,0.0,0.0,0.0,1.3862943611198906,0.0,1.0,4.7413705391815135,0.0,0.3953505227841406,0.0,0.0,19388.0,10913.544155629283,9.872409596965266,9.297851504999645,8.535108786064404,0.0,0.2669832050662169
89390ca0c87ffff,Espontáneo,0.2739782313714215,1.0,12.293771557545664,0.276505442252684,0.24350830268583526,0.33174523570712133,0.2542627883650953,0.0,0.0,0.0,0.0,0.0,0.0,3.9319728699232477,0.0,3.709403868335695,0.0,0.0,,,,,4.505195456696343,0.0,
89390cb038bffff,Transición,0.47900252326638537,,7.999959884155549,0.4975389130354025,0.24350830268583526,0.6557171514543632,0.5933912849660091,0.0,0.0,0.0,0.0,0.0,3.0,2.214908235854829,0.0,0.28470038873583575,0.0,0.0,,,,,5.760716934130493,0.0,
89390cb1b03ffff,Espontáneo,0.11255678506440459,1.0,0.6740081442833599,0.7735057022920614,0.8543408001783126,0.6594784353059178,0.8066978713919536,830.1942551946308,0.26785714285714285,0.29464285714285715,3.7501972046663226,175.26323165219983,0.0,0.4255468786203557,1.0,0.6542850900964559,3154.738169739597,27.673141839821028,19113.0,27317.873029344184,9.858124010784598,10.215333062077821,8.152027345538475,8.05697771583076,0.6697021652722205
89390cb327bffff,Planificado,0.6812380763471801,0.0,12.898693688322597,0.2804060329135554,0.35116460492588875,0.33174523570712133,0.15830825810765628,0.0,0.0,0.16666666666666666,1.5607104090414068,0.0,0.0,9.726514421816931,0.0,4.610045179271589,0.0,0.0,,,,,5.100965852303919,0.0,
89390ca044fffff,Planificado,0.6288371037109912,0.0,6.501169058570704,0.6140365541067648,0.6801515658085368,0.5547475760615179,0.6072105204502396,18.461488045676397,0.5,0.25,1.3862943611198906,0.0,1.0,1.4148215885670046,0.0,0.41154712721426523,0.0,0.0,16856.0,2683.9026029561596,9.732461955484025,7.895399731780806,5.089559459794789,0.0,0.5224218130424929
89390cb2a43ffff,Espontáneo,0.30139736071559203,1.0,11.035163647068872,0.2794030238864742,0.24350830268583526,0.33174523570712133,0.2629555332664661,0.0,0.0,0.0,0.0,0.0,0.0,4.851017704205749,0.0,2.2750457089499263,0.0,0.0,,,,,0.0,0.0,
89390ca0033ffff,Planificado,0.853834902236645,0.0,9.124414805095434,0.5983691816189308,0.7076228686058174,0.5267469073888331,0.560737768862142,36.93725123504661,0.4444444444444444,0.1111111111111111,2.0431918705451206,9.234312808761652,0.0,0.8561985053949133,0.0,0.804981737180279,18.468625617523305,0.0,,,,,7.764710538525362,2.9688042271402644,
89390cb0eafffff,Planificado,0.7911164138023512,0.0,7.8797061706825176,0.7343697759946507,0.7720940599576508,0.8110999665663657,0.6199153014599353,83.04717672479958,0.45,0.3,2.718473401330013,36.90985632213315,1.0,1.0690717374309189,0.0,0.4710626383304215,0.0,0.0,27762.0,34806.88586200219,10.231423458135055,10.457599245321427,6.802789305348797,0.0,0.0836463493271211
89390cb0a93ffff,Espontáneo,0.2153793748632858,1.0,6.685251216542114,0.6189401537947173,0.5600133734536944,0.5547475760615179,0.74205951186894,9.22745640491125,0.1111111111111111,0.3333333333333333,2.0431918705451206,0.0,1.0,0.6949083947997243,0.0,0.18469591357513473,83.04710764420125,0.0,,,,,7.671336512295082,4.431377446938905,
89390ca2b07ffff,Espontáneo,0.32056571233036907,1.0,13.150134996157334,0.41586797429325006,0.7031650507076787,0.33174523570712133,0.21269363646495043,27.728179500452597,1.0,0.0,1.0986122886681096,0.0,0.0,5.073076167106345,0.0,4.891666508294548,9.242726500150866,0.0,,,,,6.351950694770707,2.3265678439508752,
89390cb025bffff,Espontáneo,0.3127834120379553,1.0,8.009140727949594,0.311573609718043,0.24350830268583526,0.33174523570712133,0.35946729076117245,0.0,0.0,0.0,0.0,0.0,0.0,4.249601292931168,0.0,0.9408816093169682,0.0,0.0,,,,,8.828221584912544,0.0,
89390ca22cfffff,Planificado,0.6222971283294867,0.0,3.4775507159023324,0.5742133808833909,0.24350830268583526,0.5547475760615179,0.9243842639028196,0.0,0.0,0.0,0.0,0.0,1.0,0.45831174845108863,1.0,0.22586258713785834,0.0,0.0,10759.0,14494.839288990046,9.283497892593909,9.58161694164501,8.239246541267006,0.0,0.7067067873727287
89390cbaedbffff,Espontáneo,0.13657108570053567,1.0,9.569310692894492,0.2885415505776589,0.24350830268583526,0.33174523570712133,0.2903711133400201,0.0,0.0,0.0,0.0,0.0,0.0,3.697467393408476,0.0,2.3880535688554283,0.0,0.0,,,,,0.0,0.0,
89390cb0e6bffff,Espontáneo,0.05253222547857674,1.0,6.1434926880372,0.7059418997733943,0.8587986180764515,0.5547475760615179,0.7042795051822134,249.10689914277637,0.3698630136986301,0.0684931506849315,3.7004395955248945,0.0,1.0,0.746388910465924,0.0,0.30786436011136736,184.52362899464916,64.5832701481272,13422.991404011462,37627.17739440312,9.50472429209493,10.53550844750624,6.545472907793799,5.223182253960406,0.7844078129735603
89390cb19d3ffff,Planificado,0.9350294344899733,0.0,3.4942141927679176,0.7282031279022251,0.7768862141981501,0.6004680708793045,0.807255098629221,193.71749714447662,0.2916666666666667,0.18055555555555555,3.2621289449689947,46.12321360582777,0.0,0.4324576424525654,1.0,0.6486335817924005,110.69571265398665,0.0,21314.323529411766,54955.581537155995,9.967134591863022,10.914298725856183,8.51915505083194,4.7157783226526355,0.34092501930562596
89390ca362bffff,Espontáneo,0.39327807665320785,1.0,4.636056198761886,0.5461755637282217,0.24350830268583526,0.630558341691742,0.764460046807088,0.0,0.0,0.0,0.0,0.0,2.0,0.6117073039707107,0.0,0.11251000388144984,9.22183701252651,0.0,,,,,9.105109039929076,2.324526315445589,
89390cb119bffff,Espontáneo,0.16538626206840698,1.0,7.9313047674544,0.3112392733756826,0.24350830268583526,0.33174523570712133,0.3584642817340911,0.0,0.0,0.0,0.0,0.0,0.0,4.8850370110759185,0.0,0.8458588638931945,0.0,0.0,,,,,6.722803122224564,0.0,
89390ca320fffff,Espontáneo,0.1470615496007064,1.0,6.31479667132302,0.6427244697054125,0.7909283405772873,0.5994650618522234,0.5377800066867269,119.89716108179474,0.5909090909090909,0.2727272727272727,2.326543253194114,46.11429272376721,0.0,1.6525307519404022,0.0,0.5897655528074156,18.445717089506882,0.0,10727.632591474916,31600.1654323308,9.280578176749671,10.360949279664887,5.775172532854797,2.967626844763013,0.8336727255457366
89390cb0547ffff,Espontáneo,0.05322508063688638,1.0,11.107303351603614,0.27067313050261893,0.24350830268583526,0.33174523570712133,0.23676585311490025,0.0,0.0,0.0,0.0,0.0,0.0,5.186264769152512,0.0,2.8306359505623906,0.0,0.0,,,,,0.0,0.0,
89390cb012bffff,Espontáneo,0.4299259672050215,1.0,8.856620247562295,0.5872153497529626,0.6772539841747465,0.5547475760615179,0.5296444890226234,18.45087103844284,0.5,0.5,1.3862943611198906,0.0,1.0,2.9187761587485546,0.0,0.38869366196608907,9.22543551922142,0.0,,,,,6.502363246563006,2.324878294588672,
89390cbadabffff,Transición,0.46629829066317435,,4.253944987214029,0.3204149485493517,0.24350830268583526,0.33174523570712133,0.3859913072550986,0.0,0.0,0.0,0.0,0.0,0.0,2.309187081151308,0.0,1.533105611239642,0.0,0.0,,,,,0.0,0.0,
89390cb18a3ffff,Planificado,0.9108440905064219,0.0,3.4960202128478155,0.6137486533675099,0.7214978268137746,0.5075225677031093,0.6122255655856458,101.459872777351,0.1527777777777778,0.2916666666666667,3.422313425417296,9.223624797941,0.0,1.0551653861474748,0.0,0.5024331039385362,55.341748787646,0.0,28378.38818565401,21017.97982388231,10.253383155079135,9.95318110966049,6.717373075608811,4.031435801860819,0.2000910962790011
89390ca060bffff,Espontáneo,0.12876710008818396,1.0,7.243093902964801,0.31762881236301493,0.24350830268583526,0.33174523570712133,0.37763289869608824,0.0,0.0,0.0,0.0,0.0,0.0,2.3810337587182326,0.0,1.5963608911586653,0.0,0.0,,,,,3.0622840132326687,0.0,
89390cba98fffff,Espontáneo,0.4718134517394198,1.0,3.5664581068000203,0.5675545153980459,0.684943720049036,0.5010030090270813,0.5167168171180206,27.657114709390754,0.42857142857142855,0.14285714285714285,1.945910149055314,9.219038236463584,0.0,1.6384624868840367,0.0,0.6797978681987149,9.219038236463584,0.0,,,,,7.728081663168567,2.324252474326133,
89390cb7267ffff,Transición,0.5279258001944704,,11.610973100335226,0.27505665143578883,0.24350830268583526,0.33174523570712133,0.2499164159144099,0.0,0.0,0.0,0.0,0.0,0.0,5.413034278567281,0.0,2.248331902341679,0.0,0.0,,,,,0.0,0.0,
89390ca154bffff,Planificado,0.6190350975175718,0.0,9.253356169734163,0.28504959322411677,0.24350830268583526,0.33174523570712133,0.27989524127939375,0.0,0.0,0.0,0.0,0.0,0.0,4.245972184220142,0.0,2.2266170265802963,0.0,0.0,,,,,0.0,0.0,
89390cb56d3ffff,Espontáneo,0.3997775435091555,1.0,8.529191528415168,0.7010661614473048,0.8370110330992979,0.7813440320962888,0.48484341914632784,221.60564061841956,0.34782608695652173,0.13043478260869565,3.6211278227489263,18.46713671820163,1.0,3.6895470040152105,0.0,0.4439227829831588,129.2699570274114,0.0,16346.532219570407,29952.562638643623,9.701771057167361,10.30740354934551,7.890936258071256,4.869608889836166,0.625136742961571
89390cb0c4fffff,Transición,0.45856302751795064,,8.744972756855521,0.3649559790482559,0.24350830268583526,0.33174523570712133,0.519614398751811,0.0,0.0,0.0,0.0,0.0,0.0,1.9862617128649982,0.0,0.5784694923064021,9.22721583057707,0.0,,,,,7.19357034470053,2.3250523855981653,
89390ca2cc3ffff,Planificado,0.5062019299373672,0.0,9.021801563879807,0.36313570340651585,0.3282068427504736,0.33174523570712133,0.42945503176195254,0.0,0.0,1.0,0.9849825930153653,0.0,0.0,3.6550669962862496,0.0,0.6511214572988265,0.0,0.0,,,,,0.0,0.0,
89390cb52b7ffff,Planificado,0.8105267985769085,0.0,10.207513291233257,0.2982373045061109,0.24350830268583526,0.33174523570712133,0.3194583751253761,0.0,0.0,0.0,0.0,0.0,0.0,5.28066991662028,0.0,1.0783335754769776,0.0,0.0,,,,,0.0,0.0,
89390cb0833ffff,Planificado,0.8636463236531381,0.0,8.510551815272215,0.47892752331067273,0.6159589880753371,0.33174523570712133,0.4890783461495598,18.461548002728357,0.0425531914893617,0.2553191489361702,2.8870716701923356,0.0,0.0,1.7467176291064528,0.0,0.7754446321010063,166.15393202455522,0.0,25773.0,3652.813945967102,10.157082711306167,8.203526817734394,5.8259304182203735,5.118915136517365,0.44144610858933264
89390cb0417ffff,Espontáneo,0.6391519596170748,1.0,12.411745042179081,0.3023236375794049,0.24350830268583526,0.33174523570712133,0.331717374345258,0.0,0.0,0.0,0.0,0.0,0.0,6.7205966235860926,0.0,0.7688790461896482,0.0,0.0,,,,,0.0,0.0,
89390ca248bffff,Planificado,0.4937182676561987,0.0,4.893187465148339,0.5506148073851184,0.3710576172963334,0.630558341691742,0.6502284631672797,0.0,0.0,0.2222222222222222,2.0431918705451206,0.0,2.0,0.8168015745678028,0.0,0.45761638990771225,36.916902911506824,0.0,31050.0,8291.813166869442,10.343354087361625,9.023144535181316,7.122879749829042,3.635396999776687,0.1734978689127079
89390cb1b8fffff,Espontáneo,0.14968051513207287,1.0,1.2908658223790235,0.88716148445336,0.8640365541067646,0.8813105984620528,0.9161373007912627,857.8675113937916,0.2569060773480663,0.2983425414364641,3.897823747443301,166.0388731729919,1.0,0.3781532441128512,1.0,0.2870544085503553,2112.383442034175,83.01943658649596,19529.88651640965,48140.92126939139,9.879701213122129,10.781908620582046,6.673885223098072,7.65604546922379,0.6250265455093815
89390ca206fffff,Espontáneo,0.18480928208670172,1.0,5.387928064117765,0.3736858724321111,0.24350830268583526,0.33174523570712133,0.5458040789033768,0.0,0.0,0.0,0.0,0.0,0.0,1.5675144478266352,0.0,0.5833014667878461,0.0,0.0,,,,,0.0,0.0,
89390ca04dbffff,Planificado,0.6354596239659133,0.0,5.127944400275875,0.7350384486793714,0.6894015379471748,0.7977265128719492,0.7179872952189902,55.37834408016383,0.17647058823529413,0.11764705882352941,3.266330691954871,27.689172040081914,1.0,0.6513395071758235,0.0,0.29792528708076366,0.0,0.0,12375.359641255605,20157.470215214733,9.423462648934246,9.911379837124297,9.1905590475695,0.0,0.5635516555914062
89390ca33cbffff,Transición,0.4940345434438432,,5.955805039083449,0.47346669638545263,0.24350830268583526,0.5547475760615179,0.6221442104090048,0.0,0.0,0.0,0.0,0.0,1.0,2.2177502279506762,0.0,0.16351472377881232,0.0,0.0,13117.0,8556.702723253893,9.481664377815145,9.05458705966554,8.239556614664885,0.0,
89390ca040bffff,Planificado,0.6041293449460493,0.0,6.322885239918852,0.7726698614361603,0.8511646049258887,0.7995653627549315,0.6672796166276608,184.6250524689856,0.4878048780487805,0.12195121951219512,3.2357288685127905,27.693757870347838,1.0,1.4934642070086157,0.0,0.16886855499393968,0.0,9.23125262344928,13611.733504398828,29395.70742666779,9.51868745743905,10.288637954764956,7.567501724782598,0.0,0.4934861894131843
89390ca141bffff,Espontáneo,0.11562965418622677,1.0,8.144398857480208,0.7889780452468518,0.9127382146439319,0.8441992644600468,0.6099966566365764,378.1791797175877,0.5616438356164384,0.1780821917808219,3.395493976095248,64.567177024954,1.0,2.126401417734609,0.0,0.2432873812981603,0.0,0.0,7714.548814504881,41908.952632655884,8.950863281493483,10.64327861070268,7.493863502738171,0.0,0.858718660367317
89390ca235bffff,Planificado,0.5114939466436943,0.0,5.624219892824932,0.7556651435788848,0.6311155689290092,0.8762119692410566,0.7596678925665886,36.927045469007766,0.19047619047619047,0.2857142857142857,2.557507739075623,27.69528410175582,2.0,0.637545890095368,0.0,0.12436809920775443,9.231761367251941,0.0,16073.466726618704,23701.82529107162,9.68492516207567,10.073349530611944,0.0,2.3254967418048036,0.6538975332764554
89390cbab4bffff,Espontáneo,0.2206131228936286,1.0,7.231788567831081,0.7040380400460641,0.7393848211300568,0.7214978268137746,0.651231472194361,55.2959563122207,0.5,0.16666666666666666,2.210253577620973,9.21599271870345,1.0,1.8544596024231879,0.0,0.11601976656781475,0.0,0.0,13899.0,14060.385720674989,9.539572174084759,9.55118771816642,6.298651482036146,0.0,0.5514922332053972
89390ca36b7ffff,Espontáneo,0.16213922823468294,1.0,3.119806996546745,0.7793565882833686,0.8933467067870278,0.728184553660983,0.7165385044020951,285.8847709915402,0.5535714285714286,0.16071428571428573,3.3135170764693274,9.222089386823878,1.0,0.5315399098946144,0.0,0.3496551108255716,27.666268160471635,0.0,12249.199903660887,38191.63516006254,9.413215899852956,10.550397979149961,8.40597321384164,3.3557211061098764,0.7266907962211449
89390ca03abffff,Planificado,0.8950210297431126,0.0,11.166285476216746,0.5615178869943164,0.7659088376239831,0.5966232029421599,0.322021620416806,73.88677609833621,0.5,0.25,2.3933121229745242,36.94338804916811,0.0,2.7323991835957138,0.0,2.507647731124391,9.235847012292027,0.0,,,,,5.456912157568814,2.325895972141694,
89390cbababffff,Espontáneo,0.30047357620805304,1.0,5.36874765223084,0.6966919276347561,0.8353950741112225,0.5547475760615179,0.6999331327315278,175.14243352564546,0.48717948717948717,0.1282051282051282,3.067992259836125,0.0,1.0,1.0590782855235692,0.0,0.19396409057525427,55.30813690283541,0.0,15111.130667966843,33917.109337206486,9.62318688158482,10.431704349472845,6.414445917957031,4.030839052283986,0.6548424162972247
89390ca329bffff,Planificado,0.5667897936118008,0.0,5.2323404329638175,0.8920929455031762,0.8593558453137189,0.883065864259445,0.9338571269363646,193.65860307053777,0.5121951219512195,0.1951219512195122,3.1791785746709085,36.88735296581672,2.0,0.4929056137836386,1.0,0.16784606480742278,18.44367648290836,18.44367648290836,11205.104166666666,14292.550543955924,9.324124682636855,9.567563703599813,5.925059341629616,2.967521900642627,0.8398046111706665
89390cba313ffff,Espontáneo,0.4434383047309537,1.0,10.941390785080605,0.2676641034213752,0.24350830268583526,0.33174523570712133,0.2277387718711691,0.0,0.0,0.0,0.0,0.0,0.0,4.958373765703369,0.0,3.644606363023059,0.0,0.0,,,,,0.0,0.0,
89390cb0e0bffff,Transición,0.4779951151570813,,7.033528456082025,0.7052082172443255,0.9326869497381032,0.6569709127382146,0.5259667892566589,1476.1491563627346,0.3755868544600939,0.17136150234741784,4.163521466602537,156.84084786354055,0.0,1.6480960204046222,0.0,0.6359369880628778,46.12966113633546,9.22593222726709,15374.87707966334,60630.777738721314,9.640490097824115,11.012574419742986,8.108576578385392,3.852902550931762,
89390cb5473ffff,Espontáneo,0.09203380740027588,1.0,10.85515546104683,0.2820777146253575,0.24350830268583526,0.33174523570712133,0.270979605483116,0.0,0.0,0.0,0.0,0.0,0.0,5.791249732586869,0.0,1.6039803062505003,0.0,0.0,,,,,0.0,0.0,
89390ca2a63ffff,Espontáneo,0.31347841065681376,1.0,11.064729828340617,0.2990174226382852,0.24350830268583526,0.33174523570712133,0.32179872952189903,0.0,0.0,0.0,0.0,0.0,0.0,2.76387538240391,0.0,2.4851993268498354,0.0,0.0,,,,,7.69105042593133,0.0,
89390cb05d3ffff,Espontáneo,0.14743202957757473,1.0,12.453663401256245,0.27383075151380065,0.24350830268583526,0.33174523570712133,0.24623871614844536,0.0,0.0,0.0,0.0,0.0,0.0,6.5750625506942715,0.0,1.779777807708035,0.0,0.0,,,,,0.0,0.0,
89390ca2647ffff,Planificado,0.9519631595665152,0.0,2.246612773058617,0.7975964931832534,0.9161930235149894,0.6670010030090271,0.8095954530257439,821.2416120713111,0.3920704845814978,0.29515418502202645,3.82226956289119,433.68939064440025,0.0,0.06769442813959475,1.0,0.7501218953799308,673.6026705753451,9.227433843497877,22876.33496835443,57866.428626605724,10.03785824771321,10.965909959964053,7.544110742662966,6.5141238813735605,0.3995004757480503
89390cb1d4bffff,Planificado,0.8168911705064515,0.0,4.165740771470064,0.4194528028530035,0.3576284408781902,0.33174523570712133,0.5689847319736988,0.0,0.0,0.25,1.6987829895138005,0.0,0.0,1.4062071680195194,0.0,0.5458955942914728,0.0,0.0,,,,,7.541450731432546,0.0,
89390cb01b7ffff,Espontáneo,0.25054089813550473,1.0,10.43566417097921,0.29314796240573565,0.24350830268583526,0.33174523570712133,0.3041903488242505,0.0,0.0,0.0,0.0,0.0,0.0,4.133917466794185,0.0,1.727567911384614,0.0,0.0,,,,,0.0,0.0,
89390ca222bffff,Planificado,0.588197463541654,0.0,4.995083814143662,0.7291132657230951,0.840354396522902,0.5523236375794048,0.7946617630669787,175.3841060702698,0.4418604651162791,0.18604651162790697,3.2733427787872342,18.461484849502085,0.0,0.2226029017392054,1.0,0.7964043962803762,18.461484849502085,0.0,12579.41194119412,35815.132204077374,9.439816783628766,10.486153691115613,7.643053009201155,2.9684373764935215,0.70795906051722
89390cbae37ffff,Planificado,0.6511693546324439,0.0,7.40635878216486,0.34686466807830896,0.24350830268583526,0.33174523570712133,0.46534046584197036,0.0,0.0,0.0,0.0,0.0,0.0,1.7556730597287102,0.0,0.9295318522440201,0.0,0.0,,,,,0.0,0.0,
89390cb192fffff,Planificado,0.9259705229423719,0.0,3.2787900957909613,0.739774880196144,0.7553215201159033,0.6355733868271481,0.8284297336453806,138.41540047859016,0.2054794520547945,0.3287671232876712,3.5279618167411844,83.04924028715409,0.0,0.4607724049991247,1.0,0.5546681767300585,156.87078720906885,18.45538673047869,23377.0,22562.52053564987,10.059507911994038,10.02408974554927,9.269022515128722,5.061776895969848,0.32904699901488904
89390ca0697ffff,Espontáneo,0.3544254656426279,1.0,6.043634723710191,0.370342509008507,0.24350830268583526,0.33174523570712133,0.5357739886325643,0.0,0.0,0.0,0.0,0.0,0.0,1.7364498036308884,0.0,0.5752742833403377,0.0,0.0,10324.0,40499.939013961164,9.242226560838505,10.609080438355756,7.13664082970225,0.0,0.7007361710977709
89390cbaa1bffff,Espontáneo,0.2585362889881484,1.0,8.301962101809726,0.3812084401352205,0.35434080017831276,0.33174523570712133,0.45753928452022735,0.0,0.0,0.2,1.6094379124341005,0.0,0.0,1.4022521211302788,0.0,1.2910736920737098,0.0,0.0,,,,,4.760509717803314,0.0,
89390cb1513ffff,Planificado,0.6991040056882121,0.0,9.694689130517068,0.27587391805044764,0.24350830268583526,0.33174523570712133,0.25236821575838625,0.0,0.0,0.0,0.0,0.0,0.0,5.975717064420909,0.0,1.899520957977937,0.0,0.0,,,,,3.369213054328453,0.0,
89390ca3587ffff,Planificado,0.3961532836644894,0.0,1.6717455070074776,0.5324770608120658,0.3346149559790483,0.5547475760615179,0.7080686503956314,0.0,0.0,0.3333333333333333,1.0986122886681096,0.0,1.0,0.8640677323164895,0.0,0.24413481502568263,0.0,0.0,,,,,0.0,0.0,
89390ca316bffff,Espontáneo,0.3101278808851856,1.0,5.640937821505983,0.5825810765630224,0.6144544745347152,0.5468070879304581,0.5864816672238939,27.683831505878082,0.16666666666666666,0.2222222222222222,2.476220649598165,18.455887670585387,0.0,0.7563199314842979,0.0,0.7375707307096889,0.0,0.0,10289.531286894924,12725.66789340157,9.238882277440299,9.451454905002528,7.498671476007084,0.0,0.7570785927741915
89390ca23bbffff,Espontáneo,0.378462183015278,1.0,6.6262602323482716,0.7138266651807275,0.7390504847876965,0.7815112002674691,0.6209183104870166,73.87040650385048,0.42105263157894735,0.10526315789473684,2.3786201994102125,18.46760162596262,1.0,1.915467863763158,0.0,0.2502324066225758,9.23380081298131,0.0,,,,,9.161052703852476,2.3256960469319394,
89390cb0cdbffff,Transición,0.5059667705622349,,9.852031772921777,0.5794606040343252,0.7305249080575059,0.6586425944500167,0.349214309595453,119.94068565489671,0.21666666666666667,0.36666666666666664,3.290480879400197,166.07171859908775,0.0,3.417180977106388,0.0,1.350535991439831,0.0,0.0,,,,,6.728818442519241,0.0,
89390cb0347ffff,Planificado,0.7239348666802533,0.0,6.765751619818433,0.3628756640291244,0.24350830268583526,0.33174523570712133,0.5133734536944167,0.0,0.0,0.0,0.0,0.0,0.0,1.2784342198537741,0.0,0.8532744643339742,0.0,0.0,,,,,7.078860490337636,0.0,
89390cb5343ffff,Planificado,0.5796616245020746,0.0,10.580679973506737,0.29730859244399865,0.24350830268583526,0.33174523570712133,0.31667223893903934,0.0,0.0,1.0,0.0,0.0,0.0,5.378668961483951,0.0,1.0791684910274169,0.0,0.0,,,,,7.961557759730801,0.0,
89390cb04a3ffff,Espontáneo,0.08824622071952129,1.0,12.589469754974932,0.2875756900330621,0.24350830268583526,0.33174523570712133,0.2874735317062298,0.0,0.0,0.0,0.0,0.0,0.0,6.796873902279748,0.0,1.0973389122195676,0.0,0.0,,,,,0.0,0.0,
89390cb0087ffff,Espontáneo,0.08200790102995614,1.0,10.599733406981214,0.2770255210074668,0.24350830268583526,0.33174523570712133,0.2558230246294439,0.0,0.0,0.0,0.0,0.0,0.0,4.787656620462749,0.0,2.4898135080363395,0.0,0.0,,,,,0.0,0.0,
89390cbad07ffff,Planificado,0.5668979586073385,0.0,4.363412416186797,0.31878041532003415,0.24350830268583526,0.33174523570712133,0.3810877075671459,0.0,0.0,0.0,0.0,0.0,0.0,2.3907040916090394,0.0,1.5336664632826933,0.0,0.0,,,,,5.005540780707732,0.0,
89390ca0567ffff,Espontáneo,0.29820821107153167,1.0,9.232320333369216,0.48698874400980724,0.24350830268583526,0.5547475760615179,0.6627103532820685,0.0,0.0,0.0,0.0,0.0,1.0,0.8140826296844081,0.0,0.41767169165830237,0.0,0.0,,,,,0.0,0.0,
89390ca3457ffff,Espontáneo,0.5078559423161382,1.0,2.418435398571978,0.8379676065232736,0.9388164493480441,0.926529588766299,0.6485567814554776,571.7537534282309,0.45588235294117646,0.16176470588235295,3.9169106598693326,73.7746778617072,2.0,0.8458943267772003,0.0,0.4487842496678589,156.7711904561278,0.0,16953.53396901073,41739.07464985988,9.73823158482374,10.639216969078559,9.385437785943571,5.0611458217573295,0.5471414445282458
89390ca014bffff,Planificado,0.790870242752199,0.0,10.395463189045637,0.5929083546937107,0.8493257550429064,0.5292544299565363,0.4001448790816895,609.5488952033169,0.3251231527093596,0.1625615763546798,3.4620188298927226,9.235589321262378,0.0,1.7770563494956881,0.0,1.8252253826782125,0.0,0.0,,,,,8.194372908551436,0.0,
89390cb1edbffff,Transición,0.467852577595809,,5.6399302808738385,0.29493108956499126,0.24350830268583526,0.33174523570712133,0.30953973030201715,0.0,0.0,0.0,0.0,0.0,0.0,3.9207698758786584,0.0,1.749274119255229,0.0,0.0,,,,,0.0,0.0,
89390ca303bffff,Espontáneo,0.38898898914826,1.0,4.120998703911306,0.4978082395334151,0.24350830268583526,0.630558341691742,0.619358074222668,0.0,0.0,0.0,0.0,0.0,2.0,1.4086077607501704,0.0,0.36871848223266346,0.0,0.0,,,,,7.4305012120565905,0.0,
89390cb893bffff,Planificado,0.5795517477297999,0.0,8.625950602447837,0.4645324863479327,0.5902708124373119,0.33174523570712133,0.4715814108993648,18.44319101483199,0.07142857142857142,0.07142857142857142,2.512324886571686,0.0,0.0,1.2070815666926418,0.0,1.3207172464468004,0.0,0.0,,,,,5.711890389078002,0.0,
89390ca14a7ffff,Espontáneo,0.5123100843859838,1.0,7.615519165107918,0.31049630372599274,0.24350830268583526,0.33174523570712133,0.35623537278502176,0.0,0.0,0.0,0.0,0.0,0.0,3.126378367924123,0.0,1.4162703638307077,0.0,0.0,,,,,0.0,0.0,
89390cb562fffff,Planificado,0.6523131208820246,0.0,9.527522613327642,0.3108306400683532,0.24350830268583526,0.33174523570712133,0.357238381812103,0.0,0.0,0.0,0.0,0.0,0.0,4.660852269609834,0.0,0.8825458280645317,0.0,0.0,,,,,0.0,0.0,
89390cb0babffff,Espontáneo,0.13617600373778907,1.0,7.684916301963587,0.7308035216761395,0.9035996879527471,0.7786693413574055,0.5101415357182658,433.9177262947728,0.40869565217391307,0.16521739130434782,3.8047833404232576,18.464584097649908,1.0,2.7829843353437114,0.0,0.4729210706957326,46.16146024412477,0.0,13351.712572798904,35659.51952805272,9.499399938207546,10.481799460241255,8.27050576404043,3.8535770388056845,0.7037462076161184
89390cb5213ffff,Planificado,0.6019550655983017,0.0,9.01806975832007,0.42476503584828557,0.24350830268583526,0.5547475760615179,0.47603922879750354,0.0,0.0,0.0,0.0,0.0,1.0,4.092127505815339,0.0,0.42861327139252503,0.0,0.0,,,,,8.485155667925975,0.0,
89390cb0373ffff,Planificado,0.5860711319513969,0.0,6.702720010912558,0.4303744567034436,0.34536944165830824,0.33174523570712133,0.6140086927449013,0.0,0.0,0.25,1.3862943611198906,0.0,0.0,1.0008298668082487,0.0,0.514820161647744,27.667864429076705,0.0,,,,,7.9309891265774946,3.35577678912219,
89390cb3263ffff,Planificado,0.5534342199198822,0.0,12.640943040528079,0.2763382740815038,0.3346149559790483,0.33174523570712133,0.1626546305583417,0.0,0.0,0.3333333333333333,1.0986122886681096,0.0,0.0,9.393564015371906,0.0,4.343228623199014,9.210431979195981,0.0,,,,,4.787864688149873,2.3234099407032973,
89390cbabd7ffff,Espontáneo,0.2614659787396129,1.0,6.18207177529959,0.5554812585905866,0.3346149559790483,0.630558341691742,0.7012704781009695,0.0,0.0,0.0,1.0986122886681096,0.0,2.0,0.9044927886387579,0.0,0.25932801767807656,0.0,0.0,,,,,0.0,0.0,
89390ca0437ffff,Planificado,0.5469579695621031,0.0,7.11888495182891,0.3825272112634199,0.24350830268583526,0.33174523570712133,0.572328095397303,0.0,0.0,0.0,0.0,0.0,0.0,1.4572318631890253,0.0,0.5146185111190283,0.0,0.0,,,,,7.83677510667237,0.0,
89390ca3327ffff,Espontáneo,0.17307305766531453,1.0,6.781286948060355,0.44952449942419853,0.543463724506854,0.33174523570712133,0.4733645380586203,9.227946669623018,0.14285714285714285,0.8571428571428571,1.549826045878202,0.0,0.0,1.8513880950314263,0.0,0.8353448238537612,0.0,0.0,,,,,5.533529643934656,0.0,
89390ca001bffff,Espontáneo,0.4815551269058168,1.0,8.366568738255513,0.7893588171923177,0.7796723503844868,0.8554831160147108,0.7329209851777555,120.0261928349992,0.35135135135135137,0.13513513513513514,3.236243760990201,18.465568128461417,2.0,0.7604731743271695,0.0,0.19233095934764408,36.931136256922834,9.232784064230708,12995.965056929721,50237.747458381615,9.472394208029584,10.824541869668508,7.033719922157644,3.6357723119334446,0.7143672209378599
89390cb0e97ffff,Transición,0.49292520157484754,,8.610044768084434,0.5098164864965267,0.7585534380920539,0.33174523570712133,0.4391507856904046,101.48816870186272,0.3142857142857143,0.11428571428571428,3.3027476526184456,0.0,0.0,2.342098168006565,0.0,0.881599229533166,9.226197154714791,0.0,34765.0,3934.1530363479887,10.456366412533118,8.2777050511621,6.513359674709256,2.324952776221104,
89390cb0a7bffff,Planificado,0.5586647068977699,0.0,4.758324013526635,0.6289981054273933,0.5665329321297224,0.630558341691742,0.6899030424607154,9.227700159642955,0.08333333333333333,0.08333333333333333,2.253857589601352,0.0,2.0,0.5665738038658575,0.0,0.42197408363755734,9.227700159642955,0.0,34765.0,11459.12955743496,10.456366412533118,9.346629295391125,9.220754008729129,2.3250997413600962,0.07510375865954924
89390ca26d3ffff,Planificado,0.8830601633061926,0.0,2.011355854294465,0.8566625803335933,0.8066421486682268,0.8639251086593113,0.899420483673242,544.3586574057997,0.3172043010752688,0.14516129032258066,3.010080483388057,101.49059714345417,1.0,0.1857818346216608,1.0,0.38872349421836666,276.7925376639659,0.0,34765.0,9228.080321832364,10.456366412533118,9.130114682427656,9.225499677548562,5.626874567698705,0.15741193835646525
89390cb1dd7ffff,Transición,0.5437963652607848,,5.701797035585397,0.6589304951892715,0.8290984063301013,0.33174523570712133,0.8159478435305917,147.5740773453165,0.42105263157894735,0.13157894736842105,3.3457347152800936,0.0,0.0,0.35196024672888454,1.0,0.6481730740695281,36.89351933632913,0.0,20874.0,20003.403770397457,9.946259644379998,9.903707716818067,7.897058771840626,3.634780103702877,
89390cb0243ffff,Planificado,0.6712459365890285,0.0,7.819909506460295,0.3140997065269883,0.24350830268583526,0.33174523570712133,0.36704558118800845,0.0,0.0,0.0,0.0,0.0,0.0,3.908969249276479,0.0,0.9672750112899442,0.0,0.0,,,,,7.261106749660122,0.0,
89390ca22b7ffff,Espontáneo,0.09333422522038233,1.0,4.702964396337247,0.3642501578810505,0.24350830268583526,0.33174523570712133,0.517496935250195,0.0,0.0,0.0,0.0,0.0,0.0,1.3672583755172607,0.0,0.7724386198410416,0.0,0.0,,,,,9.582981248909412,0.0,
89390cbaec3ffff,Espontáneo,0.24609758567497353,1.0,9.226791911234693,0.2958598016271035,0.24350830268583526,0.33174523570712133,0.312325866488354,0.0,0.0,0.0,0.0,0.0,0.0,3.3970404708778394,0.0,2.098762706501597,0.0,0.0,,,,,0.0,0.0,
89390cb19bbffff,Planificado,0.8999646617943365,0.0,3.878546758638756,0.7451985586388795,0.7613952970021174,0.8460381143430291,0.6281622645714923,156.85354534287083,0.2982456140350877,0.2982456140350877,3.1593368354408202,64.58675396471152,1.0,1.0924056191967257,0.0,0.43066364392624507,83.04011224034339,0.0,34765.0,20552.82385232393,10.456366412533118,9.930802278153353,8.453984656460182,4.4312942115344915,0.1087981112992935
89390cbaaa7ffff,Espontáneo,0.4730775958224969,1.0,6.7874906262737715,0.7311564322597423,0.8265908837623983,0.5625208960213975,0.8043575169954308,147.44364795491379,0.43243243243243246,0.16216216216216217,3.2737111761556035,27.645683991546335,0.0,0.2444106635879947,1.0,0.7410066936768469,18.430455994364223,0.0,14689.0,12667.23245181147,9.594854193331415,9.446852757017451,6.086123612633148,2.966841731686494,0.6847615447951002
89390ca3613ffff,Espontáneo,0.31366452954493595,1.0,4.18906443373018,0.5150544225268398,0.3213529477320851,0.5547475760615179,0.6690627437869163,0.0,0.0,1.0,0.6931471805599453,0.0,1.0,1.2954274032990762,0.0,0.2331664161292732,0.0,0.0,,,,,9.470012931571684,0.0,
89390ca7677ffff,Espontáneo,0.42183238889444613,1.0,15.643751149652875,0.24563505330807234,0.24350830268583526,0.33174523570712133,0.16165162153126045,0.0,0.0,0.0,0.0,0.0,0.0,7.567942117463423,0.0,7.386267239592173,0.0,0.0,,,,,0.0,0.0,
89390ca0307ffff,Espontáneo,0.47248205951463623,1.0,11.269371923211596,0.29407667446784796,0.24350830268583526,0.33174523570712133,0.30697648501058733,0.0,0.0,0.0,0.0,0.0,0.0,3.0053458493314817,0.0,2.6205649096895156,0.0,0.0,,,,,6.824780621126816,0.0,
89390cb1183ffff,Espontáneo,0.6585835003428983,1.0,7.709392526582495,0.36192837772576986,0.3213529477320851,0.33174523570712133,0.4326869497381032,0.0,0.0,0.5,0.6931471805599453,0.0,0.0,4.539700642355527,0.0,0.5389054977328352,0.0,0.0,,,,,7.257672630056238,0.0,
89390cb0d67ffff,Planificado,0.780440938875331,0.0,10.122558334130199,0.2997975407704595,0.24350830268583526,0.33174523570712133,0.32413908391842194,0.0,0.0,1.0,0.0,0.0,0.0,3.245271406738915,0.0,1.9348748152141606,18.46462412447413,0.0,,,,,7.420675094782527,2.968598670548417,
89390cb5603ffff,Planificado,0.6287270798294746,0.0,8.960540782464864,0.5416898844682194,0.6059846205282514,0.5547475760615179,0.4643374568148891,18.470189678331852,0.15384615384615385,0.07692307692307693,2.458311329683084,0.0,1.0,4.3011212126922596,0.0,0.4487955091639955,18.470189678331852,0.0,,,,,7.938051506110678,2.9688845614184136,
89390ca147bffff,Espontáneo,0.40755559653726026,1.0,9.0854040916778,0.3204149485493517,0.24350830268583526,0.33174523570712133,0.3859913072550986,0.0,0.0,0.0,0.0,0.0,0.0,2.7706421517828987,0.0,1.1957013996336454,0.0,0.0,,,,,0.0,0.0,
89390ca2ddbffff,Planificado,0.847911136440326,0.0,11.08093617285743,0.2779170845870946,0.24350830268583526,0.33174523570712133,0.2584977153683272,0.0,0.0,0.0,0.0,0.0,0.0,4.785769614593188,0.0,2.4076728134610965,0.0,0.0,,,,,3.776985481347612,0.0,
89390cb53cfffff,Planificado,0.8517313881990959,0.0,10.72796219302776,0.5574872766447491,0.8231917976150674,0.5305917753259779,0.31867825699320185,166.30958359756866,0.4186046511627907,0.09302325581395349,3.213130251995001,9.239421310976038,0.0,5.850102127675219,0.0,0.9658227828711553,9.239421310976038,0.0,21294.681415929204,30590.343878984888,9.966212621734918,10.328472368150706,7.182162541642612,2.3262451054144684,0.284373757770596
89390cb094bffff,Planificado,0.6783999678254105,0.0,8.254823236546878,0.486821575838627,0.35434080017831276,0.5547475760615179,0.5513763512760503,0.0,0.0,0.2,1.6094379124341005,0.0,1.0,2.5422298924765725,0.0,0.3656485691676013,0.0,0.0,14331.0,4170.119519428364,9.570180302058072,8.335939748648153,6.379480120194746,0.0,0.6047396928158305
89390cb052fffff,Espontáneo,0.20581905007620732,1.0,11.016083352362703,0.27676548163007536,0.24350830268583526,0.33174523570712133,0.2550429064972696,0.0,0.0,0.0,0.0,0.0,0.0,5.0742397170706885,0.0,2.318224819449135,0.0,0.0,,,,,0.0,0.0,
89390ca25a3ffff,Espontáneo,0.2639009294429195,1.0,7.719568211745875,0.38343734908428995,0.3346149559790483,0.33174523570712133,0.4839518555667001,0.0,0.0,0.3333333333333333,1.0986122886681096,0.0,0.0,2.852246981118975,0.0,0.5554759007928425,9.234322473475885,0.0,34765.0,8336.7619671295,10.456366412533118,9.028550110075638,7.151739728102755,2.325747019899748,0.09607408548690788
89390cb1ca7ffff,Planificado,0.579209181897621,0.0,5.807444492889319,0.370416805973476,0.24350830268583526,0.33174523570712133,0.5359968795274713,0.0,0.0,0.0,0.0,0.0,0.0,0.952795641161177,0.0,0.9087478906786879,0.0,0.0,,,,,7.577405706608484,0.0,
89390cb890fffff,Planificado,0.6673817784532852,0.0,8.700493771332892,0.5241465136149188,0.5838069764850106,0.504012036108325,0.48462052825142093,27.663261405613987,0.1,0.1,2.1267016659970075,9.221087135204662,0.0,1.137543161435421,0.0,1.2356540382260055,0.0,0.0,,,,,5.525226056610424,0.0,
89390ca2187ffff,Planificado,0.40853806492518907,0.0,7.753855911531535,0.5195772502693266,0.35116460492588875,0.630558341691742,0.5770088041903488,0.0,0.0,0.0,1.5607104090414068,0.0,2.0,3.0069174105087852,0.0,0.20897427517674125,9.235335610035325,0.0,,,,,7.739668534003602,2.325846009004122,
89390cbad93ffff,Espontáneo,0.14145328821379025,1.0,5.360531977940778,0.28698131431331025,0.24350830268583526,0.33174523570712133,0.28569040454697425,0.0,0.0,0.0,0.0,0.0,0.0,3.4943007439694322,0.0,2.772945394795458,0.0,0.0,,,,,0.0,0.0,
89390cb188bffff,Planificado,0.743954967148905,0.0,3.745458387463191,0.3769549388907463,0.3294327426724618,0.33174523570712133,0.4696868382926558,0.0,0.0,0.0,1.0397207708399179,0.0,0.0,1.3662540688062028,0.0,1.161248308424157,0.0,0.0,,,,,7.972639561973849,0.0,
89390cba977ffff,Espontáneo,0.2853424752222594,1.0,3.7844467569177684,0.6741892343697761,0.8004012036108324,0.6188565697091274,0.6033099297893681,193.61047866912526,0.23595505617977527,0.20224719101123595,3.8295297992105124,64.53682622304176,0.0,0.5797231793914739,0.0,0.7574382829347418,138.29319904937518,0.0,14830.888532991672,24380.069925823653,9.60446734790168,10.101562287462961,8.026497780984947,4.936581057263511,0.704466578737614
89390ca01d7ffff,Transición,0.470507571874772,,9.56810910814289,0.3870964746090122,0.24350830268583526,0.33174523570712133,0.58603588543408,0.0,0.0,0.0,0.0,0.0,0.0,0.6680818783267652,0.0,0.7867762598095328,0.0,0.0,,,,,0.0,0.0,
89390cb5ad7ffff,Espontáneo,0.14340804857216655,1.0,14.026205035365281,0.25109588023329243,0.24350830268583526,0.33174523570712133,0.17803410230692074,0.0,0.0,0.0,0.0,0.0,0.0,7.300906681103131,0.0,3.9450774376680084,0.0,0.0,,,,,8.083579963162984,0.0,
89390ca30c7ffff,Espontáneo,0.3214637424854838,1.0,3.447753152377541,0.6653850440209518,0.717430067981723,0.5073553995319291,0.7713696645492032,55.34169543621269,0.4,0.2,2.430791328878232,9.223615906035448,0.0,0.3424017000227816,1.0,0.8862475797705988,55.34169543621269,0.0,16827.35207178675,23650.39843390029,9.730760940985242,10.071177522569421,8.113459613611665,4.0314348549349655,0.5562417481042079
89390cb724fffff,Transición,0.4999621185935305,,10.932723892091044,0.28869014450759684,0.24350830268583526,0.33174523570712133,0.29081689512983394,0.0,0.0,0.0,0.0,0.0,0.0,4.453088269594695,0.0,1.8325386596711437,0.0,0.0,,,,,0.0,0.0,
89390ca300fffff,Planificado,0.562178250551903,0.0,4.076043042869517,0.5597904825587875,0.24350830268583526,0.7323637579404881,0.703499387050039,0.0,0.0,1.0,0.0,9.22463418732226,1.0,1.2457936600678412,0.0,0.054503155689212004,0.0,0.0,,,,,6.95304499620126,0.0,
89390cb89c7ffff,Transición,0.5092388924568312,,8.293082274490784,0.4840911623760169,0.5549983283182882,0.33174523570712133,0.5655299231026413,9.220067794645193,0.2,0.4,1.6094379124341005,0.0,0.0,0.8080873759798304,0.0,0.8133545714360122,18.440135589290385,0.0,,,,,7.119646312754487,2.9673397737657052,
89390cb56bbffff,Planificado,0.7816242278625051,0.0,9.602883198502418,0.35173111928377726,0.3294327426724618,0.33174523570712133,0.39401537947174853,0.0,0.0,0.0,1.0397207708399179,0.0,0.0,5.000903766716481,0.0,0.6447110548052111,0.0,0.0,,,,,6.362113325538295,0.0,
89390ca2cabffff,Planificado,0.42308000889537484,0.0,10.39418180697127,0.2875385415505776,0.24350830268583526,0.33174523570712133,0.28736208625877635,0.0,0.0,0.0,0.0,0.0,0.0,4.332597692770694,0.0,1.9982876552358584,0.0,0.0,,,,,7.258269295356537,0.0,
89390cb081bffff,Planificado,0.6889142288824093,0.0,8.0164681916832,0.5192707752888295,0.35695976819346925,0.5547475760615179,0.6461049816115012,0.0,0.0,0.0,1.6674619334292948,0.0,1.0,0.8412181276105271,0.0,0.46193808476818715,0.0,0.0,,,,,7.907541248879021,0.0,
89390ca2473ffff,Planificado,0.8564658577078373,0.0,4.394517280166974,0.830500761543891,0.9027081243731194,0.8894182547642929,0.6993759054942607,276.89192351873476,0.45454545454545453,0.12121212121212122,3.745781535152313,36.9189231358313,2.0,0.9032874151485143,0.0,0.266200155380891,73.8378462716626,9.229730783957825,28445.754609544467,37569.437458086424,10.255754205556526,10.533972782314079,7.526194310620029,4.315323723221392,0.17671530002691688
89390cb1b77ffff,Espontáneo,0.1351778521276497,1.0,0.5214256330845791,0.7747037408521863,0.675916638805305,0.9201771982614511,0.7280173854898028,73.79910848884053,0.08247422680412371,0.4948453608247423,3.1243125671109664,64.57421992773547,2.0,0.5061886130330244,0.0,0.31850122108877893,894.8141904271915,0.0,27854.0,6301.536375580218,10.234731861613037,8.748707430656719,7.241213516331161,6.797733014714031,0.4012422165576134
89390ca2057ffff,Espontáneo,0.11729243398734643,1.0,4.500856547753648,0.726364278019243,0.9455031761952525,0.642761618187897,0.5908280396745793,784.61332882938,0.45454545454545453,0.1497326203208556,3.9086843903196002,101.53819549556681,0.0,0.689657752152656,0.0,0.7541982867288427,83.07670540546376,9.23074504505153,11642.479413993433,47063.99323493685,9.362415706677467,10.759284760242585,7.530856258588545,4.431729541755593,0.8070187834861656
89390ca04c3ffff,Espontáneo,0.19488585894264715,1.0,5.389259318119883,0.6863739366246889,0.8541179092834058,0.6141758609160816,0.5908280396745793,249.21629994150481,0.36486486486486486,0.13513513513513514,3.6753673418536734,55.38139998700107,0.0,0.9471428250766346,0.0,0.6253502310182261,64.61163331816792,9.230233331166845,9544.0,22221.35001534739,9.163667963777751,10.008853818868051,9.387237135655608,4.183753017394861,0.89025827739159
89390cba847ffff,Espontáneo,0.48287510927043553,1.0,6.575020672572821,0.5440952487090902,0.24350830268583526,0.7198261451019725,0.6689512983394629,0.0,0.0,1.0,0.0,9.214973120606247,1.0,0.807789878246111,0.0,0.39930797157661624,0.0,0.0,16962.0,5113.699304091,9.738730826921646,8.539873889578715,6.408326622875864,0.0,0.44828991866796897
89390cb8d2bffff,Planificado,0.6979668209656347,0.0,7.120379348434131,0.5265333036145473,0.6357405549983284,0.33174523570712133,0.6121141201381923,9.220063107787828,0.5,0.5,0.6931471805599453,0.0,0.0,0.9803676969849899,0.0,0.528002116264238,0.0,0.0,,,,,8.138090336993153,0.0,
89390ca33b3ffff,Espontáneo,0.35715333750530315,1.0,5.3570202686339865,0.766428916378766,0.6917976150674244,0.8350050150451354,0.7724841190237378,73.81540608974626,0.3076923076923077,0.34615384615384615,2.5209215961804534,55.361554567309696,1.0,0.5229096697248526,0.0,0.12056216115941724,0.0,0.0,9868.0,28788.78942642865,9.197052477649247,10.26777606945751,4.003513442529635,0.0,0.7926414530661441
89390ca00a7ffff,Planificado,0.7658722120607431,0.0,9.002770874822136,0.9102492663174709,0.9272261228128831,0.8497158141089936,0.953805862030536,452.5062437583354,0.47572815533980584,0.14563106796116504,3.7763780842991608,64.64374910833364,1.0,0.1442892263772937,1.0,0.20406341839517822,0.0,0.0,17666.52119487909,43630.34365886999,9.77942666958012,10.683531062317066,4.180162141780678,0.0,0.3280224249780184
89390cb8cb3ffff,Espontáneo,0.3464431240683546,1.0,7.31169582131303,0.6662766076005795,0.6398083138303802,0.8207957204948177,0.5382257884765407,36.86498982139908,0.23529411764705882,0.47058823529411764,2.5577938601077324,46.081237276748844,1.0,2.2118630147094254,0.0,0.4683161219989002,9.21624745534977,0.0,,,,,7.33767217180363,2.3239793407694753,
89390ca1403ffff,Planificado,0.5909510965564955,0.0,8.145553893395162,0.4476485010587317,0.24350830268583526,0.5547475760615179,0.5446896244288421,0.0,0.0,0.0,0.0,0.0,1.0,2.4483938657907234,0.0,0.4090877008564543,0.0,0.0,,,,,4.161482955401938,0.0,
89390cb0b07ffff,Espontáneo,0.47222905381659086,1.0,7.3438421125850875,0.6370593261265277,0.8343363423604145,0.5934470076897359,0.48339462832943275,147.71256853120593,0.43243243243243246,0.13513513513513514,3.3345041647630422,36.92814213280148,0.0,2.5109520388713036,0.0,0.6145311460797473,36.92814213280148,9.23203553320037,18217.0,22015.29438837393,9.81011050303083,9.99953811220862,8.604751483709823,3.635693373030084,0.4669774934207519
89390ca2b7bffff,Espontáneo,0.20344464911030327,1.0,12.968094887537601,0.2654351944723058,0.24350830268583526,0.33174523570712133,0.22105204502396078,0.0,0.0,0.0,0.0,0.0,0.0,4.813800383414534,0.0,4.553634280846471,0.0,0.0,,,,,3.1002775631851183,0.0,
89390ca342bffff,Planificado,0.8736033650594827,0.0,2.2011088523311737,0.7619153757569004,0.7286860581745236,0.8311601471079906,0.7258999219881868,55.3416909031706,0.42857142857142855,0.21428571428571427,2.4036404106149494,9.223615150528433,3.0,0.5010278179357277,0.0,0.3263592965108541,27.6708454515853,0.0,,,,,8.285366511119317,3.3558807685286847,
89390cb02cfffff,Planificado,0.5616343835392422,0.0,8.359580655959721,0.34324269103607113,0.3829822801738549,0.33174523570712133,0.31500055722723724,0.0,0.0,0.2,2.3025850929940455,0.0,0.0,4.066234532531463,0.0,1.582690549349428,0.0,0.0,,,,,2.44475873787522,0.0,
89390cb13b7ffff,Espontáneo,0.4138153725512287,1.0,6.28855936376381,0.3020264497195289,0.24350830268583526,0.33174523570712133,0.3308258107656302,0.0,0.0,0.0,0.0,0.0,0.0,4.461823305675816,0.0,1.1657299170837632,0.0,0.0,,,,,0.0,0.0,
89390ca2343ffff,Planificado,0.4523758594222805,0.0,5.943836014259528,0.7123221516401056,0.6615958988075338,0.778335005015045,0.6970355510977377,36.92908363901751,0.25,0.1875,2.772588722239781,18.464541819508757,1.0,0.9705352469665345,0.0,0.25122802885991535,0.0,0.0,13787.549204052099,15859.349258550763,9.531521232298969,9.671577516292574,8.158105688028044,0.0,0.5110534429227785
89390cb1a47ffff,Espontáneo,0.08555569832083784,1.0,2.5860294377956725,0.8033452208477284,0.8562353727850217,0.8352557673019058,0.7185445224562578,368.8124018423753,0.30303030303030304,0.12878787878787878,3.8611523078757313,18.440620092118767,2.0,0.6368251879898797,0.0,0.30284539677331757,156.74527078300952,27.66093013817815,13638.27571261877,37212.98332312278,9.520635509375644,10.524439865412988,7.13927565009625,5.060981521783408,0.756264071522102
89390cbab33ffff,Espontáneo,0.24202117766320294,1.0,5.447433927610465,0.5954251643820349,0.8639251086593113,0.33174523570712133,0.5906051487796723,193.58382472790734,0.7,0.16666666666666666,3.0602870926086956,0.0,0.0,1.2630955376548332,0.0,0.5121307512647527,36.873109471982346,0.0,8465.885506115013,43301.28195104279,9.043799897024739,10.675960613549805,7.709396779495521,3.6342413476525826,0.9107610002109556
89390ca0393ffff,Planificado,0.8194473726683482,0.0,9.889318794501747,0.44634830417177457,0.5693747910397859,0.33174523570712133,0.43792488576841637,9.23456992475561,0.125,0.125,2.0794415416798357,0.0,0.0,1.7215674745880394,0.0,1.23588981815779,0.0,0.0,,,,,8.0142245721621,0.0,
89390cb5c93ffff,Transición,0.5429819284991632,,15.622128165868533,0.2496842378988818,0.24350830268583526,0.33174523570712133,0.17379917530368882,0.0,0.0,0.0,0.0,0.0,0.0,10.70140346437755,0.0,3.258678202931327,0.0,0.0,,,,,0.0,0.0,
89390ca3283ffff,Planificado,0.5886386322406824,0.0,5.141698281430909,0.7558973215944128,0.7153126044801069,0.831494483450351,0.7208848768527805,92.22346779632602,0.2857142857142857,0.3142857142857143,2.8917136024766323,55.33408067779561,1.0,0.8188868258212876,0.0,0.21175462411883522,0.0,18.444693559265204,10823.0,18356.01361798419,9.289428778295147,9.817766993971862,6.547343671134992,0.0,0.7198117323130129
89390ca2e67ffff,Planificado,0.7390318991495775,0.0,9.486321608034327,0.3428154834874995,0.24350830268583526,0.33174523570712133,0.45319291206954193,0.0,0.0,0.0,0.0,0.0,0.0,1.456778772064435,0.0,1.2873724594246596,0.0,0.0,,,,,2.8208818625708405,0.0,
89390ca053bffff,Espontáneo,0.35762446228078587,1.0,8.92811845776807,0.37049110293844495,0.24350830268583526,0.33174523570712133,0.5362197704223782,0.0,0.0,0.0,0.0,0.0,0.0,1.2913769279327352,0.0,0.7200061020974327,0.0,0.0,,,,,0.0,0.0,
89390cb545bffff,Planificado,0.7108393600856346,0.0,10.05493401637981,0.3139511125970504,0.24350830268583526,0.33174523570712133,0.3665997993981946,0.0,0.0,0.0,0.0,0.0,0.0,4.7566951960488515,0.0,0.8015367709595386,0.0,0.0,,,,,5.997005615781222,0.0,
89390cb09d7ffff,Espontáneo,0.44508207365377783,1.0,9.602451327107916,0.5871874883910992,0.7509194249414911,0.6429287863590772,0.3677142538727293,138.48461298408031,0.3191489361702128,0.3829787234042553,2.9725086068163153,101.55538285499223,0.0,2.939349794676491,0.0,1.344430446994746,9.23230753227202,0.0,,,,,6.645081974372593,2.3255501197545057,
89390ca262fffff,Planificado,0.6688091734669672,0.0,3.6268042860883853,0.5491845908094654,0.34536944165830824,0.630558341691742,0.6716259890783461,0.0,0.0,0.25,1.3862943611198906,0.0,2.0,1.1775407032561613,0.0,0.26471191330498456,0.0,0.0,27181.0,5916.920596127418,10.21027347878698,8.68574041552094,8.846330708089829,0.0,0.11459186252606417
89390cb1d33ffff,Espontáneo,0.05437174017427229,1.0,5.119116950319018,0.5772967049296036,0.6462721497826814,0.33174523570712133,0.7538727292990082,36.90165163464018,0.13793103448275862,0.13793103448275862,2.9785439348439606,0.0,0.0,0.4516245824075472,1.0,0.9339874335493152,332.11486471176164,27.676238725980134,14769.0,46014.788138740354,9.600285668426311,10.736739836991982,6.29044588051158,5.808487369576998,0.7449994535304167
89390ca2213ffff,Planificado,0.36674870092481004,0.0,3.8346160389747785,0.7946896244288421,0.7722055054051041,0.8890839184219325,0.7227794494594896,119.98310268829445,0.3333333333333333,0.23076923076923078,3.259138925204432,36.91787775024444,2.0,0.758515255241979,0.0,0.23837188543293913,9.22946943756111,0.0,18063.97794928335,27916.85608985859,9.80167506568915,10.237021766315474,8.782517234063812,2.3252727152325727,0.3734238944472404
89390cb1917ffff,Planificado,0.7503272933931859,0.0,3.521079429775179,0.511135257624726,0.5967903711133401,0.33174523570712133,0.6048701660537167,18.452846800812797,0.1111111111111111,0.1111111111111111,2.505289990918418,0.0,0.0,1.0669466943918813,0.0,0.5241836167317468,9.226423400406398,0.0,,,,,9.55617888086338,2.3249749001040563,
89390ca356fffff,Planificado,0.6994194860182776,0.0,3.2986559422025334,0.6229243285411791,0.35740554998328317,0.853226345703778,0.6581410899364761,0.0,0.0,0.7777777777777778,1.6769877743224173,73.81334958783275,1.0,0.7949853710368338,0.0,0.43775978561186885,18.453337396958187,0.0,,,,,8.972433571299018,2.9680186438773815,
89390ca3153ffff,Espontáneo,0.2305350860275901,1.0,4.417849771139082,0.7907797466473494,0.8728407444555889,0.8105984620528252,0.6889000334336343,286.0267629901591,0.4189189189189189,0.14864864864864866,3.5134686503256853,36.9066790955044,1.0,0.5311404652718965,0.0,0.43685099458127724,18.4533395477522,0.0,10818.541494184901,35944.11718636709,9.289016746104243,10.489748531570317,5.903043402887146,2.9680187544390733,0.8216485673479401
89390ca20cfffff,Espontáneo,0.10597194445620668,1.0,4.363503766680292,0.7893495300716967,0.7277387718711691,0.7746573052490806,0.8656525130948401,110.7658910917542,0.2926829268292683,0.24390243902439024,2.914574127813654,18.4609818486257,1.0,0.3470516432300945,1.0,0.46552152906271366,101.53540016744134,36.9219636972514,16522.162755972695,38255.42728428032,9.712457955937792,10.552066858714579,5.666082322983564,4.630208106440073,0.6240376168469924
89390cb72dbffff,Planificado,0.7118406523392528,0.0,11.549744023640544,0.2739050484787696,0.24350830268583526,0.33174523570712133,0.2464616070433523,0.0,0.0,0.0,0.0,0.0,0.0,4.56600757024808,0.0,3.088275855996325,0.0,0.0,,,,,6.7515996065710375,0.0,
89390cb0cc3ffff,Transición,0.5061964470097093,,9.905075650528612,0.6065975704892455,0.8187897024406553,0.6350718823136074,0.3659311267134737,175.307602817121,0.4222222222222222,0.35555555555555557,3.0864843020031634,83.04044343968889,0.0,3.2839706145608614,0.0,1.1868954759094459,18.45343187548642,0.0,24992.0,25299.20821590422,10.126311052639412,10.138567904559384,6.645789919309086,2.9680235005401165,
89390cb532bffff,Espontáneo,0.30789392669616217,1.0,11.932499158063388,0.2698558638879602,0.24350830268583526,0.33174523570712133,0.2343140532709239,0.0,0.0,0.0,0.0,0.0,0.0,6.175132606281656,0.0,2.2280925300520265,0.0,0.0,,,,,0.0,0.0,
89390cb08a7ffff,Planificado,0.8223681424215072,0.0,9.225037998172263,0.3259872209220253,0.24350830268583526,0.33174523570712133,0.4027081243731194,0.0,0.0,0.0,0.0,0.0,0.0,2.3269713234753833,0.0,1.2384140720142833,9.231287940312765,0.0,24196.0,4702.66117135421,10.093942609226804,8.456096457084994,6.993136909631307,2.325450470407795,0.29928234264867887
89390cb048bffff,Espontáneo,0.41712374050094697,1.0,12.860210696907169,0.5581466622088488,0.6494483450351053,0.5547475760615179,0.4702440655299231,18.43718609312967,0.4,0.0,1.6094379124341005,0.0,1.0,7.241218768133146,0.0,0.21673114184455777,9.218593046564836,0.0,,,,,7.061978179067444,2.3242089086220012,
89390cb1c03ffff,Planificado,0.6947477919907659,0.0,5.530807045606971,0.33222816597941973,0.24350830268583526,0.33174523570712133,0.4214309595453026,0.0,0.0,0.0,0.0,0.0,0.0,2.144720704435312,0.0,1.1281717127551254,0.0,0.0,,,,,4.898268095747605,0.0,
89390ca054fffff,Planificado,0.7978420205840111,0.0,8.357498137828513,0.6904974181804673,0.8554552546528474,0.5590103644266132,0.6570266354619413,184.68621339036864,0.4444444444444444,0.1111111111111111,3.4021007838873794,18.46862133903686,0.0,0.6207890061704034,0.0,0.5137350861190015,0.0,0.0,18662.0,25658.597571347833,9.834244649793968,10.152672954934715,5.926742112723962,0.0,0.28793554212506445
89390cba8d3ffff,Espontáneo,0.35527792651198986,1.0,6.960494778592924,0.4899420483673242,0.7294661763066977,0.33174523570712133,0.4086147330881533,55.28374173463113,0.46153846153846156,0.3076923076923077,2.2450352741261774,0.0,0.0,2.169241736539879,0.0,1.2721083022072242,0.0,9.213956955771854,12919.0,22819.060293296934,9.466454374960302,10.03539526553777,3.914611337424706,0.0,0.6258575537098969
89390cb5e4fffff,Espontáneo,0.18020056480275792,1.0,13.07142478003999,0.2596028827222408,0.24350830268583526,0.33174523570712133,0.20355510977376576,0.0,0.0,0.0,0.0,0.0,0.0,6.817133023277281,0.0,2.860150130962524,0.0,0.0,,,,,5.264992410595823,0.0,
89390ca0133ffff,Planificado,0.6206702649798912,0.0,11.068179842900864,0.3117222036479809,0.24350830268583526,0.33174523570712133,0.35991307255098626,0.0,0.0,0.0,0.0,0.0,0.0,2.1746088627048823,0.0,2.216478226936296,0.0,0.0,,,,,0.0,0.0,
89390cb8923ffff,Transición,0.5195900890602692,,8.564687073080625,0.3438184925145807,0.24350830268583526,0.33174523570712133,0.45620193915078566,0.0,0.0,0.0,0.0,0.0,0.0,1.3632474209203476,0.0,1.3439535236388105,0.0,0.0,,,,,6.608953899283486,0.0,
89390ca148fffff,Espontáneo,0.4209245178753273,1.0,7.517547133393375,0.3658846911103681,0.24350830268583526,0.33174523570712133,0.5224005349381478,0.0,0.0,0.0,0.0,0.0,0.0,2.3126627239852082,0.0,0.5056956702801232,0.0,0.0,,,,,5.61165631701255,0.0,
89390cb5617ffff,Planificado,0.5987213474631775,0.0,9.280381065511518,0.32115791819904155,0.24350830268583526,0.33174523570712133,0.3882202162041681,0.0,0.0,1.0,0.0,0.0,0.0,4.651227988463703,0.0,0.7085038484020456,18.470703098707187,0.0,,,,,7.103049458233989,2.968910930632818,
89390cb0b93ffff,Espontáneo,0.40823370197705705,1.0,7.827215597468442,0.6801701400497789,0.7710910509305694,0.630558341691742,0.6388610275270254,64.61716106312662,0.7,0.0,2.3025850929940455,0.0,2.0,1.8621878635979483,0.0,0.1816517641494804,0.0,0.0,16775.0,26646.353789999026,9.727644961839882,10.190445129729552,5.813626128600565,0.0,0.3655165535768916
89390ca768bffff,Espontáneo,0.3227680660799898,1.0,14.662110175384715,0.2505015045135406,0.24350830268583526,0.33174523570712133,0.17625097514766522,0.0,0.0,0.0,0.0,0.0,0.0,6.66186678150972,0.0,6.463992827065179,0.0,0.0,,,,,0.0,0.0,
89390ca2c07ffff,Planificado,0.33280859395966983,0.0,10.198764539466126,0.2923678442735614,0.24350830268583526,0.33174523570712133,0.30184999442772764,0.0,0.0,0.0,0.0,0.0,0.0,3.97989291785599,0.0,1.8989522706004671,0.0,0.0,,,,,0.0,0.0,
89390ca23cfffff,Planificado,0.9125745103235817,0.0,5.741822677665152,0.8182603365652513,0.8613618633678813,0.9347208291541291,0.6586983171737435,193.8776956462685,0.5,0.19047619047619047,3.263113208772819,83.09044099125792,2.0,1.036689877707198,0.0,0.35358703749197384,0.0,9.232271221250882,24572.056919170547,51556.23369674418,10.109365178705136,10.850447803494793,4.423800387278357,0.0,0.12905273980153162
89390cb1ad3ffff,Espontáneo,0.22866117893229027,1.0,3.5214543069938964,0.3404751290909766,0.24350830268583526,0.33174523570712133,0.44617184887997324,0.0,0.0,0.0,0.0,0.0,0.0,1.7081919129349459,0.0,1.1424987530094088,0.0,0.0,,,,,0.0,0.0,
89390ca330fffff,Planificado,0.6444432235287487,0.0,6.453839017098424,0.3564489765593075,0.24350830268583526,0.33174523570712133,0.49409339128496593,0.0,0.0,0.0,0.0,0.0,0.0,1.824599587688903,0.0,0.7294960134581358,0.0,0.0,,,,,8.462178719773878,0.0,
89390cb2a13ffff,Espontáneo,0.4192247415919943,1.0,12.014701366341761,0.26480367027006946,0.24350830268583526,0.33174523570712133,0.21915747241725178,0.0,0.0,0.0,0.0,0.0,0.0,5.5359094644119295,0.0,3.2871003874158,0.0,0.0,,,,,0.0,0.0,
89390ca0003ffff,Espontáneo,0.6286906552439242,1.0,8.612790741909356,0.8243434005720865,0.8936253204056613,0.8590772316950852,0.7203276496155132,332.39856953619693,0.4186046511627907,0.20930232558139536,3.7286455716354636,83.09964238404923,1.0,0.8592505153354334,0.0,0.1934548153886494,9.233293598227691,9.233293598227691,11580.985578903998,28453.68769970891,9.357119857946058,10.256068195742728,7.455194875334943,2.325646483008157,0.7516024198448122
89390cba387ffff,Espontáneo,0.4226230642368171,1.0,10.545544977983942,0.26840707307106504,0.24350830268583526,0.33174523570712133,0.22996768082023852,0.0,0.0,0.0,0.0,0.0,0.0,4.91031465914794,0.0,3.6020806075461427,0.0,0.0,,,,,0.0,0.0,
89390cb0a63ffff,Planificado,0.7572856821331827,0.0,4.9416663426044485,0.9158679742932502,0.8507745458598017,0.9409060514877967,0.9559233255321521,452.18226525656894,0.27071823204419887,0.2154696132596685,3.894605517703853,101.5103044453522,2.0,0.2523385411591627,1.0,0.1694581356607397,359.90017030624875,36.912837980128074,31983.26758023801,44636.62577006872,10.372968156910636,10.706332409486384,8.305870833946845,5.888601383541812,0.1598217252326627
89390ca2ad7ffff,Planificado,0.6334368136305766,0.0,9.672025084806611,0.36540176083806974,0.3294327426724618,0.33174523570712133,0.43502730413462604,0.0,0.0,0.25,1.0397207708399179,0.0,0.0,1.5988330869999172,0.0,1.4048016076618515,0.0,0.0,,,,,7.770458205284951,0.0,
89390cb50cbffff,Transición,0.45886642745272893,,10.130096209285414,0.286201196181136,0.24350830268583526,0.33174523570712133,0.28335005015045134,0.0,0.0,0.0,0.0,0.0,0.0,5.307483795430399,0.0,1.57974839219627,0.0,0.0,,,,,7.040134319693773,0.0,
89390ca26bbffff,Planificado,0.8239500989194964,0.0,3.1992760182774873,0.9059586165905124,0.9296779226568596,0.8839852892009361,0.9042126379137413,830.5609285531693,0.37815126050420167,0.17647058823529413,4.171040379098043,193.7975499957395,1.0,0.35836309150001017,1.0,0.3327048620106348,322.99591665956586,0.0,25038.42899505766,49354.84781702235,10.12816708343182,10.806811534640268,8.971239964660173,5.780730912810338,0.2780719590563928
89390cb022bffff,Planificado,0.8720887603157198,0.0,7.180199779932651,0.32528139975482,0.24350830268583526,0.33174523570712133,0.40059066087150336,0.0,0.0,0.0,0.0,0.0,0.0,2.5591721861714065,0.0,1.1222386599591756,0.0,0.0,,,,,7.8815067360694275,0.0,
89390cbaeabffff,Transición,0.4779390130456275,,7.85945824954989,0.32539284520227346,0.24350830268583526,0.33174523570712133,0.4009249972138638,0.0,0.0,0.0,0.0,0.0,0.0,2.324275146711641,0.0,1.2650754927157941,0.0,0.0,,,,,0.0,0.0,
89390cb19a3ffff,Planificado,0.6733199900138235,0.0,4.043137675345634,0.6024740889334671,0.6994316282179872,0.5127047810096957,0.5952858575727181,83.04469524688419,0.23684210526315788,0.02631578947368421,2.980920409722227,9.22718836076491,0.0,1.1743521773342447,0.0,0.5206284319716766,0.0,0.0,34765.0,18749.229441195286,10.456366412533118,9.838961268187436,8.298129553714311,0.0,0.04189492708032108
89390cbaa8fffff,Espontáneo,0.1774636780424867,1.0,7.722606359920865,0.5298395185556669,0.6861138972472974,0.33174523570712133,0.5716594227125822,46.06852181992893,0.35714285714285715,0.14285714285714285,2.3419942522324253,0.0,0.0,0.8435609668145456,0.0,0.7602814889747141,0.0,0.0,12708.0,31563.11501791408,9.449986995389407,10.359776153593039,6.898813802304256,0.0,0.5617755515778761
89390cb116bffff,Espontáneo,0.41149256980792365,1.0,6.016673794906938,0.3061499312753074,0.24350830268583526,0.33174523570712133,0.34319625543296556,0.0,0.0,0.0,0.0,0.0,0.0,4.14631455008715,0.0,1.1210128898420035,0.0,0.0,,,,,0.0,0.0,
89390cb0893ffff,Planificado,0.5695482042169931,0.0,9.165979595148078,0.36268992161670194,0.24350830268583526,0.33174523570712133,0.5128162264571493,0.0,0.0,0.0,0.0,0.0,0.0,1.929503981715682,0.0,0.6194257451704798,0.0,0.0,,,,,2.7835359105685864,0.0,
89390cb5317ffff,Planificado,0.5943552701688659,0.0,11.64147476564793,0.4697239867751402,0.6076563022400535,0.531427616181879,0.27008804190348823,18.481397413186375,0.2222222222222222,0.2222222222222222,2.1972245773362196,9.240698706593188,0.0,6.6270713341446,0.0,1.3481962722266607,0.0,0.0,22411.0,16134.17918619535,10.017307188735588,9.688757209859498,6.023531771270167,0.0,0.20018139250320013
89390cb0d4fffff,Planificado,0.7543129165743134,0.0,9.6005182719385,0.5025911066532932,0.7914855678145548,0.33174523570712133,0.3845425164382035,83.07704424195407,0.5294117647058824,0.29411764705882354,2.670119889806817,0.0,0.0,2.460962101642335,0.0,1.409307354810602,0.0,0.0,,,,,8.767234784628963,0.0,
89390ca2dc3ffff,Planificado,0.7886057462740657,0.0,11.424420736618108,0.29937033322188783,0.3213529477320851,0.33174523570712133,0.24501281622645713,0.0,0.0,0.0,0.6931471805599453,0.0,0.0,5.03250973921558,0.0,2.6561793515874346,0.0,0.0,,,,,7.19998165242152,0.0,
89390cb53b7ffff,Planificado,0.5886179996415716,0.0,12.480461712229884,0.4375255395817081,0.6492254541401984,0.33174523570712133,0.33160592889780455,9.24172267150183,0.5,0.0,0.6931471805599453,0.0,0.0,7.527540453402197,0.0,0.7115225198734693,0.0,0.0,,,,,6.372360943530271,0.0,
89390cb0933ffff,Transición,0.5048337425524276,,9.990473648197517,0.33189382963705927,0.24350830268583526,0.33174523570712133,0.4204279505182213,0.0,0.0,0.0,0.0,0.0,0.0,4.104640348709763,0.0,0.6314069150629459,0.0,0.0,,,,,0.0,0.0,
89390ca258bffff,Planificado,0.5842940096264052,0.0,6.811722164648492,0.3628570897878822,0.3346149559790483,0.33174523570712133,0.42221107767747695,0.0,0.0,0.3333333333333333,1.0986122886681096,0.0,0.0,2.106787861249863,0.0,1.1407995602951073,0.0,0.0,34765.0,2948.5721973850586,10.456366412533118,7.989415420982189,7.480668332479907,0.0,0.0719253130305924
89390cb1c8fffff,Planificado,0.5576101701444934,0.0,6.110495231257459,0.3222723726735763,0.24350830268583526,0.33174523570712133,0.3915635796277723,0.0,0.0,0.0,0.0,0.0,0.0,1.9676204611430483,0.0,1.7499130383970487,0.0,0.0,,,,,0.0,0.0,
89390ca216fffff,Planificado,0.44648808887504016,0.0,7.791858839208034,0.6328243991232959,0.7873620862587764,0.5962888665997994,0.5148222445113118,129.29819908870033,0.3783783783783784,0.21621621621621623,3.0955578320472603,36.942342596771525,0.0,1.858070819938629,0.0,0.6280313757688999,0.0,0.0,,,,,9.106264882296998,0.0,
89390cbad7bffff,Espontáneo,0.41787282981233265,1.0,4.838093231149861,0.49932204019465803,0.7446784798840967,0.33174523570712133,0.4215424049927561,55.30203284699251,0.5454545454545454,0.09090909090909091,2.1458417525947544,0.0,0.0,2.6083425197471946,0.0,0.9127602887515467,9.217005474498752,0.0,13659.375529661016,24949.65161712195,9.522181416828051,10.12465521775734,4.061231513696153,2.3240535354316694,0.6978567263990134
89390cb1873ffff,Planificado,0.8798162097986585,0.0,2.453084966824112,0.7465730524908057,0.80385601248189,0.6086593112671348,0.8272038337233925,193.67466604791537,0.25609756097560976,0.2073170731707317,3.7694965507448632,55.33561887083297,0.0,0.21967271384554818,1.0,0.643278686379227,166.0068566124989,18.445206290277657,23477.60430548437,41477.92727793224,10.06380223745388,10.63294080082131,8.392861715860521,5.1180348691337905,0.30809104968944223
89390ca05dbffff,Planificado,0.46110917927870493,0.0,7.108465702351207,0.7659552732270886,0.7654073331104425,0.9143263122701437,0.6181321743006798,92.33290236397923,0.4,0.28,2.8443053266982625,55.39974141838754,2.0,1.7622286027371004,0.0,0.2909051074648064,0.0,0.0,16028.399891774892,20408.635214151243,9.682117421018976,9.92376238274614,4.358213394561706,0.0,0.44639819418760535
89390ca1d53ffff,Espontáneo,0.5716996409682112,1.0,13.20331223966953,0.25926854637988034,0.24350830268583526,0.33174523570712133,0.2025521007466845,0.0,0.0,0.0,0.0,0.0,0.0,5.499355687955047,0.0,4.837526671960521,0.0,0.0,,,,,0.0,0.0,
89390ca34cbffff,Espontáneo,0.4081583408531016,1.0,2.578690296271757,0.5095935956016197,0.31221442104090047,0.5547475760615179,0.6618187897024407,0.0,0.0,0.25,0.5623351446188083,0.0,1.0,0.653879428542454,0.0,0.4828334413212686,9.221071883502704,0.0,,,,,0.0,2.3244514602448874,
89390cb2bcfffff,Planificado,0.5809395615415692,0.0,12.0402218426534,0.2747223150934284,0.24350830268583526,0.33174523570712133,0.24891340688732866,0.0,0.0,0.0,0.0,0.0,0.0,4.977384884245811,0.0,2.578465321441054,0.0,0.0,,,,,0.0,0.0,
89390ca30afffff,Planificado,0.5464808974895157,0.0,3.588772142584676,0.4774044355288087,0.24350830268583526,0.5547475760615179,0.6339574278390727,0.0,0.0,0.0,0.0,0.0,1.0,1.4573937572721025,0.0,0.30881813167837646,0.0,0.0,,,,,0.0,0.0,
89390cb89afffff,Transición,0.4633089727883006,,7.945291146350698,0.3734629815372042,0.24350830268583526,0.33174523570712133,0.545135406218656,0.0,0.0,0.0,0.0,0.0,0.0,0.9073614112059946,0.0,0.8824041385964541,0.0,0.0,14620.0,4431.741229077076,9.59014573330377,8.396773459271122,5.694105276512897,0.0,
89390cb0cafffff,Transición,0.5411741664671742,,10.340320204160795,0.3346799658233961,0.24350830268583526,0.33174523570712133,0.42878635907723167,0.0,0.0,0.0,0.0,0.0,0.0,3.1454633121318376,0.0,0.7366556081213622,0.0,0.0,,,,,8.029021805103767,0.0,
89390ca2c93ffff,Planificado,0.6723756291136251,0.0,9.673868107067493,0.5615921839592852,0.7243396857238382,0.5819124038783016,0.378524462275716,55.42885258541832,0.375,0.125,2.685945324669788,27.71442629270916,0.0,4.719378332560537,0.0,0.7483047674310486,18.47628419513944,0.0,16325.0,9286.827845080761,9.700452954144632,9.136459988007925,5.744788937954471,2.969197530283176,0.6339027397499295
89390cb8593ffff,Planificado,0.5965078535022553,0.0,10.141359852182292,0.2892845202273487,0.24350830268583526,0.33174523570712133,0.2926000222890895,0.0,0.0,0.0,0.0,0.0,0.0,3.632122393561053,0.0,2.3927356291921105,0.0,0.0,,,,,0.0,0.0,
89390cb5287ffff,Planificado,0.6434799234260378,0.0,9.570637273828664,0.33204242356699726,0.24350830268583526,0.33174523570712133,0.4208737323080352,0.0,0.0,0.0,0.0,0.0,0.0,4.64947594288865,0.0,0.5715162319162773,0.0,0.0,32685.000000000004,432.5646644445433,10.39467153604683,6.07204095336496,0.0,0.0,0.2273203556586321
89390ca245bffff,Planificado,0.733141232524188,0.0,3.54029854162558,0.6963483041717745,0.8261451019725844,0.6417586091608157,0.6211412013819236,249.1614715144141,0.3176470588235294,0.27058823529411763,3.5992467128784873,101.51022913550204,0.0,0.6174739443226894,0.0,0.6535232875454173,258.3896741630961,18.456405297364007,21414.818938193344,35469.466171427994,9.971838435107978,10.476455690377328,7.517295577090499,5.558331464471289,0.431497572598408
89390cba82fffff,Espontáneo,0.44315741860217706,1.0,5.291138327703631,0.6408484713399458,0.835283628663769,0.5829154129053828,0.5043463724506855,230.42513261820503,0.352112676056338,0.2535211267605634,3.5727442673888827,36.8680212189128,0.0,1.3430237142174402,0.0,0.8737117708632556,18.4340106094564,0.0,15406.716434336024,23927.607858143852,9.642558825423501,10.082830003620678,7.5480268480427215,2.967024655339523,0.579398941130446
89390ca1c23ffff,Espontáneo,0.23623901769899575,1.0,12.808111367382882,0.2597886251346632,0.24350830268583526,0.33174523570712133,0.20411233701103312,0.0,0.0,0.0,0.0,0.0,0.0,5.480384534283413,0.0,4.64577406447146,0.0,0.0,,,,,3.878982246393231,0.0,
89390cb1327ffff,Espontáneo,0.24388503707777423,1.0,5.31101238665488,0.2899531929120695,0.24350830268583526,0.33174523570712133,0.294606040343252,0.0,0.0,0.0,0.0,0.0,0.0,3.578013417598744,0.0,2.377571387333591,0.0,0.0,,,,,0.0,0.0,
89390ca339bffff,Transición,0.4553565302229428,,5.079367500934322,0.36811360005943755,0.24350830268583526,0.33174523570712133,0.529087261785356,0.0,0.0,0.0,0.0,0.0,0.0,1.2696552099690637,0.0,0.7620429578383083,0.0,0.0,,,,,8.0366226379643,0.0,
89390ca008fffff,Espontáneo,0.20964058587747875,1.0,8.19052362210035,0.8670455811880085,0.8403543965229021,0.817786693413574,0.9429956536275492,286.232063228547,0.3163265306122449,0.1836734693877551,3.722845759636466,36.93316944884477,1.0,0.42298936099421713,1.0,0.15831788654674697,0.0,0.0,11702.800213675213,32901.89422286282,9.36758342665207,10.401315903184086,8.448308552886633,0.0,0.5968372309425233
89390cb8c9bffff,Espontáneo,0.3944932996505494,1.0,8.098486723670902,0.34463575912923955,0.24350830268583526,0.33174523570712133,0.4586537389947621,0.0,0.0,0.0,0.0,0.0,0.0,2.0249664160956713,0.0,0.8632640381697324,0.0,0.0,,,,,3.785211545806731,0.0,
89390cb2843ffff,Espontáneo,0.34892534940974734,1.0,13.343111659982632,0.2536219770422378,0.24350830268583526,0.33174523570712133,0.18561239273375682,0.0,0.0,0.0,0.0,0.0,0.0,6.611668232614053,0.0,4.350234474885892,0.0,0.0,,,,,0.0,0.0,
89390ca2b63ffff,Espontáneo,0.3964346808881381,1.0,13.29008211013771,0.2619060886362792,0.24350830268583526,0.33174523570712133,0.21046472751588097,0.0,0.0,0.0,0.0,0.0,0.0,5.156858586493613,0.0,4.8983404639768295,0.0,0.0,,,,,4.573346958851847,0.0,
89390cb2267ffff,Espontáneo,0.10530521573169148,1.0,13.564524834493325,0.34755191500427207,0.3346149559790483,0.33174523570712133,0.3762955533266466,0.0,0.0,0.3333333333333333,1.0986122886681096,0.0,0.0,7.959377117983315,0.0,0.5166677706247816,0.0,0.0,,,,,6.710348931029136,0.0,
89390cb5157ffff,Espontáneo,0.5836361950094558,1.0,12.634955329865287,0.5889706155503548,0.569374791039786,0.7549314610498161,0.4426055945614622,9.24147216356259,0.14285714285714285,0.42857142857142855,1.945910149055314,9.24147216356259,1.0,7.708323288872463,0.0,0.30258204760002594,46.20736081781295,18.48294432712518,,,,,4.754677855441631,3.8545498299625813,
89390cb1e4bffff,Transición,0.5196773306489302,,4.7214713729976685,0.2999461347003975,0.24350830268583526,0.33174523570712133,0.3245848657082358,0.0,0.0,0.0,0.0,0.0,0.0,2.9134561431925543,0.0,2.2576073281284383,0.0,0.0,19778.0,83.15452088820349,9.892325487829936,4.432654643355382,0.0,0.0,
89390cb02b7ffff,Espontáneo,0.14120272108349405,1.0,8.597279705139835,0.32353542107804895,0.24350830268583526,0.33174523570712133,0.3953527248411903,0.0,0.0,0.0,0.0,0.0,0.0,3.213027387190533,0.0,0.9222686922401656,0.0,0.0,,,,,8.404108801651093,0.0,
89390ca232bffff,Espontáneo,0.4137284495113754,1.0,7.245473220918683,0.672368958728036,0.6455477543742338,0.6618187897024406,0.7097403321074335,9.234309555378326,0.5,0.0,0.6931471805599453,0.0,4.0,0.8368997770317056,0.0,0.2531141134075978,0.0,0.0,,,,,9.456643649634431,0.0,
89390cb1a2fffff,Espontáneo,0.34606752364516197,1.0,1.2052034301964623,0.7803595973104498,0.7215535495375014,0.8707790036776997,0.7487462387161484,73.7787557327348,0.23529411764705882,0.20588235294117646,3.347877419079571,18.4446889331837,8.0,0.6235014225318369,0.0,0.19287192760199515,498.00660119595983,0.0,21883.001405975396,22673.401906877698,9.993465422904022,10.028991897871526,8.80158932569651,6.212619324513637,0.45249080186701485
89390cbab1bffff,Espontáneo,0.14660945781808377,1.0,6.240406039583386,0.6944537315650656,0.918199041569152,0.5979605483116015,0.5672016048144433,368.67011728029604,0.449438202247191,0.11235955056179775,3.8320642876651076,46.083764660037005,0.0,1.4577028567337382,0.0,0.530886069528806,0.0,0.0,11326.18371559633,27026.303197782192,9.334872467237616,10.204602863585784,8.121831643212827,0.0,0.6384180295340359
89390ca3687ffff,Espontáneo,0.08420221500180677,1.0,3.4784553029154535,0.7815483487499536,0.8507745458598016,0.8421932464058843,0.6516772539841748,295.07431310605796,0.3333333333333333,0.21875,3.731242479624215,64.54750599195017,1.0,0.7241364766372989,0.0,0.4894806321932202,36.884289138257245,27.663216853692933,15184.153846153846,32106.86006898276,9.628007652921262,10.376856141106389,7.985306574556613,3.63453649153453,0.5999749371549152
89390ca326bffff,Espontáneo,0.14141259558231317,1.0,7.271434590497688,0.761896801515658,0.7498049704669564,0.8632564359745905,0.6726289981054273,110.67128823068799,0.27906976744186046,0.13953488372093023,3.31348446331539,18.445214705114665,3.0,1.102114576954059,0.0,0.28448309591272974,0.0,0.0,10030.0,38339.22120625238,9.21333588095598,10.554254786177472,7.525108582526819,0.0,0.7188273557299261
89390cb0ddbffff,Planificado,0.5896559005339236,0.0,10.459384516148699,0.3630428322003046,0.36158475426278835,0.33174523570712133,0.3957985066310041,0.0,0.0,0.16666666666666666,1.791759469228055,0.0,0.0,3.2295835127753056,0.0,0.9140047930089491,0.0,0.0,,,,,4.643569338427648,0.0,
89390ca2e4fffff,Espontáneo,0.25284973887452916,1.0,8.492373859237965,0.8394071102195476,0.8031873397971693,0.8039117352056169,0.9111222556558566,147.77750196135912,0.45714285714285713,0.14285714285714285,2.797546834876509,27.708281617754835,1.0,0.42283988943384465,1.0,0.2911917111426532,9.236093872584945,0.0,10653.41703673799,25119.524738699034,9.273635968196691,10.131440509643378,7.507043331280553,2.3259200890824685,0.804669933976873
89390cb5443ffff,Planificado,0.5932317425107978,0.0,10.317053611769477,0.30109773765741665,0.24350830268583526,0.33174523570712133,0.32803967457929345,0.0,0.0,0.0,0.0,0.0,0.0,5.101556926093189,0.0,1.0237387527725328,0.0,0.0,,,,,0.0,0.0,
89390cb5027ffff,Transición,0.47648721853619047,,11.998471457441966,0.334141312827371,0.3213529477320851,0.33174523570712133,0.34932575504290647,0.0,0.0,0.5,0.6931471805599453,0.0,0.0,7.075748551655746,0.0,0.6552561118015168,9.240451032830734,0.0,,,,,6.548356111897106,2.326345664816234,
89390ca355bffff,Planificado,0.8664709602337177,0.0,2.2043525840780487,0.9244864222296519,0.9273375682603365,0.9472584419926446,0.8988632564359745,682.6228244116148,0.4,0.1783783783783784,4.027615607036232,119.92022591014855,2.0,0.21233513337954332,1.0,0.3868830052339775,184.49265524638238,9.224632762319118,18132.155337864853,66076.87275649757,9.805442179080345,11.098589215735066,8.430885712230518,5.223015286904488,0.48905903121876787
89390ca2617ffff,Planificado,0.9535800697273163,0.0,2.9247769677427526,0.8178795646197852,0.9271704000891563,0.869441658308258,0.6570266354619414,941.2763390539471,0.375,0.19852941176470587,4.08902518974292,110.73839282987613,1.0,0.7139177995733613,0.0,0.4769300454493333,461.4099701244839,9.228199402489677,25722.66954700183,55196.37722258967,10.155127965617176,10.918670717052837,8.742890129545762,6.136451878813616,0.2744705486712175
89390cb1d1bffff,Espontáneo,0.35234221428847046,1.0,5.05192728165497,0.5247873249377762,0.36158475426278835,0.5547475760615179,0.6580296444890226,0.0,0.0,0.3333333333333333,1.791759469228055,0.0,1.0,0.90946233728815,0.0,0.3992780842142277,9.223885751340733,0.0,,,,,8.897449753614985,2.3247267230168682,
89390cb0187ffff,Planificado,0.6190176620004834,0.0,10.392398350682535,0.3150098443478584,0.31355176641034216,0.33174523570712133,0.2997325309261117,0.0,0.0,0.0,0.6365141682948128,0.0,0.0,4.479897849473612,0.0,1.6440231849751854,0.0,0.0,,,,,0.0,0.0,
89390cbae07ffff,Espontáneo,0.16160459876150218,1.0,8.083290375398098,0.33326832348898544,0.24350830268583526,0.33174523570712133,0.4245514320739998,0.0,0.0,0.0,0.0,0.0,0.0,2.226218652833586,0.0,1.0350051941015863,0.0,0.0,,,,,0.0,0.0,
89390ca3557ffff,Planificado,0.8406067541407664,0.0,2.0556385805488757,0.7584327055239792,0.6894572606709016,0.8421096623202942,0.7437311935807421,64.57777271429408,0.28,0.36,2.7860846934917882,18.450792204084024,2.0,0.8151916599811212,0.0,0.08033668169268424,9.225396102042012,0.0,23514.424898785426,28374.481155739195,10.065369337298678,10.25328071167039,8.30053699439857,2.3248744397645615,0.201023381486137
89390ca313bffff,Planificado,0.5617831821077897,0.0,5.121624640391439,0.5710278985103457,0.6082135294773209,0.5153794717485791,0.5894906943051376,27.68611836200149,0.13043478260869565,0.17391304347826086,2.461498150210258,9.228706120667164,0.0,1.0445882426657243,0.0,0.5891092001933849,0.0,0.0,11875.0,9422.474414581331,9.382190628902842,9.15095913338761,5.014537935859432,0.0,0.717414268137134
89390ca15a7ffff,Espontáneo,0.1068444660291933,1.0,8.354094202960228,0.29931461049816116,0.24350830268583526,0.33174523570712133,0.3226902931015268,0.0,0.0,0.0,0.0,0.0,0.0,3.188314362584576,0.0,2.0156155016769834,0.0,0.0,,,,,0.0,0.0,
89390cb0cabffff,Transición,0.4691167066392948,,10.231507161243727,0.33839481407184513,0.24350830268583526,0.33174523570712133,0.4399309038225789,0.0,0.0,0.0,0.0,0.0,0.0,3.097702263222001,0.0,0.6985821836120117,0.0,0.0,,,,,6.215224179786548,0.0,
89390ca118bffff,Espontáneo,0.32798858940010517,1.0,10.318798667073452,0.2657323823321817,0.24350830268583526,0.33174523570712133,0.22194360860358853,0.0,0.0,0.0,0.0,0.0,0.0,5.097350418044729,0.0,3.8578422955168596,0.0,0.0,,,,,0.0,0.0,
89390cb5313ffff,Planificado,0.8031267476868693,0.0,11.31007785700945,0.3141740034919573,0.34536944165830824,0.33174523570712133,0.2654073331104424,0.0,0.0,0.0,1.3862943611198906,0.0,0.0,6.417894837683775,0.0,1.4901023755184548,0.0,0.0,,,,,6.44475975743059,0.0,
89390cb088fffff,Planificado,0.5712072058448974,0.0,8.730815108762657,0.34861064675508,0.24350830268583526,0.33174523570712133,0.47057840187228345,0.0,0.0,0.0,0.0,0.0,0.0,1.5369703137398698,0.0,1.0122094518351918,0.0,0.0,,,,,0.0,0.0,
89390ca066bffff,Espontáneo,0.07330970753675863,1.0,8.151778905532721,0.3088989189791597,0.24350830268583526,0.33174523570712133,0.3514432185445225,0.0,0.0,0.0,0.0,0.0,0.0,2.8431920213502235,0.0,1.6935988761350014,0.0,0.0,,,,,0.0,0.0,
89390cb0473ffff,Espontáneo,0.08070924950921975,1.0,11.556445431341722,0.3056112782792823,0.31355176641034216,0.33174523570712133,0.27153683272038337,0.0,0.0,0.0,0.6365141682948128,0.0,0.0,5.981082217240439,0.0,1.5205771244618378,0.0,0.0,,,,,0.0,0.0,
89390cb0057ffff,Espontáneo,0.6629499976629782,1.0,9.54932903426614,0.3299435343066236,0.35434080017831276,0.33174523570712133,0.30374456703443664,0.0,0.0,0.4,1.6094379124341005,0.0,0.0,4.034412944700389,0.0,1.8266001921842896,0.0,0.0,,,,,8.856510464920285,0.0,
89390ca20cbffff,Espontáneo,0.46513878706157935,1.0,4.022682867692189,0.8917771834020579,0.8742338125487574,0.8740387830157138,0.9270589546417028,304.58938852169456,0.38823529411764707,0.10588235294117647,3.6648253185398603,27.68994441106314,2.0,0.4704692082174995,1.0,0.20685915153197046,138.4497220553157,36.91992588141752,17700.972345679013,49913.64640971831,9.781374851837185,10.818069753897259,8.380480467584036,4.937704120922108,0.5145036850440484
89390ca0537ffff,Espontáneo,0.30412701924270946,1.0,9.259487682298351,0.3417010290129648,0.24350830268583526,0.33174523570712133,0.4498495486459378,0.0,0.0,0.0,0.0,0.0,0.0,1.4966018246074022,0.0,1.2964737989427857,0.0,0.0,,,,,7.395351135410388,0.0,
89390cba8bbffff,Planificado,0.6455721400785086,0.0,5.593994262242385,0.6659422712582191,0.9009807199375905,0.5825810765630224,0.5142650172740444,322.55961144172625,0.4375,0.1375,3.73966144845845,36.863955593340144,0.0,2.184180316470487,0.0,0.5582849490764292,9.215988898335036,0.0,13049.583850931676,37253.76290961866,9.476511523424884,10.525535078979352,5.471840003417497,2.32395403203574,0.6847092150091992
89390ca3427ffff,Planificado,0.8776242392857767,0.0,1.8702814405390609,0.789535272484119,0.896912961105539,0.6287194918087596,0.8429733645380586,571.9114564871333,0.3502824858757062,0.15819209039548024,3.9664543433122157,73.79502664350107,0.0,0.39637493456103884,2.0,0.5891027022853581,285.9557282435666,0.0,18681.967089170557,62414.843978027915,9.83531401079815,11.041574432032148,8.77744647769759,5.65932794686973,0.4864597950881335
89390cb8d27ffff,Planificado,0.5997220126575588,0.0,6.6411705920422035,0.3836416657379546,0.24350830268583526,0.33174523570712133,0.5756714588209072,0.0,0.0,0.0,0.0,0.0,0.0,1.0693492586992728,0.0,0.6331441738172656,0.0,0.0,,,,,8.409168243008533,0.0,
89390cb1903ffff,Planificado,0.8983368506051189,0.0,3.163681159152441,0.7227794494594897,0.676306697871392,0.824974924774323,0.6670567257327539,55.35700649701759,0.2,0.23333333333333334,3.0254038830243926,46.13083874751466,1.0,0.7723328495511639,0.0,0.41913117786736936,0.0,0.0,34473.0,6411.5618323109775,10.447931687925744,8.766014131898187,9.245301372743972,0.0,0.05219147894330456
89390ca300bffff,Planificado,0.6721395402480328,0.0,4.06003403805555,0.4873230803521676,0.24350830268583526,0.5547475760615179,0.6637133623091497,0.0,0.0,0.0,0.0,0.0,1.0,1.0566190912367026,0.0,0.3290131626837272,129.13775573252585,0.0,,,,,8.864873882395235,4.868593548893751,
89390cb890bffff,Planificado,0.6383940021832304,0.0,8.7879801447562,0.4792618596530332,0.6252089602139753,0.33174523570712133,0.4808313830380029,27.66173643164657,0.10344827586206896,0.10344827586206896,2.853177212788956,0.0,0.0,1.170190280858712,0.0,1.2440932753262866,0.0,0.0,,,,,6.876990084405096,0.0,
89390ca1477ffff,Planificado,0.7278380651183962,0.0,8.788283074371417,0.42626954938890743,0.5628552323637579,0.33174523570712133,0.38420818009584307,9.224902470496435,0.25,0.25,1.3862943611198906,0.0,0.0,3.0236650720457323,0.0,1.102654815418307,9.224902470496435,0.0,,,,,4.13235057780588,2.324826163545618,
89390cb0b7bffff,Transición,0.5000824867239907,,6.331599878233872,0.6262491177235409,0.5830825810765631,0.7433968572383818,0.552267914855678,9.231266505292092,0.07142857142857142,0.21428571428571427,2.5400363038209806,9.231266505292092,1.0,1.8761199500892471,0.0,0.48349533676705747,9.231266505292092,0.0,,,,,7.704633632015326,2.3254483753594246,
89390ca7673ffff,Planificado,0.6200374946509536,0.0,15.3131769147583,0.24700954715999848,0.24350830268583526,0.33174523570712133,0.16577510308703888,0.0,0.0,0.0,0.0,0.0,0.0,7.235007255655553,0.0,7.052208810265399,0.0,0.0,,,,,0.0,0.0,
89390cb1ed7ffff,Espontáneo,0.3163281444431085,1.0,5.41628305556032,0.3035495375013931,0.24350830268583526,0.33174523570712133,0.3353950741112226,0.0,0.0,0.0,0.0,0.0,0.0,3.543747070689947,0.0,1.520804655453163,0.0,0.0,,,,,0.0,0.0,
89390ca23b7ffff,Planificado,0.5252996477089903,0.0,7.104354039346632,0.5935956016196738,0.7337011033099298,0.5794048813105984,0.4676808202384932,73.87652725697652,0.38095238095238093,0.2857142857142857,2.623521756271808,27.703697721366193,0.0,1.9571833410395998,0.0,0.8300190550359625,18.46913181424413,0.0,10768.0,14217.53984257152,9.284334051884509,9.56230201472147,8.284377930660392,2.9688302274419893,0.8339257856130496
89390cb1abbffff,Transición,0.5068942767607311,,2.2904235465071308,0.7671718860284558,0.8562353727850217,0.7883650952858576,0.6569151900144878,175.20525384073866,0.5277777777777778,0.1111111111111111,3.198437171478363,27.663987448537686,1.0,1.0974095545361646,0.0,0.33643408528230867,9.221329149512561,0.0,,,,,4.529755822941456,2.3244766300876525,
89390cbaba7ffff,Planificado,0.647852293881025,0.0,4.771215073993007,0.5421078048961699,0.3213529477320851,0.630558341691742,0.674412125264683,0.0,0.0,0.5,0.6931471805599453,0.0,2.0,0.5681431840374912,0.0,0.47620833338017104,0.0,0.0,12618.0,1879.6080981798154,9.442879644930755,7.5393504600018515,0.0,0.0,0.8257616075533593
89390ca0407ffff,Espontáneo,0.355387939925282,1.0,6.542285312045297,0.37691779040826184,0.24350830268583526,0.33174523570712133,0.5554998328318288,0.0,0.0,0.0,0.0,0.0,0.0,1.5129580852659164,0.0,0.5637738052380112,0.0,0.0,,,,,7.539833381432159,0.0,
89390cb0e67ffff,Espontáneo,0.32517141502979324,1.0,6.578547378697219,0.7051153460381143,0.6715145436308926,0.7348712805081912,0.7089602139752591,36.90778832084347,0.3333333333333333,0.16666666666666666,2.3693821196946763,9.226947080210868,1.0,1.004493483702291,0.0,0.176298617382888,55.36168248126521,18.453894160421736,12486.319488100584,20299.738331589942,9.432388883000607,9.918412535382751,6.986340353051573,4.031789538984927,0.7987951124271618
89390ca2edbffff,Espontáneo,0.29268216769049565,1.0,7.527214968771425,0.48568854712285003,0.24350830268583526,0.5547475760615179,0.658809762621197,0.0,0.0,0.0,0.0,0.0,1.0,1.2585455896651188,0.0,0.2847781613379955,0.0,0.0,,,,,6.889741348880208,0.0,
89390cb54cfffff,Espontáneo,0.35078764235968063,1.0,10.728968521886324,0.2902503807719454,0.24350830268583526,0.33174523570712133,0.29549760392287977,0.0,0.0,0.0,0.0,0.0,0.0,5.131183065264361,0.0,1.4510309057653512,0.0,0.0,,,,,0.0,0.0,
89390cb0a4bffff,Planificado,0.7777804864176533,0.0,4.449621086793994,0.7960734054013893,0.7954976039228798,0.8689401537947175,0.7237824584865709,156.85358773682879,0.3333333333333333,0.3137254901960784,3.377921017701534,18.453363263156326,3.0,0.7557972495835517,0.0,0.2364340782591711,101.4934979473598,0.0,32953.0,12033.880229924142,10.402837582827095,9.395564398354121,8.78174692365817,4.629799361906495,0.14718976229731673
89390cb50b3ffff,Planificado,0.5775824813758689,0.0,11.941777681228047,0.26758980645640623,0.24350830268583526,0.33174523570712133,0.2275158809762621,0.0,0.0,0.0,0.0,0.0,0.0,7.111015280820092,0.0,2.005930103447595,0.0,0.0,,,,,5.930121751887885,0.0,
89390ca26a3ffff,Planificado,0.46358528869343474,0.0,3.5182424923321878,0.8671198781529775,0.8248077566031428,0.8366766967569375,0.9398751810988522,230.72410225797123,0.25773195876288657,0.16494845360824742,3.9302926916690453,55.373784541913096,1.0,0.4057455574470113,1.0,0.18344272271243908,359.9295995224351,18.457928180637698,22938.34471774907,40748.83878915188,10.040565231050671,10.615207162566751,8.115246722108028,5.88868292414164,0.37466725796211997
89390cb1da7ffff,Espontáneo,0.11172268003551743,1.0,5.800071096582273,0.7679334299193878,0.8441435417363201,0.7673019057171515,0.6923548423046918,258.3259051212682,0.35443037974683544,0.189873417721519,3.577323861429393,18.45185036580487,1.0,0.5537618184789472,0.0,0.4195295026922074,359.81108213319493,18.45185036580487,13822.17594734033,40620.23168561231,9.534029534084162,10.612046156821698,7.037523804169779,5.88835450316353,0.784301095104107
89390ca261bffff,Planificado,0.834053632844572,0.0,2.3369313753948764,0.7106690441695456,0.8989189791597013,0.6643263122701437,0.5687618410787919,978.1081008142132,0.3375796178343949,0.23885350318471338,3.8704880882195,230.68587283354086,0.0,0.672772110019675,0.0,0.8968503302140585,507.50892023378987,9.227434913341634,29493.51217725691,42334.744779912515,10.291925591945919,10.653387038455291,9.619112498510956,6.231482757584092,0.19580251157616607
89390ca2287ffff,Planificado,0.7192537748412319,0.0,4.01966236457125,0.47588134774694457,0.24350830268583526,0.5547475760615179,0.6293881644934806,0.0,0.0,0.0,0.0,0.0,1.0,1.471251640232714,0.0,0.3212456124775404,0.0,0.0,12133.0,6307.447188686647,9.403684292051873,8.749644837879421,0.0,0.0,0.7961903916259833
89390cb198bffff,Planificado,0.6925054419826947,0.0,3.626282551649825,0.9301515658085368,0.885489802741558,0.9602975593447007,0.9446673353393513,571.9909717375409,0.3522727272727273,0.23295454545454544,3.7917726080322423,202.96453835848226,2.0,0.4623289655680557,1.0,0.11754435619327755,230.64152086191166,46.128304172382336,23325.071615720524,48205.156783670565,10.057284096052546,10.783242025982435,7.897171715089321,5.445191007963352,0.33154822106871645
89390cbaa77ffff,Espontáneo,0.4676574937998969,1.0,8.014917923011552,0.3459731044986812,0.24350830268583526,0.33174523570712133,0.4626657751030871,0.0,0.0,0.0,0.0,0.0,0.0,1.4735225769040448,0.0,1.145035745702518,0.0,0.0,,,,,0.0,0.0,
89390cb05a7ffff,Espontáneo,0.28190180417437644,1.0,12.272422946198445,0.2583398343177681,0.24350830268583526,0.33174523570712133,0.1997659645603477,0.0,0.0,0.0,0.0,0.0,0.0,6.28584707044114,0.0,3.556875283747195,0.0,0.0,,,,,0.0,0.0,
89390cb156fffff,Espontáneo,0.07771779526049241,1.0,8.161809279419128,0.5516271035328206,0.9280062409450575,0.33174523570712133,0.39512983394628326,470.01633313171044,0.4722222222222222,0.12037037037037036,3.7894245092082963,0.0,0.0,5.230387774634547,0.0,0.6195543254145545,230.40016329985806,0.0,15698.350023397286,24991.940311415958,9.661310891762504,10.126348676428107,7.47596652975759,5.444148520463122,0.7035811518425659
89390cb502bffff,Espontáneo,0.41244918431971994,1.0,11.400776237933568,0.49130725509862927,0.6512871949180875,0.5309261116683384,0.2917084587094617,36.95873470775236,0.2857142857142857,0.2857142857142857,2.3046193848206715,9.23968367693809,0.0,6.476369245408224,0.0,1.1060931204210773,0.0,0.0,,,,,6.706519000628401,0.0,
89390cb1153ffff,Espontáneo,0.45054169887038503,1.0,7.286009589954569,0.33232103718563094,0.3213529477320851,0.33174523570712133,0.3438649281176864,0.0,0.0,0.5,0.6931471805599453,0.0,0.0,5.352102658686112,0.0,0.8607814445907804,27.648002863013904,0.0,,,,,5.298772387337796,3.3550837326337803,
89390ca31c7ffff,Espontáneo,0.17413977638305803,1.0,4.015556938634785,0.7589342100375199,0.7625654742003789,0.8439485122032765,0.6702886437089045,138.4076720555856,0.3,0.16,3.2533976735624144,18.45435627407808,2.0,0.875616683207541,0.0,0.365596447007329,64.59024695927327,9.22717813703904,10319.781102362205,34546.99422940885,9.241817827799183,10.450104773369041,8.76165427437515,4.183427010495587,0.8526987522906161
89390cb734fffff,Espontáneo,0.04414123463059756,1.0,12.590832942592165,0.2572625283257179,0.24350830268583526,0.33174523570712133,0.19653404658419704,0.0,0.0,0.0,0.0,0.0,0.0,6.72735024466113,0.0,3.2629892722992144,0.0,0.0,,,,,0.0,0.0,
89390cb0d37ffff,Planificado,0.6433607032012725,0.0,11.192875225099648,0.47262156840893055,0.5986849437200491,0.5573386827148111,0.26184107879193136,18.466168471200056,0.2222222222222222,0.4444444444444444,2.0431918705451206,18.466168471200056,0.0,4.229135968960801,0.0,2.8064370246767907,36.93233694240011,0.0,,,,,7.39724780780313,3.6358039657828334,
89390ca2dabffff,Planificado,0.4027026988061896,0.0,12.798916517972938,0.25889706155503545,0.24350830268583526,0.33174523570712133,0.20143764627214977,0.0,0.0,0.0,0.0,0.0,0.0,6.114921162526094,0.0,3.6650665329015117,0.0,0.0,18863.0,924.1854930410553,9.844957610345725,6.829994250425725,7.707610694400108,0.0,0.455565349080636
89390cb091bffff,Planificado,0.8057757969092081,0.0,9.308500370159798,0.5632824399123296,0.6722389390393403,0.6153460381143431,0.40226234258330545,55.39687869483012,0.3157894736842105,0.3157894736842105,2.302014103085905,55.39687869483012,0.0,3.0834329285166393,0.0,0.9127799193389667,0.0,0.0,17936.0,9628.997234257713,9.79456514531194,9.172638217591476,7.410441036807217,0.0,0.3483231965531435
89390ca2573ffff,Espontáneo,0.4301129390577946,1.0,6.592100344895939,0.6409599167873993,0.7618968015156581,0.636242059511869,0.5247408893346707,101.56627906519834,0.4230769230769231,0.38461538461538464,2.5884253066207537,83.09968287152593,0.0,1.6733584916530246,0.0,0.6338414142608246,9.233298096836213,0.0,,,,,6.924479078552715,2.325646922613206,
89390cb1c77ffff,Planificado,0.8784447228088417,0.0,4.815802481550617,0.379425312975965,0.3346149559790483,0.33174523570712133,0.4719157472417252,0.0,0.0,0.6666666666666666,1.0986122886681096,0.0,0.0,2.212310524732622,0.0,0.7279545116249411,0.0,0.0,,,,,4.56173971365279,0.0,
89390ca2157ffff,Planificado,0.6196144607780661,0.0,6.911145582307579,0.7021620416805975,0.7018834280619637,0.8020728853226345,0.6025298116571939,64.6401886195225,0.30434782608695654,0.21739130434782608,2.7738522086804824,27.70293797979536,1.0,2.696589323080371,0.0,0.14767715212361793,36.93725063972715,0.0,11011.928939617084,35864.26451930855,9.306734413246497,10.48752454394972,5.556484456149334,3.635933495874943,0.8418912359552632
89390cbad63ffff,Espontáneo,0.20386426000375277,1.0,4.49342935712248,0.5603755711579183,0.8791374122367102,0.33174523570712133,0.4702440655299231,258.0903833501754,0.6086956521739131,0.10869565217391304,3.1373882710242595,0.0,0.0,2.455301729712523,0.0,0.6820693434976394,18.435027382155386,27.652541073233078,16550.73958613276,24030.57959840961,9.714186067790584,10.087124061002461,7.13202525881276,2.9670769732126554,0.5267625654712382
89390cb185bffff,Planificado,0.7401655511282675,0.0,3.040489779469452,0.6838664140569858,0.768249192020506,0.630558341691742,0.6527917084587095,73.76861604510125,0.4444444444444444,0.1111111111111111,2.8133554045006157,0.0,2.0,1.17779803510065,0.0,0.3256156125894276,9.221077005637657,0.0,26909.0,12052.978559078681,10.200216082123742,9.39715005530229,9.229734356109397,2.3244519613795753,0.157733093922048
89390ca05c3ffff,Planificado,0.842175998967382,0.0,7.412408141647898,0.5932891266391769,0.5696534046584197,0.5547475760615179,0.6554663991975928,9.233799886974722,0.25,0.5,1.3862943611198906,0.0,1.0,1.4862556210753792,0.0,0.22343945756606393,0.0,0.0,,,,,8.231534374707051,0.0,
89390cba947ffff,Espontáneo,0.073448944670516,1.0,4.367602592528577,0.89154500538653,0.9537501393068094,0.8665997993981946,0.8542850774545859,1474.9647906299879,0.4244031830238727,0.1246684350132626,4.202161343163395,110.62235929724908,1.0,0.45571043869197053,1.0,0.4677606243108596,36.8741197657497,0.0,11148.73072128228,49231.069312075175,9.319080933752083,10.804300505427163,7.358821679461931,3.6342680230512094,0.7999303766442255
89390ca1d3bffff,Espontáneo,0.29070027533010007,1.0,14.061969587931664,0.25659385564099707,0.24350830268583526,0.33174523570712133,0.19452802853003456,0.0,0.0,0.0,0.0,0.0,0.0,5.789109418782963,0.0,5.467401998629507,0.0,0.0,,,,,0.0,0.0,
89390ca34b3ffff,Espontáneo,0.19425904553268653,1.0,0.7929386089939015,0.7491362977822357,0.7842416137300793,0.6205282514209295,0.8426390281956982,415.05125822801455,0.15254237288135594,0.09830508474576272,3.460311786639439,64.56352905769116,0.0,0.3132857931457699,2.0,0.6182231877182743,2084.4796524340286,138.3504194093382,16520.659219945694,53936.98456424816,9.712366950633877,10.89559023159536,7.940799036797067,7.642754156904689,0.7180250428899374
89390cb2bb7ffff,Espontáneo,0.3882441559694463,1.0,13.404421524593936,0.25800549797540767,0.24350830268583526,0.33174523570712133,0.19876295553326648,0.0,0.0,0.0,0.0,0.0,0.0,6.181098945143277,0.0,3.8047776354431293,0.0,0.0,,,,,0.0,0.0,
89390cb09c3ffff,Planificado,0.8591959058159432,0.0,9.247009813098678,0.3283275753185482,0.24350830268583526,0.33174523570712133,0.40972918756268806,0.0,0.0,0.0,0.0,0.0,0.0,2.6633911541687834,0.0,0.9884419932448696,0.0,0.0,20994.0,26130.357208275833,9.951991961595743,10.170891297781017,7.946475708463884,0.0,0.18801846733807182
89390cb1023ffff,Espontáneo,0.40358539712161684,1.0,7.823955359555381,0.5993536164047698,0.8716705672573276,0.6074891340688733,0.3189011478881088,248.8045835728133,0.43548387096774194,0.22580645161290322,3.4981070917945956,55.28990746062518,0.0,5.959338701992936,0.0,0.9420024671239888,18.429969153541727,0.0,24802.0,9091.769399554178,10.118679574062718,9.115234805188146,5.38094672343564,2.9668166758194694,0.3030177467333778
89390cb5447ffff,Transición,0.5445799449726191,,10.583910963697779,0.2906218655967903,0.24350830268583526,0.33174523570712133,0.2966120583974145,0.0,0.0,0.0,0.0,0.0,0.0,5.44640859209836,0.0,1.300569220869294,0.0,0.0,,,,,0.0,0.0,
89390ca3097ffff,Planificado,0.24721383545416561,0.0,2.4963639381185967,0.90685018017014,0.9072773877187116,0.8856569709127382,0.9276161818789702,636.4821108904807,0.41317365269461076,0.23952095808383234,3.693118580362418,212.16070363016024,1.0,0.2337039798341489,1.0,0.28872096806505615,249.05821730497073,27.67313525610786,15035.319875776397,59950.02060970405,9.61815737060545,11.001283184659439,9.116960677958362,5.521693759972301,0.6523564400501728
89390cb8997ffff,Espontáneo,0.2440190789480089,1.0,7.235687349417356,0.7608380697648501,0.7242282402763847,0.630558341691742,0.9277276273264237,46.10413339431399,0.45454545454545453,0.2727272727272727,2.2718685126965625,0.0,2.0,0.44946642895330047,1.0,0.21397582758729955,0.0,0.0,,,,,7.605005370867143,0.0,
89390ca1503ffff,Espontáneo,0.1688161830478423,1.0,8.552877624594505,0.28701846279579474,0.24350830268583526,0.33174523570712133,0.2858018499944277,0.0,0.0,0.0,0.0,0.0,0.0,3.691667433800046,0.0,2.5405750487160716,0.0,0.0,,,,,0.0,0.0,
89390cb568bffff,Planificado,0.7369133673379313,0.0,9.05570253896038,0.4706619859578736,0.33974144656190797,0.5547475760615179,0.517496935250195,0.0,0.0,0.6666666666666666,1.3296613488547582,0.0,1.0,4.343770648659431,0.0,0.27467603420551673,0.0,0.0,,,,,0.0,0.0,
89390cb0c07ffff,Planificado,0.6229772104778679,0.0,9.880775970642349,0.6961997102418366,0.778780786804859,0.7958876629889668,0.5139306809316839,92.28496536761642,0.43478260869565216,0.08695652173913043,2.83412587655526,27.685489610284925,1.0,2.7741793589254184,0.0,0.4616675489293655,18.456993073523282,0.0,29967.0,5586.781561364623,10.307852055200259,8.628337628947907,4.733154220582864,2.96820654650024,0.21850196656769974
89390ca2c7bffff,Planificado,0.32645993229130976,0.0,9.668324951009476,0.3112021248931981,0.24350830268583526,0.33174523570712133,0.3583528362866377,0.0,0.0,0.0,0.0,0.0,0.0,2.9288993645989647,0.0,1.519323119470586,0.0,0.0,19263.0,303.9850768845081,9.865941436462158,5.720262847162871,0.0,0.0,0.656173165471441
89390cb03cfffff,Transición,0.5345800169809055,,7.455322276914297,0.6155967903711134,0.7090159366989859,0.5547475760615179,0.5830268583528363,27.664822195024904,0.6,0.0,1.6094379124341005,0.0,1.0,1.9360284156321725,0.0,0.3675578940206274,0.0,0.0,34765.0,10407.956107207232,10.456366412533118,9.2504218786949,7.115778583518862,0.0,
89390ca2443ffff,Planificado,0.9278455566759835,0.0,3.815106014700976,0.6893829637059327,0.8606374679594339,0.6247074557004346,0.5828039674579294,286.0900713655128,0.3522727272727273,0.22727272727272727,3.7554497000040836,64.6009838567287,0.0,0.570471124132014,0.0,0.8858105252511639,147.65939167252276,9.228711979532672,24385.720249928996,19888.299817212297,10.101753004305413,9.89793716847385,8.142999736325212,5.001657727216413,0.3226778880438443
89390cb1b47ffff,Espontáneo,0.07417750498550703,1.0,0.17097370342373003,0.7137709424570007,0.8270366655522121,0.6668338348378469,0.6474423269809428,617.9993423113947,0.23024054982817868,0.26804123711340205,3.6559371654633703,350.50708966914925,0.0,0.5534664012604478,0.0,0.5755427729749247,2084.594796453361,36.89548312306834,19555.635479041917,24690.9249252588,9.881018783672179,10.114231543061198,9.991889604356835,7.64280936762834,0.6001118349303812
89390ca2027ffff,Espontáneo,0.1267892844254737,1.0,6.222205131574207,0.5668672684720829,0.6580296444890227,0.5575058508859914,0.48506631004123485,36.93317241441322,0.26666666666666666,0.2,2.615630577027551,18.46658620720661,0.0,2.034741291930988,0.0,0.7113164392951118,18.46658620720661,0.0,11285.94700658837,27348.71814547417,9.331313603018183,10.216461502329903,8.311782811519613,2.968699467966089,0.7816179490889618
89390cbac33ffff,Espontáneo,0.21329620931372312,1.0,6.419829932682768,0.28980459898213157,0.24350830268583526,0.33174523570712133,0.2941602585534381,0.0,0.0,0.0,0.0,0.0,0.0,3.6383070912822895,0.0,2.3380725397535893,0.0,0.0,,,,,0.0,0.0,
89390ca0493ffff,Planificado,0.5522646846998268,0.0,5.292097927207748,0.5636074891340689,0.7446227571603701,0.33174523570712133,0.6144544745347152,55.38598264383768,0.5,0.25,2.253857589601352,0.0,0.0,0.5264462022866774,0.0,0.7286958631861439,9.23099710730628,0.0,12149.327311696265,31467.579544607903,9.405029081943491,10.356744852230348,7.404481054872221,2.3254220441586417,0.711597710585314
89390cba817ffff,Planificado,0.5873692930222166,0.0,5.821743864492015,0.6717188602845573,0.8535606820461384,0.6183550651955868,0.543240833611947,340.982188499122,0.29133858267716534,0.2204724409448819,3.932546714897074,64.51014377010416,0.0,1.8321081329690738,0.0,0.5251846218392208,0.0,0.0,15750.323370693233,30202.444492085986,9.664616175515597,10.315711252888404,4.740874667048442,0.0,0.4258250747121531
89390ca3383ffff,Espontáneo,0.3955720864985192,1.0,5.150504140644998,0.3987982465916267,0.24350830268583526,0.33174523570712133,0.6211412013819235,0.0,0.0,0.0,0.0,0.0,0.0,0.9631184554044517,0.0,0.5053750649690916,0.0,0.0,,,,,0.0,0.0,
89390cb2a87ffff,Espontáneo,0.2974968061343847,1.0,12.676130028726032,0.25889706155503545,0.24350830268583526,0.33174523570712133,0.20143764627214977,0.0,0.0,0.0,0.0,0.0,0.0,6.055449409801674,0.0,3.836320812163517,0.0,0.0,,,,,0.0,0.0,
89390ca2e53ffff,Espontáneo,0.224868853452477,1.0,7.992195702093944,0.565659942791337,0.3213529477320851,0.630558341691742,0.7450685389501839,0.0,0.0,0.0,0.6931471805599453,0.0,2.0,0.6055716735532293,0.0,0.21669952704595027,0.0,0.0,,,,,9.464633320709492,0.0,
89390ca0077ffff,Planificado,0.9777434444834199,0.0,9.29967761840064,0.5893606746164419,0.7116349047141424,0.5259110665329322,0.5305360526022512,55.40282797245947,0.35294117647058826,0.11764705882352941,2.670119889806817,9.233804662076578,0.0,1.5713893588924426,0.0,0.6403152311600158,0.0,0.0,16959.0,30227.64979755073,9.738553945343401,10.316545422454181,4.57091284794208,0.0,0.37463855834529813
89390cb8c83ffff,Espontáneo,0.35738799683114936,1.0,7.829765562033169,0.5110981091422415,0.6843864928117687,0.33174523570712133,0.5171625989078347,27.64569469817335,0.42857142857142855,0.2857142857142857,1.945910149055314,0.0,0.0,2.031223250582232,0.0,0.5756181813542989,0.0,0.0,17074.366386030557,12583.152189852552,9.745333576050955,9.440193538582065,4.621984632325847,0.0,0.4215478375317019
89390cb555bffff,Transición,0.5286237060460968,,11.977951380286093,0.25874846762509746,0.24350830268583526,0.33174523570712133,0.20099186448233589,0.0,0.0,0.0,0.0,0.0,0.0,7.170502915154706,0.0,2.713846085461421,0.0,0.0,,,,,6.541770078732565,0.0,
89390cb0ad7ffff,Espontáneo,0.13048877588446545,1.0,5.980005480173924,0.6599613655782162,0.7623983060291987,0.5710464727515882,0.6464393179538616,129.1772111715344,0.2641509433962264,0.16981132075471697,3.433828037394836,27.6808309653288,0.0,0.5079650938894127,0.0,0.598562111742872,101.4963802062056,0.0,14112.040962837838,26975.739189290056,9.554783680937785,10.202730262164375,8.446288729742133,4.629827482893463,0.7139863485381621
89390cb224fffff,Espontáneo,0.05342364506303054,1.0,13.919616617893103,0.2740907908911921,0.24350830268583526,0.33174523570712133,0.24701883428061963,0.0,0.0,0.0,0.0,0.0,0.0,8.512229129732383,0.0,1.4059970992492472,0.0,0.0,,,,,0.0,0.0,
89390cb1e33ffff,Espontáneo,0.3829972304412174,1.0,3.973220622155641,0.4396801515658086,0.5601805416248746,0.33174523570712133,0.4271146773654297,9.220061558243387,0.25,0.0,1.3862943611198906,0.0,0.0,2.024482134789053,0.0,1.1321074749824367,0.0,0.0,,,,,0.0,0.0,
89390ca2313ffff,Planificado,0.7916162842314417,0.0,6.170319679536124,0.515147293733051,0.24350830268583526,0.6557171514543632,0.6462164270589547,0.0,0.0,0.0,0.0,0.0,3.0,1.6380120036310282,0.0,0.21275938189973662,0.0,0.0,,,,,9.165577494449304,0.0,
89390cb1a17ffff,Espontáneo,0.4425854855543628,1.0,2.2851929694182833,0.5164103421375237,0.24350830268583526,0.5547475760615179,0.7509751476652179,0.0,0.0,0.0,0.0,0.0,1.0,0.7876050307574445,0.0,0.026918611731510982,0.0,0.0,,,,,2.44475873787522,0.0,
89390cbab03ffff,Espontáneo,0.28819640648697437,1.0,5.967802517262397,0.47459972510122966,0.5763401315056281,0.33174523570712133,0.5157138080909395,9.21726102982576,0.0625,0.25,2.599301927099795,0.0,0.0,1.6286423801856085,0.0,0.6918400803049973,0.0,0.0,13493.686176470588,16008.61537099269,9.509977164393337,9.680944781404401,7.780761620383989,0.0,0.5360983946869083
89390ca366fffff,Transición,0.5100949909860162,,5.3437915583156785,0.8668134031724803,0.7618968015156581,0.8643430290872618,0.9742003789145214,64.54930825517216,0.5384615384615384,0.15384615384615385,2.351673301904631,27.66398925221664,2.0,0.23169616319929073,1.0,0.011150655886902604,18.44265950147776,0.0,14730.0,39986.70356457237,9.597641509456675,10.59632727494997,8.378636528786734,2.967469595306828,
89390ca3253ffff,Transición,0.5066559431946905,,6.533790382590595,0.372014190720309,0.24350830268583526,0.33174523570712133,0.5407890337679705,0.0,0.0,0.0,0.0,0.0,0.0,1.0875738503549726,0.0,0.7859848325366445,0.0,0.0,,,,,0.0,0.0,
89390cb2957ffff,Espontáneo,0.3488539186854297,1.0,14.236728525655915,0.2500557227237267,0.24350830268583526,0.33174523570712133,0.17491362977822356,0.0,0.0,0.0,0.0,0.0,0.0,7.044871095349986,0.0,4.638259936573652,0.0,0.0,,,,,0.0,0.0,
89390cb0dc3ffff,Espontáneo,0.41343634751457453,1.0,10.588353045506594,0.5712879378877372,0.797113562910955,0.5511534603811434,0.3655967903711133,101.53310982184554,0.4230769230769231,0.19230769230769232,3.0981394963538036,18.460565422153735,0.0,3.3473188964945146,0.0,1.1688544502567615,9.230282711076867,0.0,,,,,7.550521031097262,2.325352215073067,
89390cb542bffff,Espontáneo,0.414770964267198,1.0,11.40954474167731,0.5701549091719603,0.8642594450016716,0.617686392510866,0.22851889000334336,184.75820074658733,0.5405405405405406,0.21621621621621623,3.207960077543468,55.427460223976205,0.0,6.480899081940907,0.0,2.24692968093848,0.0,0.0,,,,,6.869071664040518,0.0,
89390cb09a7ffff,Planificado,0.6350835818057361,0.0,10.68333121003628,0.2966399197592778,0.24350830268583526,0.33174523570712133,0.31466622088487683,0.0,0.0,0.0,0.0,0.0,0.0,4.567887825887135,0.0,1.3466721372305237,0.0,0.0,,,,,0.0,0.0,
89390ca2a1bffff,Planificado,0.5521394299954825,0.0,10.214144444794226,0.3476076377279988,0.34536944165830824,0.33174523570712133,0.3657082358185668,0.0,0.0,0.25,1.3862943611198906,0.0,0.0,2.214702846567846,0.0,2.010902601979039,0.0,0.0,,,,,7.794540577967763,0.0,
89390ca326fffff,Espontáneo,0.17497643409545371,1.0,7.231537160868729,0.7626583454065902,0.7394962665775103,0.87094617184888,0.6775325977933803,73.784927213532,0.42105263157894735,0.3157894736842105,2.4515830605217857,18.446231803383,5.0,1.445730087004133,0.0,0.13002066459118256,0.0,0.0,,,,,7.626415548683729,0.0,
89390cb500fffff,Planificado,0.6668133153877694,0.0,11.055588560444484,0.2787343512017533,0.24350830268583526,0.33174523570712133,0.26094951521230353,0.0,0.0,0.0,0.0,0.0,0.0,6.14979112200046,0.0,1.6489869640880634,0.0,0.0,,,,,5.399835318454313,0.0,
89390cb1d03ffff,Transición,0.4620937983359253,,5.0508916882280355,0.6458077937516252,0.8561796500612949,0.5090270812437312,0.5722166499498496,212.16107939431274,0.38333333333333336,0.06666666666666667,3.684119555112647,9.224394756274465,0.0,1.0161147478674677,0.0,0.6718538116344573,64.57076329392126,36.89757902509786,17128.0,18995.5551195233,9.748469830269519,9.852012932211249,7.395392190252525,4.183129915109425,
89390cb016fffff,Transición,0.5317412751452949,,8.203900775012011,0.6258311972955904,0.7485233478212415,0.5547475760615179,0.574222668004012,101.47414095661816,0.3055555555555556,0.2777777777777778,3.207876006855885,0.0,1.0,2.3797591949836954,0.0,0.3209518811980535,9.224921905147106,0.0,,,,,6.946548812395032,2.3248280642612738,
89390ca064fffff,Espontáneo,0.6347203183675045,1.0,7.637679626801539,0.30941899773394255,0.24350830268583526,0.33174523570712133,0.353003454808871,0.0,0.0,0.0,0.0,0.0,0.0,2.701446849078512,0.0,1.7695914690737202,0.0,0.0,,,,,0.0,0.0,
89390cba9d3ffff,Espontáneo,0.41956303121600935,1.0,4.57519491776384,0.6510271555406962,0.6421486682269029,0.7230023403543966,0.587930458040789,27.6525400610952,0.3,0.3,2.3025850929940455,9.217513353698399,1.0,1.8904541565923572,0.0,0.36124303225964605,0.0,0.0,,,,,4.231112638426574,0.0,
89390ca1dc7ffff,Espontáneo,0.15275191907222122,1.0,12.915412912083996,0.26554663991975924,0.24350830268583526,0.33174523570712133,0.2213863813663212,0.0,0.0,0.0,0.0,0.0,0.0,4.921104558378584,0.0,4.398881032735581,0.0,0.0,,,,,7.1545479227335695,0.0,
89390cb10afffff,Espontáneo,0.11475459657683983,1.0,8.221158249676572,0.6570080612206991,0.7926557450128162,0.720160481444333,0.45820795720494817,92.14987199192342,0.7142857142857143,0.07142857142857142,2.4410152780267027,9.214987199192342,1.0,5.947699620204694,0.0,0.34133084815658743,0.0,0.0,,,,,6.315946917589062,0.0,
89390ca3123ffff,Espontáneo,0.1884347336181879,1.0,5.338972191916306,0.6433374196664067,0.797559344700769,0.5740554998328319,0.5583974144656191,138.43822989250035,0.4838709677419355,0.1935483870967742,2.6743388472688556,27.687645978500072,0.0,1.0436415160918757,0.0,0.7224532886373743,0.0,0.0,10829.0,58674.09487600487,9.28998299962838,10.979770637692862,6.6550481354698725,0.0,0.6517471352556261
89390cb2827ffff,Transición,0.5118195583846744,,14.037146633775379,0.2512816226457149,0.24350830268583526,0.33174523570712133,0.17859132954418813,0.0,0.0,0.0,0.0,0.0,0.0,6.918499532505729,0.0,4.498359568731607,0.0,0.0,,,,,4.341203728126934,0.0,
89390ca2d07ffff,Planificado,0.6725080170865508,0.0,12.608027579319746,0.2947081986700843,0.34536944165830824,0.33174523570712133,0.20700991864482335,0.0,0.0,0.0,1.3862943611198906,0.0,0.0,5.799503163988591,0.0,3.81255131482028,0.0,0.0,,,,,3.483800014498524,0.0,
89390cb0877ffff,Planificado,0.8587684621315195,0.0,7.796205700643775,0.665329321297225,0.8580742226680039,0.6044801069876296,0.5334336342360415,212.29598939221154,0.42592592592592593,0.2037037037037037,3.4561621297137766,46.15130204178512,0.0,1.3079738020097131,0.0,0.7229563240962056,9.230260408357024,0.0,27760.316845675523,31356.301292000553,10.231362828304723,10.353202415021558,7.793862265949672,2.3253500350019207,0.13151288511892792
89390ca24cfffff,Planificado,0.6124324978635681,0.0,4.210297165091069,0.7967420780861102,0.9573163936253204,0.6248746238716149,0.8080352167613953,1052.0733977463462,0.4351145038167939,0.1297709923664122,4.288919964219668,64.60099810723179,0.0,0.11055152415446075,1.0,0.7518072390392367,378.3772746280719,27.686142045956483,19028.87775982768,50686.45740890989,9.853712986392976,10.8334337705893,8.91042756923625,5.938531157520525,0.5024732070293625
89390cb1bd3ffff,Planificado,0.8802364040765505,0.0,1.5439017933091053,0.8603031316170734,0.8664883539507411,0.9441658308258107,0.7702552100746685,433.4741982763767,0.2919254658385093,0.2484472049689441,4.050057034518453,64.5599869773327,3.0,0.5887913474759751,0.0,0.0789037080476577,332.0227901691396,18.4457105649522,26030.0,38742.53715778348,10.167004997988611,10.564719237846715,8.822260006008648,5.808210926584971,0.26657757463372417
89390ca20b3ffff,Espontáneo,0.09602928321388594,1.0,5.74424020675817,0.658809762621197,0.8375125376128385,0.5937813440320963,0.545135406218656,341.5942391388177,0.2890625,0.15625,3.7310836400521596,36.92910693392624,0.0,0.9522642361098367,0.0,0.851627531566684,73.85821386785248,9.23227673348156,12733.803722012213,43254.49488725124,9.45201544676352,10.674879553706145,6.116955076333557,4.315595842558355,0.7765586503773151
89390cba8a3ffff,Planificado,0.5854973076663266,0.0,5.2536324559571925,0.6476094951521231,0.6682826256547422,0.7218321631561351,0.5527136966454921,55.29898201561643,0.15,0.175,3.0820368952895256,9.216497002602738,1.0,2.31500864080525,0.0,0.40173690804337175,9.216497002602738,0.0,13364.931464174455,51521.26167008621,9.500389500551973,10.849769258690605,5.06419167453179,2.3240037669794242,0.6548054053062369
89390ca368bffff,Espontáneo,0.35747145169306255,1.0,4.044161140267286,0.796129128125116,0.8474869051599242,0.8505516549648946,0.6903488242505293,248.94836623248568,0.375,0.20833333333333334,3.5114706842122807,73.76247888369946,1.0,1.007120325723896,0.0,0.2594854263660229,9.220309860462432,9.220309860462432,10262.385113268609,46211.595767546234,9.236240558888628,10.741007675572655,7.796057100753424,2.3243769033435813,0.7906737714045055
89390ca340fffff,Planificado,0.6569756052597676,0.0,2.0477964602974903,0.765063709647461,0.7637356513986404,0.8835673687729857,0.6478881087707568,119.89707638043795,0.28888888888888886,0.2222222222222222,3.3889347924916793,36.89140811705783,2.0,1.0876908697830048,0.0,0.36826143616469176,83.00566826338012,0.0,17409.67470956211,69186.88812982981,9.76478134847293,11.144581099261163,5.599539084706446,4.43088427589264,0.5293076005280766
89390cb2b13ffff,Planificado,0.8086180340984848,0.0,12.48229921596868,0.2688157063783944,0.24350830268583526,0.33174523570712133,0.2311935807422267,0.0,0.0,1.0,0.0,0.0,0.0,5.340552605760575,0.0,2.920204898183919,0.0,0.0,,,,,8.84918630596922,0.0,
89390ca0103ffff,Espontáneo,0.402514258712646,1.0,10.492957743830413,0.3325996508042646,0.24350830268583526,0.33174523570712133,0.4225454140198373,0.0,0.0,0.0,0.0,0.0,0.0,1.5485715685790824,0.0,1.67929104859199,0.0,0.0,,,,,5.133103373237621,0.0,
89390cb0b63ffff,Espontáneo,0.18318273890974027,1.0,6.5979939551314075,0.5053215201159033,0.6612615624651733,0.33174523570712133,0.5229577621754151,36.92710469365411,0.14285714285714285,0.10714285714285714,3.1341624585866477,0.0,0.0,2.2201268950044093,0.0,0.5171694435048039,27.69532852024058,9.231776173413527,13183.0,26763.254751651242,9.48668339975797,10.194822498302006,6.85833227587826,3.356734340187614,0.7254192387234395
89390ca2bd7ffff,Espontáneo,0.431330734310575,1.0,11.981990195447434,0.5327278130688361,0.7817898138861028,0.5623537278502173,0.25403989747018835,101.65314692274563,0.4583333333333333,0.20833333333333334,2.6723516979942703,18.482390349590116,0.0,3.927051963898365,0.0,3.7553532131536875,9.241195174795058,0.0,,,,,7.361082283503807,2.3264183290891256,
89390cb51cbffff,Planificado,0.610564942939013,0.0,12.281660362086274,0.3014320739997771,0.24350830268583526,0.33174523570712133,0.32904268360637473,0.0,0.0,0.0,0.0,0.0,0.0,7.364984592586355,0.0,0.7311485071007603,0.0,0.0,,,,,7.07587781255408,0.0,
89390cb032bffff,Planificado,0.7300849005277965,0.0,6.628999045194699,0.6637690850328765,0.6269363646495041,0.630558341691742,0.7338125487573833,18.447278765734907,0.3333333333333333,0.0,1.791759469228055,0.0,2.0,0.6717291668772174,0.0,0.23232072457725533,27.67091814860236,0.0,24237.0,12245.64524027579,10.095635670147818,9.413007320530271,8.348097491108073,3.3558833040983114,0.2714706257953879
89390cb1aa3ffff,Planificado,0.6369320220557946,0.0,2.0133343491039293,0.8104684423641294,0.896690070210632,0.8707790036776997,0.6639362532040566,341.2079990801085,0.45121951219512196,0.21951219512195122,3.571807408117384,119.88389156868678,1.0,0.9988124269522258,0.0,0.3506880396275026,64.55286469083134,18.443675625951812,21100.0,13399.57435951902,9.957028319464158,9.503052847671098,8.970655469875613,4.1828569116320775,0.395247469539746
89390cbab8fffff,Espontáneo,0.4629347273994027,1.0,5.596492917246048,0.8115364612355584,0.88443107099075,0.8818956870611836,0.668282625654742,341.03862639216635,0.42045454545454547,0.20454545454545456,3.57621690323041,36.86904069104501,2.0,1.2468925338233248,0.0,0.2539440443209626,0.0,9.217260172761252,13778.458257713248,30670.14035090341,9.53086165570406,10.331077437731189,8.355237141791712,0.0,0.4635420394503745
89390cb0e4fffff,Planificado,0.6657229210921904,0.0,6.360842438427058,0.6907203090753744,0.7394405438537835,0.630558341691742,0.7021620416805975,73.80335512907746,0.38095238095238093,0.047619047619047616,2.7306332123896775,0.0,2.0,1.2092106912159948,0.0,0.09019660039577278,0.0,0.0,22530.35789857716,29729.86451788679,10.022618918722983,10.299940994543014,7.374909509649395,0.0,0.1536695169389305
89390ca2ec3ffff,Planificado,0.6249623261114384,0.0,7.867645992524001,0.5006965340465842,0.24350830268583526,0.5547475760615179,0.7038337233923994,0.0,0.0,0.0,0.0,0.0,1.0,1.2309758347270348,0.0,0.0601764981799216,0.0,0.0,,,,,9.54580239928596,0.0,
89390cb54b7ffff,Espontáneo,0.30286063827496773,1.0,12.511720629736464,0.25703963743081093,0.24350830268583526,0.33174523570712133,0.1958653738994762,0.0,0.0,0.0,0.0,0.0,0.0,6.817939386222824,0.0,3.225616530149925,0.0,0.0,,,,,0.0,0.0,
89390cb0a33ffff,Planificado,0.8294476664997155,0.0,6.011342823659493,0.6045079683494929,0.5892678034102308,0.5547475760615179,0.6695085255767301,18.457955878117083,0.15384615384615385,0.0,2.20478541691352,0.0,1.0,0.8488117924927558,0.0,0.37695127130663414,27.686933817175625,0.0,34765.0,9233.206981439027,10.456366412533118,9.130670017959647,8.312330134536863,3.3564417514055447,0.10668872479281757
89390ca2aa7ffff,Espontáneo,0.4402529085301282,1.0,11.31765205567581,0.28746424458560865,0.24350830268583526,0.33174523570712133,0.2871391953638694,0.0,0.0,0.0,0.0,0.0,0.0,3.249231886995256,0.0,3.073888264629484,0.0,0.0,,,,,8.31179765783694,0.0,
89390cb509bffff,Espontáneo,0.4472780823078048,1.0,11.059117784091718,0.27015305174783605,0.24350830268583526,0.33174523570712133,0.23520561685055164,0.0,0.0,0.0,0.0,0.0,0.0,6.305236345332724,0.0,2.1429531826556145,9.237906107383447,0.0,,,,,5.583754027171532,2.326097117001293,
89390ca268bffff,Planificado,0.972568103828461,0.0,2.581518885561974,0.7980422749730675,0.868438649281177,0.8356736877298563,0.690014487908169,332.18770488682986,0.375,0.19791666666666666,3.625429071264195,55.36461748113831,1.0,0.565262884101689,0.0,0.4226121877515883,267.59565115883515,0.0,29573.726899383983,37623.524511861346,10.294641641407262,10.53541136441282,8.154314567893065,5.5932070931867885,0.1939527860776292
89390cb1d8fffff,Espontáneo,0.17165308694391876,1.0,5.678718780180895,0.5291894201121884,0.6828262565474201,0.33174523570712133,0.5729967680820238,55.3463869861625,0.3157894736842105,0.10526315789473684,2.5520852976209665,0.0,0.0,0.5414602123066475,0.0,0.9836936126149799,27.67319349308125,0.0,17279.0,18756.809411451068,9.757247170313121,9.839365446629756,5.169293884273507,3.3559626616614486,0.5712226098379174
89390ca226fffff,Espontáneo,0.42107935050335493,1.0,5.011114042849999,0.6461049816115011,0.7350941714030981,0.591106653293213,0.6121141201381923,83.07209741571842,0.34615384615384615,0.23076923076923078,2.8315444269076706,36.92093218476374,0.0,0.8851540657480981,0.0,0.5657335663029679,0.0,0.0,13018.350920679886,25382.440224956415,9.474115250342976,10.141852280741135,8.229052332378915,0.0,0.5252669054708523
89390cbae7bffff,Espontáneo,0.17544776155789607,1.0,8.808181635547472,0.33367695679631487,0.24350830268583526,0.33174523570712133,0.42577733199598794,0.0,0.0,0.0,0.0,0.0,0.0,2.2706794187631414,0.0,1.0110591994433982,0.0,0.0,19643.0,11102.28783612296,9.885476319734277,9.314996544893955,5.23457082172801,0.0,0.31059182317083933
89390cb1973ffff,Planificado,0.9446069983059506,0.0,2.613312751551574,0.801348489914187,0.7948846539618856,0.8721163490471414,0.737044466733534,258.3326424077317,0.25925925925925924,0.39814814814814814,3.456252577739051,119.94015540358973,1.0,0.5163862785413563,0.0,0.2842674875940502,193.7494818057988,0.0,34765.0,14193.364952238393,10.456366412533118,9.560600330480355,9.21174262416378,5.271714023929853,0.1333070402916032
89390ca06dbffff,Espontáneo,0.3339476972604854,1.0,6.205523788635383,0.4806363535049593,0.5429622199933133,0.33174523570712133,0.5672016048144434,9.22794512068021,0.14285714285714285,0.0,1.475076311054695,0.0,0.0,1.2670197256474436,0.0,0.5973715002186973,0.0,9.22794512068021,8354.0,21807.870462980347,9.03049574505712,9.990072067986599,7.580387317332085,0.0,0.8443705992993012
89390ca35cbffff,Planificado,0.8405147307246013,0.0,1.587196569001476,0.8024629443887217,0.896467179315725,0.6613172851889,0.8496043686615401,608.8257657598116,0.3350253807106599,0.2182741116751269,3.9927703464136686,202.9419219199372,0.0,0.22452527146136886,1.0,0.5545333924947372,415.10847665441696,18.449265629085197,19628.468194694822,46884.91527505292,9.884736250333438,10.755472595366346,8.782853374470609,6.030945987457476,0.4856567746037616
89390cb113bffff,Planificado,0.8806501210737769,0.0,6.300272492395955,0.46839592852631967,0.3213529477320851,0.5547475760615179,0.529087261785356,0.0,0.0,0.5,0.6931471805599453,0.0,1.0,4.031704868732378,0.0,0.26501856666164436,0.0,0.0,,,,,9.49916972692446,0.0,
89390ca31afffff,Espontáneo,0.3907914257539799,1.0,4.877038342128472,0.8455458969501096,0.7795051822133066,0.8150284185891006,0.9421040900479215,83.06293268687746,0.47368421052631576,0.10526315789473684,2.7255503958317213,9.229214742986384,2.0,0.4352950080297942,1.0,0.15664377410732735,55.37528845791831,18.45842948597277,14976.0,12355.86285924429,9.614204198717374,9.421966884818463,9.462787543089522,4.032030914579922,0.6658675382538835
89390cb1a33ffff,Planificado,0.6877253814005385,0.0,1.6834245204999667,0.40366469779709496,0.24350830268583526,0.33174523570712133,0.6357405549983283,0.0,0.0,1.0,0.0,0.0,0.0,0.6263839143279907,0.0,0.5922657800951353,9.22183666981475,0.0,,,,,9.20801089711798,2.3245262819181742,
89390cb28b3ffff,Planificado,0.7747971815018618,0.0,15.095833112001694,0.2505015045135406,0.24350830268583526,0.33174523570712133,0.1762509751476652,0.0,0.0,0.0,0.0,0.0,0.0,8.114837520309687,0.0,3.5526158782723813,0.0,0.0,,,,,0.0,0.0,
89390ca232fffff,Espontáneo,0.21554193139369454,1.0,7.575174059904627,0.8675563728221701,0.8555109773765741,0.9810264125710464,0.7661317285188899,277.04458006756477,0.46153846153846156,0.26153846153846155,3.08286696691796,120.05265136261141,4.0,0.5263568422713294,0.0,0.16038383765491593,0.0,0.0,10304.224147568473,44262.25302761753,9.240309201559441,10.697910109042855,8.568648745781756,0.0,0.6743387992445639
89390ca2d93ffff,Transición,0.5371702625418833,,12.049306609436279,0.2950053865299603,0.32831828819792713,0.33174523570712133,0.22495263568483226,0.0,0.0,0.0,0.9949236325717752,0.0,0.0,6.059554093375464,0.0,2.554944445802679,0.0,0.0,,,,,6.995184818758072,0.0,
89390cb5387ffff,Planificado,0.5863236392861918,0.0,11.825428483646975,0.30050336193766486,0.24350830268583526,0.33174523570712133,0.3262565474200379,0.0,0.0,0.0,0.0,0.0,0.0,6.907530715339074,0.0,0.7756939255693108,0.0,0.0,,,,,8.84404060643688,0.0,
89390cb0903ffff,Planificado,0.6781197762799526,0.0,9.528772546628112,0.4407574575578588,0.5572829599910843,0.33174523570712133,0.43324417697537054,9.233323013391875,0.14285714285714285,0.14285714285714285,1.7478680974667578,0.0,0.0,3.4229409528266967,0.0,0.671095802141937,0.0,0.0,18186.0,4395.225080457903,9.808407346285858,8.38850151540884,8.063634096089629,0.0,0.3736331439256464
89390ca255bffff,Planificado,0.24535416334352106,0.0,5.628585765217242,0.6077120249637802,0.7031650507076787,0.5549983283182882,0.5649726958653739,73.85415170607753,0.25,0.1875,3.0161674104571174,18.463537926519383,0.0,0.7222763875725207,0.0,0.8862655360356552,18.463537926519383,0.0,15534.0,34248.943843154055,9.650786448979593,10.441440204073087,7.090461709753583,2.968542865295982,0.5589901667892507
89390cbad4bffff,Espontáneo,0.1580631395504832,1.0,5.527710913763036,0.3229781938407816,0.24350830268583526,0.33174523570712133,0.3936810431293882,0.0,0.0,0.0,0.0,0.0,0.0,2.785036019752552,0.0,1.0999336400464879,0.0,0.0,,,,,0.0,0.0,
89390cb1843ffff,Planificado,0.5690077131255873,0.0,2.8161187932919716,0.5393402429510754,0.24350830268583526,0.630558341691742,0.7439540844756491,0.0,0.0,0.0,0.0,0.0,2.0,0.8381597065357453,0.0,0.05544291801004292,0.0,0.0,,,,,8.316918572585791,0.0,
89390ca05abffff,Planificado,0.8520283467024128,0.0,8.658833272924943,0.6376351276050373,0.7906497269586538,0.5805750585088599,0.5416805973475983,83.12255068347785,0.6,0.2,2.5232109529528914,27.70751689449262,0.0,1.0012429479269211,0.0,0.8374290083294605,9.235838964830874,0.0,16697.917314894843,30602.627773790595,9.723039278944755,10.328873835612459,8.03443594308712,2.3258951859376498,0.45324239525523075
89390cba92fffff,Espontáneo,0.1006358228269879,1.0,3.2437912622810483,0.7598907834614956,0.9589880753371225,0.5366098294884654,0.7840744455588989,931.276908966219,0.46543778801843316,0.14285714285714285,4.027135405685513,18.44112691022216,0.0,0.07306594022975578,1.0,0.9058342824867908,165.97014219199943,0.0,12003.0,35309.186705838656,9.392911897525345,10.471926776527786,8.449156980609844,5.117815007162584,0.8157001547354054
89390cb1427ffff,Espontáneo,0.6948514193943687,1.0,9.924413374354657,0.3118522233366767,0.35434080017831276,0.33174523570712133,0.249470634124596,0.0,0.0,0.0,1.6094379124341005,0.0,0.0,6.858944068948085,0.0,1.6377023716921193,0.0,0.0,,,,,7.064689646516528,0.0,
89390ca349bffff,Planificado,0.8804325133496637,0.0,1.6621413738593802,0.6531167576804487,0.7125821910174969,0.5547475760615179,0.6920205059623314,64.55284621902365,0.3181818181818182,0.22727272727272727,2.9020023132056036,0.0,1.0,0.8951293818136218,0.0,0.2920228657140398,64.55284621902365,0.0,23179.33353783231,27616.779466323696,10.05101636487697,10.226215027870527,7.071274408019092,4.182856629847134,0.31397259752305173
89390ca018fffff,Espontáneo,0.1806415737446516,1.0,10.148805300465394,0.3453787287789294,0.24350830268583526,0.33174523570712133,0.4608826479438315,0.0,0.0,0.0,0.0,0.0,0.0,1.3502946867550873,0.0,1.292708077682433,0.0,0.0,,,,,2.8208818625708405,0.0,
89390cb8d9bffff,Espontáneo,0.5251126699418694,1.0,6.374655530412289,0.5292079943534306,0.8278725064081133,0.33174523570712133,0.4280062409450574,580.7516276322772,0.29577464788732394,0.20187793427230047,3.357465639676225,0.0,0.0,1.9811095531614897,0.0,1.1573456997839076,0.0,0.0,,,,,4.1713575844341815,0.0,
89390cb5673ffff,Espontáneo,0.4272350764569388,1.0,8.624352738891035,0.4579200564656934,0.35434080017831276,0.5547475760615179,0.46467179315724955,0.0,0.0,0.2,1.6094379124341005,0.0,1.0,3.850062347708575,0.0,0.4908279677714975,9.235091663830033,0.0,19756.0,8579.401936008808,9.891212521660515,9.057236037073455,8.47857228789832,2.325822174992058,0.38888436093139267
89390ca2c63ffff,Planificado,0.3917455639883092,0.0,10.012980485970102,0.3023236375794049,0.24350830268583526,0.33174523570712133,0.331717374345258,0.0,0.0,0.0,0.0,0.0,0.0,3.1707063068558003,0.0,1.8371733939204287,0.0,0.0,,,,,0.0,0.0,
89390cb5257ffff,Planificado,0.6692793723420712,0.0,8.489816177945388,0.3558546008395557,0.34536944165830824,0.33174523570712133,0.39044912515323754,0.0,0.0,0.25,1.3862943611198906,0.0,0.0,3.5911691647363724,0.0,0.8706634876382047,0.0,0.0,,,,,8.25048975909759,0.0,
89390cb03b7ffff,Planificado,0.5997998276341431,0.0,8.191724010247981,0.6335023589286378,0.7504736431516772,0.5547475760615179,0.5952858575727181,55.34342204614062,0.6666666666666666,0.1111111111111111,2.0431918705451206,0.0,1.0,2.2428928640524664,0.0,0.2744999129107088,0.0,0.0,25066.0,20041.493106597904,10.129267625171467,9.905609953977814,5.6140970692828525,0.0,0.14100835915504883
89390ca242bffff,Planificado,0.8316816379257881,0.0,5.002049563660085,0.8077566031427615,0.8851554663991976,0.630558341691742,0.9075560013373454,258.46099379839467,0.45161290322580644,0.11290322580645161,3.5515545423000394,0.0,2.0,0.4389690766443803,1.0,0.29562291276348696,46.15374889257048,9.230749778514097,24442.0,34675.14767808424,10.104058242997946,10.453807342777601,8.47336928504617,3.85341351583538,0.2329965904370146
89390cb1b2fffff,Planificado,0.4236728411446679,0.0,1.2114040428698578,0.7597607637727998,0.6722389390393403,0.9256101638248078,0.6814331884542516,64.58134572073683,0.21212121212121213,0.36363636363636365,2.844958663565369,46.129532657669166,3.0,0.9332784271810877,0.0,0.31492780465046943,18.451813063067668,0.0,,,,,6.842401536774485,2.96794028233022,
89390cb515bffff,Espontáneo,0.33625363121905383,1.0,12.039345544989878,0.7072142352984881,0.8408001783127159,0.866098294884654,0.4147442326980943,286.4618440755993,0.3163265306122449,0.23469387755102042,3.7237348059055995,101.64775112359975,1.0,7.112268455538807,0.0,0.4171524614019507,36.962818590399905,9.240704647599976,15477.0,16512.829234716715,9.64711032991276,9.711953444286674,7.220979473938571,3.63660722257636,0.6529334369594765
89390ca200fffff,Espontáneo,0.4388371423283923,1.0,5.189154491663602,0.7903525390987779,0.8913406887328653,0.7776663323303243,0.7020505962331439,313.8799802800778,0.44155844155844154,0.18181818181818182,3.583112457671219,18.463528251769283,1.0,1.107918946455654,0.0,0.15911443865617067,92.31764125884642,55.39058475530785,11245.536690647483,58415.34357975865,9.32772659030187,10.975350985481768,8.275914905222047,4.53600917099631,0.8114423188067303
89390ca047bffff,Planificado,0.791056114247838,0.0,6.744772773088879,0.5754764292878636,0.5630224005349382,0.5547475760615179,0.6086593112671347,9.23125340118859,0.14285714285714285,0.14285714285714285,1.945910149055314,0.0,1.0,1.0986118139312977,0.0,0.4982111473200848,18.46250680237718,0.0,,,,,7.522288324313044,2.9684898866720495,
89390cb0edbffff,Planificado,0.585808256606894,0.0,7.562536802388355,0.783851554663992,0.9348044132397192,0.8328318288197927,0.5839184219324641,479.6692491171994,0.5148514851485149,0.12871287128712872,3.695806637988274,55.34645182121532,1.0,1.676411485588451,0.0,0.42126719388153133,55.34645182121532,9.224408636869219,16486.518173045995,50843.6067248999,9.710298245475064,10.836529333411175,7.289945459359736,4.031519271710309,0.5458309504543284
89390ca2b33ffff,Espontáneo,0.3782897496020576,1.0,13.48091032722081,0.2595285857572718,0.24350830268583526,0.33174523570712133,0.2033322188788588,0.0,0.0,0.0,0.0,0.0,0.0,5.407275011659555,0.0,5.227405934083106,0.0,0.0,17913.0,428.7723512001589,9.793281985215103,6.063255652683991,6.562766483996604,0.0,0.5731364237679529
89390cb2237ffff,Espontáneo,0.03198144604205998,1.0,14.323191547495766,0.27449942419852147,0.24350830268583526,0.33174523570712133,0.24824473420260781,0.0,0.0,0.0,0.0,0.0,0.0,8.580206067014496,0.0,1.373512100019358,0.0,0.0,,,,,0.0,0.0,
89390cb1e1bffff,Espontáneo,0.36173026300691946,1.0,4.753433809832053,0.30588989189791593,0.24350830268583526,0.33174523570712133,0.34241613730079123,0.0,0.0,0.0,0.0,0.0,0.0,3.0031131239222186,0.0,1.7326310860869047,0.0,0.0,,,,,0.0,0.0,
89390ca3657ffff,Planificado,0.8671012784699298,0.0,4.90123630174474,0.5703406515843829,0.6214198150005572,0.5023403543965229,0.5872617853560682,27.660170689830835,0.16666666666666666,0.3333333333333333,2.659322697709517,9.220056896610279,0.0,1.0599406426472453,0.0,0.5931626993012464,0.0,0.0,,,,,8.803346232462179,0.0,
89390cb2d5bffff,Planificado,0.6467108097181172,0.0,15.64775880944436,0.252879007392548,0.24350830268583526,0.33174523570712133,0.1833834837846874,0.0,0.0,0.0,0.0,0.0,0.0,8.740110689249574,0.0,2.970753408078356,0.0,0.0,,,,,0.0,0.0,
89390ca2b67ffff,Espontáneo,0.3704089401212507,1.0,13.613170724344737,0.2586741706601285,0.24350830268583526,0.33174523570712133,0.20076897358742896,0.0,0.0,0.0,0.0,0.0,0.0,5.5001117302393405,0.0,5.243035530076572,0.0,0.0,,,,,5.211495668209943,0.0,
89390cb11c7ffff,Espontáneo,0.14154722234748274,1.0,7.466451341629985,0.32186373936624685,0.24350830268583526,0.33174523570712133,0.39033767970578404,0.0,0.0,0.0,0.0,0.0,0.0,4.917691384986244,0.0,0.672026272132705,0.0,0.0,,,,,7.959619099836605,0.0,
89390ca323bffff,Espontáneo,0.21668088525104817,1.0,6.278173303596508,0.6896987258070508,0.9401537947174857,0.6206954195921097,0.5082469631115569,498.0618257475901,0.5869565217391305,0.11956521739130435,3.659095385105039,64.56357000431724,0.0,1.9296344180947118,0.0,0.634490371210895,0.0,0.0,12399.485970149253,27459.299103178986,9.425410296713665,10.220496571585254,8.36173126672478,0.0,0.5599800002923124
89390cb0dabffff,Espontáneo,0.4100939807837319,1.0,11.196008758623694,0.28393513874958204,0.24350830268583526,0.33174523570712133,0.2765518778557896,0.0,0.0,0.0,0.0,0.0,0.0,4.084359925737173,0.0,2.4227439054012954,0.0,0.0,,,,,5.986075451282995,0.0,
89390cb5413ffff,Transición,0.5239682401150514,,11.32221303223949,0.30174783610089523,0.3213529477320851,0.33174523570712133,0.25214532486347935,0.0,0.0,0.5,0.6931471805599453,0.0,0.0,5.684893397332321,0.0,2.049905464587336,0.0,0.0,,,,,6.7432290992278405,0.0,
89390cb098fffff,Planificado,0.7193805903847337,0.0,10.013204569353174,0.45515249452059886,0.6817118020728854,0.33174523570712133,0.3520004457817898,18.46665462891886,0.5,0.25,1.3862943611198906,0.0,0.0,3.580012638436392,0.0,1.240619245826841,0.0,0.0,,,,,7.106836519199357,0.0,
89390ca2a03ffff,Planificado,0.5731946403714431,0.0,10.535690735555612,0.30481258590586574,0.24350830268583526,0.33174523570712133,0.3391842193246406,0.0,0.0,0.0,0.0,0.0,0.0,2.5037604630760537,0.0,2.3027054852678717,0.0,0.0,,,,,2.841524018337781,0.0,
89390cb0573ffff,Espontáneo,0.25559774280317965,1.0,11.068430353915675,0.27234481221442103,0.24350830268583526,0.33174523570712133,0.24178089825030646,0.0,0.0,0.0,0.0,0.0,0.0,5.123717681509649,0.0,2.699367539097725,0.0,0.0,,,,,0.0,0.0,
89390cb0157ffff,Planificado,0.5879717159281797,0.0,9.139303300739364,0.3376518444221553,0.24350830268583526,0.33174523570712133,0.4377019948735094,0.0,0.0,1.0,0.0,0.0,0.0,3.1829316901959093,0.0,0.6918652449548903,0.0,0.0,,,,,4.828594428095201,0.0,
89390ca21cbffff,Planificado,0.5035164470757018,0.0,6.417584135347379,0.5944500167168171,0.7428953527248412,0.5578401872283517,0.4826145101972584,101.56903511255655,0.23404255319148937,0.1276595744680851,3.426075916615526,18.467097293192097,0.0,2.124484940306918,0.0,0.7041515234207438,0.0,0.0,10958.0,39189.03790017857,9.301825062098361,10.576177858281206,6.781846912538604,0.0,0.6660079266859922
89390cbadd7ffff,Planificado,0.5899147124822987,0.0,5.503537273140137,0.28917307477989523,0.24350830268583526,0.33174523570712133,0.292265685946729,0.0,0.0,0.0,0.0,0.0,0.0,3.5557313975262668,0.0,2.476475612228285,0.0,0.0,,,,,0.0,0.0,
89390cb18cfffff,Planificado,0.8375477263290334,0.0,3.3353017394060407,0.41740963631635647,0.3393513874958208,0.33174523570712133,0.5811322857461273,0.0,0.0,0.07692307692307693,1.2852930241200993,0.0,0.0,1.1508977196095824,0.0,0.5784101298294414,0.0,0.0,,,,,3.930294988942964,0.0,
89390ca0637ffff,Espontáneo,0.5245385597542246,1.0,7.673624002086462,0.5075132805824882,0.5990750027861362,0.33174523570712133,0.591719603254207,18.462511495080566,0.2857142857142857,0.2857142857142857,1.549826045878202,0.0,0.0,1.235450450172617,0.0,0.5134584787572988,9.231255747540283,0.0,,,,,7.452748425538235,2.3254473239004034,
89390cba9bbffff,Espontáneo,0.49435940202689965,1.0,3.234060279397639,0.5315297745087113,0.7420037891452135,0.33174523570712133,0.5208402986737991,64.53682637989314,0.4375,0.0625,2.512658529529802,0.0,0.0,1.4350270341366178,0.0,0.7320255788394646,9.21954662569902,18.43909325139804,,,,,6.250223953450381,2.324302222313968,
89390ca3527ffff,Planificado,0.8460460572522273,0.0,3.1958069811565637,0.6401797986552249,0.7121364092276831,0.5464727515880976,0.661930235149894,73.82353090165101,0.25,0.15625,3.146132506812108,18.455882725412753,0.0,0.6166871004795308,0.0,0.4996838464909852,138.41912044059563,0.0,20779.0,24041.270318931103,9.94169814029988,10.087568823413465,8.744237053961562,4.937484651335122,0.4202698509637003
89390ca310bffff,Espontáneo,0.10289222765924558,1.0,4.732655263305237,0.6791857052639401,0.8746238716148446,0.5461384152457373,0.6167948289312382,396.7905776443083,0.37719298245614036,0.12280701754385964,3.617256543167674,18.455375704386434,0.0,0.5817599804379973,0.0,0.6932571044402586,36.91075140877287,0.0,9155.32988410596,52118.98437275213,9.122091489676903,10.86130373140666,7.023075028994295,3.6352347501910285,0.8871563414394016
89390cb280fffff,Planificado,0.6437735533064252,0.0,13.79717623258877,0.2776756194509454,0.3213529477320851,0.33174523570712133,0.17992867491362977,0.0,0.0,0.5,0.6931471805599453,0.0,0.0,6.855969874810046,0.0,4.4836956316736964,0.0,0.0,,,,,0.0,0.0,
89390cb0c7bffff,Espontáneo,0.4111337177974441,1.0,8.831907288485384,0.7723448122144211,0.8336119469519669,0.8705282514209295,0.6128942382703667,203.00995527657858,0.5,0.1590909090909091,2.846711616645401,27.68317571953344,2.0,1.8794803911211297,0.0,0.2837103933607476,18.455450479688963,92.2772523984448,12349.897203728362,26429.584598841593,9.421403018436735,10.182277126114279,5.657860117323828,2.9681272611254723,0.7705096822424724
89390ca28d3ffff,Planificado,0.5949911836470821,0.0,10.052940829057253,0.30314090419406364,0.24350830268583526,0.33174523570712133,0.33416917418923436,0.0,0.0,0.0,0.0,0.0,0.0,2.780590256193401,0.0,2.1422279539088938,0.0,0.0,,,,,0.0,0.0,
89390ca24b7ffff,Espontáneo,0.34136564944802367,1.0,5.998879269442225,0.5672016048144434,0.6376351276050375,0.5197258441992645,0.5442438426390283,36.924041342288426,0.14285714285714285,0.25,2.818411947497938,9.231010335572106,0.0,1.7616163411359713,0.0,0.538739318189543,18.462020671144213,0.0,32072.000000000004,12175.458676886454,10.375738654322342,9.407259749964096,9.78964071460819,2.9684649085276997,0.10530640193660461
89390cb1bbbffff,Espontáneo,0.1935311404846683,1.0,1.3797840373155632,0.8977859504439243,0.851108882202162,0.8635907723169509,0.9786581968126602,470.46943036610634,0.24401913875598086,0.2822966507177033,4.050418992514524,101.4737987064151,1.0,0.034423493851819746,1.0,0.07151561070942973,959.3886423151973,9.224890791492282,27246.848439821693,31868.158907271154,10.212693139818473,10.369394015700436,8.477110774533694,6.867338038282998,0.3030916447334025
89390ca209bffff,Planificado,0.3314738011056648,0.0,4.758579518008506,0.8800939856606856,0.7762175415134291,0.9036275493146105,0.9604368661540176,156.92271492926008,0.26153846153846155,0.2153846153846154,3.4974070173277516,46.15373968507649,2.0,0.22754202191577824,2.0,0.2267463989220758,36.92299174806119,18.461495874030597,16458.66552231486,21091.959832182318,9.708607396965947,9.956694606545652,7.934275772879627,3.6355575705843015,0.5641540712662046
89390ca180bffff,Espontáneo,0.48670722128036803,1.0,14.77450164879094,0.24556075634310337,0.24350830268583526,0.33174523570712133,0.16142873063635352,0.0,0.0,0.0,0.0,0.0,0.0,7.674698222498415,0.0,6.838136278304146,0.0,0.0,,,,,0.0,0.0,
89390cbaca7ffff,Espontáneo,0.15550676625821674,1.0,6.1774500284923075,0.2794030238864742,0.24350830268583526,0.33174523570712133,0.2629555332664661,0.0,0.0,0.0,0.0,0.0,0.0,4.218270026507402,0.0,2.755131539557331,0.0,0.0,,,,,0.0,0.0,
89390ca0507ffff,Transición,0.5425651330194928,,8.633220904691113,0.35860358854340796,0.24350830268583526,0.33174523570712133,0.5005572272372674,0.0,0.0,0.0,0.0,0.0,0.0,1.2853833859999222,0.0,0.9345744856278789,0.0,0.0,16754.0,22555.000987634503,9.726392314713754,10.02375642871296,3.643323134989779,0.0,
89390cba88bffff,Espontáneo,0.20950886297458785,1.0,6.276394543601318,0.6169248486199338,0.8954641702886437,0.4966566365763958,0.4586537389947621,267.2342121303142,0.5,0.10344827586206896,3.501992779784541,9.214972832079798,0.0,2.0642044276348424,0.0,0.8493393282371734,9.214972832079798,0.0,9819.101438304315,33789.0906916117,9.192084893934169,10.427922863682587,7.356015083857708,2.3238545686556518,0.8333052536098977
89390ca1447ffff,Espontáneo,0.12931650193795535,1.0,8.772449506237344,0.33720606263234143,0.24350830268583526,0.33174523570712133,0.4363646495040678,0.0,0.0,0.0,0.0,0.0,0.0,2.4404395451095517,0.0,0.8710545717091445,0.0,0.0,,,,,0.0,0.0,
89390ca0093ffff,Planificado,0.6694117125354223,0.0,7.523271452917805,0.6403191054645418,0.6636019168616961,0.5547475760615179,0.7026078234704113,36.93112728598191,0.16,0.04,3.107972275978608,0.0,1.0,0.5008879828791818,0.0,0.4043913189312844,0.0,0.0,,,,,10.00521995604919,0.0,
89390cb55cfffff,Planificado,0.5717863624757338,0.0,12.614718087673621,0.38949255172926184,0.6483338905605707,0.33174523570712133,0.18839852892009365,9.239445493123288,0.5,0.0,0.6931471805599453,0.0,0.0,7.5346740735604945,0.0,3.079394561188466,0.0,0.0,,,,,5.03306308518025,0.0,
89390cb0b4bffff,Planificado,0.7280544830143574,0.0,5.82358919734083,0.49324826330844385,0.3213529477320851,0.5547475760615179,0.6036442661317286,0.0,0.0,0.5,0.6931471805599453,0.0,1.0,1.1897658588659543,0.0,0.4839522904585555,0.0,0.0,27183.0,5600.45611217704,10.21034705689017,8.630781862955505,7.235600386568167,0.0,0.13157180776704333
89390cb1ea7ffff,Planificado,0.43077443300964813,0.0,4.240309547181716,0.44850291615587506,0.24350830268583526,0.5547475760615179,0.547252869720272,0.0,0.0,0.0,0.0,0.0,1.0,2.0856578322174744,0.0,0.46089913924345977,0.0,0.0,,,,,8.150414837680124,0.0,
89390cb0313ffff,Espontáneo,0.2686515109956718,1.0,7.661055123033806,0.6615401760838071,0.7368215758386271,0.630558341691742,0.6172406107210521,64.55660837377793,0.3888888888888889,0.05555555555555555,2.736339051105066,0.0,2.0,1.855954719225326,0.0,0.275752593381903,0.0,0.0,29808.0,5742.970752262234,10.30253209284137,8.655906018838744,4.947280765059709,0.0,0.11838043334514428
89390ca2387ffff,Espontáneo,0.3452627494715754,1.0,6.417289304163951,0.7610052379360303,0.8843196255432967,0.849214309595453,0.5494817786693413,313.9405760766023,0.4657534246575342,0.1780821917808219,3.3828752265747917,64.6348244863593,1.0,2.2635197299971908,0.0,0.419731165389424,9.233546355194186,0.0,18258.05229793978,22397.040805794175,9.812361483505839,10.016728769990884,6.697551627435987,2.3256711821768694,0.42280831377657524
89390cb1a8bffff,Espontáneo,0.32797662434212116,1.0,2.8890115394001095,0.4047234295479029,0.3213529477320851,0.33174523570712133,0.5610721052045023,0.0,0.0,0.0,0.6931471805599453,0.0,0.0,1.2586741697438173,0.0,0.621781614751715,0.0,0.0,,,,,0.0,0.0,
89390cbab77ffff,Espontáneo,0.3719192384418877,1.0,6.132707513565381,0.4690831754522828,0.6344589323526134,0.33174523570712133,0.4410453582971135,36.87108111410568,0.16666666666666666,0.125,2.7301139630409326,0.0,0.0,1.9731581191072456,0.0,1.0237230909550643,0.0,0.0,,,,,6.968806375895375,0.0,
89390cb132bffff,Espontáneo,0.21385582096412084,1.0,5.639491851824962,0.2837493963371596,0.24350830268583526,0.33174523570712133,0.27599465061852224,0.0,0.0,0.0,0.0,0.0,0.0,3.8050429924178273,0.0,2.735440439171422,0.0,0.0,,,,,0.0,0.0,
89390cba833ffff,Planificado,0.8046475771463617,0.0,5.397120528075279,0.7904825587874735,0.868605817452357,0.8704446673353393,0.6323971915747242,294.9279028264492,0.4,0.225,3.5336716443331797,119.81446052324499,1.0,1.7856898024312908,0.0,0.2330882694609004,0.0,0.0,12263.308950914341,54483.68433798099,9.41436707119125,10.905674919835995,8.72466830514672,0.0,0.5155482102672531
89390cb29cbffff,Planificado,0.5822593362916298,0.0,14.385685164747063,0.24923845610906792,0.24350830268583526,0.33174523570712133,0.1724618299342472,0.0,0.0,0.0,0.0,0.0,0.0,7.253865212657451,0.0,4.536810038591742,0.0,0.0,,,,,4.898520015587178,0.0,
89390cb0e37ffff,Planificado,0.886915945811705,0.0,7.631527027684001,0.5572272372673576,0.3213529477320851,0.630558341691742,0.7197704223782457,0.0,0.0,0.5,0.6931471805599453,0.0,2.0,0.712096979044438,0.0,0.2723908915216049,9.227716755996324,0.0,33176.0,5168.523833563283,10.409582001926218,8.550535861435558,8.244679095264393,2.325101364045514,0.11438775678540601
89390cb0a1bffff,Planificado,0.8935057120025285,0.0,5.518281798220324,0.8218916007281103,0.8893903934024295,0.8864928117686393,0.689791597013262,498.28228832139945,0.39705882352941174,0.2647058823529412,3.620251434235641,221.45879480951086,1.0,0.6949249305304361,0.0,0.3714525820177698,498.28228832139945,0.0,,,,,8.44520888921784,6.213171643857953,
89390ca2a8fffff,Transición,0.4647740119250199,,10.327243867641815,0.31239087633270174,0.24350830268583526,0.33174523570712133,0.36191909060514876,0.0,0.0,0.0,0.0,0.0,0.0,2.245797023369433,0.0,2.0616559716331277,0.0,0.0,,,,,5.139290580386836,0.0,
89390ca04afffff,Planificado,0.4570804655875524,0.0,6.808420017853094,0.4771072476689327,0.24350830268583526,0.5547475760615179,0.633065864259445,0.0,0.0,0.0,0.0,0.0,1.0,1.754498431970775,0.0,0.23924987182484939,0.0,0.0,,,,,7.535812504913176,0.0,
89390cb5083ffff,Planificado,0.670245136927158,0.0,11.350500850583915,0.26435788848025554,0.24350830268583526,0.33174523570712133,0.2178201270478101,0.0,0.0,0.0,0.0,0.0,0.0,6.566723776834821,0.0,2.4876652350066237,0.0,0.0,,,,,4.312267509751046,0.0,
89390ca2673ffff,Planificado,0.9352496510782591,0.0,2.591675093453815,0.7675619450945429,0.8803075894349716,0.6497826813774658,0.7725955644711914,442.941266040436,0.366412213740458,0.2595419847328244,3.747998105689165,119.96325955261808,0.0,0.39982658850381436,1.0,0.8471334950015349,101.50737346759992,9.227943042509084,25428.15339130435,37912.57850487812,10.143612240415969,10.543064598802987,5.709595216903325,4.629934732260441,0.27813775757475845
89390cb1d77ffff,Espontáneo,0.07497157295493578,1.0,4.449026666713536,0.6694713770942456,0.8067535941156804,0.5700434637245069,0.6316170734425498,221.39762352593416,0.24489795918367346,0.15306122448979592,3.809429567203204,27.67470294074177,0.0,0.5524573893829218,0.0,0.6387932784598822,184.4980196049451,18.44980196049451,13783.568666227204,53233.919556436565,9.53123248536667,10.882469842644655,7.384696807356488,5.223044206006378,0.7374248832377008
89390ca2257ffff,Espontáneo,0.1851035831248031,1.0,3.778221985917155,0.8028251420929454,0.9388164493480442,0.5547475760615179,0.9149114008692744,442.99007038258577,0.5274725274725275,0.08791208791208792,3.756505430910071,0.0,1.0,0.10092793761857975,1.0,0.3515714863282651,46.14479899818602,9.228959799637202,10593.0,53285.671816347465,9.267948684596496,10.88344151915297,8.535202912432744,3.8532236954275043,0.8162168760796656
89390cbae63ffff,Espontáneo,0.37235245357484353,1.0,8.477361088833712,0.5238214643931794,0.7390504847876964,0.33174523570712133,0.5006686726847208,73.69744313486967,0.4,0.1,2.6491586832740177,0.0,0.0,1.9349098953875976,0.0,0.6658844089233877,0.0,0.0,19837.0,13657.219695266222,9.89530415972811,9.522096794855585,4.983166182022453,0.0,0.2958862144016852
89390cb195bffff,Planificado,0.9580921773822221,0.0,2.2476481800033734,0.9297522196218285,0.9123481555778447,0.9899699097291876,0.8869385935584532,830.2174796696902,0.3448275862068966,0.22988505747126436,4.137175040661224,304.4130758788864,3.0,0.41171272680996335,1.0,0.3697977273288967,627.275429083766,9.224638662996558,24436.98435784852,47788.11615503636,10.103853016059007,10.77455319705166,9.53477228776993,6.442978651663089,0.3195199895909841
89390cbaa47ffff,Espontáneo,0.27680271273333973,1.0,8.602084057636915,0.3241669452802853,0.24350830268583526,0.33174523570712133,0.3972472974478993,0.0,0.0,0.0,0.0,0.0,0.0,1.8210675476165838,0.0,1.8261481218511015,0.0,0.0,,,,,5.243212846951785,0.0,
89390ca35b3ffff,Planificado,0.28678862609928446,0.0,1.997360648085539,0.5593447007689737,0.3346149559790483,0.630558341691742,0.7128608046361306,0.0,0.0,0.3333333333333333,1.0986122886681096,0.0,2.0,0.6534425024400435,0.0,0.314842956588397,0.0,0.0,,,,,0.0,0.0,
89390cb1123ffff,Planificado,0.7753434892150008,0.0,6.077981547030248,0.43030015973847463,0.24350830268583526,0.5547475760615179,0.49264460046807085,0.0,0.0,0.0,0.0,0.0,1.0,3.703906781107905,0.0,0.41730534074869813,0.0,0.0,,,,,0.0,0.0,
89390ca3197ffff,Transición,0.45451712056291665,,3.5995300040271374,0.9485400646383595,0.9180875961216985,0.9624707455700434,0.9650618522233366,913.5661916702907,0.3626373626373626,0.1794871794871795,4.048483691667306,221.47059192007046,2.0,0.1991087184916356,1.0,0.13647891764807893,286.066181230091,36.911765320011746,10126.140826873385,33794.191890329574,9.222875559886573,10.42807381958697,9.842895514349324,5.659712785796833,
89390cb0d07ffff,Planificado,0.5886311550971208,0.0,10.838377071685843,0.40717522939187933,0.5926111668338349,0.33174523570712133,0.2971692856346818,18.46412882826703,0.15384615384615385,0.23076923076923078,2.2450352741261774,0.0,0.0,3.735682686332526,0.0,2.183483190980163,0.0,0.0,24328.0,4901.357692853995,10.099383229357201,8.497471530184432,4.766794053536659,0.0,0.22280483931383424
89390cb536fffff,Planificado,0.8285574239140207,0.0,11.492369040487635,0.39014265017274047,0.5923325532152012,0.33174523570712133,0.24635016159589881,9.240947997264149,1.0,0.0,0.0,0.0,0.0,5.477827618818031,0.0,2.289646161906381,73.92758397811319,0.0,,,,,7.494249175308949,4.316522100137084,
89390ca2043ffff,Espontáneo,0.11082681078774033,1.0,4.316835056753952,0.7587206062632341,0.8712805081912404,0.7744901370779004,0.6303911735205617,230.76224376702962,0.4716981132075472,0.11320754716981132,3.380208977181973,18.46097950136237,1.0,0.9744920427303226,0.0,0.46970973503568786,18.46097950136237,9.230489750681185,12493.901878329129,44278.75013191214,9.432995954519326,10.698282743895906,5.852907477756269,2.9684114095796494,0.7295284281436858
89390ca2543ffff,Planificado,0.7624138684561894,0.0,5.947105287922471,0.5796091979642631,0.7111891229243286,0.5224005349381478,0.5052379360303132,55.393671761084825,0.35294117647058826,0.29411764705882354,2.670119889806817,9.23227862684747,0.0,1.0213698159779088,0.0,1.125885141513798,36.92911450738988,0.0,22871.398344827587,12740.90832490202,10.037642428340819,9.452651707932455,9.15176873120964,3.635719009986429,0.3090543951953097
89390cb1c47ffff,Planificado,0.6646032991103494,0.0,5.129158885168515,0.3591979642631598,0.24350830268583526,0.33174523570712133,0.5023403543965229,0.0,0.0,0.0,0.0,0.0,0.0,2.7530248972656115,0.0,0.5039287195757274,0.0,0.0,,,,,7.926447178544994,0.0,
89390cb00b3ffff,Espontáneo,0.0905651902431395,1.0,10.536482857269371,0.27932872692150523,0.24350830268583526,0.33174523570712133,0.26273264237155913,0.0,0.0,0.0,0.0,0.0,0.0,4.669243424343301,0.0,2.374151793085918,0.0,0.0,,,,,0.0,0.0,
89390cbad33ffff,Planificado,0.6571003093775742,0.0,4.022292497405619,0.3306307812325866,0.24350830268583526,0.33174523570712133,0.4166388053048033,0.0,0.0,0.0,0.0,0.0,0.0,2.0531443786565067,0.0,1.2482796538604437,0.0,0.0,,,,,5.440016182104807,0.0,
89390ca2127ffff,Planificado,0.8606592175752318,0.0,8.633913223414334,0.6472194360860358,0.6143987518109885,0.7840187228351722,0.543240833611947,27.710587148278435,0.23076923076923078,0.3076923076923077,2.098147389135067,18.473724765518956,1.0,2.948959324551871,0.0,0.3385822020211138,0.0,0.0,21266.0,8569.899744264503,9.964864832211031,9.056127993743143,6.328737148648608,0.0,0.25261497334545757
89390cb182bffff,Planificado,0.8573940878773632,0.0,2.249035657573148,0.9527935658828336,0.9181990415691518,0.9567870277499164,0.9833946283294327,765.5605271478913,0.36086956521739133,0.1782608695652174,4.173397042404889,166.02517456219329,2.0,0.2685955619712019,2.0,0.08390384375701274,415.06293640548324,18.447241618021476,22338.049746359025,41510.67717973992,10.014046770081864,10.633730044464532,8.65100169258566,6.0308365382544284,0.39057858233323944
89390ca0593ffff,Espontáneo,0.2251032424032254,1.0,7.509294986858791,0.7222872320665701,0.6131171291652736,0.8260615178869943,0.7276830491474424,18.469128687479323,0.125,0.25,2.685945324669788,9.234564343739661,2.0,0.6132836959633797,0.0,0.2840963157960446,0.0,0.0,10002.0,36341.258811093016,9.21054035197885,10.50073649772602,8.583255522769955,0.0,0.7065043804966596
89390cba917ffff,Espontáneo,0.26227558798533435,1.0,3.496982962716121,0.5250752256770311,0.543240833611947,0.5013373453694416,0.5306474980497047,9.219292324984435,0.125,0.625,1.6674619334292948,9.219292324984435,0.0,1.2967448290677446,0.0,0.7422624505573542,18.43858464996887,0.0,10497.0,22603.79824268182,9.258844781035798,10.025917474348544,9.169508457877294,2.967259990310242,0.8149894896944748
89390ca1d0bffff,Espontáneo,0.22603809462560642,1.0,13.621965636873139,0.2582655373527991,0.24350830268583526,0.33174523570712133,0.19954307366544077,0.0,0.0,0.0,0.0,0.0,0.0,5.60381183840922,0.0,5.1158078560512195,0.0,0.0,,,,,0.0,0.0,
89390ca3483ffff,Planificado,0.5813985917892189,0.0,1.34648824471078,0.780823953341506,0.7883093725621309,0.8428619190906051,0.711300568371782,156.77984516497241,0.3541666666666667,0.1875,3.1964069820706227,64.55640683263569,1.0,0.6561041422915215,0.0,0.31783199429200193,184.44687666467343,9.222343833233671,22766.822513400835,37095.87370979017,10.033059602258302,10.521287978462423,7.216151319091237,5.2227684618669645,0.36281808284354516
89390ca0177ffff,Espontáneo,0.4332863875377166,1.0,11.139037060277133,0.3099019280062409,0.24350830268583526,0.33174523570712133,0.35445224562576616,0.0,0.0,0.0,0.0,0.0,0.0,2.1929771591588425,0.0,2.3180483721574796,0.0,0.0,,,,,7.417395149026088,0.0,
89390cb8d83ffff,Espontáneo,0.2160375177148321,1.0,6.166569729031229,0.34578736208625876,0.24350830268583526,0.33174523570712133,0.46210854786581973,0.0,0.0,0.0,0.0,0.0,0.0,1.638120080508407,0.0,1.0172839863602439,0.0,0.0,,,,,0.0,0.0,
89390ca3067ffff,Planificado,0.7418583365777799,0.0,4.741366232726466,0.36480738511831784,0.24350830268583526,0.33174523570712133,0.5191686169619971,0.0,0.0,0.0,0.0,0.0,0.0,1.3514798264766459,0.0,0.7717746991471722,0.0,0.0,,,,,7.377380939547963,0.0,
89390cb8967ffff,Planificado,0.754758017528772,0.0,9.242374400696471,0.35334707827185263,0.3346149559790483,0.33174523570712133,0.3936810431293882,0.0,0.0,0.3333333333333333,1.0986122886681096,0.0,0.0,1.811150648250583,0.0,1.919107892278595,18.443196915890837,0.0,,,,,3.503154040148856,2.9674972359177145,
89390ca14d3ffff,Espontáneo,0.5033690727552182,1.0,7.561434069803462,0.501968869571678,0.24350830268583526,0.630558341691742,0.6318399643374568,0.0,0.0,0.0,0.0,0.0,2.0,1.2836783629311614,0.0,0.3650945282737705,0.0,0.0,11316.0,6683.814066971261,9.333972932421458,8.807593675681966,4.075887342087693,0.0,0.7816193072370051
89390cb565bffff,Espontáneo,0.1511680428313549,1.0,7.754011505312043,0.6050930569486237,0.8262008246963112,0.5581745235707122,0.4309038225788477,230.839046223582,0.31645569620253167,0.1518987341772152,3.6607627694294997,18.46712369788656,0.0,3.1722106757296076,0.0,0.7234544391742023,9.23356184894328,9.23356184894328,19709.474474474475,22775.672071109773,9.88885473690315,10.033492136386494,6.892859602723746,2.3256726961913494,0.3589024013284181
89390cb0bd7ffff,Planificado,0.5997671205222326,0.0,7.118928425553252,0.512435454511683,0.6713473754597125,0.33174523570712133,0.5342137523682157,27.691529415143453,0.375,0.25,2.0794415416798357,0.0,0.0,1.7860967656714417,0.0,0.5676335953821406,18.461019610095637,0.0,,,,,8.914565116458258,2.968413470559773,
89390ca76cfffff,Espontáneo,0.19838801442244527,1.0,14.47706136641075,0.2519874438129202,0.24350830268583526,0.33174523570712133,0.1807087930458041,0.0,0.0,0.0,0.0,0.0,0.0,6.4164663079711355,0.0,6.240413750981505,0.0,0.0,,,,,0.0,0.0,
89390ca2c4bffff,Planificado,0.25692273594686377,0.0,8.979010716381739,0.33237675990935767,0.24350830268583526,0.33174523570712133,0.4218767413351165,0.0,0.0,0.0,0.0,0.0,0.0,2.5183029426848105,0.0,0.9422911377408972,9.237371194494314,0.0,,,,,7.715337978348613,2.3260448673656597,
89390cb1b63ffff,Espontáneo,0.06211016595678172,1.0,0.45469934637280046,0.8697945688918608,0.8874400980719939,0.8520561685055166,0.8698874400980721,977.811173226104,0.2994350282485876,0.3192090395480226,3.997654938839942,73.79706967744181,1.0,0.1486148349377495,1.0,0.49503489561399056,2084.767218387731,9.224633709680226,19380.544034090908,39349.55849928814,9.872024956985264,10.580265446865239,7.986117629104274,7.642892036998131,0.6168272085636576
89390cb234fffff,Espontáneo,0.171026671678624,1.0,13.203182343424807,0.2826720903451094,0.24350830268583526,0.33174523570712133,0.27276273264237155,0.0,0.0,0.0,0.0,0.0,0.0,7.385794999419811,0.0,1.1514915044085368,0.0,0.0,,,,,0.0,0.0,
89390ca0c9bffff,Espontáneo,0.19223515694500548,1.0,11.6672710057529,0.2878357294104536,0.24350830268583526,0.33174523570712133,0.2882536498384041,0.0,0.0,0.0,0.0,0.0,0.0,3.2432584914590668,0.0,3.0237023792876228,0.0,0.0,,,,,4.6890958288923885,0.0,
89390ca2413ffff,Planificado,0.8552635308327319,0.0,4.804474046186604,0.810821352947732,0.8842081800958431,0.8776328986960882,0.6706229800512649,443.01500431630063,0.35294117647058826,0.2647058823529412,3.876632292623612,138.44218884884393,1.0,0.7146679407967119,0.0,0.42844715405840056,92.29479256589596,18.45895851317919,24241.781135333476,39631.158754528304,10.095832916664213,10.587396157436912,8.602666458807711,4.535764292425292,0.2598233983328769
89390cb1b17ffff,Espontáneo,0.08919644964633763,1.0,1.0251803585750332,0.896244288420818,0.8703332218878859,0.8858241390839183,0.9325755042906497,1079.2823721272782,0.30952380952380953,0.23015873015873015,3.6944877322764107,212.16662016177264,1.0,0.34715136273533687,2.0,0.29756076188308095,3228.622480722627,27.67390697762252,21058.184167636788,43130.62392404622,9.955044560111046,10.672011740777412,7.495282255488683,8.080120530352573,0.579574853433671
89390ca0463ffff,Planificado,0.8530079991979618,0.0,6.996901679747925,0.6314684795126119,0.6912403878301571,0.5775660314276162,0.6255990192800623,46.15881413537694,0.3333333333333333,0.2,2.615630577027551,27.695288481226168,0.0,0.8063721585624779,0.0,0.5497359024213035,9.23176282707539,0.0,18925.0,31197.90292523248,9.84823907830565,10.348138210526548,7.176440947652922,2.3254968844804673,0.36482097680781694
89390ca3353ffff,Planificado,0.6193942027391188,0.0,6.281852572734922,0.46607414837103905,0.24350830268583526,0.5547475760615179,0.599966566365764,0.0,0.0,0.0,0.0,0.0,1.0,2.318319500803015,0.0,0.2426945773125822,0.0,0.0,,,,,9.352501030230316,0.0,
89390cb2a57ffff,Espontáneo,0.16617300710926816,1.0,11.359800704219047,0.2735707121364092,0.24350830268583526,0.33174523570712133,0.245458598016271,0.0,0.0,0.0,0.0,0.0,0.0,5.064360645074186,0.0,2.6069696061972296,0.0,0.0,,,,,0.0,0.0,
89390ca0047ffff,Planificado,0.9608101388680645,0.0,8.825104061663522,0.6384709684609384,0.7234481221442105,0.6151788699431628,0.5767859132954419,83.09507023015684,0.2903225806451613,0.2903225806451613,3.0146356756514834,55.396713486771226,0.0,1.387474862804652,0.0,0.5222040843327677,9.232785581128537,0.0,17204.0,18909.974295753727,9.752897193903626,9.8474976831044,4.938588922376762,2.325596838218375,0.5224200688845413
89390cb0ec3ffff,Planificado,0.7387926402358047,0.0,7.57711997547618,0.7694936661837364,0.9231026412571047,0.8239719157472417,0.5614064415468628,368.99671034698974,0.43010752688172044,0.15053763440860216,3.9883705123548214,46.12458879337372,1.0,1.802086738004744,0.0,0.46923869787215344,55.34950655204846,9.224917758674744,16959.897123893807,21785.551808780438,9.73860684351935,9.989048168917076,7.51134045191978,4.031573483607133,0.5732874708407798
89390cb0aa7ffff,Planificado,0.6299371535713676,0.0,6.725065249556782,0.5082933987146625,0.7049481778669341,0.33174523570712133,0.48818678256993203,27.688472002171487,0.5,0.16666666666666666,1.791759469228055,0.0,0.0,1.2727338887885884,0.0,1.0557135959535477,36.91796266956198,0.0,34765.0,5260.018655416835,10.456366412533118,8.568079947707572,8.702457599822267,3.6354249488749573,0.12607245574002093
89390ca2b1bffff,Planificado,0.6989537902341667,0.0,12.490807169454747,0.29624986069319065,0.3213529477320851,0.33174523570712133,0.23565139864036555,0.0,0.0,0.5,0.6931471805599453,0.0,0.0,4.40949461395275,0.0,4.224482589468181,9.24170559917825,0.0,,,,,6.593236178648517,2.3264681681611328,
89390cb1e03ffff,Planificado,0.633473427211403,0.0,4.481857815561069,0.31536275493146104,0.24350830268583526,0.33174523570712133,0.3708347264014265,0.0,0.0,0.0,0.0,0.0,0.0,2.672101205739132,0.0,1.4798958793150137,0.0,0.0,,,,,0.0,0.0,
89390cb15cbffff,Planificado,0.6576650922910409,0.0,10.02708971603492,0.37749359188677145,0.5577287417808984,0.33174523570712133,0.24300679817229465,9.21398032127201,0.25,0.25,1.3862943611198906,0.0,0.0,6.74259753807572,0.0,1.8040932536329861,0.0,0.0,,,,,3.878982246393231,0.0,
89390cb2d43ffff,Espontáneo,0.36980106328133316,1.0,15.710964243076416,0.2532133437349084,0.24350830268583526,0.33174523570712133,0.18438649281176864,0.0,0.0,0.0,0.0,0.0,0.0,8.742574412737852,0.0,2.9260398367453884,0.0,0.0,,,,,0.0,0.0,
89390ca0333ffff,Planificado,0.20547052709982197,0.0,11.51047519837607,0.2914391322114491,0.24350830268583526,0.33174523570712133,0.29906385824139087,0.0,0.0,0.0,0.0,0.0,0.0,3.080336358569876,0.0,2.851082731966006,0.0,0.0,,,,,4.969803890614186,0.0,
89390cb11afffff,Planificado,0.6387810766532429,0.0,6.580511700313136,0.4249879267431926,0.24350830268583526,0.5547475760615179,0.47670790148222447,0.0,0.0,0.0,0.0,0.0,1.0,3.5500637058479403,0.0,0.4853685562824419,0.0,0.0,,,,,0.0,0.0,
89390ca3223ffff,Planificado,0.6109901887186208,0.0,6.260397825771958,0.6300754114194435,0.8279839518555666,0.5409562019391508,0.521286080463613,138.35813684534168,0.5357142857142857,0.10714285714285714,2.9361204069980924,18.44775157937889,0.0,2.2258448303048453,0.0,0.5229951985907226,0.0,0.0,15287.160194174758,16476.422124269688,9.63476855205745,9.709746366729677,6.9466313675125,0.0,0.446900121759558
89390ca168fffff,Planificado,0.6765612734984023,0.0,9.765323409515187,0.3069671978899662,0.24350830268583526,0.33174523570712133,0.3456480552769419,0.0,0.0,0.0,0.0,0.0,0.0,2.6341660982626354,0.0,2.0130182350737034,0.0,0.0,,,,,7.678593348523651,0.0,
89390cb0d93ffff,Transición,0.4999973946487186,,11.65642033453398,0.28400943571455106,0.24350830268583526,0.33174523570712133,0.27677476875069656,0.0,0.0,0.0,0.0,0.0,0.0,4.416118294608959,0.0,2.188567184709375,0.0,0.0,,,,,7.321041168749109,0.0,
89390ca2e07ffff,Planificado,0.4112954323320174,0.0,9.11077140697077,0.34411568037445667,0.24350830268583526,0.33174523570712133,0.45709350273041344,0.0,0.0,0.0,0.0,0.0,0.0,1.574148783327368,0.0,1.1213819029240295,0.0,0.0,,,,,0.0,0.0,
89390cb0977ffff,Planificado,0.632454971744051,0.0,9.300986061877463,0.482809539730302,0.3213529477320851,0.5547475760615179,0.572328095397303,0.0,0.0,0.5,0.6931471805599453,0.0,1.0,3.7220568007195296,0.0,0.08412554422026526,0.0,0.0,,,,,7.849324641722442,0.0,
89390ca287bffff,Planificado,0.5769352822145416,0.0,11.159068542659776,0.2891359262974107,0.24350830268583526,0.33174523570712133,0.2921542404992756,0.0,0.0,0.0,0.0,0.0,0.0,3.1806432222395524,0.0,2.9585180434741445,0.0,0.0,,,,,6.391460290970744,0.0,
89390cb055bffff,Espontáneo,0.10936939144792371,1.0,11.21657015723572,0.27457372116349044,0.24350830268583526,0.33174523570712133,0.24846762509751477,0.0,0.0,0.0,0.0,0.0,0.0,5.376078498798989,0.0,2.30199501493759,0.0,0.0,,,,,7.461928521265161,0.0,
89390ca25cfffff,Planificado,0.7667233057122216,0.0,6.207138154240192,0.514237155912181,0.7203276496155132,0.33174523570712133,0.4906385824139084,73.85824627121198,0.34782608695652173,0.391304347826087,2.6650690731287026,0.0,0.0,1.4029673864129626,0.0,0.9343301149296951,0.0,0.0,,,,,7.757034064667212,0.0,
89390cb0807ffff,Planificado,0.7651349475507792,0.0,8.334842930597155,0.3509881496340874,0.24350830268583526,0.33174523570712133,0.47771091050930575,0.0,0.0,0.0,0.0,0.0,0.0,1.425430246885262,0.0,1.0285217054239226,64.6118503913835,0.0,,,,,7.709135697156273,4.183756325845596,
89390cb1cd3ffff,Planificado,0.7825315148207952,0.0,6.564750502261031,0.32082358185668114,0.24350830268583526,0.33174523570712133,0.3872172071770868,0.0,0.0,0.0,0.0,0.0,0.0,2.9968689759432148,0.0,1.0778553420112682,0.0,0.0,,,,,9.289369360093636,0.0,
89390cb528bffff,Planificado,0.40907200113797154,0.0,8.972724001420609,0.45411233701103315,0.24350830268583526,0.5547475760615179,0.5640811322857462,0.0,0.0,0.0,0.0,0.0,1.0,4.049002618823181,0.0,0.07642584495322681,0.0,0.0,,,,,8.315590723736591,0.0,
89390ca21b3ffff,Espontáneo,0.11638227988198037,1.0,8.091686932981919,0.5845499461347005,0.585422935473086,0.630558341691742,0.5376685612392734,9.235845589225413,0.08333333333333333,0.08333333333333333,2.484906649788001,0.0,2.0,3.3510993764796293,0.0,0.30871440080360424,9.235845589225413,0.0,15768.0,9131.962913891677,9.665737848832556,9.119645446012425,8.13098096995393,2.3258958331139503,0.5777675076894527
89390cb18b7ffff,Planificado,0.8308730849186958,0.0,3.796511930866509,0.8114064415468628,0.835283628663769,0.8673520561685055,0.7315836398083139,267.4925323910237,0.31868131868131866,0.15384615384615385,3.6718088211454583,27.671641281830038,2.0,0.8451655226422056,0.0,0.15013121056843376,46.11940213638339,0.0,28825.0,40396.041356817805,10.268998345137259,10.606511827525386,6.545668320014418,3.852684851155523,0.16269319069824684
89390cba9a3ffff,Espontáneo,0.6708962202571954,1.0,2.9046830290213883,0.4670771573981203,0.24350830268583526,0.5547475760615179,0.6029755934470077,0.0,0.0,0.0,0.0,0.0,1.0,1.2866696740210872,0.0,0.46036667437219425,0.0,0.0,15050.0,3542.3519390091524,9.619133270177022,8.172828433550379,7.175632109756276,0.0,0.5515359582832678
89390ca1d97ffff,Espontáneo,0.15139232534041394,1.0,12.547861912112355,0.27371930606634715,0.24350830268583526,0.33174523570712133,0.24590437980608493,0.0,0.0,0.0,0.0,0.0,0.0,4.1350912560202655,0.0,3.897810907907911,0.0,0.0,,,,,5.661147719715041,0.0,
89390cb149bffff,Transición,0.49150969597350996,,12.045776019194868,0.27462944388721716,0.3213529477320851,0.33174523570712133,0.17079014822244512,0.0,0.0,0.0,0.6931471805599453,0.0,0.0,8.809719895110357,0.0,3.7462079015165974,0.0,0.0,,,,,4.556033813763927,0.0,
89390ca350fffff,Planificado,0.8505745368464824,0.0,2.4302682374383267,0.571566551506371,0.5698762955533266,0.5446339017051154,0.6001894572606709,9.226414063767312,0.05,0.1,2.3718998110500396,18.452828127534623,0.0,0.5834875977591427,0.0,0.7679211987656286,36.905656255069246,0.0,26048.20102105935,37664.14695066862,10.167703986104312,10.536490461770002,0.0,3.6351003425115223,0.30721911591879103
89390cb8597ffff,Espontáneo,0.3341829638874521,1.0,9.806779725021991,0.29786581968126596,0.24350830268583526,0.33174523570712133,0.3183439206508414,0.0,0.0,0.0,0.0,0.0,0.0,3.290135979080415,0.0,2.0472560711106733,0.0,0.0,,,,,0.0,0.0,
89390cb727bffff,Planificado,0.569514488293845,0.0,11.152734069103365,0.2848638508116943,0.24350830268583526,0.33174523570712133,0.2793380140421264,0.0,0.0,0.0,0.0,0.0,0.0,4.7696104043349985,0.0,1.9198721355903159,0.0,0.0,,,,,4.622375895089134,0.0,
89390cb0c63ffff,Espontáneo,0.17974769934212428,1.0,8.931333717885392,0.6985214903971174,0.8265908837623983,0.630558341691742,0.6384152457372116,175.3364592363931,0.4318181818181818,0.11363636363636363,3.1379945103651683,0.0,2.0,1.8324371678138804,0.0,0.19273706334158294,18.456469393304538,0.0,13002.213779781068,20355.649049965014,9.47287491269824,9.921162872146617,7.0817374794131815,2.968179631382151,0.7297498141237941
89390cb23dbffff,Espontáneo,0.10201783759081068,1.0,14.584863690815665,0.26777554886882865,0.24350830268583526,0.33174523570712133,0.22807310821352947,0.0,0.0,0.0,0.0,0.0,0.0,8.806518160174544,0.0,1.7142301989845008,0.0,0.0,,,,,0.0,0.0,
89390cb52cbffff,Planificado,0.7341941616685581,0.0,8.101590021463846,0.6484824844905086,0.6379137412236711,0.7826813774657305,0.5248523347821242,27.70601960512177,0.3333333333333333,0.2222222222222222,1.6769877743224173,18.470679736747847,1.0,3.175653724671129,0.0,0.36837869153542313,0.0,0.0,34765.0,5324.3237434233315,10.456366412533118,8.58022878561658,6.845437737274597,0.0,0.0656987964469227
89390ca2c97ffff,Planificado,0.6604148472106208,0.0,10.012141395342782,0.44543816635090455,0.6581410899364761,0.33174523570712133,0.3464281734091162,18.477304694075542,0.4,0.0,1.6094379124341005,0.0,0.0,4.860364296662973,0.0,0.922308174011297,0.0,0.0,14937.0,11562.625088655703,9.611596635310292,9.355619682051676,7.488937657629975,0.0,0.48445641592404143
89390cb1ba3ffff,Espontáneo,0.4306842065185153,1.0,1.5425674071386366,0.9008599873695159,0.8060849214309594,0.95962888665998,0.9368661540176083,332.1143923501871,0.26277372262773724,0.3722627737226277,3.4553800012249773,193.73339553760914,2.0,0.31244949090032387,1.0,0.23316575909178777,258.3111940501455,0.0,32704.0,19236.428247317293,10.395252673563377,9.86461304830612,9.189837403033462,5.558028861879472,0.15666742347656604
89390cb000fffff,Espontáneo,0.1436886388785173,1.0,9.37060554887321,0.3042553586685984,0.24350830268583526,0.33174523570712133,0.3375125376128385,0.0,0.0,0.0,0.0,0.0,0.0,3.650839832636996,0.0,1.4228323571561703,0.0,0.0,,,,,0.0,0.0,
89390ca2083ffff,Planificado,0.34049841667405256,0.0,5.0849693022806575,0.8887774434414354,0.8476540733311045,0.873453694416583,0.9452245625766187,276.93772464912433,0.35294117647058826,0.27058823529411763,3.5772632907152477,120.00634734795388,1.0,0.31426905534787103,1.0,0.19495966304160117,36.92502995321658,0.0,18059.611731843575,27823.11940658064,9.801433327949374,10.23365852808071,8.33499318984359,3.635611315035644,0.4607531572211065
89390cb0c23ffff,Planificado,0.6937809854710622,0.0,9.750602536524836,0.4869330212860805,0.3213529477320851,0.5547475760615179,0.5846985400646384,0.0,0.0,0.5,0.6931471805599453,0.0,1.0,2.5325897552503185,0.0,0.26215067448517243,0.0,0.0,,,,,2.583772658697578,0.0,
89390cba873ffff,Espontáneo,0.4275558548028395,1.0,6.25013189357438,0.7459972510122962,0.6420372227794494,0.8575727181544635,0.7383818121029756,36.861924381662625,0.25,0.1875,2.512658529529802,18.430962190831313,3.0,0.8893951805230867,0.0,0.05620915863267777,0.0,0.0,,,,,7.989983671836732,0.0,
89390cb56a7ffff,Planificado,0.6979943463689875,0.0,10.167386612941261,0.29028752925442997,0.24350830268583526,0.33174523570712133,0.2956090493703332,0.0,0.0,0.0,0.0,0.0,0.0,5.46402053474889,0.0,1.3066550440393887,0.0,0.0,,,,,0.0,0.0,
89390cb136bffff,Espontáneo,0.4155755500424123,1.0,6.084303884888755,0.27795423306957906,0.24350830268583526,0.33174523570712133,0.25860916081578067,0.0,0.0,0.0,0.0,0.0,0.0,4.1487326783692815,0.0,3.0062090378354487,0.0,0.0,,,,,0.0,0.0,
89390ca00d3ffff,Planificado,0.6349922152131908,0.0,7.433689704593931,0.5228370296073405,0.6431516772539841,0.33174523570712133,0.593614175860916,36.9270554047677,0.18181818181818182,0.13636363636363635,2.7759755531037955,0.0,0.0,0.6456715027881094,0.0,0.7633103058960312,18.46352770238385,0.0,,,,,8.825575081615032,2.9685423399989754,
89390ca142fffff,Transición,0.46012481374418607,,8.858042887450218,0.30042906497269584,0.24350830268583526,0.33174523570712133,0.32603365652513094,0.0,0.0,0.0,0.0,0.0,0.0,3.6444615549180144,0.0,1.6204639392189153,0.0,0.0,,,,,6.556410749546799,0.0,
89390cb0b33ffff,Espontáneo,0.5946879801533578,1.0,7.598071761536898,0.6288680857386976,0.8784130168282626,0.5232363757940488,0.48495486459378134,230.81363246697802,0.44642857142857145,0.08928571428571429,3.5610696409550213,9.23254529867912,0.0,2.840526081908922,0.0,0.5533034260890348,55.39527179207472,0.0,21727.0,15832.15641363874,9.98631100573524,9.669861527416746,6.752917940128572,4.032385321515939,0.4034880329209647
89390cb22abffff,Espontáneo,0.10255800423457023,1.0,14.766172243039838,0.42145882090716597,0.7044466733533935,0.33174523570712133,0.22818455366098297,27.65430853510601,0.75,0.25,1.3862943611198906,0.0,0.0,9.07967437706755,0.0,1.7009314222636889,9.218102845035338,0.0,,,,,5.401531085128159,2.324160935942641,
89390cb89b3ffff,Espontáneo,0.08210260894718056,1.0,7.399062134691894,0.8579442029793083,0.8904491251532374,0.8309929789368105,0.852390504847877,442.63633904830715,0.36923076923076925,0.18461538461538463,3.857262166573394,55.329542381038394,1.0,0.42265498474126734,1.0,0.4847318682923325,0.0,0.0,9922.149946447696,38206.53106115406,9.202524905269247,10.550787923361264,8.450874620415169,0.0,0.71138656399165
89390cb1e8fffff,Espontáneo,0.24200378569003733,1.0,4.906950517251841,0.3209721757866191,0.24350830268583526,0.33174523570712133,0.3876629889669007,0.0,0.0,0.0,0.0,0.0,0.0,2.9256354727195095,0.0,1.105427389857853,0.0,0.0,,,,,0.0,0.0,
89390ca236fffff,Planificado,0.7884980781359048,0.0,7.141547545935144,0.775075225677031,0.7771648278167836,0.8939317953861585,0.6541290538281511,120.03939639845119,0.3023255813953488,0.11627906976744186,3.458876920487898,36.935198891831135,2.0,1.179409914866651,0.0,0.3205700596581942,0.0,0.0,17080.0,32541.195824207476,9.745663467342562,10.39029285926482,5.692827079692493,0.0,0.34087214856702236
89390cb1a73ffff,Espontáneo,0.08027942241401079,1.0,2.2407903349718334,0.7766447490620009,0.7894795497603923,0.630558341691742,0.9098963557338683,212.07882733879924,0.23711340206185566,0.16494845360824742,3.6309312897048485,0.0,2.0,0.3152030456969552,1.0,0.32568657112662797,165.97473443906028,92.20818579947793,14623.61124401914,40353.87686552634,9.590392709917387,10.605467530472101,7.727704431420059,5.11784251018708,0.6986098544462626
89390ca36cbffff,Planificado,0.7495679703902064,0.0,4.9687750931501995,0.7565288457966491,0.8014042126379137,0.8065864259445001,0.6615958988075338,110.63152675231306,0.5217391304347826,0.21739130434782608,2.690828621511594,36.87717558410435,1.0,1.221600648162672,0.0,0.2848277938315503,9.219293896026088,0.0,8853.338418862691,42027.83271746028,9.088549889341827,10.646111155009649,7.725607450958951,2.3242774919803,0.8654801418623201
89390ca32afffff,Planificado,0.7307292011634375,0.0,5.632476030498579,0.56808388127345,0.8811991530145994,0.33174523570712133,0.49130725509862927,239.8207266689349,0.49056603773584906,0.09433962264150944,3.437627190894966,0.0,0.0,2.011637989661366,0.0,0.692735124017788,0.0,0.0,,,,,9.368284063867572,0.0,
89390ca30b3ffff,Planificado,0.7541736044094313,0.0,2.8903645676455,0.8159942791336974,0.7807310821352947,0.9205115346038115,0.746740220661986,147.60226933899824,0.2807017543859649,0.24561403508771928,3.5186986140363405,64.57599283581173,2.0,0.7705298525344328,0.0,0.10077212359967842,18.45028366737478,18.45028366737478,25213.88016903109,35598.206515851765,10.135149922223052,10.480078627711153,6.461166826747133,2.967861654398966,0.2031695953619551
89390ca2e93ffff,Planificado,0.5173185209918647,0.0,8.2897019054528,0.669192763475612,0.9024852334782124,0.6173520561685055,0.4877410007801181,295.56323526893505,0.49230769230769234,0.15384615384615385,3.580930815379557,55.41810661292533,0.0,2.248649654990655,0.0,0.6470848873678283,18.47270220430844,0.0,20497.0,22878.71608063082,9.928033812954128,10.038006036353403,7.097957129803153,2.969013597854005,0.36086997817193883
89390cb0a03ffff,Planificado,0.8909575223174513,0.0,5.666418143519027,0.6033285040306103,0.633901705115346,0.5471414242728184,0.6289423827036665,27.683877363873798,0.0967741935483871,0.25806451612903225,2.9530375303326304,18.45591824258253,0.0,0.8738343486251953,0.0,0.5080973280600547,18.45591824258253,0.0,34765.0,17687.36402628676,10.456366412533118,9.780662302735207,8.585239329574506,2.968151303605033,0.08208104100316112
89390cb5ac3ffff,Planificado,0.6802573778245621,0.0,13.830230903771726,0.25228463167279613,0.24350830268583526,0.33174523570712133,0.18160035662543184,0.0,0.0,0.0,0.0,0.0,0.0,6.995409466489578,0.0,4.107776917143812,0.0,0.0,,,,,6.59986157586732,0.0,
89390cb506bffff,Planificado,0.8041661170751218,0.0,10.528428031689304,0.29322225937070473,0.24350830268583526,0.33174523570712133,0.3044132397191575,0.0,0.0,0.0,0.0,0.0,0.0,5.601421880833466,0.0,1.1595898750076725,0.0,0.0,,,,,4.534550775791802,0.0,
89390ca265bffff,Planificado,0.2793772544980549,0.0,1.556471256063111,0.5291336973884616,0.3304914744232698,0.5547475760615179,0.7021620416805973,0.0,0.0,0.4,1.0549201679861442,0.0,1.0,0.6391766892712931,0.0,0.35386808527612634,0.0,0.0,,,,,0.0,0.0,
89390cb01cbffff,Espontáneo,0.2822318688278082,1.0,9.488033246375098,0.31045915524350826,0.24350830268583526,0.33174523570712133,0.35612392733756826,0.0,0.0,0.0,0.0,0.0,0.0,3.5445475353884395,0.0,1.2058048640121997,0.0,0.0,,,,,3.483800014498524,0.0,
89390cbae4bffff,Espontáneo,0.27201577393614657,1.0,9.472997220307281,0.3073386827148111,0.24350830268583526,0.33174523570712133,0.3467625097514766,0.0,0.0,0.0,0.0,0.0,0.0,2.948985942154266,0.0,1.7018055783495087,0.0,0.0,,,,,0.0,0.0,
89390cb1943ffff,Planificado,0.9022779769718062,0.0,2.3251229937102558,0.9379898956127642,0.9408224674022067,0.9594617184887997,0.9136855009472864,987.0907997564008,0.4037735849056604,0.15471698113207547,4.092109461559345,193.72810088677025,2.0,0.1831428212177033,1.0,0.3426048696615962,424.3567924186396,36.90059064509909,25302.95796460177,49049.961648020275,10.138676583478423,10.80061507026555,9.464907169379744,6.0529283283049455,0.2753876909105342
89390ca06abffff,Espontáneo,0.3935233243068542,1.0,7.105413176551247,0.3936160332850403,0.3897804524685166,0.33174523570712133,0.4593224116794829,0.0,0.0,0.125,2.4260151319598084,0.0,0.0,1.5585575891298016,0.0,1.1158333200757704,0.0,0.0,,,,,8.463864334124123,0.0,
89390ca01c3ffff,Espontáneo,0.4071584215970672,1.0,9.606599374211909,0.3874308109513726,0.24350830268583526,0.33174523570712133,0.5870388944611612,0.0,0.0,0.0,0.0,0.0,0.0,0.6617509692369257,0.0,0.7849599966036658,0.0,0.0,,,,,8.899274523213585,0.0,
89390cbaa2fffff,Espontáneo,0.45791273758360207,1.0,7.4456111310376345,0.7251941008209815,0.7515323749024853,0.8410230692076228,0.5830268583528363,92.15230112948156,0.38461538461538464,0.34615384615384615,2.7581004844121146,64.5066107906371,1.0,1.4074012693745332,0.0,0.4919238779676816,9.215230112948156,0.0,12878.0,19852.526919337084,9.463275708098129,9.896136948888396,6.097374472737429,2.323879754980924,0.720619491956525
89390cb1527ffff,Planificado,0.6165862061721858,0.0,8.366715860946323,0.32515138006612426,0.3213529477320851,0.33174523570712133,0.3223559567591664,0.0,0.0,0.5,0.6931471805599453,0.0,0.0,4.479706696318483,0.0,1.2793360169753294,0.0,0.0,,,,,3.8441590635089136,0.0,
89390ca359bffff,Planificado,0.35046439045295913,0.0,1.0582117775886706,0.6596641777183402,0.6118355065195588,0.630558341691742,0.7365986849437199,18.450793570973907,0.06896551724137931,0.4482758620689655,2.8414600378375496,0.0,2.0,0.6285541283727394,0.0,0.24286541827755945,83.02857106938258,9.225396785486954,34765.0,5799.6439279611,10.456366412533118,8.665724212434275,10.56937652457831,4.431156872789978,0.12389209438781532
89390cb110bffff,Espontáneo,0.13189218983781406,1.0,6.7758682734466875,0.43873286526245403,0.24350830268583526,0.5547475760615179,0.5179427170400089,0.0,0.0,0.0,0.0,0.0,1.0,4.694876644901114,0.0,0.23387916387387708,9.217017521821175,0.0,,,,,4.36767221477584,2.3240547145751425,
89390cb5357ffff,Planificado,0.7925500856419433,0.0,10.817462306773288,0.42628812363014973,0.6447119135183329,0.33174523570712133,0.302407221664995,27.71902579544214,0.2727272727272727,0.09090909090909091,2.3978952727983707,0.0,0.0,5.7362332852228235,0.0,1.14460107419816,0.0,0.0,21261.0,17332.733917419053,9.964629687478366,9.76040981924874,7.739183391425767,0.0,0.2025557788030582
89390cb08d3ffff,Planificado,0.6060134689639088,0.0,8.33635869862833,0.5237285931869683,0.6610943942939932,0.33174523570712133,0.5783461495597905,46.141151527527605,0.17857142857142858,0.25,2.966943486189355,0.0,0.0,1.2051280760994434,0.0,0.5697912480983173,9.228230305505521,0.0,,,,,0.0,2.3251515743347526,
89390ca34cfffff,Espontáneo,0.22335698863879883,1.0,2.3118129095936073,0.6374679594338571,0.796277722055054,0.5046807087930458,0.6114454474534715,202.87476979939865,0.25882352941176473,0.2235294117647059,3.624764596855301,9.221580445427211,0.0,0.8604910314884817,0.0,0.5747707560155128,64.55106311799048,9.221580445427211,11749.0,34069.39651502871,9.371523409567573,10.436184148832922,7.28969748602033,4.182829428506727,0.8071788757930093
89390cb04b7ffff,Espontáneo,0.055264157126301845,1.0,12.859646949327228,0.2818919722129351,0.24350830268583526,0.33174523570712133,0.27042237824584864,0.0,0.0,0.0,0.0,0.0,0.0,7.031617478934849,0.0,1.251959556383515,0.0,0.0,,,,,0.0,0.0,
89390ca252bffff,Planificado,0.7832744917438995,0.0,7.245326043118102,0.3991325829339871,0.34536944165830824,0.33174523570712133,0.5202830714365319,0.0,0.0,0.5,1.3862943611198906,0.0,0.0,2.3470750653831463,0.0,0.5037487963037047,9.23431775699787,0.0,,,,,7.609660976447884,2.3257465590505695,
89390cb1c2fffff,Planificado,0.8445976938015208,0.0,4.58577516686234,0.34890783461495595,0.24350830268583526,0.33174523570712133,0.4714699654519113,0.0,0.0,0.0,0.0,0.0,0.0,1.7785259022801225,0.0,0.8802831297763773,0.0,0.0,,,,,7.676759896564169,0.0,
89390cb009bffff,Espontáneo,0.17823792146765433,1.0,10.758412690096787,0.27605966046287006,0.24350830268583526,0.33174523570712133,0.2529254429956536,0.0,0.0,0.0,0.0,0.0,0.0,5.086906264036489,0.0,2.361228018855314,0.0,0.0,,,,,0.0,0.0,
89390cba963ffff,Espontáneo,0.1546960202716293,1.0,4.108510693945681,0.8501244474163231,0.9164159144098963,0.758943497158141,0.8750139306809318,580.815432757058,0.3795180722891566,0.13253012048192772,4.043011818706011,18.438585166890732,1.0,0.2745357255601122,1.0,0.45446391101226785,156.72797391857122,18.438585166890732,10276.582908163266,52786.27208911412,9.237623081821745,10.874025381716688,8.665503941673823,5.0608718651659546,0.8672611741911763
89390ca210fffff,Planificado,0.5722010984115773,0.0,7.600201068341292,0.6340131505627995,0.8873286526245403,0.5287529254429957,0.48595787362086257,230.88331016029156,0.5434782608695652,0.06521739130434782,3.3538389681341494,9.235332406411661,0.0,2.800550946239325,0.0,0.5559227629482028,18.470664812823323,9.235332406411661,12031.53125,37278.27307266282,9.395286086820342,10.526192769485565,6.421425905516531,2.9689089642979964,0.7575010998155178
89390cbad1bffff,Planificado,0.6414162173989676,0.0,5.0474029969497085,0.30466399197592775,0.24350830268583526,0.33174523570712133,0.33873843753482674,0.0,0.0,0.0,0.0,0.0,0.0,3.0710409191675043,0.0,1.7585364851162257,0.0,0.0,,,,,0.0,0.0,
89390cb1813ffff,Planificado,0.8719228791333914,0.0,3.3896097721597886,0.3710483301757123,0.24350830268583526,0.33174523570712133,0.5378914521341803,0.0,0.0,0.0,0.0,0.0,0.0,1.0131996036039,0.0,0.8567303246073847,0.0,0.0,,,,,2.8208818625708405,0.0,
89390ca057bffff,Planificado,0.6890909451327445,0.0,8.645193777387258,0.8803540250380774,0.8169508525576731,0.9153293212972251,0.9087819012593336,156.99194647255038,0.4146341463414634,0.17073170731707318,3.1874663325633668,55.40892228442955,2.0,0.48982007261949023,1.0,0.2766351482703726,9.234820380738258,9.234820380738258,17770.17243472981,31189.05161853266,9.785276624800536,10.347854464571068,5.415426786341502,2.325795669446631,0.4524226406493152
89390cb5e7bffff,Planificado,0.5994475816033864,0.0,13.41251519709137,0.25666815260596604,0.24350830268583526,0.33174523570712133,0.1947509194249415,0.0,0.0,0.0,0.0,0.0,0.0,7.085197774841301,0.0,3.034235392408927,0.0,0.0,,,,,5.966983315730209,0.0,
89390ca346bffff,Espontáneo,0.21892249707494954,1.0,2.984553057380672,0.7161670195772504,0.7478546751365207,0.5391173520561685,0.8615290315390617,73.7807840736785,0.42105263157894735,0.3157894736842105,2.6250481587325396,18.445196018419626,0.0,0.221083841905497,1.0,0.512955920732292,46.11299004604906,9.222598009209813,11240.731082080354,31451.829907593954,9.327299164222197,10.356244239244084,6.3457457770496015,3.852548760153359,0.8323399928291837
89390cb2b6fffff,Transición,0.4553239100461144,,11.168985601466803,0.4527935658828337,0.7100746684497938,0.33174523570712133,0.3165607934915859,46.1514398128313,0.4166666666666667,0.0,2.253857589601352,0.0,0.0,3.9331705501998693,0.0,1.6203795133324734,36.92115185026504,0.0,21710.0,5775.591529046939,9.985528262872338,8.661569086867557,3.6051151967777937,3.6355090527236147,
89390ca304fffff,Planificado,0.7918418897336174,0.0,4.699578277712165,0.48979345443738626,0.6637133623091497,0.33174523570712133,0.47392176529588764,36.89447086318934,0.3076923076923077,0.0,2.458311329683084,0.0,0.0,1.584392007403491,0.0,0.9525894140885871,9.223617715797335,0.0,,,,,9.43119823824445,2.3247005060712302,
89390cb894fffff,Planificado,0.7459637575264041,0.0,9.487272049229983,0.46525688175638025,0.675247966120584,0.33174523570712133,0.38877744344143544,18.440147071288525,0.5,0.25,1.3862943611198906,0.0,0.0,1.8715273727479178,0.0,1.9344478678533947,0.0,0.0,,,,,5.761385065655787,0.0,
89390ca14bbffff,Planificado,0.7284573432246326,0.0,7.53455308884212,0.49304394665477913,0.7068984731973699,0.33174523570712133,0.44048813105984624,27.674691961103928,0.75,0.0,1.3862943611198906,0.0,0.0,2.6567640154945265,0.0,0.7751548450497211,0.0,0.0,17006.0,25473.955230873566,9.741321501945738,10.145451100714448,7.062082359169548,0.0,0.334507342722269
89390cb5643ffff,Espontáneo,0.43757206730217396,1.0,8.039808547314921,0.6197016976856495,0.8206285523236376,0.5547475760615179,0.4837289646717931,184.68143479383036,0.38461538461538464,0.07692307692307693,3.279339206967003,0.0,1.0,3.3781251690485474,0.0,0.4836706914065858,0.0,0.0,18271.342893562778,27072.287186864138,9.813089149328926,10.206302808071742,7.606884819872264,0.0,0.27174135077127637
89390cb5227ffff,Planificado,0.8155974933004279,0.0,10.148376275757553,0.59323340391545,0.7926000222890895,0.5547475760615179,0.43235261339574277,83.14789129935457,0.5294117647058824,0.0,2.670119889806817,0.0,1.0,5.290311412568291,0.0,0.4763952150389106,0.0,0.0,,,,,3.3953137772659074,0.0,
89390ca0c83ffff,Planificado,0.5800384161413553,0.0,11.979661451234644,0.28185482373045057,0.24350830268583526,0.33174523570712133,0.2703109327983952,0.0,0.0,0.0,0.0,0.0,0.0,3.587582504186,0.0,3.3663635703959343,0.0,0.0,,,,,4.561739713652791,0.0,
89390cb0387ffff,Planificado,0.6697927264736104,0.0,8.237589011542692,0.4996563765370185,0.24350830268583526,0.6557171514543632,0.599743675470857,0.0,0.0,0.0,0.0,0.0,3.0,2.3132284865280144,0.0,0.24543885300754253,0.0,0.0,,,,,6.359837394144054,0.0,
89390cb3277ffff,Transición,0.5413987063013219,,12.73014441901995,0.24574649875552582,0.24350830268583526,0.33174523570712133,0.16198595787362088,0.0,0.0,0.0,0.0,0.0,0.0,9.320455609570198,0.0,4.432962278938529,0.0,0.0,,,,,5.407057833442277,0.0,
89390cb1877ffff,Planificado,0.9231428181195533,0.0,2.3278160069094516,0.9066272892752331,0.8993647609495152,0.8808090939485123,0.9397080129276719,977.6498670488583,0.31268436578171094,0.2182890855457227,4.164830002581161,166.01601515924008,1.0,0.2289998282305808,2.0,0.3020968737906838,267.4702466454424,73.78489562632893,23662.33172147002,49425.83213541773,10.071639683879825,10.808248716353656,8.745341948093028,5.592740094570103,0.31069199741613784
89390ca044bffff,Planificado,0.6205268469099204,0.0,6.267086833530383,0.6441732605223077,0.5609049370333222,0.7739886325643597,0.597626211969241,9.230234692003636,0.2,0.4,1.6094379124341005,18.460469384007272,1.0,1.7420042600071393,0.0,0.3621036870702375,0.0,0.0,10387.0,48959.3683652776,9.248310303227811,10.79876644095851,5.9890054092936005,0.0,0.7055698614386591
89390ca002fffff,Planificado,0.5478926387384276,0.0,9.799830208232365,0.3461959953935881,0.24350830268583526,0.33174523570712133,0.46333444778780786,0.0,0.0,0.0,0.0,0.0,0.0,1.3958377550994479,0.0,1.2243602707940395,0.0,0.0,,,,,5.554178927992757,0.0,
89390ca2173ffff,Planificado,0.41824348877885303,0.0,7.421374970139961,0.6629518184182176,0.8517775548868828,0.6320628552323637,0.5050150451354062,249.3470741441374,0.421875,0.234375,3.309535354749789,73.8806145612259,0.0,2.499942976889936,0.0,0.5315059232934524,9.235076820153237,0.0,9832.868288341739,25209.848750776488,9.193485959830456,10.135029686841595,5.66181199435325,2.325820724718035,0.8612828386183663
89390cba3b3ffff,Espontáneo,0.30112192907870616,1.0,10.200588141647529,0.2720104758720606,0.24350830268583526,0.33174523570712133,0.24077788922322527,0.0,0.0,0.0,0.0,0.0,0.0,4.611042054708453,0.0,3.3104370517204327,0.0,0.0,,,,,0.0,0.0,
89390cb0eabffff,Planificado,0.9245442698749415,0.0,7.789610943523637,0.7171700286043315,0.7518109885211189,0.7352056168505516,0.664493480441324,73.81563776913417,0.38095238095238093,0.14285714285714285,2.912494403331052,9.226954721141771,1.0,1.2931665539493413,0.0,0.25386955722592724,0.0,27.680864163425312,23010.368875086268,33575.35334386013,10.043700213978111,10.421577328661296,7.655781137304396,0.0,0.13908438294971287
89390cb5513ffff,Espontáneo,0.3584369611660227,1.0,13.217450657294274,0.25239607712024964,0.24350830268583526,0.33174523570712133,0.18193469296779227,0.0,0.0,0.0,0.0,0.0,0.0,8.07772995269262,0.0,3.2051980016241575,0.0,0.0,,,,,4.892955222563784,0.0,
89390cb0a8fffff,Planificado,0.9024324903449588,0.0,6.23158513718101,0.6959210966232029,0.8934581522344812,0.6462721497826813,0.5480329878524463,433.7142289196522,0.3949579831932773,0.15966386554621848,3.7545262391871352,110.7355478092729,0.0,1.0247225800023039,0.0,0.7782609880048406,193.78720866622757,0.0,25163.0,30855.128645883327,10.133129940590168,10.33709066911334,8.244719765765147,5.271907725121395,0.2908073953832451
89390cb2207ffff,Espontáneo,0.21535723041160074,1.0,14.515918020046087,0.27319922731156426,0.24350830268583526,0.33174523570712133,0.2443441435417363,0.0,0.0,0.0,0.0,0.0,0.0,8.873683424836715,0.0,1.4414494274287417,0.0,0.0,,,,,0.0,0.0,
89390cb0257ffff,Espontáneo,0.2222897826186029,1.0,8.000590530514554,0.3045153980459898,0.24350830268583526,0.33174523570712133,0.3382926557450128,0.0,0.0,0.0,0.0,0.0,0.0,3.8089349460917443,0.0,1.3174878515522306,0.0,0.0,,,,,3.483800014498524,0.0,
89390ca22cbffff,Planificado,0.9296471873353431,0.0,3.172248280029816,0.6501727404435528,0.746071547977265,0.5720494817786693,0.6323971915747242,83.05376466245474,0.34615384615384615,0.15384615384615385,2.9915014685753505,27.684588220818245,0.0,0.702480609726017,0.0,0.5693633170835372,9.228196073606082,0.0,29351.0,27401.039885567327,10.287081896226075,10.218372737983389,8.4481644492214,2.3251482275234565,0.10713129962457268
89390cbaed7ffff,Espontáneo,0.3775002850741772,1.0,9.019239017574789,0.29444815929269286,0.24350830268583526,0.33174523570712133,0.30809093948512206,0.0,0.0,0.0,0.0,0.0,0.0,3.4304450914150117,0.0,2.1716087235117265,0.0,0.0,,,,,0.0,0.0,
89390cb19cfffff,Planificado,0.9653527429962884,0.0,2.9306714519289327,0.7802110033805119,0.7656302240053493,0.8609160815780675,0.7140867045581188,175.2778419411753,0.24050632911392406,0.3924050632911392,3.4199853785432035,92.25149575851331,1.0,0.6053443940383455,0.0,0.32823260638824464,138.37724363776996,0.0,25179.26659641728,22308.445145412854,10.133776180741163,10.012765416898253,8.681201524430419,4.937184239934285,0.28014774643073465
89390cbaabbffff,Espontáneo,0.34828797103382375,1.0,7.407900847141708,0.6610015230877818,0.8724506853895019,0.5327649615513206,0.5777889223225231,239.56951705168848,0.4642857142857143,0.17857142857142858,3.3986823936389574,18.42842438859142,0.0,0.5056534822785633,0.0,0.9773709970200186,0.0,0.0,14444.341522029372,25653.914023612484,9.578058026678148,10.15249041211777,6.941714128341078,0.0,0.4669513871017493
89390ca3627ffff,Espontáneo,0.15282026271199947,1.0,4.186036801609179,0.3886195623908763,0.24350830268583526,0.33174523570712133,0.5906051487796723,0.0,0.0,0.0,0.0,0.0,0.0,1.1133208700805433,0.0,0.556810084556879,0.0,0.0,10689.0,1688.5521238743165,9.276970454273945,7.432218757335333,2.8208818625708405,0.0,0.8711087772681819
89390cb1197ffff,Planificado,0.6250982331414399,0.0,7.852543897316435,0.3258386269920874,0.24350830268583526,0.33174523570712133,0.40226234258330545,0.0,0.0,0.0,0.0,0.0,0.0,4.382450696927223,0.0,0.6780339874699397,0.0,0.0,,,,,8.55093437484304,0.0,
89390cb1c93ffff,Planificado,0.5311831390921422,0.0,6.8233704312347045,0.3247984694825216,0.24350830268583526,0.33174523570712133,0.39914187005460827,0.0,0.0,0.0,0.0,0.0,0.0,2.3235698365483044,0.0,1.2897767664215136,0.0,0.0,34765.0,289.1726116889894,10.456366412533118,5.67047595863234,0.0,0.0,0.2072753984331255
89390ca320bffff,Espontáneo,0.5001480261883858,1.0,6.369944898225251,0.6059103235632824,0.7223893903934023,0.5663657639585423,0.5289758163379026,64.55644995467459,0.35,0.25,2.830940430253775,27.667049980574827,0.0,1.4058869308819713,0.0,0.7074708079535741,9.222349993524942,9.222349993524942,15489.0,4215.708881296236,9.647885373547759,8.346810216812045,8.67347152708296,2.324576499001275,0.6279595174594479
89390cb0d7bffff,Planificado,0.8511222393069314,0.0,9.765455643179656,0.4846298153720421,0.7679148556781455,0.33174523570712133,0.35422935473085926,73.85033948458295,0.47058823529411764,0.29411764705882354,2.6393405872324323,0.0,0.0,2.703733574075878,0.0,1.731004214657147,0.0,0.0,,,,,4.720278982588729,0.0,
89390ca258fffff,Espontáneo,0.32205245330817484,1.0,7.1104957420096815,0.3661633047290018,0.3346149559790483,0.33174523570712133,0.4321297225008358,0.0,0.0,0.0,1.0986122886681096,0.0,0.0,2.3308563086260805,0.0,0.9313482067490169,0.0,0.0,,,,,7.290510843114063,0.0,
89390cb0543ffff,Espontáneo,0.29900085721540653,1.0,11.156729399115637,0.27249340614435896,0.24350830268583526,0.33174523570712133,0.24222668004012035,0.0,0.0,0.0,0.0,0.0,0.0,5.270728530899055,0.0,2.57717899306547,0.0,0.0,,,,,0.0,0.0,
89390ca25b7ffff,Espontáneo,0.18924676362974963,1.0,8.016558606081116,0.5864909543445149,0.6327315279170845,0.5547475760615179,0.5719937590549425,18.469157567564864,0.3333333333333333,0.16666666666666666,1.791759469228055,0.0,1.0,3.1794217554941917,0.0,0.20180404285038464,27.703736351347295,0.0,,,,,6.63244311060284,3.357027300750148,
89390cb1cbbffff,Planificado,0.3576318586185934,0.0,5.991312263024117,0.33464281734091156,0.24350830268583526,0.33174523570712133,0.4286749136297782,0.0,0.0,0.0,0.0,0.0,0.0,1.626412947361551,0.0,1.4781561708009583,0.0,0.0,,,,,0.0,0.0,
89390cb0127ffff,Planificado,0.7888357975958697,0.0,9.230555866078447,0.32621011181693227,0.24350830268583526,0.33174523570712133,0.4033767970578402,0.0,0.0,0.0,0.0,0.0,0.0,2.8612473619603596,0.0,0.9768884523545636,0.0,0.0,34332.0,18104.47998787211,10.44383314283811,9.803969933191715,5.446442872473963,0.0,0.05642176856859841
89390ca219bffff,Planificado,0.7419904619235687,0.0,7.080196975888013,0.6760652327352427,0.692299119580965,0.8022400534938148,0.5336565251309484,64.64021056008686,0.11290322580645161,0.16129032258064516,3.3227668548894496,27.70294738289437,1.0,2.3191399506352766,0.0,0.4651399754498351,46.17157897149062,0.0,,,,,9.81269278525755,3.853791570797631,
89390cbada7ffff,Espontáneo,0.3456654556187733,1.0,3.845197867942546,0.3298878115828968,0.24350830268583526,0.33174523570712133,0.4144098963557339,0.0,0.0,0.0,0.0,0.0,0.0,1.9855614452151895,0.0,1.3285985189653178,9.218786544626447,0.0,,,,,0.0,2.3242278443236897,
89390ca0e17ffff,Espontáneo,0.25431926229647317,1.0,12.724530066135477,0.27695122404249783,0.24350830268583526,0.33174523570712133,0.25560013373453694,0.0,0.0,0.0,0.0,0.0,0.0,3.805409306028432,0.0,3.926333921985111,0.0,0.0,,,,,7.235463540193755,0.0,
89390ca0607ffff,Espontáneo,0.4754003778396494,1.0,7.256999794034603,0.3381347746944537,0.24350830268583526,0.33174523570712133,0.4391507856904045,0.0,0.0,0.0,0.0,0.0,0.0,1.8299199157078652,0.0,1.1302526177125933,0.0,0.0,,,,,5.803274840065937,0.0,
89390cba98bffff,Espontáneo,0.2194681338211799,1.0,3.9011078262642838,0.6800772688435677,0.64253872729299,0.7873620862587762,0.6103309929789368,46.09264947364327,0.22727272727272727,0.3181818181818182,2.5393673998815784,27.655589684185962,1.0,1.6560469400259843,0.0,0.3363185901708567,0.0,0.0,,,,,7.794350413878788,0.0,
89390cb1483ffff,Transición,0.47428227070163026,,11.794753379266956,0.3801311341431703,0.6329544188119915,0.33174523570712133,0.17569374791039785,9.211699726088074,0.5,0.0,0.6931471805599453,0.0,0.0,8.47604754706394,0.0,3.49901233806707,0.0,0.0,,,,,6.109532362673831,0.0,
89390ca30dbffff,Espontáneo,0.0852020347876104,1.0,3.5805848095947432,0.7231695085255767,0.9407110219547531,0.5665329321297226,0.6622645714922545,839.2564683487745,0.4232558139534884,0.15813953488372093,3.9694309368852485,27.667795659849713,0.0,0.5090491301256873,0.0,0.5384152490500382,73.7807884262659,18.445197106566475,9374.20009768805,50088.352542526176,9.14571652428513,10.821563740385235,6.467607346670662,4.314561012770546,0.8997094071750519
89390cb7263ffff,Planificado,0.7738952380270272,0.0,11.378938182067891,0.2800716965711951,0.24350830268583526,0.33174523570712133,0.26496155132062854,0.0,0.0,0.0,0.0,0.0,0.0,5.089810781077202,0.0,2.061920756825675,0.0,0.0,,,,,6.967100963322239,0.0,
89390ca1547ffff,Espontáneo,0.6802802302389672,1.0,9.060781639284594,0.2807032207734314,0.24350830268583526,0.33174523570712133,0.2668561239273376,0.0,0.0,0.0,0.0,0.0,0.0,4.281440423353061,0.0,2.5548580349607644,0.0,0.0,,,,,0.0,0.0,
89390cb56cfffff,Espontáneo,0.37208831033781564,1.0,8.399625904140397,0.6995616479066831,0.935250195029533,0.630558341691742,0.532876406998774,434.00151937368463,0.5222222222222223,0.05555555555555555,3.7333194816210735,0.0,2.0,3.845406007096205,0.0,0.2700404096797862,46.17037440145582,0.0,17896.321243523314,20276.72452580973,9.792350453585707,9.917278248540564,6.636430992500644,3.8537660345437845,0.5415383838784891
89390cb0c4bffff,Transición,0.5202594631693331,,8.670907371606912,0.3743359708755898,0.3346149559790483,0.33174523570712133,0.45664772094059963,0.0,0.0,0.3333333333333333,1.0986122886681096,0.0,0.0,2.1438794970858015,0.0,0.8332245510284021,9.226706468859234,0.0,21914.0,8309.390763004762,9.99488098096534,9.02526190996954,7.630809497618434,2.325002579823949,
89390cb52b3ffff,Planificado,0.6873181159968843,0.0,9.888195952994577,0.30774731602214045,0.24350830268583526,0.33174523570712133,0.34798840967346484,0.0,0.0,0.0,0.0,0.0,0.0,4.963134009793495,0.0,0.8966751366570365,0.0,0.0,,,,,0.0,0.0,
89390cb082fffff,Planificado,0.7544725475229457,0.0,8.181815300542256,0.746071547977265,0.8229131839964338,0.7766633233032431,0.6386381366321185,156.93175559205048,0.4722222222222222,0.1388888888888889,2.9843429634622605,18.462559481417703,1.0,1.9975995511640359,0.0,0.14419554208284197,36.925118962835406,18.462559481417703,14606.973578403216,30966.94956082802,9.589254336018012,10.340708063504803,5.574888573827377,3.635613662021645,0.6831867124947053
89390cb0413ffff,Espontáneo,0.4605196033349343,1.0,12.508653794814574,0.3166258033359337,0.24350830268583526,0.33174523570712133,0.3746238716148445,0.0,0.0,0.0,0.0,0.0,0.0,6.8821496434257705,0.0,0.5690275824988543,0.0,0.0,,,,,8.211120314088152,0.0,
89390ca2487ffff,Planificado,0.2840889920620512,0.0,5.481595348161128,0.7270143764627215,0.7197704223782458,0.7985623537278502,0.6627103532820685,46.149956034519505,0.45454545454545453,0.2727272727272727,2.1458417525947544,27.689973620711704,1.0,1.1115230704785066,0.0,0.31276779635502483,18.4599824138078,0.0,34765.0,6995.511818179033,10.456366412533118,8.853166992150209,7.1304174859908365,2.9683601730476767,0.11375789831738488
89390cb1b8bffff,Espontáneo,0.11844857396284707,1.0,1.2911747036332923,0.8664512054682566,0.8528920093614176,0.8570712136409228,0.8893903934024294,488.86526592311964,0.24311926605504589,0.2981651376146789,4.068937928492855,83.01485647751088,1.0,0.29053659601580506,1.0,0.40171849918999375,1457.3719248274133,46.119364709728266,18995.090888012983,47752.83961703087,9.851935850449077,10.77381475350397,9.34921184243924,7.285075972512271,0.5748837976549457
89390ca206bffff,Espontáneo,0.11298271177441895,1.0,5.0452820818021245,0.3599780823953342,0.24350830268583526,0.33174523570712133,0.5046807087930458,0.0,0.0,0.0,0.0,0.0,0.0,1.4297693303930639,0.0,0.8201186817902614,0.0,0.0,,,,,0.0,0.0,
89390ca04d7ffff,Planificado,0.6212696638210442,0.0,5.333117736835319,0.6321371521973328,0.7382146439317955,0.614510197258442,0.5436866154017608,73.84390269387954,0.38095238095238093,0.23809523809523808,2.6895357734679943,55.38292702040966,0.0,1.032968817737472,0.0,0.8023310082784866,0.0,9.230487836734943,13107.0,27031.052661467533,9.480901717619545,10.204778576508074,7.639386479089217,0.0,0.5277644719377252
89390cba85bffff,Espontáneo,0.3858619693299502,1.0,7.230537353778261,0.557180801664252,0.7561016382480776,0.33174523570712133,0.5836955310375571,73.71165850697876,0.4444444444444444,0.16666666666666666,2.6302533563892636,0.0,0.0,1.0446681224938785,0.0,0.6110861115577989,0.0,0.0,12402.0,17995.97175953257,9.425613028909824,9.797958787143585,5.710080590357497,0.0,0.6391318855037886
89390cb0937ffff,Espontáneo,0.4277189605998776,1.0,10.230945300592154,0.3141368550094728,0.24350830268583526,0.33174523570712133,0.36715702663546196,0.0,0.0,0.0,0.0,0.0,0.0,4.446414458628647,0.0,0.8542394755843922,0.0,0.0,,,,,0.0,0.0,
89390cb53bbffff,Planificado,0.5642810206179714,0.0,11.89434677832538,0.28984174746461605,0.24350830268583526,0.33174523570712133,0.2942717040008916,0.0,0.0,0.0,0.0,0.0,0.0,6.984077503418065,0.0,0.9992598899704216,0.0,0.0,,,,,7.199648813659735,0.0,
89390cb2acbffff,Espontáneo,0.19632815750342908,1.0,11.648085343141378,0.26721832163156134,0.24350830268583526,0.33174523570712133,0.22640142650172743,0.0,0.0,0.0,0.0,0.0,0.0,5.5683512237688575,0.0,2.8979451182288574,0.0,0.0,,,,,0.0,0.0,
89390ca00bbffff,Espontáneo,0.6175815590004043,1.0,8.45588391974591,0.702217764404324,0.7097960548311603,0.7487462387161484,0.6481109996656637,36.935207844114046,0.5,0.125,1.6674619334292948,9.233801961028512,1.0,0.7395694150777544,0.0,0.49789577593158474,0.0,0.0,,,,,8.374291014354851,0.0,
89390cb0b1bffff,Espontáneo,0.4893221983544142,1.0,6.8591772888406775,0.3949905271369665,0.3213529477320851,0.33174523570712133,0.5318733979716929,0.0,0.0,0.5,0.6931471805599453,0.0,0.0,1.8685121429509606,0.0,0.5612179642529375,0.0,0.0,30169.0,8023.782732250195,10.314570186094999,8.990289873768809,6.7274747831758015,0.0,0.09236724410800443
89390ca2b8fffff,Espontáneo,0.322028716662291,1.0,12.648973930918025,0.5011701771982614,0.6578067535941158,0.6178535606820461,0.22785021731862254,46.21108007624795,0.25,0.35,2.596833868897563,55.45329609149754,0.0,4.608292213088562,0.0,4.439253612601171,0.0,0.0,,,,,5.354178514559126,0.0,
89390cb1e77ffff,Espontáneo,0.05902851790608884,1.0,3.8232793463291173,0.3275103087038894,0.24350830268583526,0.33174523570712133,0.4072773877187117,0.0,0.0,0.0,0.0,0.0,0.0,2.207235068551608,0.0,1.260545199078515,0.0,0.0,,,,,0.0,0.0,
89390ca2357ffff,Planificado,0.7622402188394062,0.0,5.998982439119315,0.8019893012370445,0.8548980274155801,0.9042962219993314,0.646773654296222,221.5806198225159,0.5106382978723404,0.10638297872340426,3.0345497937157284,46.162629129690814,2.0,1.125329480262334,0.0,0.3609093919732547,0.0,0.0,,,,,9.261470302055676,0.0,
89390cb1a5bffff,Espontáneo,0.3670517587461225,1.0,3.2765555805909625,0.6844979382592221,0.8490471414242728,0.6272149782681378,0.5772316950852557,248.92091426077005,0.375,0.2222222222222222,3.5260053548724084,73.7543449661541,0.0,1.3165250054709619,0.0,0.5386530875067588,55.31575872461557,9.219293120769262,13896.390156722573,31876.54258576241,9.53938438443544,10.369657046675945,7.936828436531116,4.030974402277863,0.6905875459874298
89390ca36b3ffff,Espontáneo,0.30716859512422073,1.0,3.28591211424951,0.7363572198075707,0.7902039451688397,0.7609495152123036,0.6579181990415691,110.65896974368415,0.46153846153846156,0.15384615384615385,2.7912945696950127,18.443161623947358,1.0,0.8686505518617379,0.0,0.4121597039723383,55.32948487184208,0.0,10558.0,29534.610870243003,9.264639145383562,10.293351962454246,8.951552248101086,4.031218108036867,0.8408261298008389
89390ca03a7ffff,Planificado,0.6712216313568216,0.0,11.329517952364595,0.4944277276273264,0.6013039117352056,0.5608492143095954,0.32113005683717816,18.473221381853648,0.2857142857142857,0.5714285714285714,1.549826045878202,18.473221381853648,0.0,2.6170375014845786,0.0,2.7143396281197196,18.473221381853648,9.236610690926824,,,,,7.25011091994906,2.9690402593116074,
89390ca2dc7ffff,Planificado,0.8579807407653597,0.0,11.767967047815974,0.30310375571157916,0.34536944165830824,0.33174523570712133,0.23219658976930793,0.0,0.0,0.25,1.3862943611198906,0.0,0.0,5.290210692506522,0.0,2.924267922073536,64.69019590758482,0.0,,,,,6.3311202470414285,4.184949689204468,
89390ca3297ffff,Espontáneo,0.4221471017164173,1.0,4.797343659123705,0.5269047884393923,0.6371893458152235,0.33174523570712133,0.611779783795832,9.2226004321153,0.5,0.0,0.6931471805599453,0.0,0.0,0.969375998410632,0.0,0.5382122876892155,0.0,0.0,10601.0,17343.04676490617,9.268703615273097,9.761004600551821,8.717617237349256,0.0,0.7008374573587899
89390cb299bffff,Planificado,0.6088391075036005,0.0,15.433767536332036,0.24946134700397485,0.24350830268583526,0.33174523570712133,0.173130502618968,0.0,0.0,0.0,0.0,0.0,0.0,8.271142375230163,0.0,3.735551847354897,0.0,0.0,,,,,3.878982246393231,0.0,
89390cb0e07ffff,Planificado,0.8085264897959062,0.0,7.444121472206628,0.5265425907351685,0.3346149559790483,0.630558341691742,0.6144544745347152,0.0,0.0,0.3333333333333333,1.0986122886681096,0.0,2.0,1.2506677240883208,0.0,0.4284706280673126,0.0,0.0,27857.0,4264.90490223105,10.234839560272293,8.358409606760098,6.033227917618577,0.0,0.1430084561419672
89390cb0d53ffff,Planificado,0.6791459451948142,0.0,10.013443286832011,0.5800921282365616,0.8118800846985401,0.5182213306586426,0.41017496935250203,92.30277723302292,0.5882352941176471,0.11764705882352941,2.833213344056216,9.230277723302294,0.0,2.7799463528553012,0.0,0.94639152754898,9.230277723302294,0.0,,,,,7.619112683963286,2.3253517275229245,
89390ca2e7bffff,Planificado,0.5818125251929036,0.0,8.822664677891884,0.4256751736691557,0.3346149559790483,0.33174523570712133,0.6106653293212972,0.0,0.0,0.0,1.0986122886681096,0.0,0.0,0.7673152572100058,0.0,0.624151733967422,0.0,0.0,,,,,7.436521229808461,0.0,
89390cb546fffff,Planificado,0.5803965870656378,0.0,10.770880973007886,0.27687692707752887,0.24350830268583526,0.33174523570712133,0.25537724283963,0.0,0.0,0.0,0.0,0.0,0.0,6.052093824506209,0.0,1.798269464173865,0.0,0.0,,,,,0.0,0.0,
89390cb05cfffff,Espontáneo,0.08275246025304694,1.0,11.77782177321177,0.27149039711727774,0.24350830268583526,0.33174523570712133,0.23921765295887662,0.0,0.0,0.0,0.0,0.0,0.0,5.877811004338673,0.0,2.27589176615366,0.0,0.0,,,,,0.0,0.0,
89390ca2643ffff,Planificado,0.316279365292521,0.0,1.901543554894319,0.5053958170808722,0.35812994539173076,0.33174523570712133,0.8263122701437645,0.0,0.0,0.5,1.7328679513998633,0.0,0.0,0.29575157589661005,1.0,0.6240687627062793,36.90769876791795,0.0,,,,,0.0,3.635154225177672,
89390cb1d47ffff,Planificado,0.7913288100752552,0.0,4.4241529813662845,0.5793770199487351,0.3630892678034103,0.6557171514543632,0.7193246405884319,0.0,0.0,0.6153846153846154,1.8392967479776603,0.0,3.0,1.0723708189825731,0.0,0.05662578021896826,0.0,0.0,,,,,8.812021014151426,0.0,
89390ca2227ffff,Planificado,0.5695219031671583,0.0,5.34738191022122,0.883901705115346,0.8784687395519893,0.8529755934470077,0.9202607823470411,258.4821882612809,0.5833333333333334,0.08333333333333333,3.1306279419056136,18.463013447234353,2.0,0.44366880314845997,1.0,0.2517106030168009,18.463013447234353,9.231506723617176,16984.664225558405,32297.433501697345,9.740066111518406,10.382774009635199,8.131983915579491,2.9685159181729235,0.46681769073061447
89390cbae33ffff,Espontáneo,0.1409087257269006,1.0,7.744510267455627,0.3427411865225305,0.24350830268583526,0.33174523570712133,0.45297002117463503,0.0,0.0,0.0,0.0,0.0,0.0,1.974808782712503,0.0,0.9210314240535624,0.0,0.0,,,,,0.0,0.0,
89390cb192bffff,Planificado,0.9315155092115791,0.0,3.0340257503638135,0.7553586685983876,0.822244511311713,0.6125041792042795,0.8313273152791708,276.8155238820835,0.3157894736842105,0.3157894736842105,3.4954210647274246,55.3631047764167,0.0,0.3555049128014077,1.0,0.5873073083105897,249.13397149387512,0.0,27707.0,59555.29784765897,10.229440367831474,10.994677326498993,9.163634295476484,5.521996660302134,0.19425070671894654
89390ca0693ffff,Planificado,0.696203067770131,0.0,5.832036965966129,0.601712545042535,0.7595007243954085,0.5489802741558008,0.49665663657639586,101.52137790254113,0.3333333333333333,0.06060606060606061,3.160436201194992,18.45843234591657,0.0,1.4360569307139188,0.0,0.8768474533320896,27.687648518874855,0.0,12762.402464065708,40790.59214906196,9.454258820059053,10.616231264378035,7.481295454186812,3.356466664935898,0.7138107798240517
89390cbaa17ffff,Espontáneo,0.5917383256841898,1.0,7.698828502677723,0.5040770459526729,0.6510643040231807,0.33174523570712133,0.5294215981277165,27.641876174768925,0.3333333333333333,0.1111111111111111,2.1972245773362196,0.0,0.0,0.7976182816981419,0.0,1.1193019397319122,9.213958724922975,0.0,,,,,4.664056140557108,2.3237552871876197,
89390cb150fffff,Transición,0.49210319453992746,,8.987796366525632,0.4194528028530034,0.6327872506408113,0.33174523570712133,0.2938259222110777,36.863029057784566,0.2222222222222222,0.3888888888888889,2.505289990918418,0.0,0.0,5.495198941524194,0.0,1.3181911461316387,9.215757264446141,0.0,,,,,6.268701667810677,2.323931358115747,
89390ca3583ffff,Planificado,0.3670420897633151,0.0,1.355794424574519,0.506055202644972,0.24350830268583526,0.630558341691742,0.6440989635573386,0.0,0.0,0.0,0.0,0.0,2.0,0.9632906032976106,0.0,0.4230871215982864,9.225905777149103,0.0,,,,,7.663115236875448,2.324924282567744,
89390ca3167ffff,Espontáneo,0.3877927233116362,1.0,5.633631780267096,0.5985549240313534,0.7310264125710465,0.5732196589769308,0.49141870054608267,64.60094889300025,0.3684210526315789,0.2631578947368421,2.798513256943294,27.686120954142964,0.0,1.0951127446085602,0.0,1.202043302903104,0.0,0.0,17373.365079365078,22367.63475437854,9.762693569854022,10.015415022419635,5.150052824244062,0.0,0.3582400361278528
89390cb736bffff,Planificado,0.613273882489535,0.0,12.774406059906497,0.2540306103495672,0.24350830268583526,0.33174523570712133,0.18683829265574503,0.0,0.0,0.0,0.0,0.0,0.0,7.154523710612802,0.0,3.4805059577797963,0.0,0.0,,,,,0.0,0.0,
89390cb286bffff,Espontáneo,0.37870982179106877,1.0,12.840294285640068,0.260828782644229,0.24350830268583526,0.33174523570712133,0.2072328095397303,0.0,0.0,0.0,0.0,0.0,0.0,5.919274218141005,0.0,3.5732069442411563,0.0,0.0,,,,,0.0,0.0,
89390cb0cd7ffff,Espontáneo,0.37009121846851173,1.0,10.24441192120203,0.3408466139158215,0.34536944165830824,0.33174523570712133,0.345425164382035,0.0,0.0,0.25,1.3862943611198906,0.0,0.0,3.5308979508563842,0.0,1.3491249606396927,9.226973166335014,0.0,,,,,0.0,2.3250286580143333,
89390cb116fffff,Espontáneo,0.1235222009880196,1.0,5.752684755365001,0.3075987220922025,0.24350830268583526,0.33174523570712133,0.3475426278836509,0.0,0.0,0.0,0.0,0.0,0.0,3.8359603757870913,0.0,1.1802238486655052,0.0,0.0,,,,,0.0,0.0,
89390cb08bbffff,Planificado,0.7619726905383609,0.0,8.885225874200588,0.3582878264422898,0.31355176641034216,0.33174523570712133,0.42956647720940594,0.0,0.0,0.0,0.6365141682948128,0.0,0.0,1.7724995971563375,0.0,1.3033305964446014,18.46053707704727,0.0,,,,,8.703286844234238,2.96838867540308,
89390ca0d9bffff,Espontáneo,0.3438793843580041,1.0,13.885977801144533,0.2574854192206248,0.24350830268583526,0.33174523570712133,0.19720271926891786,0.0,0.0,0.0,0.0,0.0,0.0,5.654414652735312,0.0,5.427689651718602,0.0,0.0,,,,,5.324132324803196,0.0,
89390ca2513ffff,Transición,0.46986547865110234,,6.810112121386341,0.3718098740666444,0.31355176641034216,0.33174523570712133,0.47013262008246964,0.0,0.0,0.0,0.6365141682948128,0.0,0.0,1.9878741996235767,0.0,0.8013199307604435,0.0,0.0,,,,,4.5217127858748,0.0,
89390cb1c17ffff,Planificado,0.6469883164232033,0.0,5.754543998120713,0.32944202979308296,0.24350830268583526,0.33174523570712133,0.41307255098629225,0.0,0.0,0.0,0.0,0.0,0.0,1.8693424310489584,0.0,1.4718709965694554,0.0,0.0,,,,,0.0,0.0,
89390cb0083ffff,Espontáneo,0.6136912594610886,1.0,10.673783948465173,0.27576247260299414,0.24350830268583526,0.33174523570712133,0.25203387941602584,0.0,0.0,0.0,0.0,0.0,0.0,4.927464620430257,0.0,2.5383124384572686,0.0,0.0,,,,,0.0,0.0,
89390cbad03ffff,Espontáneo,0.44326807056517237,1.0,4.7051573709560754,0.3119822430253724,0.24350830268583526,0.33174523570712133,0.3606931906831606,0.0,0.0,0.0,0.0,0.0,0.0,2.730217481159809,0.0,1.6133899633904667,0.0,0.0,,,,,4.393772859689267,0.0,
89390ca0563ffff,Planificado,0.6910472560781064,0.0,8.936929303369137,0.5573479698354322,0.34536944165830824,0.5547475760615179,0.7719268917864706,0.0,0.0,0.25,1.3862943611198906,0.0,1.0,0.5765266116747458,0.0,0.08087758166239616,0.0,0.0,,,,,6.57439426612382,0.0,
89390ca3453ffff,Espontáneo,0.2027960452839114,1.0,2.6521863199728126,0.7334224896912961,0.9311267134737546,0.63707790036777,0.6320628552323637,497.95161240747865,0.4909090909090909,0.15454545454545454,3.762412644546035,92.2132615569405,0.0,0.5317453681428987,0.0,0.6449989582998585,36.8853046227762,0.0,12165.061203047018,51925.64687191419,9.406323286281582,10.857587364599842,9.249657098306342,3.6345632960736234,0.7142131876227916
89390cb2b57ffff,Transición,0.5372883704659261,,11.783337536323147,0.28085181470336934,0.24350830268583526,0.33174523570712133,0.26730190571715146,0.0,0.0,0.0,0.0,0.0,0.0,4.676387180186243,0.0,2.263634947419523,0.0,0.0,,,,,7.503227900944654,0.0,
89390ca0147ffff,Planificado,0.6481830027795482,0.0,10.590022587398911,0.4673743452579962,0.6667781121141202,0.33174523570712133,0.4035996879527472,18.472706393075875,0.5,0.0,1.0397207708399179,0.0,0.0,1.717935201923281,0.0,1.8283725287696315,0.0,0.0,,,,,7.58908160212795,0.0,
89390cb8937ffff,Transición,0.49676189868659304,,8.228282853819165,0.35659757048924545,0.24350830268583526,0.33174523570712133,0.4945391730747799,0.0,0.0,0.0,0.0,0.0,0.0,1.2377278333396535,0.0,1.0133297204591352,0.0,0.0,,,,,5.796575153873883,0.0,
89390ca14a3ffff,Planificado,0.8156125752183498,0.0,7.5672785543058385,0.507188231360749,0.5916081578067537,0.5436308926780341,0.3863256435974591,18.450812149211952,0.16666666666666666,0.16666666666666666,2.253857589601352,18.450812149211952,0.0,3.0010943928716127,0.0,1.088227134606339,0.0,0.0,,,,,7.242598676267475,0.0,
89390cb562bffff,Planificado,0.6442603492014072,0.0,9.223408833800402,0.3134310338422675,0.24350830268583526,0.33174523570712133,0.36503956313384595,0.0,0.0,0.0,0.0,0.0,0.0,4.380133073752288,0.0,0.8824573121752832,0.0,0.0,,,,,0.0,0.0,
89390cb0ba7ffff,Espontáneo,0.12320710511587782,1.0,8.274930193889487,0.7537427096103123,0.885935584531372,0.8010698762955533,0.574222668004012,249.29257899187905,0.43548387096774194,0.0967741935483871,3.6854232697417517,27.699175443542117,1.0,3.3586952404188066,0.0,0.16210147077041812,18.46611696236141,0.0,10215.227722772277,23283.859812351162,9.231634799981434,10.055558634885198,8.0877658658662,2.9686753625325064,0.8433311676685141
89390ca1087ffff,Espontáneo,0.3710163162597031,1.0,9.531883458935342,0.2844552175043649,0.24350830268583526,0.33174523570712133,0.2781121141201382,0.0,0.0,0.0,0.0,0.0,0.0,4.235392963568409,0.0,2.2766502646896556,0.0,0.0,,,,,5.47323469411046,0.0,
89390cb520fffff,Planificado,0.6834932582354389,0.0,9.15036560846006,0.4753984174746462,0.34536944165830824,0.5547475760615179,0.5260782347041123,0.0,0.0,0.0,1.3862943611198906,0.0,1.0,4.268453458926741,0.0,0.24958753887104956,0.0,0.0,,,,,8.818790268348888,0.0,
89390cb036fffff,Planificado,0.46298390734575917,0.0,6.0325262228789684,0.606105353096326,0.7022734871280508,0.33174523570712133,0.7842973364538058,64.56188885352502,0.28,0.28,2.9761388013384353,0.0,0.0,0.3984591247303109,1.0,0.7732957475230718,9.223126979075001,0.0,26386.0,10073.742835311708,10.180588845443722,9.217786861458018,8.033841035413605,2.3246525046187005,0.19046256666734804
89390cbabd3ffff,Espontáneo,0.286740591069806,1.0,6.482643345871108,0.40611649764107133,0.24350830268583526,0.33174523570712133,0.6430959545302574,0.0,0.0,0.0,0.0,0.0,0.0,0.5653715882283011,0.0,0.5906933087637363,0.0,0.0,,,,,4.1644555959412415,0.0,
89390cbaa93ffff,Espontáneo,0.4310973593082897,1.0,7.819557663851827,0.6266298896690071,0.6238716148445337,0.5547475760615179,0.7012704781009695,27.639587548741723,0.2,0.3333333333333333,2.615630577027551,0.0,1.0,1.2790010423717562,0.0,0.04263923773007814,0.0,0.0,14327.622767857143,34848.71440362149,9.569944615075773,10.458800221137055,5.2268190621988335,0.0,0.48861167003677386
89390ca0433ffff,Transición,0.5141479035832899,,6.827963553004845,0.3991140086927449,0.31355176641034216,0.33174523570712133,0.5520450239607712,0.0,0.0,0.0,0.6365141682948128,0.0,0.0,1.4447442192746185,0.0,0.5964478608223257,0.0,0.0,,,,,6.867595328997475,0.0,
89390ca3323ffff,Espontáneo,0.1751284322000724,1.0,6.656059681014879,0.5037984323340391,0.6620416805973476,0.33174523570712133,0.5176083806976485,27.682312930192683,0.375,0.375,1.9061547465398496,0.0,0.0,1.7766946434242372,0.0,0.6359404526535888,0.0,0.0,,,,,7.974403427655673,0.0,
89390ca0017ffff,Espontáneo,0.43338410707521585,1.0,8.527195458494225,0.6111575467142168,0.6056502841858911,0.5547475760615179,0.6730747798952413,18.467095472786163,0.2222222222222222,0.1111111111111111,2.1972245773362196,0.0,1.0,0.7272778669905622,0.0,0.4185514994169812,0.0,0.0,12704.0,7500.323092329633,9.449672183486918,8.922834696276198,9.006886859421229,0.0,0.6141703983035345
89390cb0e93ffff,Espontáneo,0.09994263132382276,1.0,8.562668011314273,0.3782737100189457,0.3213529477320851,0.33174523570712133,0.48172294661763065,0.0,0.0,0.0,0.6931471805599453,0.0,0.0,2.571551157090019,0.0,0.6086841288371309,9.22568788810263,0.0,34765.0,4686.924468904904,10.456366412533118,8.452745219545337,6.444566368006464,2.324902974786058,0.11636386865161173
89390cb0a77ffff,Planificado,0.945643162029156,0.0,5.298069865779683,0.9014915115717522,0.8595787362086259,0.9599632230023404,0.8849325755042906,350.6816911493807,0.296875,0.25,3.970065343099764,193.79777668781566,2.0,0.16318284872850053,1.0,0.43990126805669977,101.51312112218915,9.22846555656265,29348.675,30764.473112691277,10.287002679433096,10.334148337333326,9.159290722614166,4.629990801333947,0.1623033273403148
89390ca26cfffff,Planificado,0.7917731103223977,0.0,2.007816572708232,0.7199933132731527,0.8599130725509863,0.6522902039451688,0.6477766633233032,572.069396164007,0.26609442060085836,0.19313304721030042,3.9391744235455683,129.1769604241306,0.0,0.5458687875382359,0.0,0.5780552438446572,387.5308812723918,0.0,33694.855992844365,25004.609842273538,10.425100463527716,10.126855472368781,9.709358412765312,5.962372655123286,0.14249529807434932
89390cb1dd3ffff,Planificado,0.6852321466894629,0.0,5.744499755959315,0.5333500501504513,0.6616516215312606,0.33174523570712133,0.6066532932129722,46.114354534153286,0.2631578947368421,0.21052631578947367,2.6250481587325396,0.0,0.0,0.6298244648753151,0.0,0.7097957794315729,9.222870906830657,0.0,34765.0,4209.430954499907,10.456366412533118,8.34532028592683,6.679088887580484,2.3246274559763416,0.11555404353010987
89390ca22b3ffff,Planificado,0.5615525847020203,0.0,4.361055316342054,0.462210706192652,0.24350830268583526,0.5547475760615179,0.5883762398306028,0.0,0.0,0.0,0.0,0.0,1.0,1.390177357526809,0.0,0.4805243657633152,0.0,0.0,,,,,0.0,0.0,
89390cb19b7ffff,Planificado,0.8953926313223832,0.0,4.400718629997993,0.7834893569597682,0.7483561796500613,0.9293714476763624,0.6727404435528808,129.18421903794825,0.2028985507246377,0.2463768115942029,3.4893352742025554,73.81955373597043,2.0,0.8557812465844947,0.0,0.36542105850045337,46.13722108498152,0.0,,,,,9.267747452882176,3.8530629455153975,
89390cbaaa3ffff,Espontáneo,0.4340692103990449,1.0,7.096064426981355,0.7080315019131468,0.851331773097069,0.4964894684052157,0.7762732642371559,202.72384158377116,0.5641025641025641,0.1282051282051282,2.9454190102745015,9.214720071989598,0.0,0.19597956055264115,1.0,0.9294474909275193,0.0,0.0,14443.715878127323,28912.433733633534,9.578014711622831,10.272061601171993,5.818104183169459,0.0,0.4811766573246229
89390ca360fffff,Espontáneo,0.3214906552303401,1.0,4.550510960414527,0.636093465581931,0.6261562465173297,0.630558341691742,0.6515658085367212,18.44214747980229,0.3333333333333333,0.16666666666666666,1.791759469228055,0.0,2.0,0.737807703552649,0.0,0.4847602490609378,0.0,0.0,17315.0,5084.204161673121,9.759328456836522,8.534090457464904,8.427312227100774,0.0,0.38928964311864994
89390ca0303ffff,Espontáneo,0.35406707328353687,1.0,11.03377258514574,0.29682566217170026,0.24350830268583526,0.33174523570712133,0.31522344812214426,0.0,0.0,0.0,0.0,0.0,0.0,2.968772441987466,0.0,2.417414582154675,0.0,0.0,,,,,0.0,0.0,
89390cb737bffff,Espontáneo,0.42087414769451903,1.0,12.84724367640392,0.2539934618670827,0.24350830268583526,0.33174523570712133,0.18672684720829155,0.0,0.0,0.0,0.0,0.0,0.0,7.0597800785550735,0.0,3.5552131219948238,0.0,0.0,,,,,0.0,0.0,
89390cb19a7ffff,Planificado,0.4675259581776292,0.0,4.229529872255121,0.5631152717411494,0.5757829042683607,0.5133734536944166,0.6001894572606709,9.227697631237042,0.043478260869565216,0.13043478260869565,2.4872576985931496,9.227697631237042,0.0,0.9186321244579411,0.0,0.6002058366156616,9.227697631237042,0.0,34765.0,6823.185478835438,10.456366412533118,8.828228269170753,8.68882073980218,2.325099494148486,0.08834091570979813
89390cb0d63ffff,Planificado,0.5977925471391327,0.0,9.939628330819051,0.49813328875515434,0.8241390839184218,0.33174523570712133,0.33851554663991973,101.54982447660765,0.55,0.1,2.9957322735539904,0.0,0.0,2.966816696191583,0.0,1.868022415106424,0.0,0.0,,,,,7.029404709528146,0.0,
89390ca2dd7ffff,Planificado,0.8658554168310276,0.0,11.62545537952852,0.2712303577398863,0.24350830268583526,0.33174523570712133,0.2384375348267023,0.0,0.0,0.0,0.0,0.0,0.0,5.372880056347072,0.0,2.6015983631513917,9.241202243205414,0.0,18748.0,2988.3056449920778,9.838842359042596,8.002796413660999,6.211301609640419,2.3264190192827794,0.5508607074793557
89390cbaeafffff,Espontáneo,0.13757495592903632,1.0,7.518488467204504,0.3302964448902262,0.24350830268583526,0.33174523570712133,0.4156357962777221,0.0,0.0,0.0,0.0,0.0,0.0,2.1129814938061586,0.0,1.2231458094532455,0.0,0.0,,,,,0.0,0.0,
89390ca22a3ffff,Planificado,0.7883521765472583,0.0,4.585481152383243,0.3709368847282588,0.24350830268583526,0.33174523570712133,0.5375571157918199,0.0,0.0,0.0,0.0,0.0,0.0,1.054746745559354,0.0,0.8278511678343957,0.0,0.0,,,,,8.839895305499857,0.0,
89390cb53cbffff,Planificado,0.6367466265886778,0.0,10.395960176451045,0.44164902113748655,0.607321965897693,0.33174523570712133,0.38587986180764516,18.477821928457356,0.2222222222222222,0.1111111111111111,2.1972245773362196,0.0,0.0,5.511298950043867,0.0,0.6260928892625836,9.238910964228678,0.0,25366.0,18731.89698775385,10.141164973627374,9.838036454473743,7.109159950269191,2.326195262806134,0.20149594404151075
89390cb0947ffff,Planificado,0.6310063421887563,0.0,8.829966691126046,0.4734481221442104,0.3213529477320851,0.5547475760615179,0.5442438426390281,0.0,0.0,0.0,0.6931471805599453,0.0,1.0,3.0322664261445977,0.0,0.32590988317041414,0.0,0.0,13099.0,4512.803082223271,9.48029117039765,8.414895332638446,7.738371586566975,0.0,0.6457569731162786
89390cb052bffff,Espontáneo,0.23371774131502543,1.0,11.02275505540401,0.2756138786730562,0.24350830268583526,0.33174523570712133,0.251588097626212,0.0,0.0,0.0,0.0,0.0,0.0,5.067325949504585,0.0,2.4146962470853754,0.0,0.0,,,,,0.0,0.0,
89390cb010fffff,Planificado,0.6557860339612391,0.0,9.136883773206518,0.6148166722389391,0.7781121141201383,0.5547475760615179,0.511590326535161,73.79739224412126,0.5,0.125,2.685945324669788,0.0,1.0,3.2435010379524867,0.0,0.4052169227579226,9.224674030515157,0.0,,,,,6.7681483868293775,2.324803821764479,
89390ca2183ffff,Planificado,0.818983360280764,0.0,7.416661650669803,0.5341580296444891,0.374735317062298,0.630558341691742,0.5971804301794271,0.0,0.0,0.36363636363636365,2.1458417525947544,0.0,2.0,2.6629040449724712,0.0,0.18082848992191627,18.469651356800803,0.0,,,,,9.491157124673403,2.9688569125366118,
89390cbad8fffff,Planificado,0.5663220445989839,0.0,4.834428460889291,0.3015063709647461,0.24350830268583526,0.33174523570712133,0.32926557450128163,0.0,0.0,0.0,0.0,0.0,0.0,2.906405484235982,0.0,2.139111173590419,0.0,0.0,,,,,0.0,0.0,
89390cb1887ffff,Planificado,0.5737587948534694,0.0,3.8913570825833323,0.40333036145473455,0.35673687729856235,0.33174523570712133,0.52150897135852,0.0,0.0,0.26666666666666666,1.6216679171123505,0.0,0.0,1.429253788317909,0.0,0.7316620815768291,0.0,0.0,,,,,7.962269694434396,0.0,
89390cba973ffff,Espontáneo,0.08204809067930335,1.0,4.071820759099007,0.7951446933392771,0.9150228463167279,0.6270478100969575,0.8433634236041457,783.6182511345639,0.35714285714285715,0.13865546218487396,4.089553730253171,73.75230598913542,0.0,0.3907038746298293,1.0,0.5263387494756891,82.97134423777736,9.219038248641928,10844.20197044335,50353.63620501106,9.291385835532104,10.826845973451064,7.657573668672832,4.430475600615358,0.8373074386093791
89390ca01d3ffff,Planificado,0.6652039629391361,0.0,9.283342394033225,0.6582432482633084,0.5552212192131951,0.5547475760615179,0.8647609495152123,9.235331042595565,0.16666666666666666,0.16666666666666666,1.5607104090414068,0.0,1.0,0.33857387784557874,1.0,0.47089835965878996,0.0,0.0,18663.837475565484,14188.389713747916,9.83434310575323,9.560249761036674,6.880635563266183,0.0,0.30574226856820685
89390cb5ad3ffff,Planificado,0.6598850639483587,0.0,13.683017032408076,0.27682120435380214,0.31355176641034216,0.33174523570712133,0.18516661094394293,0.0,0.0,0.3333333333333333,0.6365141682948128,0.0,0.0,7.00714007781821,0.0,3.7497963572464132,0.0,0.0,,,,,7.840718738489833,0.0,
89390ca30c3ffff,Espontáneo,0.2102109283446768,1.0,3.497803442099588,0.7096660351424644,0.8502173186225342,0.506519558676028,0.7722612281288309,350.4780738240706,0.2992125984251969,0.2755905511811024,3.8403425686882358,9.223107205896595,0.0,0.3995110483666788,1.0,0.8487268178779641,129.12350088255232,9.223107205896595,9765.456103108416,43902.97330416625,9.186606550167607,10.689760103035223,6.573226057697516,4.868484006273591,0.9016399195173658
89390cb724bffff,Transición,0.48505333162964726,,10.719290264498577,0.29195921096623195,0.24350830268583526,0.33174523570712133,0.3006240945057394,0.0,0.0,0.0,0.0,0.0,0.0,4.141091056727053,0.0,1.8078744816202958,0.0,0.0,,,,,6.12631895818469,0.0,
89390cb89c3ffff,Espontáneo,0.42385203185346365,1.0,8.413278650644761,0.3912013819235485,0.33974144656190797,0.33174523570712133,0.502117463501616,0.0,0.0,0.0,1.3296613488547582,0.0,0.0,1.0983860347682324,0.0,1.0772987160101852,0.0,0.0,,,,,0.0,0.0,
89390cb56b7ffff,Planificado,0.6146060524781862,0.0,10.204914779526144,0.471980757086073,0.7733199598796389,0.33174523570712133,0.3108770756714588,64.65462764306494,0.7,0.0,2.3025850929940455,0.0,0.0,5.490932320871777,0.0,1.1091398804662247,0.0,0.0,,,,,8.319494503714305,0.0,
89390cb0c33ffff,Planificado,0.6268691101963182,0.0,9.987499720155512,0.48124930346595346,0.35434080017831276,0.5547475760615179,0.5346595341580297,0.0,0.0,0.2,1.6094379124341005,0.0,1.0,2.806433980960464,0.0,0.3867420835258297,0.0,0.0,,,,,7.946297272967815,0.0,
89390ca2ca7ffff,Planificado,0.8586486666058856,0.0,10.940395232040526,0.39656933764255725,0.5874289535272484,0.33174523570712133,0.2705338236933021,9.240181350769062,0.08333333333333333,0.08333333333333333,2.484906649788001,0.0,0.0,4.901458036539911,0.0,2.0622731049877085,27.720544052307186,0.0,,,,,7.66013971751264,3.35761268732606,
89390cb1dc3ffff,Planificado,0.532336207349679,0.0,5.408893122440545,0.5319012593335563,0.34536944165830824,0.5547475760615179,0.6955867602808427,0.0,0.0,0.25,1.3862943611198906,0.0,1.0,0.7067660460102125,0.0,0.35307518634281054,0.0,0.0,,,,,6.312661784155276,0.0,
89390cb529bffff,Planificado,0.9134150517952696,0.0,8.941550243778593,0.5804450388201642,0.3656525130948401,0.8553995319291207,0.5202830714365319,0.0,0.0,0.5625,1.9273921261392744,73.88887065600458,1.0,4.0374118724281605,0.0,0.29211640559610813,18.472217664001146,0.0,,,,,7.074379455688149,2.9689887144900666,
89390cb0817ffff,Planificado,0.6561005966694653,0.0,8.527576509952583,0.3788866599799398,0.32776106096065977,0.33174523570712133,0.4771536832720383,0.0,0.0,0.0,0.7937300551584247,0.0,0.0,1.4381538185017653,0.0,1.0231880821396417,9.230011590724917,0.0,,,,,8.54031414556676,2.3253257129760816,
89390ca246fffff,Planificado,0.9152030128104455,0.0,4.434995513528262,0.9264924402838144,0.8809762621196925,0.9490972918756269,0.9494037668561238,406.13049106585635,0.34108527131782945,0.24806201550387597,3.9204859383892954,119.99309963309393,2.0,0.2754655853696733,2.0,0.26298439919678446,138.45357649972377,18.460476866629836,15487.91879993478,71072.23149433486,9.64781556672981,11.1714660539632,8.077803784763608,4.9377317609280045,0.6082802717800215
89390cb1b73ffff,Espontáneo,0.09366579333102482,1.0,0.17727089347426356,0.7613024257959062,0.8135517664103421,0.6673353393513874,0.803020171625989,691.8284735432845,0.18248175182481752,0.5231143552311436,3.5819279909663972,599.5846770708466,0.0,0.4486740343606831,1.0,0.6595846941642709,3145.5134597101337,83.01941682519414,20469.734434124526,25547.65783653725,9.926702705152739,10.148340063392459,9.93332092093214,8.054050280634666,0.5858891521679631
89390ca2053ffff,Espontáneo,0.08600766988391333,1.0,4.156897748029749,0.7089416397340168,0.8995876518444222,0.5912738214643932,0.6359634458932352,350.7489518854542,0.3917525773195876,0.18556701030927836,3.8974926064641737,36.92094230373202,0.0,0.6758391703308803,0.0,0.5648580963615452,129.22329806306206,9.230235575933005,13036.861521817525,50485.50187095982,9.475536125670148,10.829461289851233,7.289238309857549,4.869250654343027,0.7603569892621662
89390ca1c37ffff,Espontáneo,0.37616149151516304,1.0,12.646073578891665,0.2633920279356588,0.24350830268583526,0.33174523570712133,0.21492254541401987,0.0,0.0,0.0,0.0,0.0,0.0,5.163039755254706,0.0,4.380948295492567,0.0,0.0,,,,,4.895223525440238,0.0,
89390cba843ffff,Espontáneo,0.09155018397295235,1.0,6.901912442938237,0.41263605631709943,0.3346149559790483,0.33174523570712133,0.5715479772651287,0.0,0.0,0.3333333333333333,1.0986122886681096,0.0,0.0,0.8675357814382092,0.0,0.7445388650901629,0.0,0.0,,,,,0.0,0.0,
89390cb133bffff,Espontáneo,0.26189120782566144,1.0,5.927081440468425,0.28322931758237674,0.24350830268583526,0.33174523570712133,0.27443441435417365,0.0,0.0,0.0,0.0,0.0,0.0,4.123640807402778,0.0,2.4677741904237367,0.0,0.0,,,,,0.0,0.0,
89390ca33afffff,Transición,0.4961816236238801,,6.068524894456223,0.49140941342546157,0.24350830268583526,0.5547475760615179,0.6759723615290315,0.0,0.0,0.0,0.0,0.0,1.0,1.1556993529712956,0.0,0.25454962882884424,0.0,0.0,,,,,8.757202730230176,0.0,
89390ca00a3ffff,Planificado,0.5907622738988493,0.0,8.726800692368753,0.8016642520153052,0.7501950295330436,0.7495820795720495,0.9052156469408225,64.64018125153858,0.3888888888888889,0.1111111111111111,2.890371757896165,9.234311607362653,1.0,0.40610451792743935,1.0,0.31535649029189483,0.0,0.0,16620.0,22524.195161384243,9.718362068409439,10.022389746651402,6.611261027585103,0.0,0.36946142208178784
89390cb422bffff,Espontáneo,0.40246003193976804,1.0,15.594148893087286,0.24931275307403689,0.24350830268583526,0.33174523570712133,0.17268472082915412,0.0,0.0,0.0,0.0,0.0,0.0,10.682256535023164,0.0,3.313973395002198,0.0,0.0,,,,,0.0,0.0,
89390cb0b03ffff,Espontáneo,0.5547959791787702,1.0,7.0972680974881515,0.6131264162858948,0.7478546751365207,0.5547475760615179,0.5367769976596456,55.38915489199461,0.6,0.1,1.9730014063936128,0.0,1.0,2.186120114438841,0.0,0.47675375907033607,73.85220652265949,0.0,14111.0,23406.00622252852,9.55470991405776,10.060790667750366,8.40207516858689,4.31551558969178,0.7083882476792834
89390ca2b77ffff,Espontáneo,0.30714352291530295,1.0,13.344415959730881,0.42602808425275823,0.7384375348267023,0.33174523570712133,0.20790148222445115,46.21363378576201,0.7142857142857143,0.2857142857142857,1.7478680974667578,0.0,0.0,5.268808332738371,0.0,5.077017925456692,18.485453514304805,0.0,,,,,4.323723317030527,2.9696682135675316,
89390cb516bffff,Transición,0.5429154094177281,,12.809316414796589,0.4620992607451985,0.7576061517886994,0.33174523570712133,0.29694639473977485,83.18009975412564,0.4090909090909091,0.36363636363636365,2.7129621730528912,0.0,0.0,7.724835170966915,0.0,0.9028099070128094,0.0,0.0,,,,,4.953282237443235,0.0,
89390cb02cbffff,Espontáneo,0.27430644008823585,1.0,8.536962244671678,0.32459415282885695,0.3346149559790483,0.33174523570712133,0.3074222668004012,0.0,0.0,0.6666666666666666,1.0986122886681096,0.0,0.0,4.394881118937291,0.0,1.56722659586916,9.21753829410191,0.0,,,,,5.456133017711535,2.324105684342779,
89390cb1a43ffff,Espontáneo,0.14144138818514573,1.0,2.9312849141297304,0.8173037631412757,0.9181990415691518,0.8420260782347041,0.6916861696199711,534.7484904566927,0.4172661870503597,0.18705035971223022,3.8838607635973204,64.53861091718704,1.0,0.9747645741934023,0.0,0.26779720052533185,101.41781715557964,9.21980155959815,12725.0,31585.890526470615,9.451323841418724,10.360497456740873,8.641077511991913,4.629060693129875,0.7660162911223074
89390cbab2fffff,Espontáneo,0.17708104972717012,1.0,5.670072076083983,0.4580872246368736,0.24350830268583526,0.5547475760615179,0.5760057951632676,0.0,0.0,0.0,0.0,0.0,1.0,1.6801314730435974,0.0,0.44458848404660506,0.0,0.0,,,,,0.0,0.0,
89390ca369bffff,Espontáneo,0.10993105125085544,1.0,3.9268119535845503,0.729707641442847,0.9254429956536275,0.6437646272149783,0.6199153014599353,746.8244851547139,0.3894230769230769,0.13942307692307693,4.015718847385529,110.64066446736503,0.0,0.7798049350407958,0.0,0.5813403443435806,27.660166116841257,0.0,11222.005687203791,42381.211504075385,9.32563192310136,10.654484013190299,7.664695524102472,3.3555082185046956,0.7873758372266693
89390ca038fffff,Planificado,0.8363554099508017,0.0,10.577543319763677,0.3471247074557004,0.34536944165830824,0.33174523570712133,0.3642594450016716,0.0,0.0,0.25,1.3862943611198906,0.0,0.0,2.341682404240656,0.0,1.9190913756791452,0.0,0.0,,,,,6.931902236230182,0.0,
89390ca2adbffff,Planificado,0.6028212981596033,0.0,9.296093961358865,0.3489821315799249,0.24350830268583526,0.33174523570712133,0.4716928563468182,0.0,0.0,0.0,0.0,0.0,0.0,1.35151448802845,0.0,1.14672935864628,0.0,0.0,,,,,3.6214258452694654,0.0,
89390ca2e63ffff,Espontáneo,0.34690991771365126,1.0,9.154018172429955,0.36265277313421745,0.24350830268583526,0.33174523570712133,0.5127047810096957,0.0,0.0,0.0,0.0,0.0,0.0,1.1120184480238908,0.0,0.9654922163815711,0.0,0.0,,,,,0.0,0.0,
89390cb5457ffff,Espontáneo,0.3842033988791394,1.0,10.650645520487622,0.2904732716668524,0.24350830268583526,0.33174523570712133,0.2961662766076006,0.0,0.0,0.0,0.0,0.0,0.0,5.278969116044662,0.0,1.3662977603767679,0.0,0.0,,,,,0.0,0.0,
89390cb09d3ffff,Planificado,0.5984376171596394,0.0,9.409317434834671,0.4585887291504142,0.6554663991975928,0.33174523570712133,0.38855455254652843,18.46359542511579,0.4,0.2,1.6094379124341005,0.0,0.0,2.6283658122540716,0.0,1.2456222326401758,0.0,0.0,25715.0,18328.756518006037,10.154829758209017,9.816281057494356,6.928407364788704,0.0,0.12265823149754689
89390ca2a47ffff,Planificado,0.5837807667835111,0.0,10.462536006742287,0.3459359560161967,0.34536944165830824,0.33174523570712133,0.3606931906831606,0.0,0.0,0.0,1.3862943611198906,0.0,0.0,2.343771444016565,0.0,1.9858565178981118,0.0,0.0,,,,,6.512304286039038,0.0,
89390cb0a67ffff,Planificado,0.6274771708171673,0.0,5.141649170476345,0.9429120695419592,0.935250195029533,0.9412403878301572,0.9522456257661874,710.6113535934677,0.4350282485875706,0.13559322033898305,3.8921961302902384,101.51590765620966,2.0,0.21092422747506032,1.0,0.19743509157760647,92.28718877837242,0.0,22596.03924696873,49534.89308572566,10.025529915342597,10.810452798632422,9.639378048777468,4.535682786296212,0.27864982474810673
89390cb503bffff,Transición,0.4509210830023066,,11.368126989058974,0.3220866302611538,0.3594115680374457,0.33174523570712133,0.27510308703889447,0.0,0.0,0.14285714285714285,1.7478680974667578,0.0,0.0,6.454798501119313,0.0,1.3107676856571622,0.0,0.0,,,,,4.81091572527597,0.0,
89390ca262bffff,Planificado,0.5073981848060882,0.0,3.2817717992673345,0.6264534343772058,0.5955644711913518,0.630558341691742,0.6532374902485234,18.45792316637032,0.2222222222222222,0.1111111111111111,2.0431918705451206,0.0,2.0,1.0884897132819902,0.0,0.3532974233428811,36.91584633274064,0.0,24680.0,12472.134222990586,10.113748478019325,9.431332348150995,8.275362490109114,3.6353691337484397,0.2688424085530461
89390cb1d2fffff,Planificado,0.7469693404298142,0.0,4.579029587427067,0.8664883539507411,0.8672684720829155,0.8453694416583082,0.8868271481109996,295.22941417465574,0.35555555555555557,0.15555555555555556,3.7898878235072626,64.58143435070595,1.0,0.15107817212381877,1.0,0.4351878821130111,544.3292323845216,0.0,22766.78120577413,32234.749325554996,10.033057787878445,10.380831343187433,6.850766674265339,6.301389708389023,0.44583862356896503
89390ca220fffff,Planificado,0.8136234370407125,0.0,4.391908966379682,0.64253872729299,0.8044132397191573,0.5178869943162822,0.6053159478435305,138.44967639901913,0.4411764705882353,0.08823529411764706,2.9501378444440385,9.229978426601274,0.0,0.6146068813561677,0.0,0.7288056229032372,46.149892133006375,27.689935279803827,19255.0,46309.130585249106,9.865526046249009,10.74311601927754,8.62473706096836,3.8533317213357337,0.381610471427725
89390cb1913ffff,Planificado,0.9482657159951172,0.0,3.3838717961411233,0.8321167205319663,0.8883316616516215,0.9099799398194583,0.6980385601248189,525.8771126734259,0.34545454545454546,0.21212121212121213,3.9084594086434357,55.35548554457115,2.0,0.8048639924895239,0.0,0.3056529319060062,166.06645663371344,9.225914257428524,28800.391038696536,44039.32313787467,10.268144243764379,10.692860928181966,8.16562864775422,5.118391677172527,0.1843399785889666
89390ca067bffff,Espontáneo,0.38392667360092064,1.0,7.793086868453174,0.30975333407630296,0.24350830268583526,0.33174523570712133,0.3540064638359523,0.0,0.0,0.0,0.0,0.0,0.0,2.7647205802719568,0.0,1.7061923896154723,0.0,0.0,,,,,0.0,0.0,
89390ca356bffff,Planificado,0.7507875070697868,0.0,3.13059734181054,0.7448642222965192,0.6684497938259222,0.8577398863256436,0.7084029867379917,55.356958176076404,0.25,0.5833333333333334,2.694153703984459,83.0354372641146,1.0,1.1368185813915013,0.0,0.09292033321665863,27.678479088038202,0.0,,,,,4.559251529965128,3.356146983922127,
89390ca314fffff,Espontáneo,0.1856216158967616,1.0,5.132409611075676,0.8175266540361826,0.8116014710799063,0.7683049147442327,0.8726735762844088,129.18051587150006,0.5833333333333334,0.125,2.6581934449279867,18.454359410214295,1.0,0.1974507933948803,1.0,0.47704146772854594,0.0,0.0,9894.368421052632,29341.494233630383,9.199721027909888,10.28679205945489,5.720185923457764,0.0,0.7662596266797466
89390ca15bbffff,Espontáneo,0.20687141300235443,1.0,8.076543089749805,0.2989802741558007,0.24350830268583526,0.33174523570712133,0.3216872840744455,0.0,0.0,0.0,0.0,0.0,0.0,3.1544899253688556,0.0,2.068987766956126,0.0,0.0,,,,,0.0,0.0,
89390cb08a3ffff,Planificado,0.6451098202599116,0.0,9.050155362941597,0.36579181990415693,0.35434080017831276,0.33174523570712133,0.41128942382703665,0.0,0.0,0.2,1.6094379124341005,0.0,0.0,2.0394287133263536,0.0,1.3243124241546296,0.0,0.0,,,,,7.767723154870367,0.0,
89390cb0487ffff,Espontáneo,0.18601848321223538,1.0,13.018795112943144,0.3148055276941937,0.24350830268583526,0.33174523570712133,0.3691630446896244,0.0,0.0,0.0,0.0,0.0,0.0,7.288828289769981,0.0,0.5664349094883196,0.0,0.0,,,,,0.0,0.0,
89390cb0e83ffff,Transición,0.5305184685849788,,8.273850395536122,0.3512110405289944,0.24350830268583526,0.33174523570712133,0.47837958319402657,0.0,0.0,0.0,0.0,0.0,0.0,2.228046564006186,0.0,0.695132132994326,0.0,0.0,,,,,5.602687599281635,0.0,
89390cb006bffff,Espontáneo,0.22952263425659775,1.0,8.498546902319605,0.3356086778855083,0.24350830268583526,0.33174523570712133,0.43157249526356845,0.0,0.0,0.0,0.0,0.0,0.0,2.975266030965391,0.0,0.758795290697469,0.0,0.0,,,,,0.0,0.0,
89390ca054bffff,Planificado,0.7725073542096254,0.0,8.074275853570875,0.5982948846539619,0.3594115680374457,0.7485790705449682,0.6868940153794717,0.0,0.0,0.42857142857142855,1.7478680974667578,9.233801006000535,1.0,0.8767981223750693,0.0,0.3115436271637344,0.0,0.0,,,,,6.038904507540191,0.0,
89390cba8cfffff,Espontáneo,0.3599367932850348,1.0,6.732312636104124,0.36900516363906527,0.24350830268583526,0.33174523570712133,0.5317619525242394,0.0,0.0,0.0,0.0,0.0,0.0,1.4708546287768363,0.0,0.6677013163286708,9.214464899953008,0.0,15146.0,1928.9985344246936,9.625491749673769,7.565274522533199,0.0,2.3238048431435203,0.8184617264697546
89390cb5e4bffff,Espontáneo,0.32863637360892783,1.0,12.730515567025495,0.26209183104870165,0.24350830268583526,0.33174523570712133,0.21102195475314833,0.0,0.0,0.0,0.0,0.0,0.0,6.556223886583728,0.0,2.7188095866469166,0.0,0.0,,,,,0.0,0.0,
89390ca343bffff,Planificado,0.7784401864242559,0.0,1.9295909107786566,0.7491920205059622,0.7273487128050818,0.7905382815112003,0.7296890672016048,119.90368973449337,0.2,0.24615384615384617,3.311751175674732,27.670082246421547,1.0,0.7763833571582135,0.0,0.19599398940019813,92.23360748807181,46.116803744035906,22995.532503457816,43209.14651410478,10.043055237064358,10.673830619665539,8.66526965590442,4.535108252058239,0.2858977495872759
89390ca148bffff,Planificado,0.5796916874787118,0.0,7.516369126066196,0.6680225862773504,0.7895909952078458,0.630558341691742,0.583918421932464,101.46267949830396,0.4782608695652174,0.21739130434782608,2.788626037967039,0.0,2.0,1.9689172747230628,0.0,0.36172799906154524,18.44775990878254,0.0,10105.810488676996,39278.95828768069,9.220865833318713,10.578469700545249,3.798468246669407,2.9677318916467166,0.8723069588122214
89390cb5613ffff,Planificado,0.732936208481568,0.0,9.001100045836818,0.36592183959285257,0.3404658419703555,0.33174523570712133,0.425554441101081,0.0,0.0,0.4,1.3321790402101223,0.0,0.0,4.419637600685376,0.0,0.5753974852995254,27.70452454114397,0.0,21642.0,1897.2936181874688,9.982391150131594,7.548710665934167,7.495669446978289,3.357054759857408,0.49252557117631623
89390ca0007ffff,Planificado,0.8151296779065376,0.0,8.865588762828587,0.5910509305694863,0.35116460492588875,0.8014042126379137,0.6205839741446563,0.0,0.0,0.8333333333333334,1.5607104090414068,27.701409538989328,1.0,1.0553638682882012,0.0,0.47301333510734117,9.23380317966311,0.0,18160.0,12294.654262801461,9.806976652155285,9.41700116696377,8.343041131971521,2.3256962781931856,0.4373636449170871
89390cb0b8fffff,Planificado,0.659646699778163,0.0,7.555368655086788,0.38824807756603147,0.3294327426724618,0.33174523570712133,0.5035662543185111,0.0,0.0,0.5,1.0397207708399179,0.0,0.0,2.3900897147308995,0.0,0.560948967940266,0.0,0.0,17136.0,12235.209129162218,9.74893679268753,9.412154796426,7.21288774703766,0.0,0.3701846818111052
89390ca7687ffff,Espontáneo,0.2566778869036424,1.0,15.105256337805017,0.24756677439726585,0.24350830268583526,0.33174523570712133,0.16744678479884098,0.0,0.0,0.0,0.0,0.0,0.0,7.153672787966506,0.0,6.930116694999065,0.0,0.0,,,,,0.0,0.0,
89390ca2c03ffff,Planificado,0.6172072158501613,0.0,9.85469277100337,0.3003547680077268,0.24350830268583526,0.33174523570712133,0.325810765630224,0.0,0.0,0.0,0.0,0.0,0.0,3.7746591400115794,0.0,1.5664989545048036,0.0,0.0,,,,,0.0,0.0,
89390cb2a17ffff,Espontáneo,0.29185845425273077,1.0,12.053011298404853,0.26588097626211965,0.24350830268583526,0.33174523570712133,0.22238939039340244,0.0,0.0,0.0,0.0,0.0,0.0,5.443177405088164,0.0,3.232091848762279,0.0,0.0,,,,,0.0,0.0,
89390cb0357ffff,Espontáneo,0.3584604121985279,1.0,7.109831284340202,0.3628385155466399,0.24350830268583526,0.33174523570712133,0.5132620082469631,0.0,0.0,0.0,0.0,0.0,0.0,1.6007572623501167,0.0,0.7097211839223297,0.0,0.0,,,,,7.330053886543284,0.0,
89390ca23cbffff,Planificado,0.4681996083831591,0.0,5.4104129697807055,0.7549128868085738,0.781511200267469,0.7440655299231027,0.7391619302351499,101.54937827565215,0.4074074074074074,0.037037037037037035,2.9877714524221317,9.231761661422922,1.0,0.735306779063168,0.0,0.1730866593310753,9.231761661422922,18.463523322845845,22455.0,46847.596066105856,10.01926858552184,10.754676320645649,8.324320818132012,2.32549677055557,0.20770626112957263
89390cb1acfffff,Transición,0.5052369567468847,,3.004766932009445,0.4996006538132917,0.31221442104090047,0.5547475760615179,0.6318399643374568,0.0,0.0,0.0,0.5623351446188083,0.0,1.0,1.0706497586115653,0.0,0.42787689827411435,0.0,0.0,,,,,5.420672344079033,0.0,
89390cb3247ffff,Planificado,0.6773726446265153,0.0,13.237226479038066,0.3880809093948512,0.676306697871392,0.33174523570712133,0.15619079460604035,27.629016849985167,0.42857142857142855,0.5714285714285714,1.7478680974667578,0.0,0.0,9.98021551234641,0.0,4.942737907678848,0.0,0.0,,,,,3.995972439551871,0.0,
89390cbabbbffff,Espontáneo,0.17757730894716,1.0,5.313196354675422,0.7192317693822207,0.7400534938147777,0.7231695085255767,0.6944723058063077,64.52437834701914,0.3888888888888889,0.2777777777777778,2.8133554045006157,9.217768335288449,1.0,0.9516202587621327,0.0,0.26583630406423364,18.435536670576898,0.0,12047.0,23709.060401919043,9.396570945266852,10.07365472658548,8.4747481040506,2.967103177536362,0.7454681965812701
89390ca041bffff,Espontáneo,0.19596269267774669,1.0,5.989654905944085,0.7078643337419667,0.9366989858464282,0.6253761283851554,0.5615178869943164,489.24287414815336,0.5,0.10377358490566038,3.7786940992955707,64.616983378058,0.0,1.551226599949248,0.0,0.5270242948339096,36.923990501747426,18.461995250873713,12861.723651610444,45399.01256726288,9.462011020817156,10.723267660841358,7.191732175152605,3.6355839066007563,0.7213050086621274
89390cba383ffff,Espontáneo,0.20687494683203922,1.0,10.890551732060382,0.264617927857647,0.24350830268583526,0.33174523570712133,0.21860024517998441,0.0,0.0,0.0,0.0,0.0,0.0,5.21532278838598,0.0,3.90254608884681,0.0,0.0,,,,,0.0,0.0,
89390cb0e7bffff,Espontáneo,0.5339592016258762,1.0,6.415693711119513,0.5486459378134404,0.3346149559790483,0.630558341691742,0.6807645157695309,0.0,0.0,0.3333333333333333,1.0986122886681096,0.0,2.0,1.0993572657956032,0.0,0.2578547143382005,36.903714293240995,0.0,23771.0,30961.5466854598,10.076221629305257,10.340533581603012,8.444255157442784,3.635049109746638,0.24798548911298537
89390ca2ad3ffff,Planificado,0.6705017363956086,0.0,9.346255230171332,0.4604275790333965,0.5662543185110889,0.33174523570712133,0.48328318288197925,9.237113716035251,0.2,0.2,1.6094379124341005,0.0,0.0,1.291997213233782,0.0,1.0916283869453343,27.711341148105753,0.0,,,,,9.01954203763384,3.3572922066645567,
89390cb50c7ffff,Transición,0.4589511447489747,,10.73400563186342,0.27371930606634715,0.24350830268583526,0.33174523570712133,0.24590437980608493,0.0,0.0,0.0,0.0,0.0,0.0,5.9081078851578495,0.0,2.080849537707324,0.0,0.0,,,,,0.0,0.0,
89390ca26b7ffff,Planificado,0.4136662441902976,0.0,3.7991212235231795,0.7410936513243435,0.8092611166833835,0.574222668004012,0.8397971692856346,230.73048921285724,0.31645569620253167,0.16455696202531644,3.4367370515013924,27.68765870554287,0.0,0.397133062875658,1.0,0.5396409809581776,387.62722187760016,36.91687827405716,22939.42399617591,30061.386156636603,10.040612281221474,10.31103003995152,7.939435017139616,5.9626205856417,0.4017298079683985
89390cb1dbbffff,Espontáneo,0.2705383982148275,1.0,5.698591072359894,0.6480181284594524,0.8172294661763067,0.5427950518221331,0.5840298673799175,156.82341731509567,0.4358974358974359,0.20512820512820512,3.067992259836125,18.449813801775964,0.0,0.8574571764269253,0.0,0.6937604717622666,55.34944140532789,0.0,,,,,9.051973626002436,4.031572327487724,
89390ca0423ffff,Planificado,0.5785810809835749,0.0,7.147219350222227,0.4750269326498013,0.563245291429845,0.33174523570712133,0.5300902708124373,9.232781095588528,0.2,0.0,1.6094379124341005,0.0,0.0,1.1270429452659503,0.0,0.8237263972690438,0.0,0.0,,,,,5.997842049402474,0.0,
89390ca229bffff,Planificado,0.8940232994016757,0.0,3.3390735790077835,0.7092759760763773,0.7052825142092946,0.7388833166165162,0.6836620974033211,36.91584290011303,0.4444444444444444,0.0,2.0431918705451206,9.228960725028257,1.0,1.2369860664425818,0.0,0.1910617230277457,0.0,0.0,27740.0,54737.91816732236,10.230630693868823,10.910330219288715,4.68565872230647,0.0,0.0856096847096071
89390cbaa8bffff,Espontáneo,0.536852809838519,1.0,8.039845682625359,0.37728927523310674,0.24350830268583526,0.33174523570712133,0.5566142873063636,0.0,0.0,0.0,0.0,0.0,0.0,1.1858174961646875,0.0,0.662894947194726,0.0,0.0,,,,,8.005932291617537,0.0,
89390cb1167ffff,Espontáneo,0.1374091324287555,1.0,5.84123319365252,0.3177774062929529,0.24350830268583526,0.33174523570712133,0.3780786804859022,0.0,0.0,0.0,0.0,0.0,0.0,3.8431805330284354,0.0,0.8926170242078441,0.0,0.0,,,,,0.0,0.0,
89390ca31dbffff,Transición,0.5336312057750308,,3.7044464703017956,0.47123778743638317,0.24350830268583526,0.5547475760615179,0.6154574835617964,0.0,0.0,0.0,0.0,0.0,1.0,1.2470976290931761,0.0,0.4253869436191414,0.0,0.0,,,,,8.939612507888858,0.0,
89390cb0d4bffff,Planificado,0.8489386366871243,0.0,9.445301426477906,0.5663286154760577,0.6888443107099075,0.5916081578067536,0.41853337791151235,64.61191099360312,0.28,0.32,2.754331703559254,36.921091996344636,0.0,2.245106936677408,0.0,1.1017890421795216,0.0,0.0,19579.0,27644.03006760861,9.882212842257273,10.227201246404237,8.00217821583729,0.0,0.2232720080030912
89390cb53b3ffff,Espontáneo,0.44964350401355535,1.0,12.152474635404783,0.30700434637245066,0.24350830268583526,0.33174523570712133,0.34575950072439543,0.0,0.0,1.0,0.0,0.0,0.0,7.238261130537968,0.0,0.6596468921626298,9.241212084566522,0.0,,,,,6.470380065709372,2.3264199802399155,
89390cb092fffff,Planificado,0.8067522929970242,0.0,9.79793376138992,0.32680448753668406,0.24350830268583526,0.33174523570712133,0.40515992421709573,0.0,0.0,0.0,0.0,0.0,0.0,4.411824007661026,0.0,0.6591717195127209,9.234848901667503,0.0,,,,,5.8221731183119125,2.3257984560992973,
89390ca2587ffff,Transición,0.5281748555802186,,7.415961325928258,0.33482855975333403,0.24350830268583526,0.33174523570712133,0.4292321408670456,0.0,0.0,0.0,0.0,0.0,0.0,2.677685061443679,0.0,0.8403238548872661,0.0,0.0,34765.0,6622.836205752766,10.456366412533118,8.798429968366973,4.030175435247648,0.0,
89390cb1c8bffff,Planificado,0.6077475562290378,0.0,6.246513592369587,0.3175173669155615,0.24350830268583526,0.33174523570712133,0.3772985623537279,0.0,0.0,0.0,0.0,0.0,0.0,2.3100398260277233,0.0,1.6719574758158684,0.0,0.0,,,,,8.899849969649141,0.0,
89390cbabc3ffff,Espontáneo,0.1245804287145004,1.0,6.491388410264754,0.6715145436308928,0.6465507634013151,0.7213306586425945,0.6466622088487685,36.8639615647899,0.25,0.1875,2.599301927099795,9.215990391197476,1.0,0.8510089480797732,0.0,0.45537576335804664,0.0,0.0,14410.0,7091.753116505005,9.575677688993569,8.866828853956678,4.585769558265677,0.0,0.5986558873020829
89390ca216bffff,Planificado,0.7060439279496099,0.0,7.448059923971329,0.5599669378505888,0.8482670232920985,0.33174523570712133,0.4998885545525466,147.76121207040373,0.5714285714285714,0.10714285714285714,3.0846519456895094,0.0,0.0,1.8768433355829832,0.0,0.6880046059233439,9.235075754400233,0.0,13485.212744706352,32938.10559758041,9.50934901184585,10.402415850891241,8.72294370165259,2.3258206205905254,0.6101311650925003
89390cbad77ffff,Planificado,0.574398686440394,0.0,4.312452569331541,0.6086778855083769,0.8580184999442771,0.5351053159478435,0.43290984063301013,193.57312986903045,0.5,0.19047619047619047,3.2381966304983174,18.4355361780029,0.0,2.3480695991848872,0.0,0.9131215073178257,18.4355361780029,0.0,14120.757822277847,46216.64747520179,9.555401179740034,10.741116984116772,5.299012929096876,2.967103152192374,0.6488468802095193
89390cb186fffff,Planificado,0.9387287343244204,0.0,1.7375324089569215,0.8109792339982912,0.8663769085032876,0.866181878970244,0.7003789145213418,350.4781941199488,0.31666666666666665,0.2,3.9617861398050795,27.6693311147328,2.0,0.5004530279173964,0.0,0.41268377701049486,341.2550837483712,18.446220743155198,24033.68253968254,33903.54559106911,10.087211564583248,10.431304372611645,9.442826682715802,5.835556317961443,0.3206212450276993
89390ca05d7ffff,Planificado,0.8853962454464755,0.0,7.427635111959795,0.6844143541736321,0.8917307477989525,0.5547475760615179,0.6067647386604257,221.61731086648004,0.5454545454545454,0.11363636363636363,3.4437655119234902,0.0,1.0,1.158470963210241,0.0,0.4833816795626883,0.0,0.0,17756.0,12804.126944300522,9.784478765953926,9.457600912235444,6.116767837707891,0.0,0.3599991766702939
89390cba95bffff,Planificado,0.5989918951327496,0.0,4.978366850566689,0.5160202830714365,0.6718488799732532,0.33174523570712133,0.5444667335339352,18.435026938999343,1.0,0.0,0.6931471805599453,0.0,0.0,1.0164533585956315,0.0,0.8055026717315498,0.0,0.0,22417.0,2870.0369319165798,10.017574878573896,7.962428543819789,0.0,0.0,0.38100089875058
89390ca1d4fffff,Espontáneo,0.6210916206648287,1.0,13.915040816213962,0.25377057097217576,0.24350830268583526,0.33174523570712133,0.18605817452357074,0.0,0.0,0.0,0.0,0.0,0.0,6.162711198548575,0.0,5.547403919608594,0.0,0.0,,,,,0.0,0.0,
89390ca34c7ffff,Planificado,0.7535718109233287,0.0,1.9776518632466973,0.7174114937404807,0.6249303465953415,0.8622534269475093,0.6650507076785913,18.44366964329628,0.08695652173913043,0.30434782608695654,3.014946880179594,18.44366964329628,3.0,1.2059597445201002,0.0,0.2796374939374039,73.77467857318511,0.0,22100.0,6568.775031398178,10.003332887505843,8.790234869096073,8.322501021551236,4.314479305920147,0.423446881494242
89390cb2bcbffff,Transición,0.5136070833432385,,11.957105668923692,0.27423938482113003,0.24350830268583526,0.33174523570712133,0.2474646160704335,0.0,0.0,0.0,0.0,0.0,0.0,4.971890987883357,0.0,2.614803983639521,0.0,0.0,,,,,0.0,0.0,
89390cb1037ffff,Espontáneo,0.4012950481238021,1.0,7.885436797579255,0.5279356588283369,0.6669452802853003,0.5334336342360415,0.38342806196366874,55.29143961579075,0.25,0.16666666666666666,2.715955709974649,18.43047987193025,0.0,5.815057951664313,0.0,0.614057103979642,27.645719807895375,0.0,,,,,5.692352183271353,3.3550040361150937,
89390ca30abffff,Planificado,0.8295174310265032,0.0,3.503405209950401,0.7393848211300568,0.7954976039228798,0.7331995987963891,0.6894572606709016,101.47656520507724,0.4583333333333333,0.16666666666666666,2.9252027641711082,9.225142291370659,1.0,1.1915494830833113,0.0,0.17991410639159167,64.57599603959461,9.225142291370659,23364.0,23247.20327004591,10.0589516551602,10.053983129321646,7.123660128596939,4.1832097149565985,0.31962967843831597
89390cb89abffff,Espontáneo,0.28989622034655144,1.0,8.01136081919341,0.5798413759797912,0.8160592889780452,0.33174523570712133,0.591719603254207,110.659113843542,0.5,0.041666666666666664,3.0047670352079603,0.0,0.0,0.650514588802178,0.0,0.7713346472297307,9.221592820295166,0.0,11918.0,53549.08975575643,9.385805141306925,10.888372751985722,7.514953993628358,2.3245024258895453,0.6973491337643664
89390ca1517ffff,Espontáneo,0.15236398174678398,1.0,8.310416887286667,0.2929993684757977,0.24350830268583526,0.33174523570712133,0.30374456703443664,0.0,0.0,0.0,0.0,0.0,0.0,3.4148974085046038,0.0,2.2890040720060143,0.0,0.0,,,,,0.0,0.0,
89390cb0c1bffff,Espontáneo,0.4212658583558304,1.0,9.700675341161306,0.5241186522530554,0.7762732642371559,0.33174523570712133,0.4643374568148891,73.81982056898771,0.5333333333333333,0.13333333333333333,2.488327743368588,0.0,0.0,2.837337497346967,0.0,0.6318486961665979,0.0,0.0,,,,,8.479941345609786,0.0,
89390ca2c8fffff,Planificado,0.7639462132000333,0.0,9.913868305315935,0.32734314053270924,0.3346149559790483,0.33174523570712133,0.31566922991195806,0.0,0.0,0.3333333333333333,1.0986122886681096,0.0,0.0,4.305974078662461,0.0,1.4625791537608226,0.0,0.0,,,,,7.539686180747062,0.0,
89390cb5283ffff,Planificado,0.8106349682091285,0.0,9.255019698744743,0.4748411902373788,0.3585200044578179,0.5547475760615179,0.5112559901928005,0.0,0.0,0.4444444444444444,1.7351264569629228,0.0,1.0,4.340539478573952,0.0,0.29505476435665307,0.0,0.0,,,,,7.45342305493357,0.0,
89390ca2457ffff,Planificado,0.6108041518342588,0.0,4.140257920141456,0.7812325866488354,0.9317953861584755,0.6307255098629221,0.7811768639251087,784.4622504299648,0.39906103286384975,0.1643192488262911,4.0563330530864175,73.83174121693787,0.0,0.36223432746514783,1.0,0.8055237328733653,267.64006191139975,36.915870608468936,22007.39338235294,48281.650329288466,9.99913373871821,10.78482756867763,6.890990181563154,5.593372423791532,0.40456395302010684
89390cb1b5bffff,Espontáneo,0.15199176596106154,1.0,0.8600877937513294,0.8684943720049035,0.6517886994316283,0.9969909729187563,0.9567034436643264,46.114265952339935,0.05,0.65,3.0786780193469,258.23988933310363,9.0,0.3506529839380243,1.0,0.11698114701166881,996.0681445705426,55.33711914280792,21643.0,44072.64734995399,9.982437355514529,10.693617317060678,9.183093418587992,6.90481911724551,0.45115936500366494
89390ca203bffff,Espontáneo,0.14338856370408262,1.0,5.533441597186996,0.7610238121772727,0.8727292990081356,0.7785021731862254,0.6318399643374568,369.29094950371734,0.37037037037037035,0.07407407407407407,3.662883970546472,18.464547475185867,1.0,1.4001497831332237,0.0,0.33258229499933273,147.71637980148694,73.85818990074347,12130.761234434218,56667.72728689511,9.403499756311474,10.944977790589522,6.854679445663516,5.002041000738526,0.8086767218227512
89390cb1ad7ffff,Espontáneo,0.1348447307580038,1.0,3.2022277924477325,0.3533656525130948,0.24350830268583526,0.33174523570712133,0.48484341914632784,0.0,0.0,0.0,0.0,0.0,0.0,1.4600903411371557,0.0,0.9385884610308908,0.0,0.0,,,,,0.0,0.0,
89390ca04a7ffff,Planificado,0.9023774233355876,0.0,6.807647379390614,0.7549686095323006,0.8084252758274825,0.8009027081243731,0.6555778446450463,120.02945891271104,0.43333333333333335,0.16666666666666666,3.1064969046460256,27.699105902933315,1.0,1.7709939430545876,0.0,0.12129503521256801,9.233035300977772,0.0,,,,,8.48780775969592,2.325621241817985,
89390ca23d3ffff,Espontáneo,0.11142606325501923,1.0,5.263274074582824,0.36740777889223225,0.24350830268583526,0.33174523570712133,0.5269697982837401,0.0,0.0,0.0,0.0,0.0,0.0,1.2098134983670412,0.0,0.7984137729202007,0.0,0.0,,,,,0.0,0.0,
89390cba82bffff,Espontáneo,0.37887591578901086,1.0,5.607744540171815,0.6898473197369888,0.9549760392287975,0.5631895687061184,0.5513763512760504,672.8042946862207,0.553030303030303,0.11363636363636363,3.7778641915639097,27.649491562447427,0.0,1.3355512568976198,0.0,0.6322950676615549,9.216497187482476,9.216497187482476,11862.232393176828,55511.33055220468,9.381114883605923,10.924360447169754,7.644359595981059,2.3240037850756203,0.6932972076935172
89390cb1323ffff,Espontáneo,0.1125053275397808,1.0,5.616871341850568,0.2866469779709499,0.24350830268583526,0.33174523570712133,0.284687395519893,0.0,0.0,0.0,0.0,0.0,0.0,3.8449956866571577,0.0,2.3983551019872626,0.0,0.0,,,,,0.0,0.0,
89390ca3397ffff,Planificado,0.710323080582361,0.0,4.892314629233632,0.5158902633827408,0.24350830268583526,0.5547475760615179,0.7494149114008692,0.0,0.0,0.0,0.0,0.0,1.0,0.6754921832859935,0.0,0.1578644035369032,0.0,0.0,,,,,0.0,0.0,
89390cb2a9bffff,Espontáneo,0.13305746396112544,1.0,12.612789412793099,0.25737397377317134,0.24350830268583526,0.33174523570712133,0.19686838292655748,0.0,0.0,0.0,0.0,0.0,0.0,6.240729278146474,0.0,3.8540398618743974,0.0,0.0,,,,,0.0,0.0,
89390ca008bffff,Espontáneo,0.17833365645389432,1.0,7.931279184607135,0.9206879898956127,0.9580965117574948,0.8490471414242728,0.9549203165050707,766.3209733131912,0.48823529411764705,0.12941176470588237,3.993051075082891,64.62947967701612,1.0,0.142314513942402,1.0,0.20047664344584465,9.232782811002304,0.0,10928.120030975735,31295.15574946748,9.299094565551105,10.35125054947948,7.739250622799925,2.325596567507474,0.7772689482260517
89390cb8c97ffff,Espontáneo,0.43938464252171894,1.0,7.498103191716426,0.7100932426910361,0.6828819792711468,0.8204613841524573,0.6269363646495041,64.50839335746677,0.25,0.25,2.867922460395077,46.07742382676198,1.0,1.7482674303707575,0.0,0.264842330883766,0.0,0.0,15548.0726689821,31339.556689114776,9.651691965808766,10.35266827864679,6.121572854037598,0.0,0.40948094489280046
89390cb5153ffff,Espontáneo,0.5434974367621922,1.0,12.316005774406865,0.6215312604480107,0.6881199153014599,0.7545971247074557,0.4218767413351164,46.20480787197776,0.2777777777777778,0.16666666666666666,2.890371757896165,9.240961574395552,1.0,7.390768990287954,0.0,0.376301713223241,36.96384629758221,0.0,16437.0,15633.02164710659,9.707290170206525,9.657204693396599,7.65594224595162,3.6366342936240317,0.6013224896095687
89390ca2327ffff,Planificado,0.5736518128403318,0.0,7.6572130748365455,0.6703072179501467,0.6488353950741113,0.6618187897024406,0.7002674690738884,27.70522324166843,0.3,0.1,2.3025850929940455,0.0,4.0,0.6587132989067466,0.0,0.35323799231831626,9.235074413889476,0.0,10951.0,26833.256151701305,9.301186055275759,10.197434564893829,7.988717125722037,2.3258204896182813,0.7793313293551701
89390cb1a2bffff,Planificado,0.7847408913342466,0.0,1.5503712511140337,0.8690701734834132,0.9156357962777221,0.8425275827482448,0.8490471414242728,442.6481179288812,0.43243243243243246,0.13513513513513514,3.8134347974104226,64.55285053129518,1.0,0.44960033954444595,1.0,0.4847442217907556,322.7642526564759,147.5493726429604,20491.819016995865,47625.45358283421,9.927781013134275,10.771143633387574,8.833792295186207,5.780015635694081,0.4327245545754166
89390cbab17ffff,Espontáneo,0.229124043485188,1.0,5.638631417478054,0.7562130836955311,0.9033767970578402,0.7576061517886994,0.6076563022400535,313.3954977397919,0.4927536231884058,0.11594202898550725,3.5746247744644446,18.435029278811285,1.0,1.284856801537294,0.0,0.4442530649515212,55.30508783643386,9.217514639405643,14406.073300283286,22138.296339992787,9.57540515361374,10.005109423462745,7.843640706712565,4.03078490115903,0.690049961284342
89390ca3683ffff,Espontáneo,0.45775718806579874,1.0,3.6933075247866225,0.779690924625729,0.8509974367547085,0.8067535941156804,0.6813217430067983,239.73465892322338,0.3561643835616438,0.2191780821917808,3.715723400409429,36.88225521895744,1.0,0.668605256984204,0.0,0.41179130785619755,27.66169141421808,18.44112760947872,13619.963497070752,28065.1766223702,9.519291899602317,10.242320451399317,7.932410931050984,3.355561437204957,0.6780270504571552
89390ca3267ffff,Espontáneo,0.15118862841864353,1.0,6.904440827856173,0.8309836918161894,0.8701660537167056,0.9636409227683049,0.6591440989635573,313.5945497832273,0.41975308641975306,0.2839506172839506,3.4292289764843495,83.01032200144252,4.0,1.6699318657692073,0.0,0.14380087592805238,9.22336911127139,0.0,11033.056665574844,29354.576232698495,9.308651196754989,10.287237798102883,8.42738590480847,2.324676189087211,0.7636318353147876
89390cb0dd7ffff,Planificado,0.7588906369615773,0.0,10.944273897241327,0.5063152420223634,0.6352947732085145,0.5521564694082247,0.33149448345035104,27.691620500616647,0.16666666666666666,0.3333333333333333,2.8133554045006157,18.46108033374443,0.0,3.703319224914504,0.0,1.5005230613111662,0.0,0.0,,,,,4.92416517110799,0.0,
89390ca2e4bffff,Espontáneo,0.14839491565972998,1.0,8.16327630934957,0.9407203090753743,0.9468405215646941,0.9054663991975929,0.9698540064638359,858.9093103359667,0.44285714285714284,0.1,3.944218933427117,46.17791991053584,2.0,0.08169326131798474,1.0,0.13372753030717893,46.17791991053584,27.706751946321507,12104.010720667064,41119.11516344798,9.401292141180544,10.624252700792635,6.512942825157415,3.853925984634057,0.7861083457578063
89390cb5023ffff,Espontáneo,0.32674941072684716,1.0,11.682468899770369,0.48035773988632563,0.8090382257884765,0.33174523570712133,0.30028975816337905,92.39940538843331,0.6666666666666666,0.13333333333333333,2.7080502011022105,0.0,0.0,6.763617965669897,0.0,0.9771667380887117,0.0,0.0,21786.0,14716.447010846914,9.989022840642392,9.596788940477856,4.030803904378542,0.0,0.24878542517485158
89390ca2613ffff,Planificado,0.8772688450227776,0.0,2.6015371045940454,0.7362272001188752,0.9577621754151343,0.655633567368773,0.5952858575727181,1273.4212412205222,0.44805194805194803,0.13636363636363635,4.050366292186993,147.6430424603504,0.0,0.7497575937678166,0.0,0.7015221889278473,719.7598319942082,9.2276901537719,22504.336147522772,61415.45490315855,10.021463287292526,11.025433073396393,8.08556246009094,6.5803059777632535,0.40281855024383806
89390cb1d17ffff,Planificado,0.670177835392267,0.0,5.372590025680054,0.6092536869868866,0.7214421040900479,0.5698762955533266,0.5364426613172851,83.0218570680735,0.2571428571428571,0.2857142857142857,3.183922421665312,27.6739523560245,0.0,0.8693832134475522,0.0,0.9738252690807397,9.2246507853415,0.0,12349.09111617312,38494.957199951365,9.421337745515828,10.5583085069687,4.966590335298563,2.3248015483228017,0.7294212267655464
89390ca0663ffff,Espontáneo,0.43196728391422745,1.0,7.96041830757513,0.3197091273821464,0.24350830268583526,0.33174523570712133,0.3838738437534827,0.0,0.0,0.0,0.0,0.0,0.0,2.501651279956597,0.0,1.389229340596469,0.0,0.0,,,,,3.671253115964787,0.0,
89392b4d33bffff,Planificado,0.5990701809665576,0.0,18.180332019518087,0.39419183476354985,0.24350830268583526,0.5547475760615179,0.3843196255432966,0.0,0.0,0.0,0.0,0.0,1.0,11.253883204965256,0.0,0.4620580315292503,0.0,0.0,,,,,4.293064394381862,0.0,
89390ca3553ffff,Planificado,0.5303831620439504,0.0,1.934601040541202,0.7952654259073517,0.8371224785467515,0.8085088599130725,0.740164939262231,193.72263104265906,0.38181818181818183,0.23636363636363636,3.4713498811621943,9.224887192507573,2.0,0.5400954068619189,0.0,0.2686407700040365,184.49774385015147,0.0,22242.0,29346.238893049558,10.009737672378787,10.286953745636671,8.926498448492895,5.22304271944065,0.3642807271347503
89390ca3137ffff,Espontáneo,0.22172349131099423,1.0,5.222277218363514,0.7990824324826331,0.8790816895129834,0.8655967903711133,0.6525688175638025,378.4082546876911,0.3942307692307692,0.1346153846153846,3.586779580141166,101.52416589181958,1.0,0.7928956363176699,0.0,0.45877132783051655,27.688408879587158,0.0,10485.076887871854,25658.26146277167,9.257708276439496,10.152659856101947,7.716466844731188,3.3564931693960096,0.8421339756932584
89390cb283bffff,Planificado,0.7896597399997921,0.0,13.869048492542422,0.2518017014004978,0.24350830268583526,0.33174523570712133,0.18015156580853672,0.0,0.0,0.0,0.0,0.0,0.0,6.859542217430364,0.0,4.461985440287857,0.0,0.0,,,,,8.578739511331412,0.0,
89390ca15a3ffff,Espontáneo,0.21724735062484954,1.0,8.209245043691714,0.29526542590735166,0.24350830268583526,0.33174523570712133,0.3105427393290984,0.0,0.0,0.0,0.0,0.0,0.0,3.271169244049531,0.0,2.24786389333905,0.0,0.0,,,,,0.0,0.0,
89390cb0ca7ffff,Transición,0.5430928136859762,,10.693459076011685,0.3144340428693488,0.24350830268583526,0.33174523570712133,0.3680485902150897,0.0,0.0,0.0,0.0,0.0,0.0,3.4882196722390124,0.0,1.0916286376154467,0.0,0.0,,,,,6.94018893539869,0.0,
89390ca2d1bffff,Planificado,0.6053402775185561,0.0,11.91956538562615,0.26758980645640623,0.24350830268583526,0.33174523570712133,0.2275158809762621,0.0,0.0,0.0,0.0,0.0,0.0,5.230874545325044,0.0,3.2544664576017004,9.241710942413048,0.0,,,,,3.8251249653248913,2.3264686898743725,
89390cb530fffff,Espontáneo,0.40970927570835897,1.0,11.488923763452727,0.27609680894535454,0.24350830268583526,0.33174523570712133,0.25303688844310707,0.0,0.0,1.0,0.0,0.0,0.0,6.1046061674291385,0.0,1.8287012718294657,0.0,0.0,,,,,6.127523827103211,0.0,
89390cb088bffff,Espontáneo,0.3954569391227785,1.0,8.587492017232652,0.3956963483041718,0.3346149559790483,0.33174523570712133,0.5207288532263457,0.0,0.0,0.3333333333333333,1.0986122886681096,0.0,0.0,1.3493940923385705,0.0,0.7671589649935356,0.0,0.0,,,,,4.426468672762315,0.0,
89390ca768fffff,Espontáneo,0.09725826594937573,1.0,14.999043096184458,0.24842118949440914,0.24350830268583526,0.33174523570712133,0.17001003009027083,0.0,0.0,0.0,0.0,0.0,0.0,7.004914924789074,0.0,6.8038140050991815,0.0,0.0,,,,,0.0,0.0,
89390cb046fffff,Espontáneo,0.10888860783193068,1.0,10.8533733910507,0.2768026301125599,0.24350830268583526,0.33174523570712133,0.2551543519447231,0.0,0.0,0.0,0.0,0.0,0.0,5.264200352278864,0.0,2.2239957715489287,0.0,0.0,,,,,0.0,0.0,
89390ca20c7ffff,Espontáneo,0.08905314518299257,1.0,4.588734275497499,0.763624205951187,0.8285411790928342,0.591942494149114,0.8703889446116126,286.1531371371185,0.2719298245614035,0.13157894736842105,3.786288807357101,36.92298543704755,0.0,0.2002984840852559,2.0,0.5416021755023833,276.9223907778566,83.07671723335699,15099.833610253976,40882.333028291745,9.622439003553826,10.618477753557256,8.459544293834346,5.627341904851652,0.6915860069981559
89390cb0b97ffff,Espontáneo,0.30724842865864177,1.0,8.036464066186475,0.6757123221516402,0.8203499387050041,0.630558341691742,0.5762286860581746,166.167588853727,0.4090909090909091,0.20454545454545456,3.2366839002182015,0.0,2.0,2.201443215727152,0.0,0.3417727480053028,0.0,0.0,15244.0,31106.485872668203,9.63194126199375,10.345203772504162,4.748818854117569,0.0,0.45414588182169313
89390cb561bffff,Espontáneo,0.18345371724974321,1.0,8.677766483604623,0.6927820498532635,0.8060291987072329,0.7505850885991308,0.5217318622534269,110.81501803156485,0.5454545454545454,0.13636363636363635,2.6891781665181393,9.234584835963737,1.0,4.083714956609001,0.0,0.28379394548497416,27.70375450789121,9.234584835963737,15466.529365392196,17021.531037442088,9.646433572269261,9.74229310067413,4.469757959454173,3.3570279332997908,0.6813203470127187
89390ca0533ffff,Transición,0.49230496505941307,,8.945192869810306,0.3513967829414168,0.24350830268583526,0.33174523570712133,0.4789368104312938,0.0,0.0,0.0,0.0,0.0,0.0,1.351696777165721,0.0,1.0762013159558395,0.0,0.0,,,,,0.0,0.0,
89390ca1493ffff,Espontáneo,0.14708415297731442,1.0,6.8883660866276015,0.7264942977079386,0.908280396745793,0.630558341691742,0.6406441546862811,332.059598649892,0.45,0.2125,3.755259591246399,0.0,2.0,2.0052188093350916,0.0,0.12592282080991363,9.223877740274776,0.0,11748.549078600978,33895.182864189796,9.371485029275435,10.431057687152292,7.579694416169011,2.324725939452841,0.729431248374199
89390cba8b7ffff,Espontáneo,0.6041996635538557,1.0,5.037432393008734,0.3716241316542219,0.3213529477320851,0.33174523570712133,0.4617742115234593,0.0,0.0,0.5,0.6931471805599453,0.0,0.0,2.4399197419558942,0.0,0.7245573772326607,0.0,0.0,19344.0,8296.774128076286,9.870137572854574,9.02374258047851,8.964574297334156,0.0,0.2704470022693089
89390cb13afffff,Transición,0.5173345160505497,,5.928979874904861,0.29121624131654217,0.24350830268583526,0.33174523570712133,0.29839518555667,0.0,0.0,0.0,0.0,0.0,0.0,4.252857915424514,0.0,1.7778370071783474,0.0,0.0,,,,,0.0,0.0,
89390ca3423ffff,Planificado,0.8015174275019082,0.0,1.8685530707952114,0.8143876072662432,0.8893346706787028,0.8228017385489803,0.7310264125710465,470.41734531017187,0.35664335664335667,0.15384615384615385,3.8887230259532664,46.11934757942861,1.0,0.5106796692223631,0.0,0.30597259709237457,295.1638245083431,73.79095612708578,18725.348966991212,61438.48648116711,9.837633444633191,11.025808009732705,8.53199255312827,5.690912762397747,0.4923876929176741
89390ca0117ffff,Transición,0.5175151169984522,,10.462449848912446,0.33304543259407854,0.24350830268583526,0.33174523570712133,0.42388275938927905,0.0,0.0,0.0,0.0,0.0,0.0,1.5828262728017723,0.0,1.6131914351658356,0.0,0.0,,,,,4.402778723035275,0.0,
89390cb8d23ffff,Transición,0.548630893165465,,6.764490045365066,0.3791466993573312,0.24350830268583526,0.33174523570712133,0.5621865596790371,0.0,0.0,0.0,0.0,0.0,0.0,1.158703889530739,0.0,0.6498924909638472,0.0,0.0,,,,,7.271014449771303,0.0,
89390cb8927ffff,Espontáneo,0.3282238818496547,1.0,8.516988217635886,0.3768620676845351,0.3346149559790483,0.33174523570712133,0.46422601136743563,0.0,0.0,0.0,1.0986122886681096,0.0,0.0,1.5805603923200373,0.0,1.0396562453036426,0.0,0.0,,,,,3.8283610442956832,0.0,
89390cb5a17ffff,Espontáneo,0.36807780272546214,1.0,14.86181047030347,0.26983728964671794,0.31355176641034216,0.33174523570712133,0.16421486682269026,0.0,0.0,0.6666666666666666,0.6365141682948128,0.0,0.0,7.913033630770403,0.0,4.73842716290241,0.0,0.0,,,,,0.0,0.0,
89390ca3007ffff,Planificado,0.695386847252579,0.0,3.7836339987031176,0.5123704446673353,0.24350830268583526,0.630558341691742,0.6630446896244289,0.0,0.0,0.0,0.0,0.0,2.0,1.1652528194737752,0.0,0.2958508260466368,0.0,0.0,,,,,9.067667690933847,0.0,
89390cb8907ffff,Planificado,0.606078767091362,0.0,8.355360432672377,0.4055221219213195,0.34536944165830824,0.33174523570712133,0.539451688398529,0.0,0.0,0.25,1.3862943611198906,0.0,0.0,0.8546557128383268,0.0,0.9657889392304441,0.0,0.0,,,,,7.313048638125985,0.0,
89390ca1473ffff,Planificado,0.5726414108313019,0.0,8.773583211585919,0.32970206917047434,0.24350830268583526,0.33174523570712133,0.4138526691184665,0.0,0.0,0.0,0.0,0.0,0.0,2.7258102849717125,0.0,0.9317514459107675,0.0,0.0,,,,,3.482822410352268,0.0,
89390cb0b77ffff,Espontáneo,0.4447065441090011,1.0,6.928931839020559,0.7324194806642148,0.8765184442215536,0.7781678368438649,0.5425721609272262,258.49690893720907,0.4307692307692308,0.15384615384615385,3.5197995685610106,18.46406492408636,1.0,2.3915726070650316,0.0,0.4215950504783804,18.46406492408636,0.0,12558.0,24674.99051702289,9.438113191674054,10.113586006029848,7.185726429639182,2.9685699410740125,0.7385762075441588
89390cb1ed3ffff,Transición,0.5299259562709411,,5.685330243539908,0.3013577770348081,0.24350830268583526,0.33174523570712133,0.3288197927114677,0.0,0.0,0.0,0.0,0.0,0.0,3.862044438207753,0.0,1.4485550484928835,0.0,0.0,,,,,0.0,0.0,
89390ca3027ffff,Espontáneo,0.42321361520827866,1.0,4.293517361660622,0.5480237007318252,0.6841636019168617,0.33174523570712133,0.6281622645714923,18.45232161186438,0.6666666666666666,0.0,1.0986122886681096,0.0,0.0,0.7818121679061145,0.0,0.5499088622015601,9.22616080593219,0.0,8400.0,28489.723830050996,9.035986984831405,10.257333833629412,0.0,2.324949221737785,0.9404252141165853
89390ca23b3ffff,Planificado,0.8336976216044597,0.0,6.760757308864487,0.3975166239459118,0.35434080017831276,0.33174523570712133,0.5064638359523014,0.0,0.0,0.2,1.6094379124341005,0.0,0.0,2.0920158941389446,0.0,0.6079476821528352,9.234056107392638,0.0,13251.91037593985,24589.25189912283,9.491897000337744,10.110105379123723,8.944199998361398,2.3257209928178066,0.6368596555136476
89390cb1ab7ffff,Espontáneo,0.21662792466912895,1.0,2.1099923946870107,0.5218340205802593,0.24350830268583526,0.5547475760615179,0.7672461829934246,0.0,0.0,0.0,0.0,0.0,1.0,0.6519204859177636,0.0,0.011367091200551363,0.0,0.0,,,,,6.4802760443303,0.0,
89390cbaba3ffff,Espontáneo,0.3721733705042492,1.0,5.037656630506125,0.7886994316282179,0.835729410453583,0.7871949180875961,0.7431739663434748,175.1472543613128,0.4222222222222222,0.13333333333333333,3.32732170977524,27.65482963599676,1.0,0.7035185854068746,0.0,0.17170584590642654,9.218276545332252,0.0,12979.915594603075,23524.9371479059,9.471158487509902,10.065858799915436,7.284522512286077,2.324177935068915,0.6826072072213798
89390ca0403ffff,Espontáneo,0.3959440078625629,1.0,6.262569886839655,0.7013447750659386,0.7298005126490583,0.8002340354396522,0.5739997771091051,83.08356348100129,0.3,0.16666666666666666,3.042845487816544,27.694521160333764,1.0,1.6519139760307473,0.0,0.4590015169606668,0.0,9.231507053444588,11313.394550205301,51779.89208805692,9.333742661143061,10.854776481586185,6.28091694495278,0.0,0.6338168652725628
89390cb0e63ffff,Espontáneo,0.25778180972494075,1.0,6.488460850871892,0.5303410230692077,0.6487239496266578,0.33174523570712133,0.6105538838738438,36.90575121178632,0.2222222222222222,0.16666666666666666,2.736339051105066,0.0,0.0,1.0312885294244747,0.0,0.5159825459106709,9.22643780294658,0.0,,,,,7.975874071452285,2.324976308468396,
89390ca2ed7ffff,Planificado,0.28465013583809795,0.0,7.994818113521956,0.6779598053419519,0.6490582859690183,0.7828485456369108,0.6019725844199265,27.707520502453434,0.3,0.3,2.3025850929940455,18.47168033496896,1.0,1.5619923141326517,0.0,0.38802613410682407,0.0,9.23584016748448,19508.0,10756.679899314453,9.878579916829944,9.283375187725557,4.930751867939201,0.0,0.32161261442250605
89390cb54cbffff,Espontáneo,0.18642240662388584,1.0,10.477244440979975,0.30002043166536646,0.24350830268583526,0.33174523570712133,0.32480775660314276,0.0,0.0,0.0,0.0,0.0,0.0,4.788625343450422,0.0,1.139593115769657,0.0,0.0,,,,,0.0,0.0,
89390cb0a47ffff,Planificado,0.7998345151524103,0.0,4.951199243427716,0.8401593669898584,0.8390727738771872,0.9606318956870612,0.720773431405327,304.5057466623708,0.33,0.31,3.606385214932595,203.0038311082472,2.0,0.7367895016491702,0.0,0.2566719995245861,92.27446868556692,0.0,34765.0,13002.999843615376,10.456366412533118,9.473012269397909,8.517675372154585,4.535546422876224,0.12396477302005339
89390ca2abbffff,Espontáneo,0.35409482479437066,1.0,10.656464133366384,0.3024722315093428,0.24350830268583526,0.33174523570712133,0.3321631561350719,0.0,0.0,0.0,0.0,0.0,0.0,2.5775722198544764,0.0,2.396980559336725,0.0,0.0,,,,,7.59594269773618,0.0,
89390cb50afffff,Espontáneo,0.3993572505351645,1.0,11.94864390260093,0.2801831420186485,0.24350830268583526,0.33174523570712133,0.26529588766298895,0.0,0.0,0.0,0.0,0.0,0.0,7.057036885166055,0.0,1.3084060662109336,0.0,0.0,,,,,7.068707272603601,0.0,
89390cb1da3ffff,Espontáneo,0.08325179942567232,1.0,5.73918764688489,0.7129908243248263,0.7562130836955311,0.7335339351387495,0.6492254541401984,129.15582425399936,0.2978723404255319,0.0425531914893617,3.232593238962343,9.22541601814281,1.0,0.8211398091634748,0.0,0.4577481609241891,212.18456841728462,0.0,14050.738267716535,33143.64595533446,9.550430219126362,10.408636472926919,7.453644636415552,5.362158308890107,0.7557179477451113
89390ca2283ffff,Planificado,0.5874521303211769,0.0,3.6789327848357356,0.6131914261302427,0.5605706006909618,0.630558341691742,0.6484453360080241,9.229470049341884,0.2,0.2,1.6094379124341005,0.0,2.0,1.3619571550819074,0.0,0.28688769797058183,0.0,0.0,8194.0,12897.453218333272,9.011157458106817,9.464862677604957,8.935054655704207,0.0,0.8545066233285168
89390cb1987ffff,Planificado,0.7141553449790986,0.0,4.093933121172938,0.8077566031427615,0.7407778892232253,0.9794383149448345,0.7030536052602251,166.0756635672269,0.14516129032258066,0.4274193548387097,3.3950141488687238,147.62281205975725,3.0,0.8397561794060879,0.0,0.2761404131489894,92.26425753734829,0.0,31297.0,6664.533245764237,10.351277525289294,8.804705236278783,8.016424429318999,4.535436942679424,0.1993275790778284
89390cbaa73ffff,Espontáneo,0.44858424622985005,1.0,8.306501794716718,0.36339574278390724,0.3294327426724618,0.33174523570712133,0.4290092499721386,0.0,0.0,0.5,1.0397207708399179,0.0,0.0,1.6200150755573357,0.0,1.484461109768661,0.0,0.0,,,,,6.808999068457073,0.0,
89390cb156bffff,Espontáneo,0.08513292500256919,1.0,8.400200324660494,0.7120435380214718,0.8959099520784575,0.7856904045469743,0.4545302574389836,442.343917670448,0.45714285714285713,0.12380952380952381,3.441257419458491,27.646494854403,1.0,5.575752605016293,0.0,0.3745978545622797,18.430996569602,0.0,17420.0,15719.55932525627,9.765374250406493,9.662724645837267,7.203707450543031,2.966869552326339,0.5164363734833889
89390ca02d3ffff,Espontáneo,0.575962972468178,1.0,8.510468812931244,0.30618707975779186,0.24350830268583526,0.33174523570712133,0.343307700880419,0.0,0.0,0.0,0.0,0.0,0.0,2.963305894398484,0.0,1.7558049615492899,0.0,0.0,,,,,7.103978113458461,0.0,
89390ca31c3ffff,Planificado,0.6852220274819417,0.0,3.8476923452547913,0.4981704372376388,0.24350830268583526,0.5547475760615179,0.6962554329655634,0.0,0.0,0.0,0.0,0.0,1.0,1.0897078303074514,0.0,0.19547551538790456,0.0,0.0,,,,,0.0,0.0,
89390cb734bffff,Transición,0.4597558710124569,,12.338721680060347,0.26094022809168244,0.24350830268583526,0.33174523570712133,0.20756714588209071,0.0,0.0,0.0,0.0,0.0,0.0,6.396220208618537,0.0,2.9820123655009905,0.0,0.0,,,,,0.0,0.0,
89390ca3443ffff,Espontáneo,0.4034517022639836,1.0,2.770591381496781,0.5534102306920762,0.3928452022734871,0.5547475760615179,0.7126379137412236,0.0,0.0,0.0,2.484906649788001,0.0,1.0,0.6289630737369197,0.0,0.32452159396866626,64.551063478331,0.0,18862.0,11947.02750140587,9.84490459510383,9.38832148109146,5.073009607938827,4.182829434003823,0.5744930980182663
89390ca2da7ffff,Planificado,0.5596437546233091,0.0,13.339892393426638,0.2862197704223783,0.3346149559790483,0.33174523570712133,0.19229911958096513,0.0,0.0,0.3333333333333333,1.0986122886681096,0.0,0.0,6.718201188955608,0.0,3.5771286659916495,0.0,0.0,,,,,7.62211467793262,0.0,
89390cb539bffff,Planificado,0.8186672688598933,0.0,11.174493864794655,0.3267116163304729,0.36715702663546196,0.33174523570712133,0.2812325866488354,0.0,0.0,0.2857142857142857,1.945910149055314,0.0,0.0,6.2505805585184335,0.0,1.2837568875763534,36.958722437101834,0.0,23883.0,5334.0785925476,10.080922187756688,8.582058895126428,6.371303171479038,3.636499317672255,0.386214845112398
89390cb0917ffff,Espontáneo,0.042631287971782644,1.0,9.879053312494776,0.31993201827705336,0.24350830268583526,0.33174523570712133,0.3845425164382035,0.0,0.0,0.0,0.0,0.0,0.0,3.6552976755727853,0.0,0.8908427355137515,0.0,0.0,,,,,7.424049871100993,0.0,
89390cb5e53ffff,Transición,0.45037075766576407,,12.837448157464681,0.266438203499387,0.24350830268583526,0.33174523570712133,0.2240610721052045,0.0,0.0,0.0,0.0,0.0,0.0,6.988647380960613,0.0,2.1432815262465152,0.0,0.0,,,,,0.0,0.0,
89390cba8d7ffff,Transición,0.5031269270734106,,6.61826409485621,0.4531279022251941,0.5939485122032765,0.33174523570712133,0.4336899587651845,18.42892974041688,0.25,0.25,1.9061547465398496,0.0,0.0,2.0890105412219806,0.0,1.0249412373982822,0.0,0.0,19297.0,5324.404502111415,9.867704922396356,8.58024395053042,6.493456983567701,0.0,
89390ca256fffff,Planificado,0.8203804262715546,0.0,6.7445730177840435,0.5994650618522234,0.7004346372450686,0.6263791374122367,0.4715814108993648,73.87044766212567,0.17777777777777778,0.37777777777777777,3.2405170087942627,64.63664170435996,0.0,1.9757618656080114,0.0,0.7987199984289436,36.935223831062835,0.0,,,,,9.660942042408529,3.6358800691565203,
89390cb1c73ffff,Planificado,0.8302656323038546,0.0,4.962951431716898,0.3845146550763401,0.31221442104090047,0.33174523570712133,0.5095843084809984,0.0,0.0,0.0,0.5623351446188083,0.0,0.0,2.4733602229922447,0.0,0.5222421020478066,0.0,0.0,,,,,9.209961138052464,0.0,
89390ca2153ffff,Planificado,0.4607976399603148,0.0,6.566657718373837,0.775604591552435,0.9283963000111445,0.8737880307589434,0.5246294438872172,517.092960050074,0.6086956521739131,0.17391304347826086,3.4579556306917967,120.03943715448148,1.0,2.3636703427249595,0.0,0.48484689194105585,9.233802858037036,0.0,9971.225883968418,58548.37460287985,9.207458812665907,10.977625687549173,6.131407453810552,2.3256962467653697,0.8195014520028115
89390cb1857ffff,Espontáneo,0.38640969227694955,1.0,2.9766926014247947,0.4959786767710539,0.24350830268583526,0.5547475760615179,0.6896801515658085,0.0,0.0,0.0,0.0,0.0,1.0,0.8133495134552736,0.0,0.3281471694948759,0.0,0.0,,,,,7.031302996370964,0.0,
89390cba943ffff,Espontáneo,0.3443584987638399,1.0,4.670197828130283,0.6935064452617111,0.854062186559679,0.6076563022400535,0.6188008469854006,258.1046070890437,0.35443037974683544,0.17721518987341772,3.7278970083746628,55.308130090509366,0.0,0.7079354398421472,0.0,0.6195620812205673,18.43604336350312,0.0,,,,,8.503837631683597,2.9671292476331166,
89390ca34afffff,Planificado,0.6422413989600774,0.0,1.2442628031227172,0.815130576915933,0.9336899587651845,0.6514543630892679,0.8602474088933466,830.148270652444,0.38961038961038963,0.11688311688311688,4.131147233643269,129.1341754348246,0.0,0.40720387282475845,2.0,0.519788426043208,415.074135326222,46.11934836958022,19608.435488958992,52593.55728347914,9.883715134720546,10.870367919673914,8.886244264734618,6.0308634543025645,0.47631252765764687
89390ca0553ffff,Planificado,0.6166818898837508,0.0,7.7249296199191875,0.4709034510940228,0.24350830268583526,0.5547475760615179,0.6144544745347152,0.0,0.0,0.0,0.0,0.0,1.0,1.3338775324626078,0.0,0.407548063001361,0.0,0.0,,,,,6.9141961575099415,0.0,
89390cb2bb3ffff,Espontáneo,0.26398329157444916,1.0,13.289694649629089,0.2589713585200044,0.24350830268583526,0.33174523570712133,0.2016605371670567,0.0,0.0,0.0,0.0,0.0,0.0,6.089565282591426,0.0,3.687330662029507,0.0,0.0,,,,,0.0,0.0,
89390cb8dafffff,Planificado,0.7660982534590083,0.0,6.188608795568365,0.4996563765370185,0.24350830268583526,0.5547475760615179,0.7007132508637022,0.0,0.0,0.0,0.0,0.0,1.0,1.0219512315353527,0.0,0.2059658189770182,0.0,0.0,,,,,7.785328534552644,0.0,
89390ca3093ffff,Planificado,0.5449830522306843,0.0,2.494795691907061,0.7620268212043536,0.5714365318176752,0.7636242059511869,0.9510197258441991,9.223869621428484,0.08333333333333333,0.25,2.3693821196946763,18.44773924285697,1.0,0.39608112803926043,1.0,0.12800991722624858,46.11934810714242,0.0,13299.0,5813.857744597698,9.495444123413163,8.668171601127767,9.60489281668869,3.8526837045095665,0.7718413852928718
89390cb8993ffff,Planificado,0.5541692491277961,0.0,7.34895815989673,0.6197202719268918,0.5553326646606487,0.5547475760615179,0.7490805750585089,9.220318334905418,0.2,0.0,1.6094379124341005,0.0,1.0,0.6322754652649337,0.0,0.18420273166842663,0.0,0.0,,,,,7.6986752795435,0.0,
89390cb5687ffff,Planificado,0.5563827894478441,0.0,9.655014503879256,0.4586630261153832,0.36158475426278835,0.5547475760615179,0.45965674802184325,0.0,0.0,0.0,1.791759469228055,0.0,1.0,4.807278284791478,0.0,0.4218320366257741,0.0,0.0,,,,,8.279352468219283,0.0,
89390cb0c03ffff,Planificado,0.6610009936210393,0.0,9.78505879032661,0.4703647980979977,0.598071993759055,0.33174523570712133,0.48127716482781685,18.455974060416708,0.25,0.125,1.9061547465398496,0.0,0.0,2.7846363951926048,0.0,0.5740116247167849,0.0,0.0,24625.0,6376.554320518686,10.11151746604029,8.760539967505162,7.238535288209717,0.0,0.1728884837002996
89390cb526bffff,Espontáneo,0.19697940062024405,1.0,8.768958776057634,0.42866562650915707,0.24350830268583526,0.5547475760615179,0.4877410007801181,0.0,0.0,0.0,0.0,0.0,1.0,4.039783767284382,0.0,0.39810167288894843,9.236865690309372,0.0,17914.0,4389.8212294131245,9.79333780903514,8.387271556777588,0.0,2.325995487827083,0.6764938863898315
89390cb03cbffff,Planificado,0.6409691261273833,0.0,7.5438286921676045,0.624883910992236,0.7101303911735206,0.5547475760615179,0.6097737657416694,36.88439437609111,0.4444444444444444,0.1111111111111111,2.1972245773362196,0.0,1.0,2.204396958619337,0.0,0.22327046331246533,27.66329578206833,9.221098594022777,,,,,7.21941289082345,3.3556174116736535,
89390cb1b43ffff,Espontáneo,0.05021974079181453,1.0,0.5151038411558931,0.911837363943683,0.800066867268472,0.997576061517887,0.9378691630446897,534.9549937867349,0.20209059233449478,0.47735191637630664,3.4155137103623954,636.4119753669777,4.0,0.3090144240228369,1.0,0.23090452463485414,2222.8302328035015,18.446723923680512,23353.482774460266,22985.067806747145,10.058501407197646,10.042643563839395,10.069518451480068,7.706986318285784,0.46007662474920824
89390ca2023ffff,Espontáneo,0.15211226242561332,1.0,5.877796249542788,0.6631561350718824,0.8624205951186895,0.594282848545637,0.5327649615513207,203.12123473113272,0.46808510638297873,0.14893617021276595,3.3448187887481033,36.931133587478676,0.0,1.7121109913495232,0.0,0.5961148941858854,110.79340076243602,9.232783396869669,12690.20430733411,35098.07141808884,9.448585660447556,10.465929953778904,6.459954771305235,4.716652531809203,0.799326506820831
89390cbac2fffff,Espontáneo,0.22809879257752874,1.0,6.0392150287773445,0.3079702069170474,0.24350830268583526,0.33174523570712133,0.34865708235818565,0.0,0.0,0.0,0.0,0.0,0.0,3.0128245389088892,0.0,1.6220815025525013,0.0,0.0,,,,,0.0,0.0,
89390ca048fffff,Planificado,0.38284373871980876,0.0,5.90671129862789,0.6403191054645417,0.6766410342137524,0.5547475760615179,0.689568706118355,55.38904007914881,0.375,0.0625,1.7214023220140038,0.0,1.0,1.226599631422575,0.0,0.16809381652266564,0.0,0.0,,,,,8.478279311732699,0.0,
89390cba813ffff,Planificado,0.5589842629135202,0.0,6.159721406351653,0.5710557598722094,0.6019168616961997,0.5547475760615179,0.5565028418589101,18.43045359967749,0.25,0.125,2.0794415416798357,0.0,1.0,1.7609717527842053,0.0,0.4963112310304691,0.0,0.0,16974.0,16589.323013750516,9.739438040529622,9.716574853383765,8.199227478974427,0.0,0.3389229625925918
89390cb2a83ffff,Espontáneo,0.2514517394636482,1.0,12.639789150708967,0.25778260708050077,0.24350830268583526,0.33174523570712133,0.19809428284854566,0.0,0.0,0.0,0.0,0.0,0.0,6.139092322101918,0.0,3.902105827709324,0.0,0.0,,,,,0.0,0.0,
89390ca0073ffff,Planificado,0.9423417896689765,0.0,9.05893641099839,0.5609142241539433,0.5415134291764182,0.5547475760615179,0.5864816672238938,9.233295097804955,0.16666666666666666,0.16666666666666666,1.2424533248940002,0.0,1.0,1.4444289605305398,0.0,0.4715599385738712,0.0,0.0,,,,,7.830001485100506,0.0,
89390cb5557ffff,Transición,0.4560538806242025,,12.581509989564953,0.2567053010884505,0.24350830268583526,0.33174523570712133,0.19486236487239497,0.0,0.0,0.0,0.0,0.0,0.0,7.690727380097037,0.0,2.7217871010465218,0.0,0.0,,,,,2.879786393255707,0.0,
89390cb0ad3ffff,Espontáneo,0.07213787194211684,1.0,5.880609124927029,0.6727683049147443,0.8676028084252758,0.33174523570712133,0.8189568706118355,295.2459006474894,0.3855421686746988,0.10843373493975904,3.5851240648963723,0.0,0.0,0.4040287076252234,1.0,0.6170026723220238,249.1137286713192,73.81147516187235,14819.106735159818,38163.182389607144,9.603672622752796,10.549652720961227,6.654024236162552,5.521915729105208,0.7343524054951941
89390ca2b47ffff,Espontáneo,0.21022828978811414,1.0,12.695081789470263,0.2677012519038597,0.24350830268583526,0.33174523570712133,0.22785021731862254,0.0,0.0,0.0,0.0,0.0,0.0,4.633057081080684,0.0,4.388755019921564,9.24170589084169,0.0,,,,,5.885694386957195,2.326468196639147,
89390cb224bffff,Espontáneo,0.1198782847828605,1.0,14.052977289565272,0.2933894275418849,0.3213529477320851,0.33174523570712133,0.22707009918644824,0.0,0.0,1.0,0.6931471805599453,0.0,0.0,8.716122689767753,0.0,1.7389375920112256,0.0,0.0,,,,,0.0,0.0,
89390cb1e2fffff,Espontáneo,0.4146501683893493,1.0,3.2858892738185785,0.5491102938444964,0.6029755934470077,0.5030090270812437,0.5413462610052379,18.44113677480029,0.2857142857142857,0.2857142857142857,1.7478680974667578,9.220568387400146,0.0,1.5199732779084887,0.0,0.6162134975633334,27.661705162200438,0.0,20082.0,8143.189513169074,9.907579170439382,9.00506000880063,6.5112497544753225,3.3555619168688704,0.469963625702001
89390ca230fffff,Planificado,0.548223009761372,0.0,6.658263936584781,0.46443961514172144,0.24350830268583526,0.5547475760615179,0.5950629666778112,0.0,0.0,0.0,0.0,0.0,1.0,1.4363275908843975,0.0,0.44216136986296944,0.0,0.0,14483.0,3466.093431966229,9.580730826800856,8.151071894259383,7.088738983691014,0.0,0.5918880807022513
89390cb1a13ffff,Espontáneo,0.18223781977741738,1.0,2.602214187115394,0.511209554589695,0.3119358074222668,0.5547475760615179,0.6669452802853003,0.0,0.0,1.0,0.5004024235381879,0.0,1.0,0.8997434403425137,0.0,0.36971097840954975,0.0,0.0,,,,,4.3815047531578,0.0,
89390ca366bffff,Espontáneo,0.42653522925162723,1.0,5.474783357722148,0.8060756343103384,0.6743006798172294,0.8024908057505851,0.9414354173632007,46.10410653752275,0.3333333333333333,0.06666666666666667,2.338371704803573,9.22082130750455,2.0,0.32059834209320076,1.0,0.20874042223920558,0.0,0.0,14638.0,13123.433924919556,9.591376166161172,9.48223095699978,4.473318973697869,0.0,0.5466332628210242
89390cb11dbffff,Espontáneo,0.4815587039792815,1.0,7.962550498941429,0.4507875478286712,0.3346149559790483,0.5547475760615179,0.46300011144544745,0.0,0.0,0.0,1.0986122886681096,0.0,1.0,5.604100418615995,0.0,0.3507912710394322,0.0,0.0,,,,,7.255202429701693,0.0,
89390ca324fffff,Planificado,0.5547326038178049,0.0,7.054534826775044,0.7467030721795015,0.7006575281399755,0.8508859913072551,0.6885656970912738,82.9965915842138,0.2727272727272727,0.36363636363636365,2.831685221766282,73.77474807485672,1.0,0.7222719869023211,0.0,0.36706591273888267,9.22184350935709,0.0,18412.0,13526.31084293302,9.820757904937132,9.51246594626873,8.909175325974777,2.324526951028851,0.40601666202656816
89390ca2503ffff,Espontáneo,0.30475532142005657,1.0,6.827380823490812,0.5551190608863626,0.5638025186671124,0.5547475760615179,0.546807087930458,9.233300288573183,0.2,0.0,1.6094379124341005,0.0,1.0,1.929293366304316,0.0,0.4901492704040927,0.0,0.0,,,,,4.359768345785027,0.0,
89390cb5427ffff,Transición,0.47124737297872654,,12.012076226317806,0.2926650321334373,0.34536944165830824,0.33174523570712133,0.20088041903488243,0.0,0.0,0.25,1.3862943611198906,0.0,0.0,7.001574849377463,0.0,2.837677638937015,0.0,0.0,,,,,7.118343896488327,0.0,
89390cb09a3ffff,Espontáneo,0.26301883862473346,1.0,10.453358287613787,0.30276941936921875,0.24350830268583526,0.33174523570712133,0.33305471971469963,0.0,0.0,0.0,0.0,0.0,0.0,4.236121576606147,0.0,1.218249011832678,0.0,0.0,,,,,0.0,0.0,
89390cb048fffff,Espontáneo,0.6447240232657584,1.0,12.761258873879678,0.4018815706378394,0.24350830268583526,0.5547475760615179,0.4073888331661652,0.0,0.0,0.0,0.0,0.0,1.0,7.0793694460196335,0.0,0.4407535419530819,0.0,0.0,,,,,0.0,0.0,
89390cb016bffff,Planificado,0.714871457817717,0.0,8.190545229814024,0.8068743266837549,0.9109550874846762,0.908809762621197,0.6008581299453918,350.52768510904116,0.4691358024691358,0.13580246913580246,3.6915554220586815,55.3464765961644,2.0,2.286434192451934,0.0,0.24886281036716731,9.224412766027399,0.0,27339.07626878367,23154.26160123624,10.216072322903338,10.04997731668028,5.843216464734878,2.3247782690842667,0.16844584946471772
89390ca064bffff,Espontáneo,0.12927097892479508,1.0,7.494940107667805,0.3160314276161818,0.24350830268583526,0.33174523570712133,0.37284074445558896,0.0,0.0,0.0,0.0,0.0,0.0,2.5591622706349093,0.0,1.5364041558917243,0.0,0.0,,,,,3.0652583956018686,0.0,
89390cba9cfffff,Espontáneo,0.4451097793869925,1.0,4.414602475912027,0.624122367101304,0.6348489914187007,0.5547475760615179,0.6827705338236933,9.218021509371507,0.5,0.0,0.6931471805599453,0.0,1.0,1.1727155445511614,0.0,0.21791781894042747,0.0,0.0,18575.0,4881.1707397608,9.82957186958596,8.493345223663926,7.055845020020246,0.0,0.3621875177851772
89390ca353bffff,Planificado,0.5891776930578829,0.0,2.665283535687939,0.7913926966083435,0.9059400423492701,0.6539618856569709,0.8142761618187896,350.6230784007398,0.4578313253012048,0.24096385542168675,3.6565105531639817,138.40384673713416,0.0,0.3399418206518635,1.0,0.6570909252072786,193.7653854319878,9.226923115808944,21962.380717255717,51130.875523421215,9.997086301279953,10.84216336886856,9.779441845764191,5.271795682564917,0.3287788011933385
89390cb10abffff,Espontáneo,0.11900411559277908,1.0,8.485954696737558,0.3182231880827668,0.24350830268583526,0.33174523570712133,0.3794160258553438,0.0,0.0,0.0,0.0,0.0,0.0,6.29150724921608,0.0,0.5903871950335514,0.0,0.0,,,,,0.0,0.0,
89390cb2823ffff,Planificado,0.8868572641197585,0.0,13.9490854904956,0.2516531074705598,0.24350830268583526,0.33174523570712133,0.17970578401872284,0.0,0.0,0.0,0.0,0.0,0.0,6.880438390307196,0.0,4.466903501459262,0.0,0.0,,,,,8.55366476832012,0.0,
89390cb0c8fffff,Transición,0.49539281150399084,,10.392044254562517,0.6052045023960771,0.8170622980051264,0.6357405549983283,0.3628106541847766,175.33184936159023,0.3958333333333333,0.20833333333333334,3.2319942189326545,83.0519286449638,0.0,3.4107146415302676,0.0,1.1779165620375616,9.227992071662644,0.0,,,,,6.653151953481434,2.325128282268554,
89390ca2d03ffff,Planificado,0.5904394700579709,0.0,12.263789122981162,0.26380066124298823,0.24350830268583526,0.33174523570712133,0.21614844533600805,0.0,0.0,0.0,0.0,0.0,0.0,5.511748337648141,0.0,3.527712511839619,0.0,0.0,,,,,4.675489476198889,0.0,
89390cb0873ffff,Planificado,0.7636920770797978,0.0,7.619522375719306,0.5355882462201418,0.5651955867602808,0.5177198261451019,0.5238493257550428,9.229750813505579,0.1,0.3,2.163955656882057,9.229750813505579,0.0,0.9633453768530048,0.0,1.0024880185967207,0.0,0.0,34765.0,18771.307059847408,10.456366412533118,9.84013803411312,8.099801491886222,0.0,0.043434962991821965
89390ca24cbffff,Planificado,0.9026918802799645,0.0,3.963188517372857,0.7429882239310523,0.8100412348155578,0.6243731193580743,0.7945503176195251,258.38973067898587,0.2222222222222222,0.2222222222222222,3.8246854649667283,64.59743266974647,0.0,0.263769932241083,1.0,0.7828200071109362,175.33588867502615,18.456409334213276,24096.129813823005,34264.169319309665,10.089806517944961,10.44188464547305,7.668458032015978,5.172390634625979,0.31752780796770985
89390cb1bcfffff,Espontáneo,0.08384154922462761,1.0,0.8313577447278455,0.9023459266688957,0.7981722946617631,0.9863757940488131,0.9224896912961106,267.47752390761104,0.19594594594594594,0.3918918918918919,3.7466643166017146,156.79716918722028,4.0,0.42619543483466205,1.0,0.2515764611806268,1503.4081516186413,0.0,24668.335994677313,24137.924002522584,10.113275756688207,10.091580920440318,7.499515946769606,7.316154845099609,0.43979788187843094
89390cb003bffff,Espontáneo,0.11859986197566715,1.0,9.299204277964249,0.31097923399829114,0.24350830268583526,0.33174523570712133,0.35768416360191685,0.0,0.0,0.0,0.0,0.0,0.0,3.4946188784930303,0.0,1.2105074541977083,0.0,0.0,,,,,0.0,0.0,
89390ca20afffff,Espontáneo,0.12511515158347192,1.0,5.944853761299471,0.5399253315502063,0.8155577844645047,0.33174523570712133,0.47247297447899256,129.2589869237468,0.4827586206896552,0.10344827586206896,2.9848697993327105,0.0,0.0,1.5236899761897142,0.0,1.0078182870014196,36.93113912107051,0.0,11977.790697674418,55781.05630568172,9.390809438775797,10.929207525071408,7.792952820707321,3.635772387442587,0.7478138090248699
89390ca051bffff,Planificado,0.5472502392798627,0.0,8.017334742335434,0.45979605483116015,0.24350830268583526,0.5547475760615179,0.5811322857461273,0.0,0.0,0.0,0.0,0.0,1.0,1.4199101938338339,0.0,0.49681545105931874,0.0,0.0,,,,,7.928101183855531,0.0,
89390cb08abffff,Planificado,0.8490028455863102,0.0,8.692500444905885,0.38583342620453953,0.38014042126379133,0.33174523570712133,0.4456146216427059,0.0,0.0,0.1875,2.252728336819822,0.0,0.0,1.72267738931373,0.0,1.1304338918339965,18.461042470836382,0.0,,,,,6.272524864237864,2.9684146452529685,
89390cb532fffff,Espontáneo,0.43720342260494777,1.0,12.271369722364229,0.26807273672870463,0.24350830268583526,0.33174523570712133,0.22896467179315727,0.0,0.0,0.0,0.0,0.0,0.0,6.40521954671479,0.0,2.2711466914358898,0.0,0.0,,,,,7.8622540362334705,0.0,
89390ca340bffff,Espontáneo,0.2909778919012803,1.0,2.214038057511517,0.8566161447304879,0.9579850663100412,0.9268639251086593,0.6849994427727628,811.5662154383266,0.5238095238095238,0.16071428571428573,3.798262034628619,73.77874685802969,2.0,1.1408408605993658,0.0,0.2221279970752426,202.89155385958165,27.667030071761133,15152.33840147935,43114.83286426838,9.62591014895942,10.671645560473845,8.419616514396761,5.317588253767976,0.6672944298036986
89390ca11a7ffff,Espontáneo,0.592518278666263,1.0,10.862465421259893,0.27134180318733975,0.24350830268583526,0.33174523570712133,0.23877187116906273,0.0,0.0,0.0,0.0,0.0,0.0,4.627677157848753,0.0,3.4544038403253707,0.0,0.0,,,,,0.0,0.0,
89390ca145bffff,Planificado,0.7813115749870359,0.0,8.810844788499447,0.4250529365875404,0.3346149559790483,0.5061852223336677,0.4343586314499053,0.0,0.0,0.3333333333333333,1.0986122886681096,9.222868066416993,0.0,1.929220928582944,0.0,1.1201686882010473,0.0,0.0,,,,,7.573060698848638,0.0,
89390ca2bd3ffff,Espontáneo,0.24859224688420203,1.0,11.649461534078494,0.2816690813180281,0.24350830268583526,0.33174523570712133,0.2697537055611278,0.0,0.0,0.0,0.0,0.0,0.0,3.5875911937353075,0.0,3.4142231266051906,0.0,0.0,,,,,6.686011977399551,0.0,
89390cb51c7ffff,Espontáneo,0.4487212236132799,1.0,12.881266335364527,0.28898733236747276,0.24350830268583526,0.33174523570712133,0.2917084587094617,0.0,0.0,0.0,0.0,0.0,0.0,7.966713908781131,0.0,0.9186157590128332,0.0,0.0,,,,,6.956762494166489,0.0,
89390cb1ebbffff,Espontáneo,0.2809412292558985,1.0,4.669797653877116,0.33742895352724833,0.24350830268583526,0.33174523570712133,0.43703332218878854,0.0,0.0,0.0,0.0,0.0,0.0,2.6301585778847456,0.0,0.8043699042370759,0.0,0.0,,,,,0.0,0.0,
89390cb0327ffff,Transición,0.4757507420992748,,6.934556628342638,0.7960548311601472,0.8818678256993202,0.8326646606486126,0.6736320071325087,332.078571768922,0.3870967741935484,0.15053763440860216,3.738063819138089,55.34642862815367,1.0,1.0872501039050886,0.0,0.28773504711189646,46.122023856794726,0.0,20682.59298928919,45940.848230606076,9.937047707091422,10.735131706835789,8.361298245531202,3.8527404895413895,
89390ca239bffff,Espontáneo,0.514567199273221,1.0,5.730841174506237,0.49379620342509006,0.24350830268583526,0.630558341691742,0.607321965897693,0.0,0.0,0.0,0.0,0.0,2.0,1.7629387181829739,0.0,0.32481907589720876,0.0,0.0,,,,,0.0,0.0,
89390cbab8bffff,Espontáneo,0.45017471107323964,1.0,5.8864287047668915,0.7499628515175155,0.7562688064192576,0.7984787696422602,0.6951409784910286,110.60102469120129,0.32432432432432434,0.21621621621621623,3.1704926623780656,9.216752057600107,2.0,1.2470352536597837,0.0,0.12424375946275107,0.0,0.0,14390.0,15962.363971106652,9.574288799881414,9.678051623925839,7.464519361943014,0.0,0.4885867052810726
89390ca32dbffff,Planificado,0.6137744397387097,0.0,6.053470666506762,0.5353003454808871,0.3213529477320851,0.5547475760615179,0.7298005126490583,0.0,0.0,0.5,0.6931471805599453,0.0,1.0,0.8707573912342826,0.0,0.14003167822691473,0.0,0.0,,,,,8.33986086021998,0.0,
89390cb0e4bffff,Transición,0.5202468674842936,,6.324375271606567,0.7945503176195251,0.8877744344143542,0.8238047475760615,0.67207177086816,267.5223974389241,0.5,0.10344827586206896,3.3790130049378804,46.12455128257312,1.0,0.8851584933027858,0.0,0.36032818743849393,18.44982051302925,18.44982051302925,18342.076404494383,44379.406499454766,9.81695295665892,10.700553355963672,8.718917230236634,2.9678378418999865,
89390cb54b3ffff,Espontáneo,0.3158418616022358,1.0,12.253098275168826,0.260605891749322,0.24350830268583526,0.33174523570712133,0.2065641368550095,0.0,0.0,0.0,0.0,0.0,0.0,6.482207756539801,0.0,2.951256610337214,0.0,0.0,,,,,0.0,0.0,
89390cb0a2fffff,Planificado,0.8228673453530516,0.0,5.707621833350184,0.7670697277016235,0.6998774100078012,0.8484620528251421,0.7528697202719269,55.37690660814945,0.3333333333333333,0.2222222222222222,2.659322697709517,18.45896886938315,2.0,0.6803881586169563,0.0,0.13640901898236027,9.229484434691575,0.0,31853.0,21758.43840047288,10.36888684808733,9.98780289183503,8.534577924805417,2.325274181302691,0.08903566829160564
89390ca2aa3ffff,Transición,0.4881421239397654,,10.98662811163768,0.29455960474014636,0.24350830268583526,0.33174523570712133,0.3084252758274824,0.0,0.0,0.0,0.0,0.0,0.0,2.9123624652102458,0.0,2.734650329793838,0.0,0.0,,,,,6.287051454677338,0.0,
89390cb5097ffff,Planificado,0.5889980044897553,0.0,11.662966791516219,0.2614603068464653,0.24350830268583526,0.33174523570712133,0.20912738214643933,0.0,0.0,0.0,0.0,0.0,0.0,6.9002481306411045,0.0,2.586437979495758,0.0,0.0,,,,,4.762325221922231,0.0,
89390cb0cc7ffff,Espontáneo,0.4382014326136896,1.0,9.969787734986427,0.5683903562539471,0.7710353282068428,0.5454697425610164,0.38866599799398194,110.72670401055582,0.32432432432432434,0.16216216216216217,3.3345041647630422,18.45445066842597,0.0,3.1827694072405337,0.0,0.9903828085305445,18.45445066842597,0.0,27639.0,22370.388304540298,10.226983097777042,10.015538113557144,7.310121835675159,2.9680758700279,0.1712460149406664
89390ca2687ffff,Planificado,0.8657139993506253,0.0,3.1858331283180834,0.9010550169025596,0.9156357962777221,0.8849882982280174,0.9025409562019392,719.7996697082307,0.3644859813084112,0.21962616822429906,4.076666102892669,203.02041966129585,1.0,0.2946239904001839,1.0,0.35545324495455716,350.6716339604201,0.0,24152.656755739557,40468.824897941915,10.092149663619628,10.608311911147972,9.524525269750956,5.862697882148234,0.3088559177438052
89390cb1d8bffff,Planificado,0.5814541162934318,0.0,5.6797906067813395,0.7487648129573907,0.9088376239830603,0.541123370110331,0.7963334447787808,332.0599971158218,0.6101694915254238,0.1016949152542373,3.3621407911402965,18.447777617545654,0.0,0.29897297569707637,1.0,0.7581236149232548,36.89555523509131,0.0,13782.884582256675,43599.636164238495,9.53118285373909,10.68282702015358,6.425918868889759,3.634833829092036,0.6875862024074333
89390ca15c3ffff,Espontáneo,0.24774917371108032,1.0,8.022685769872298,0.299760392287975,0.24350830268583526,0.33174523570712133,0.32402763847096844,0.0,0.0,0.0,0.0,0.0,0.0,3.3461108409774494,0.0,1.8827811923086137,0.0,0.0,,,,,0.0,0.0,
89390ca226bffff,Espontáneo,0.40705518738626967,1.0,4.729088953721556,0.5144786210483302,0.24350830268583526,0.5547475760615179,0.7451799843976373,0.0,0.0,0.0,0.0,0.0,1.0,0.5586167957199198,0.0,0.24183249558833778,9.22972371108176,0.0,,,,,6.087000148368722,2.3252975718844273,
89390cbae77ffff,Transición,0.54276871870465,,8.224744152744085,0.3678535606820461,0.24350830268583526,0.33174523570712133,0.5283071436531818,0.0,0.0,0.0,0.0,0.0,0.0,1.8813421948841769,0.0,0.5674002476898519,0.0,0.0,,,,,6.0607212465886775,0.0,
89390cb196fffff,Planificado,0.9547798866010665,0.0,2.3472206812701604,0.7581633790259668,0.8375125376128384,0.6228686058174524,0.8141089936476096,544.3737210510496,0.3532934131736527,0.11377245508982035,3.1901759382572346,64.58671266707368,0.0,0.4389667807199998,2.0,0.6913743274318093,230.6668309538346,0.0,34765.0,21815.80752714573,10.456366412533118,9.990435939202754,8.91685270760959,5.445300266049673,0.12764285358425262
89390cb1553ffff,Espontáneo,0.38084165226975003,1.0,9.680260638670806,0.391851480367027,0.5767301905717152,0.33174523570712133,0.2670790148222445,9.214232658634154,1.0,0.0,0.0,0.0,0.0,6.517283944541878,0.0,1.445001272999787,9.214232658634154,0.0,,,,,7.119684192377272,2.3237821063715653,
89390ca35c7ffff,Planificado,0.7485601367713518,0.0,1.5093598567170063,0.6446190423121215,0.7179872952189904,0.6013039117352056,0.6145659199821688,83.02856680768494,0.20454545454545456,0.20454545454545456,3.331203970294556,46.12698155982497,0.0,0.6646741477306489,0.0,0.6541120371355313,129.1555483675099,46.12698155982497,18840.0,74777.1262109295,9.843737548130354,11.222280690861313,9.4940101611715,4.868730261092885,0.4060914271472294
89390cb1137ffff,Planificado,0.7094520003855066,0.0,6.223910554825832,0.4252108176380995,0.24350830268583526,0.5547475760615179,0.4773765741669453,0.0,0.0,0.0,0.0,0.0,1.0,3.447239983173607,0.0,0.4971511449971626,0.0,0.0,,,,,0.0,0.0,
89390ca31abffff,Espontáneo,0.3187493555855099,1.0,4.638233479891293,0.8267487648129573,0.6827148110999666,0.8472918756268807,0.950239607712025,73.8296441616733,0.19047619047619047,0.21428571428571427,2.9798922895186175,18.457411040418325,2.0,0.4391144044475745,1.0,0.09061662445326293,9.228705520209163,36.91482208083665,14621.465845464725,26108.989514760084,9.590245991305451,10.170073260113625,7.588461562675318,2.325198034343013,0.5772450700946531
89390cb28afffff,Transición,0.5267917286628995,,14.558408493290901,0.2735335636539247,0.31472194360860356,0.33174523570712133,0.17413351164604926,0.0,0.0,0.375,0.6615632381579821,0.0,0.0,7.506174716125993,0.0,4.17699335113914,0.0,0.0,,,,,3.694967383311185,0.0,
89390cb0d1bffff,Planificado,0.6283263327830607,0.0,10.517218312396157,0.5048850254467104,0.6172963334447789,0.5531594784353059,0.3441992644600467,27.693134348536045,0.2727272727272727,0.18181818181818182,1.8937882323911377,18.462089565690697,0.0,3.3131320066944423,0.0,1.508693799105251,18.462089565690697,0.0,21052.0,26352.426545597747,9.954750846473669,10.17935358519621,6.771027630290939,2.968468448469708,0.3410064688234604
89390ca2d8fffff,Planificado,0.8492565290429139,0.0,12.310962263544138,0.4383335190757458,0.5688732865262454,0.5324306252089602,0.21369664549203163,9.242223325908359,0.16666666666666666,0.3333333333333333,1.791759469228055,9.242223325908359,0.0,5.887425828054943,0.0,3.1990968462279294,0.0,0.0,,,,,6.248908783445165,0.0,
89390ca3157ffff,Espontáneo,0.3154050286848433,1.0,4.56493703747091,0.7909840633010141,0.9014822244511311,0.6352390504847877,0.8362309149671235,452.13176067553434,0.3769230769230769,0.16923076923076924,3.9260890197967018,83.04460910366957,0.0,0.4372532249703071,1.0,0.5363449263410768,18.45435757859324,9.22717878929662,10000.891712388102,40158.27197721801,9.210429539239474,10.600608626143975,8.242756899887173,2.9680710850017364,0.8284569890716356
89390cb5383ffff,Planificado,0.7187444084042478,0.0,11.499404675451867,0.32576433002711835,0.34536944165830824,0.33174523570712133,0.30017831271592554,0.0,0.0,0.25,1.3862943611198906,0.0,0.0,6.578227945553198,0.0,1.0029913197929314,9.240191053475648,0.0,,,,,7.466387771617299,2.3263202770032927,
89390ca2557ffff,Espontáneo,0.19813669152090368,1.0,6.227525092492128,0.515908837623983,0.7244511311712917,0.33174523570712133,0.49153014599353617,36.9301381057332,0.5,0.25,2.0794415416798357,0.0,0.0,1.3254366461113094,0.0,0.9793993375232668,36.9301381057332,0.0,27280.0,4161.575022952672,10.213909111957399,8.33388915765845,5.623722925927555,3.6357459967628105,0.3068697615797745
89390cb1c5bffff,Planificado,0.4115445971354855,0.0,5.5116690028634965,0.32063783944425867,0.24350830268583526,0.33174523570712133,0.38665997993981943,0.0,0.0,0.0,0.0,0.0,0.0,3.349305661955523,0.0,0.965208999536466,0.0,0.0,,,,,0.0,0.0,
89390cb00c7ffff,Espontáneo,0.2971908332166347,1.0,10.15243086601381,0.3065399903413945,0.3213529477320851,0.33174523570712133,0.26652178758497713,0.0,0.0,0.5,0.6931471805599453,0.0,0.0,4.5477289332382345,0.0,2.356703195255547,0.0,0.0,,,,,8.43990685123647,0.0,
89390ca213bffff,Planificado,0.6450353129313916,0.0,7.9447584797195985,0.724395408447565,0.8238604702997883,0.8037445670344366,0.5455811880084699,147.77347761546744,0.42105263157894735,0.18421052631578946,3.27277185416852,27.707527052900144,1.0,2.8088514697684097,0.0,0.3522105741891456,9.235842350966715,0.0,14380.288973384031,34662.5495642755,9.573613726579664,10.453443968997547,8.03767317586904,2.325895516749349,0.5687477169883663
89390cbad47ffff,Espontáneo,0.3172654524504677,1.0,5.003118204583415,0.3162171700286043,0.24350830268583526,0.33174523570712133,0.3733979716928563,0.0,0.0,0.0,0.0,0.0,0.0,2.9673148505809315,0.0,1.2534367696627655,0.0,0.0,,,,,4.236037068531381,0.0,
89390ca05a7ffff,Planificado,0.8713644906977162,0.0,9.021890964412876,0.5339815743526878,0.7247297447899254,0.33174523570712133,0.5454697425610163,64.656226233525,0.3684210526315789,0.21052631578947367,2.6525875347201473,0.0,0.0,1.0099768715106283,0.0,0.8047659921081349,0.0,0.0,16058.0,15504.362679758018,9.68396244674463,9.648941222409515,7.157473555967582,0.0,0.410398887655518
89390cba92bffff,Espontáneo,0.5984249915335229,1.0,3.5075440310226638,0.7290389687581262,0.8035216761395297,0.627382146439318,0.7562130836955311,230.50137513684766,0.2631578947368421,0.24210526315789474,3.648006650583321,73.76044004379125,0.0,0.40963747850358795,1.0,0.9503597370493956,18.440110010947812,0.0,14696.011615900878,27700.390522711015,9.595331417307065,10.229237890291332,8.746947682962517,2.967338458015654,0.5824281700284688
89390ca3497ffff,Espontáneo,0.08410834514263707,1.0,1.0715867857606372,0.9021694713770944,0.7741000780118132,0.9715814108993648,0.9608269252201048,184.45196937325952,0.19047619047619047,0.3333333333333333,3.688150440646263,101.44858315529272,6.0,0.3855203591647433,1.0,0.04209400970657416,1235.8281948008387,46.11299234331488,20522.47029204431,38266.94416621863,9.92927567664161,10.552367857776888,8.300052125353513,7.120305474145796,0.5359743688210946
89390cb2b9bffff,Planificado,0.8836092005371544,0.0,12.994468671212147,0.26108882202162037,0.24350830268583526,0.33174523570712133,0.2080129276719046,0.0,0.0,0.0,0.0,0.0,0.0,5.928028557366185,0.0,3.5192239849308304,0.0,0.0,,,,,8.739169346903319,0.0,
89390ca018bffff,Planificado,0.6346412997577221,0.0,9.856706091080634,0.3641387124335971,0.24350830268583526,0.33174523570712133,0.5171625989078347,0.0,0.0,0.0,0.0,0.0,0.0,1.0079169628228595,0.0,1.0129830231263088,0.0,0.0,,,,,0.0,0.0,
89390cb8d97ffff,Espontáneo,0.06915749428289202,1.0,5.811521736353367,0.3688937181916119,0.24350830268583526,0.33174523570712133,0.5314276161818791,0.0,0.0,0.0,0.0,0.0,0.0,1.4570086837379321,0.0,0.6740746699400368,0.0,0.0,,,,,0.0,0.0,
89390ca307bffff,Espontáneo,0.3559573754778347,1.0,4.688205590883687,0.641238530406033,0.9147442326980942,0.5081912403878301,0.5007801181321744,424.30981572993915,0.5,0.18478260869565216,3.545599029143136,9.22412642891172,0.0,1.6458810959228503,0.0,0.7518093869196067,27.67237928673516,0.0,11520.81589958159,32492.763440889263,9.351910756358395,10.38880345577731,7.109218594879133,3.3559342651765354,0.7926102663032345
89390cb897bffff,Transición,0.52604039587456,,9.393664341825286,0.3241297967978008,0.24350830268583526,0.33174523570712133,0.39713585200044577,0.0,0.0,0.0,0.0,0.0,0.0,1.7860848519308408,0.0,1.866543990472463,0.0,0.0,,,,,0.0,0.0,
89390cb566fffff,Planificado,0.8146208473567937,0.0,8.630464495447367,0.36701771982614506,0.3213529477320851,0.33174523570712133,0.4479549760392288,0.0,0.0,0.5,0.6931471805599453,0.0,0.0,3.74150874581381,0.0,0.5669929510450701,0.0,0.0,,,,,8.810702163854009,0.0,
89390cb5253ffff,Espontáneo,0.258936983410009,1.0,8.161333080960022,0.33412273858612873,0.24350830268583526,0.33174523570712133,0.4271146773654296,0.0,0.0,0.0,0.0,0.0,0.0,3.254466971975201,0.0,0.7252722488967571,0.0,0.0,,,,,7.571224379787609,0.0,
89390ca2843ffff,Planificado,0.7434061505243157,0.0,10.585622012633086,0.3008376982800252,0.24350830268583526,0.33174523570712133,0.3272595564471191,0.0,0.0,0.0,0.0,0.0,0.0,2.6777567441992085,0.0,2.4071848812958536,0.0,0.0,,,,,0.0,0.0,
89390ca3573ffff,Transición,0.53737073926523,,2.582138610890187,0.6889000334336343,0.5811880084698541,0.8455366098294885,0.6399754820015602,18.45231907295839,0.16666666666666666,0.6666666666666666,2.0228085294147036,64.58311675535435,1.0,0.9110825077173911,0.0,0.457694179607584,0.0,0.0,23947.0,27138.384943814366,10.083598334032917,10.20874127078182,8.152421526536896,0.0,
89390cb03b3ffff,Espontáneo,0.25247815437004356,1.0,8.207432448143306,0.44668264051413503,0.24350830268583526,0.5547475760615179,0.5417920427950519,0.0,0.0,0.0,0.0,0.0,1.0,2.2520304721005764,0.0,0.44467467614020106,0.0,0.0,21374.0,17626.018349964215,9.969930509084842,9.777188137434004,5.398869642728712,0.0,0.22788591153101445
89390ca2427ffff,Planificado,0.8262703474220966,0.0,5.604416244247961,0.5292451428359151,0.6905717151454364,0.33174523570712133,0.5654184776551877,64.62060627225743,0.28,0.4,2.7752616293098358,0.0,0.0,0.8457505385513636,0.0,0.7884314610419634,18.46303036350212,0.0,28940.541761455963,17553.72114143192,10.272998720171138,9.773078203624868,8.648307387913741,2.968516787322013,0.14163188793452086
89390cb1b2bffff,Planificado,0.894021484088891,0.0,0.8663630919960904,0.7692150525651028,0.6867825699320184,0.8674356402540957,0.7534269475091943,55.35238513527914,0.25,0.16666666666666666,2.982965029217771,18.45079504509305,3.0,0.7412103926015186,0.0,0.07807489644212823,46.12698761273262,0.0,,,,,9.624424262096326,3.852845822337248,
89390ca200bffff,Espontáneo,0.4266341206365236,1.0,4.8449520329618405,0.6662023106356105,0.5665329321297224,0.7764961551320628,0.6555778446450462,9.231254561682928,0.1,0.3,2.163955656882057,18.462509123365855,1.0,0.8558885079949315,0.0,0.4219518638331462,9.231254561682928,0.0,12732.698412698413,25488.530232798446,9.451928641806274,10.146023067729894,9.3779774053677,2.325447207995039,0.6546879797287182
89390ca0477ffff,Planificado,0.6894088131461489,0.0,6.922578799870171,0.5241743749767821,0.3798060849214309,0.5547475760615179,0.6379694639473977,0.0,0.0,0.15384615384615385,2.2450352741261774,0.0,1.0,0.9344824683117375,0.0,0.4571659506905708,0.0,0.0,,,,,9.121101301553155,0.0,
89390ca3367ffff,Espontáneo,0.5238042298037994,1.0,7.15000001216522,0.34892640885619824,0.31355176641034216,0.33174523570712133,0.40148222445113113,0.0,0.0,0.6666666666666666,0.6365141682948128,0.0,0.0,2.3942752917190506,0.0,1.215128732722989,0.0,0.0,,,,,0.0,0.0,
89390cb2a6bffff,Espontáneo,0.35115104051988555,1.0,10.474300709274614,0.29273932909840633,0.24350830268583526,0.33174523570712133,0.3029644489022623,0.0,0.0,0.0,0.0,0.0,0.0,3.9945702072754794,0.0,1.8661895732320832,0.0,0.0,,,,,0.0,0.0,
89390ca005bffff,Espontáneo,0.3238932707145294,1.0,8.38046866599728,0.47725584159887074,0.24350830268583526,0.5547475760615179,0.6335116460492589,0.0,0.0,0.0,0.0,0.0,1.0,1.5219987063453364,0.0,0.29670930776647747,0.0,0.0,,,,,0.0,0.0,
89390cb0ed7ffff,Transición,0.4956463316815408,,7.9031008390742645,0.49902485233478205,0.3853783572941045,0.5547475760615179,0.5569486236487239,0.0,0.0,0.14285714285714285,2.3419942522324253,0.0,1.0,2.1596852433086084,0.0,0.41623156138866724,0.0,0.0,,,,,6.205864836018195,0.0,
89390cb0abbffff,Planificado,0.5834702040404072,0.0,6.381683704410626,0.3891582153869015,0.3213529477320851,0.33174523570712133,0.5143764627214978,0.0,0.0,0.5,0.6931471805599453,0.0,0.0,1.0009335014800935,0.0,1.0424076294468176,0.0,0.0,,,,,5.931082338957718,0.0,
89390cb2233ffff,Espontáneo,0.061070386541922185,1.0,14.415739829596205,0.30048478769642256,0.3213529477320851,0.33174523570712133,0.2483561796500613,0.0,0.0,0.0,0.6931471805599453,0.0,0.0,8.721342200581033,0.0,1.3648861470826408,0.0,0.0,18758.0,3313.757115446652,9.839375607068884,8.106139631593821,7.201096071632112,0.0,0.39021966279579556
89390cb1e17ffff,Transición,0.5069330249906346,,4.562776831805667,0.32401835135034734,0.24350830268583526,0.33174523570712133,0.39680151565808536,0.0,0.0,0.0,0.0,0.0,0.0,2.6269417400417656,0.0,1.1359746236775528,0.0,0.0,,,,,0.0,0.0,
89390ca3653ffff,Transición,0.5321613325071721,,5.102677769140423,0.70797577918942,0.7365986849437199,0.7248411902373788,0.6624874623871615,55.317291277519054,0.46153846153846156,0.38461538461538464,2.351673301904631,9.219548546253176,1.0,1.3306674972267518,0.0,0.2496539127379024,9.219548546253176,0.0,17578.73475609756,35713.282626280365,9.774445198006243,10.483305961324916,8.51442049759728,2.3243024102434373,
89390cb11c3ffff,Espontáneo,0.15828015104094853,1.0,7.710752453170982,0.32442698465767666,0.24350830268583526,0.33174523570712133,0.39802741558007354,0.0,0.0,0.0,0.0,0.0,0.0,5.260747996906714,0.0,0.6067735744300304,0.0,0.0,,,,,7.938131455055738,0.0,
89390ca3237ffff,Transición,0.4842944353580149,,5.944548541233141,0.595722352241911,0.6688955756157361,0.5547475760615179,0.5635239050484787,36.89651703390766,0.3076923076923077,0.15384615384615385,2.564949357461537,0.0,1.0,2.3099670985189382,0.0,0.36702728783633704,0.0,0.0,,,,,7.496599715015672,0.0,
89390cb540fffff,Espontáneo,0.3207137740482016,1.0,11.183243077590657,0.2759110665329321,0.24350830268583526,0.33174523570712133,0.25247966120583976,0.0,0.0,0.0,0.0,0.0,0.0,5.967939565102955,0.0,1.9046447259893016,0.0,0.0,,,,,0.0,0.0,
89390cb191bffff,Planificado,0.9518842363552242,0.0,3.029811202910871,0.7412422452542814,0.9137412236710131,0.6536275493146105,0.6563579627772206,802.632301584708,0.35655737704918034,0.21311475409836064,4.0567663910640075,138.38487958357035,0.0,0.601961972026428,0.0,0.5245896626509948,322.89805236166416,0.0,24826.15925567907,45133.901863922445,10.119653184930009,10.717411103451004,8.895269570401094,5.780428813073883,0.289710747912144
89390cb098bffff,Transición,0.501422989339572,,9.803915064841533,0.4850570229206137,0.7706452691407556,0.33174523570712133,0.35278056391396406,64.62972179716691,0.5833333333333334,0.08333333333333333,2.3693821196946763,0.0,0.0,3.2571736963340263,0.0,1.3869351446968807,0.0,0.0,19139.0,37324.966683239385,9.859483417038073,10.527444521154116,5.196342500461327,0.0,
89390cbae23ffff,Planificado,0.7832815619710067,0.0,7.644714866822392,0.3710854786581968,0.24350830268583526,0.33174523570712133,0.5380028975816339,0.0,0.0,0.0,0.0,0.0,0.0,1.629525339358612,0.0,0.5950098305108271,0.0,0.0,,,,,8.212692961971962,0.0,
89390ca2217ffff,Planificado,0.845530517456591,0.0,4.162792466542147,0.6933949998142577,0.8638136632118578,0.6041457706452692,0.6122255655856459,295.35932134582043,0.3368421052631579,0.15789473684210525,3.8315903985112794,46.149893960284444,0.0,0.9415235695360687,0.0,0.5470806003356731,9.229978792056889,9.229978792056889,19590.46075353218,25093.50879445386,9.88279803049519,10.130404328056215,9.186869488182424,2.325322506848668,0.3116589628052217
89390cb056fffff,Espontáneo,0.20221071984679945,1.0,10.413318707016296,0.28631264162858944,0.24350830268583526,0.33174523570712133,0.28368438649281175,0.0,0.0,0.0,0.0,0.0,0.0,4.45787916051988,0.0,1.9960799822563828,0.0,0.0,,,,,0.0,0.0,
89390cb0153ffff,Espontáneo,0.3161608872033285,1.0,9.160044892093374,0.32732456629146695,0.24350830268583526,0.33174523570712133,0.4067201604814443,0.0,0.0,0.0,0.0,0.0,0.0,3.2084056861191192,0.0,0.8501272252120526,0.0,0.0,,,,,0.0,0.0,
89390ca21c7ffff,Planificado,0.5021654372663885,0.0,6.967944490563914,0.5903636836435232,0.68282625654742,0.5952858575727181,0.4929789368104313,55.40588457161655,0.25,0.16666666666666666,2.8892425051146358,36.937256381077695,0.0,2.4569646858683534,0.0,0.5886569759469948,9.234314095269424,0.0,,,,,8.443189736838427,2.3257462012612975,
89390cbadd3ffff,Transición,0.46782431232161203,,5.839995702745156,0.28341505999479916,0.24350830268583526,0.33174523570712133,0.27499164159144096,0.0,0.0,0.0,0.0,0.0,0.0,3.88576670646478,0.0,2.6603244164050244,0.0,0.0,,,,,0.0,0.0,
89390cb01a3ffff,Planificado,0.5667898943367656,0.0,10.107628688868525,0.301803558824622,0.24350830268583526,0.33174523570712133,0.3301571380809094,0.0,0.0,1.0,0.0,0.0,0.0,3.937672382836284,0.0,1.3767503215406443,0.0,0.0,,,,,7.490705197831202,0.0,
89390cb18cbffff,Planificado,0.888246365281609,0.0,3.5270204378772556,0.4096827519595824,0.36019168616961994,0.33174523570712133,0.5371113340020061,0.0,0.0,0.18181818181818182,1.7677614722893296,0.0,0.0,1.418025679207351,0.0,0.6626004134120642,0.0,0.0,,,,,6.778020275915013,0.0,
89390ca0633ffff,Espontáneo,0.6275508769937869,1.0,7.4602484108362175,0.3581949552360786,0.24350830268583526,0.33174523570712133,0.49933132731527924,0.0,0.0,0.0,0.0,0.0,0.0,1.5226389055613112,0.0,0.8071676043859015,0.0,0.0,,,,,4.083426112077768,0.0,
89390cba9b7ffff,Espontáneo,0.5442442811959068,1.0,2.6537244520048424,0.6796872097774806,0.6307812325866488,0.7592778335005015,0.6490025632452915,36.88123792734462,0.2,0.15,2.553681558029796,18.44061896367231,1.0,1.0001588972226774,0.0,0.39808672627947594,9.220309481836155,0.0,12548.0,20204.695029402494,9.43731656931057,9.913719775802534,7.542396354643246,2.324376866297123,0.7077133087086988
89390ca3523ffff,Planificado,0.8708932396073609,0.0,2.9222259605806253,0.8400943571455106,0.8317730970689846,0.8256435974590438,0.8628663769085033,230.6858053879088,0.3246753246753247,0.19480519480519481,3.7056252358957704,46.13716107758176,1.0,0.35895806986936374,1.0,0.47078794308668287,369.09728862065407,18.454864431032703,22364.859649122805,33647.29478299069,10.015246240377676,10.423717658691988,8.564076264909353,5.913765913293008,0.3988370234872697
89390cb2c27ffff,Espontáneo,0.4223448626233818,1.0,15.928691155945202,0.254699283034288,0.24350830268583526,0.33174523570712133,0.1888443107099075,0.0,0.0,0.0,0.0,0.0,0.0,9.057906759445546,0.0,2.7044394399865515,0.0,0.0,,,,,0.0,0.0,
89390ca3107ffff,Espontáneo,0.14744344129359654,1.0,4.767210963840938,0.7436197481332888,0.730914967123593,0.7955533266466065,0.7043909506296667,64.59915838792105,0.3684210526315789,0.21052631578947367,2.798513256943294,27.68535359482331,1.0,0.7962408595653019,0.0,0.28496329786948593,0.0,0.0,,,,,6.944197799707998,0.0,
89390cb280bffff,Transición,0.547866089435811,,13.733597850087929,0.277266986143616,0.3213529477320851,0.33174523570712133,0.17870277499164158,0.0,0.0,0.0,0.6931471805599453,0.0,0.0,6.869750293197997,0.0,4.531654268552389,0.0,0.0,,,,,0.0,0.0,
89390cb0c77ffff,Espontáneo,0.10583302756947734,1.0,9.282962160575094,0.7287417808982504,0.7280731082135296,0.8721163490471414,0.58603588543408,101.5134091568967,0.275,0.175,3.0654946182433145,18.45698348307213,3.0,2.1466254370673568,0.0,0.32125040081920025,27.685475224608194,0.0,14728.0,20429.515837501785,9.597505722912913,9.924784936514051,8.172408187976522,3.3563909049240355,0.641377089242173
89390cb085bffff,Planificado,0.7763393430877221,0.0,7.163384477708302,0.5663379025966789,0.5434080017831272,0.33174523570712133,0.8238604702997883,9.228222314181908,0.14285714285714285,0.5714285714285714,1.475076311054695,0.0,0.0,0.09075944804353872,1.0,0.6803450485355159,55.36933388509145,9.228222314181908,16277.999999999998,17113.51923033186,9.697569781886987,9.747682460025295,9.062466969775446,4.03192528519009,0.5913695061704254
89390ca24b3ffff,Espontáneo,0.4263260193749756,1.0,5.735699029465556,0.6188379954678851,0.7609495152123036,0.518555667001003,0.5770088041903488,110.76600896958394,0.2608695652173913,0.08695652173913043,3.493148178174039,9.230500747465328,0.0,1.431912712022798,0.0,0.5074174750988708,46.15250373732664,9.230500747465328,22191.0,21705.86650087627,10.007442080255977,9.985383918087386,8.75211640632323,3.853387109203599,0.31845244805038075
89390cb1bb7ffff,Planificado,0.9473868720015022,0.0,1.8991460725869909,0.800596233143876,0.7684163601916861,0.9332163156135072,0.7001560236264348,175.28744573428756,0.24358974358974358,0.3717948717948718,3.4454394481143877,83.03089534782042,2.0,0.5824204622036103,0.0,0.3776042809843265,267.5439961207547,0.0,31684.80704823794,23866.875791924038,10.363592572051145,10.080288724670163,8.5707939146082,5.593014759448248,0.17171740692564208
89390cb1d37ffff,Espontáneo,0.15462937599073995,1.0,5.187448306691438,0.7890337679705784,0.888443107099075,0.629889669007021,0.8487685278056393,507.4257130886378,0.3353658536585366,0.1951219512195122,3.949654552485185,73.80737644925641,0.0,0.11824642820909813,2.0,0.6375631090031686,396.7146484147532,55.355532336942304,14380.766404199476,38395.2163396822,9.573646926391648,10.555714200900365,8.410346498994965,5.985734784360964,0.7468360158750242
89390cb0023ffff,Espontáneo,0.02592320405630207,1.0,9.240160385271015,0.3167001003009027,0.24350830268583526,0.33174523570712133,0.3748467625097515,0.0,0.0,0.0,0.0,0.0,0.0,3.36667407916355,0.0,1.0698540984403977,0.0,0.0,,,,,0.0,0.0,
89390ca2097ffff,Planificado,0.30796619969919165,0.0,5.351728507832668,0.7438426390281957,0.770533823693302,0.6255432965563357,0.8354507968349493,138.47269773725677,0.2777777777777778,0.25925925925925924,3.433385345311873,64.62059227738649,0.0,0.42691045648841947,1.0,0.5424808688800231,46.157565912418924,0.0,18720.0,13243.335602983341,9.837347750031583,9.491325238347846,7.882375475218706,3.853494460944849,0.5022281202958764
89390ca2633ffff,Planificado,0.5338770706155894,0.0,3.343585718012894,0.837391805044764,0.9320182770533822,0.9487629555332665,0.6313941825476429,784.4618299234446,0.38990825688073394,0.1651376146788991,4.11479725961844,119.97651516476212,2.0,0.9920655934807788,0.0,0.45730141132042423,286.09784385443277,46.14481352490851,20704.170775598344,60583.65559394154,9.938090445701613,11.011796931974075,6.705773755664591,5.659823077013247,0.4463273212340588
89390cbaca3ffff,Espontáneo,0.2609207504190954,1.0,6.515747525820899,0.2779913815520636,0.24350830268583526,0.33174523570712133,0.2587206062632342,0.0,0.0,0.0,0.0,0.0,0.0,4.266285057884651,0.0,2.88838745489513,0.0,0.0,,,,,0.0,0.0,
89390ca0503ffff,Transición,0.46980538853329423,,8.323834539022618,0.5306196366878413,0.7480775660314275,0.33174523570712133,0.5120361083249749,55.41044628438906,1.0,0.0,1.791759469228055,0.0,0.0,1.3096648392260481,0.0,0.8381421428523707,0.0,0.0,,,,,7.647987866154327,0.0,
89390cba887ffff,Planificado,0.6859973093008632,0.0,5.723757446275479,0.4709777480589918,0.6509528585757272,0.33174523570712133,0.4302351498941268,36.862939877867305,0.2222222222222222,0.2777777777777778,2.8133554045006157,0.0,0.0,2.4389166111071403,0.0,0.9094127720654805,0.0,0.0,12204.0,32987.822837609114,9.40951904583656,10.403924081185544,6.993987468335347,0.0,0.5872578529002007
89390cb5043ffff,Planificado,0.48704177452888964,0.0,10.143540431782613,0.2944853077751774,0.24350830268583526,0.33174523570712133,0.3082023849325755,0.0,0.0,0.0,0.0,0.0,0.0,5.245258805524728,0.0,1.2217684636443304,0.0,0.0,,,,,0.0,0.0,
89390cb55cbffff,Transición,0.5430620572014072,,12.334090754537879,0.2555165496489468,0.24350830268583526,0.33174523570712133,0.19129611055388387,0.0,0.0,0.0,0.0,0.0,0.0,7.190932371328059,0.0,3.1172454134279337,0.0,0.0,,,,,5.25498514672293,0.0,
89390cb0b47ffff,Espontáneo,0.20826946803124688,1.0,6.412723971756805,0.6288773728593188,0.723336676696757,0.5547475760615179,0.6085478658196813,83.07911797629826,0.3103448275862069,0.13793103448275862,2.900980466620677,0.0,1.0,1.7037934490648403,0.0,0.33452852077191797,36.92405243391034,0.0,29428.0,7680.416231589898,10.289701881052155,8.946559214296112,9.167656531711096,3.6355855396597128,0.18008373909249362
89390ca2bbbffff,Espontáneo,0.34217375547045736,1.0,12.98332802610644,0.2638749582079572,0.24350830268583526,0.33174523570712133,0.21637133623091498,0.0,0.0,1.0,0.0,0.0,0.0,4.94974729161898,0.0,4.775064670966467,0.0,0.0,,,,,5.013461002302584,0.0,
89390cb1ea3ffff,Planificado,0.7324123003069366,0.0,4.4468385109520785,0.3602009732902411,0.24350830268583526,0.33174523570712133,0.5053493814777666,0.0,0.0,0.0,0.0,0.0,0.0,2.3483223994666327,0.0,0.5572304429911638,0.0,0.0,,,,,0.0,0.0,
89390cb030fffff,Espontáneo,0.3961396473929567,1.0,6.989280239115475,0.7137709424570007,0.7720940599576508,0.7293547308592444,0.6398640365541067,92.22877743088539,0.37037037037037035,0.18518518518518517,3.1418041592132298,9.222877743088539,1.0,1.1381175863411412,0.0,0.37477801034233904,36.891510972354155,0.0,,,,,7.945508244507554,3.6347271021017096,
89390ca2383ffff,Espontáneo,0.3858730908142306,1.0,6.073974016374037,0.7121642705895465,0.6758609160815782,0.8228853226345705,0.6377465730524908,36.932146602451716,0.36363636363636365,0.2727272727272727,2.1458417525947544,9.233036650612929,2.0,1.999191916378232,0.0,0.14783148248853648,0.0,0.0,,,,,8.07226434046628,0.0,
89390cb1a87ffff,Planificado,0.5691164329143724,0.0,2.6150823977507915,0.6573516846836807,0.7821241502284632,0.5547475760615179,0.635183327761061,92.21075493041968,0.7692307692307693,0.0,2.20478541691352,0.0,1.0,1.246191734342651,0.0,0.3637474268569449,27.663226479125903,0.0,18888.0,33333.716720377575,9.846282078765348,10.414354677052279,7.212080223238123,3.3556149938419173,0.4139023719056407
89390cbab73ffff,Espontáneo,0.6228673217054584,1.0,6.379513262720771,0.38464467476503583,0.3841524573721163,0.33174523570712133,0.4380363312158699,0.0,0.0,0.09523809523809523,2.3063362705074937,0.0,0.0,2.1124733205934128,0.0,0.9832056910027437,0.0,0.0,11842.0,2200.1671020124368,9.37940781309172,7.696742999595288,4.725588782839794,0.0,0.7952468278612991
89390cb29c7ffff,Planificado,0.6537028638472211,0.0,14.834028639294626,0.24879267431925403,0.24350830268583526,0.33174523570712133,0.17112448456480556,0.0,0.0,0.0,0.0,0.0,0.0,7.656800780389956,0.0,4.3369870726892215,0.0,0.0,,,,,0.0,0.0,
89390cba33bffff,Espontáneo,0.24226418887675796,1.0,10.347346812150132,0.28033173594858646,0.24350830268583526,0.33174523570712133,0.2657416694528028,0.0,0.0,0.0,0.0,0.0,0.0,4.102378514332175,0.0,2.803848825432226,0.0,0.0,,,,,0.0,0.0,
89390cb0e33ffff,Planificado,0.9127289656290706,0.0,7.530505475487631,0.6926798915264313,0.8129945391730748,0.5547475760615179,0.7102975593447008,92.27207381446536,0.5555555555555556,0.1111111111111111,2.890371757896165,0.0,1.0,0.9573550363206914,0.0,0.19581310101415655,0.0,9.227207381446535,32598.481264637,25486.960190621343,10.392020979295268,10.1459614702615,5.977179889148162,0.0,0.05805855762001616
89390ca2a4fffff,Planificado,0.6089354993387591,0.0,10.444155465337133,0.31926334559233255,0.24350830268583526,0.33174523570712133,0.38253649838404097,0.0,0.0,0.0,0.0,0.0,0.0,2.0886554213405755,0.0,1.795690177847639,0.0,0.0,,,,,7.299268508049733,0.0,
89390cb549bffff,Planificado,0.7151327941781452,0.0,11.504340026883467,0.276208254392808,0.24350830268583526,0.33174523570712133,0.25337122478546753,0.0,0.0,0.0,0.0,0.0,0.0,5.481717862838279,0.0,2.1244479400526037,0.0,0.0,,,,,7.249324952658719,0.0,
89390cb0a17ffff,Planificado,0.7969380747937723,0.0,6.024046717463488,0.4764200007429696,0.5716594227125822,0.33174523570712133,0.5258553438092054,9.228215377352523,0.07692307692307693,0.3076923076923077,2.351673301904631,0.0,0.0,1.1215773498833734,0.0,0.8592382055866981,18.456430754705046,0.0,34765.0,8783.642007361135,10.456366412533118,9.080760249348204,8.828815069961834,2.968177645480337,0.09564310974244213
89390cb09dbffff,Planificado,0.586166282382429,0.0,9.05281198461792,0.5554533972287232,0.9009249972138638,0.33174523570712133,0.4336899587651845,267.7146793526728,0.6304347826086957,0.13043478260869565,3.342464008487094,0.0,0.0,2.34100973388947,0.0,0.9161170155086897,0.0,0.0,18380.0,43035.632187277006,9.819018395909678,10.669806943337225,6.333659992611328,0.0,0.2651045935094732
89390ca2a8bffff,Planificado,0.6372509930403862,0.0,9.99906183864533,0.3573776886214198,0.34536944165830824,0.33174523570712133,0.39501838849882986,0.0,0.0,0.25,1.3862943611198906,0.0,0.0,1.9186084668098242,0.0,1.730048326493993,0.0,0.0,,,,,4.6481207168397,0.0,
89390ca266fffff,Planificado,0.7091066778241651,0.0,3.0003848887187097,0.7151825847914113,0.7773319959879639,0.7377131394182548,0.6305026189680152,101.51296593021856,0.4583333333333333,0.041666666666666664,2.6476654641273325,9.228451448201687,1.0,0.9471812481571283,0.0,0.4783529002419374,27.68535434460506,0.0,24074.166091954023,31523.3482732014,10.088894598141353,10.358515487287193,7.685363619205387,3.3563866909357056,0.23440369519715248
89390cb1d73ffff,Espontáneo,0.08139819604802799,1.0,4.423160661015814,0.7517831271592555,0.7490805750585089,0.8076730190571715,0.6985957873620863,110.6927033411183,0.2608695652173913,0.15217391304347827,3.3538389681341503,9.224391945093192,2.0,0.8273249460112462,0.0,0.29410843527055464,36.89756778037277,0.0,21640.45406824147,30833.45478416134,9.982319715561053,10.336388005549189,8.036512460511455,3.63488693536875,0.3159718794583245
89390ca2253ffff,Espontáneo,0.1324857150481717,1.0,3.482103279865993,0.7419480664214867,0.8124373119358074,0.5723838181210298,0.8410230692076229,212.25436282013132,0.30666666666666664,0.13333333333333333,3.5732391190677353,27.685351672191043,0.0,0.4169321627577712,1.0,0.5262936279854635,36.91380222958806,9.228450557397014,9988.0,36511.07527044754,9.209139651399664,10.505398314185957,8.041602730751494,3.635315220715956,0.8549642085334104
89390cb1957ffff,Planificado,0.9352552945333861,0.0,2.6767431871520593,0.7969649689810171,0.8703889446116126,0.6599799398194583,0.8605260225119803,682.6798299070343,0.3217391304347826,0.40869565217391307,3.750428056642204,184.50806213703632,0.0,0.26440794211658963,1.0,0.5076347614834692,341.33991495351717,0.0,23378.182504078304,48051.90144476885,10.059558494796423,10.780057796441563,8.903586661013897,5.835804146840535,0.33158163665175666
89390cb153bffff,Planificado,0.598226378385111,0.0,8.772055408375907,0.33233961142687324,0.3701103309929789,0.33174523570712133,0.2951632675805193,0.0,0.0,0.4,2.0253262207700677,0.0,0.0,5.155779491191485,0.0,1.4484407162534043,0.0,0.0,,,,,6.307322081520777,0.0,
89390ca35afffff,Planificado,0.4934288192353687,0.0,2.5663879554263005,0.7866191166090865,0.8748467625097515,0.6354062186559679,0.8496043686615402,322.96013730991115,0.3333333333333333,0.12380952380952381,4.03317047359189,83.04689245112,0.0,0.3760516946226974,1.0,0.5109692329752398,18.45486498913778,9.22743249456889,24877.319354328218,44040.83605860864,10.121711798055184,10.692895280671685,7.790850034692792,2.968097166763904,0.18440491958397912
89390ca3193ffff,Planificado,0.8081239271854281,0.0,3.3587905670970004,0.8483691816189308,0.705171068761841,0.9012871949180876,0.9386492811768639,73.8194576005464,0.19047619047619047,0.2619047619047619,3.283661928233661,46.1371610003415,2.0,0.32437577047409927,1.0,0.2188439724925781,83.04688980061471,9.2274322000683,16235.103803997421,27666.543405261677,9.694931078356815,10.228015286955337,8.183399337378829,4.43137485501308,0.5974095254670966
89390cb2897ffff,Planificado,0.6578815383867901,0.0,15.309319377565757,0.25109588023329243,0.24350830268583526,0.33174523570712133,0.17803410230692074,0.0,0.0,1.0,0.0,0.0,0.0,8.43007517236223,0.0,3.313046968742777,0.0,0.0,,,,,4.240326141647916,0.0,
89390cb0d03ffff,Espontáneo,0.4461795104734454,1.0,10.673434240525225,0.5987592406850181,0.8515546639919759,0.6257104647275159,0.31901259333556226,230.78886436813121,0.423728813559322,0.2542372881355932,3.33171174192415,64.62088202307675,0.0,3.513843802604636,0.0,1.8446916762362924,0.0,0.0,,,,,7.281251377918186,0.0,
89390cb536bffff,Planificado,0.7010617136234251,0.0,11.15104589804744,0.39127567888851744,0.5773431405327093,0.33174523570712133,0.26473866042572164,9.240437542389492,0.09090909090909091,0.36363636363636365,2.2718685126965625,0.0,0.0,5.25220052663946,0.0,1.996380956873753,36.961750169557966,0.0,19703.0,5552.09325664166,9.888526187395968,8.622110395021293,4.162474817749292,3.636579078304764,0.5866611322494286
89390cb1c43ffff,Planificado,0.4960994020228165,0.0,5.312638852299627,0.33969501095880233,0.24350830268583526,0.33174523570712133,0.44383149448345033,0.0,0.0,0.0,0.0,0.0,0.0,3.0461861242459816,0.0,0.6881612924421991,0.0,0.0,,,,,0.0,0.0,
89390ca2e6bffff,Espontáneo,0.43600883079543395,1.0,9.081153742060437,0.5114510197258442,0.6576953081466622,0.33174523570712133,0.544912515323749,18.473717457603097,0.4,0.0,1.6094379124341005,0.0,0.0,1.000190405394483,0.0,0.8136177176031706,0.0,0.0,19088.0,37412.44450108949,9.856815144337697,10.529785397444414,8.447432164988271,0.0,0.21762687043251105
89390cb00afffff,Espontáneo,0.14394268444107494,1.0,9.861801599495251,0.29574835617965006,0.24350830268583526,0.33174523570712133,0.3119915301459935,0.0,0.0,0.0,0.0,0.0,0.0,3.9664593640829935,0.0,1.6834014119992664,0.0,0.0,,,,,0.0,0.0,
89390cbad2fffff,Espontáneo,0.5740521743105176,1.0,3.6218407048413552,0.5597904825587875,0.6628775214532486,0.535439652290204,0.48105427393290984,46.0939236469678,0.18518518518518517,0.25925925925925924,2.9877714524221317,18.43756945878712,0.0,1.6597556536145466,0.0,0.8643129780491823,36.87513891757424,9.21878472939356,17970.0,16090.100963941673,9.796458979777604,9.686021662999261,7.900734841528533,3.634294931613546,0.507484780604681
89390ca2123ffff,Planificado,0.7820483546680392,0.0,8.289330277279282,0.7615253166908132,0.8716148445336008,0.804078903376797,0.6088822021620417,277.0905702926539,0.4411764705882353,0.19117647058823528,3.372243168574698,27.709057029265395,1.0,2.859034883242874,0.0,0.020355304683208068,0.0,0.0,17101.0,28649.490825640692,9.746892220313054,10.262925853781153,7.092918995973407,0.0,0.3239896640723055
89390cb1827ffff,Planificado,0.883136132711255,0.0,2.541256775203994,0.8596901816560792,0.810821352947732,0.8518890003343363,0.9163601916861696,184.48770186208267,0.2857142857142857,0.18571428571428572,3.7582443712721245,73.79508074483307,1.0,0.3988306334141679,1.0,0.28245457541870533,138.365776396562,9.224385093104134,22945.276949152543,35090.42541482723,10.040867396886949,10.465712089434389,8.060209306835391,4.9371019617038705,0.3309473030321095
89390ca058fffff,Planificado,0.7460281364543895,0.0,8.058941641860281,0.39430328021100336,0.24350830268583526,0.33174523570712133,0.6076563022400535,0.0,0.0,0.0,0.0,0.0,0.0,0.7067855533253371,0.0,0.6654035509598799,0.0,0.0,,,,,8.88772931930351,0.0,
89390cba913ffff,Espontáneo,0.2197638622134879,1.0,3.8220316964730596,0.5663750510791634,0.5480887105761729,0.5547475760615179,0.5962888665997994,9.218783968211078,0.1111111111111111,0.4444444444444444,1.8891591637540213,0.0,1.0,1.324503939145879,0.0,0.471043009352799,18.437567936422155,0.0,10775.0,22082.647563581955,9.28498391497195,10.0025926843734,5.616531878783396,2.967207685054742,0.8441207905391557
89390ca1d07ffff,Espontáneo,0.5594725089787986,1.0,13.711194288010782,0.2595285857572718,0.24350830268583526,0.33174523570712133,0.20333221887885877,0.0,0.0,0.0,0.0,0.0,0.0,5.436322200719162,0.0,5.110220384302155,0.0,0.0,,,,,0.0,0.0,
89390cb2b83ffff,Planificado,0.7718158941686137,0.0,13.084525498738072,0.2606430402318065,0.24350830268583526,0.33174523570712133,0.20667558230246297,0.0,0.0,0.0,0.0,0.0,0.0,5.962428059264586,0.0,3.5426943896329406,0.0,0.0,,,,,0.0,0.0,
89390ca0173ffff,Espontáneo,0.40754602714990595,1.0,10.862529641779807,0.31826033656525127,0.24350830268583526,0.33174523570712133,0.37952747130279735,0.0,0.0,0.0,0.0,0.0,0.0,1.9394123678207593,0.0,2.058942448323533,0.0,0.0,,,,,7.644344353838824,0.0,
89390ca3063ffff,Espontáneo,0.17427010880255855,1.0,4.7022107889784,0.6129685352353356,0.7827371001894572,0.5421263791374122,0.5140421263791374,110.69562227360535,0.46153846153846156,0.2692307692307692,2.6618692491163096,18.449270378934226,0.0,1.6938142060305803,0.0,0.6791877049795001,18.449270378934226,0.0,9060.0,61836.307022092114,9.111624399037025,11.03226213480487,5.975007639513748,2.9678095567096414,0.8782330050243331
89390cb8963ffff,Transición,0.46887084913255656,,9.311927281435697,0.356560422006761,0.3391284966009138,0.33174523570712133,0.39880753371224786,0.0,0.0,0.0,1.2424533248940002,0.0,0.0,1.7652172117973473,0.0,1.861260514618289,0.0,0.0,,,,,3.4824963298081366,0.0,
89390ca14cfffff,Espontáneo,0.5048987249218398,1.0,8.157861764363291,0.7472417251755266,0.8038560124818902,0.8674356402540956,0.570433522790594,193.69085059079794,0.3230769230769231,0.26153846153846155,3.433148738117093,110.68048605188453,1.0,1.812945665278211,0.0,0.43510143017710684,9.223373837657045,0.0,8252.600723763571,28374.746845013902,9.018283668895345,10.253290074966449,8.04801531811877,2.3246766513990487,0.8998314244103559
89390cb5657ffff,Espontáneo,0.45933076727794303,1.0,8.357224393837205,0.6583268323488985,0.6658308258107657,0.7500835840855902,0.5590660871503399,46.171641222712566,0.17857142857142858,0.07142857142857142,2.9977665653806174,9.234328244542514,1.0,3.730459435062029,0.0,0.17120799454092378,0.0,0.0,16084.987312030074,43163.86362288522,9.685641650865236,10.672782101227245,6.963064854970622,0.0,0.3481176884916234
89390cb0bd3ffff,Planificado,0.8541389981490808,0.0,6.916200720198965,0.3916657379546045,0.34536944165830824,0.33174523570712133,0.4978825364983841,0.0,0.0,0.25,1.3862943611198906,0.0,0.0,1.5119429171027354,0.0,0.8264822272214919,9.230000212449148,0.0,,,,,5.503222060517535,2.3253246007308026,
89390ca76cbffff,Espontáneo,0.1427964115505362,1.0,14.144419291946997,0.2542163527619897,0.24350830268583526,0.33174523570712133,0.1873955198930124,0.0,0.0,0.0,0.0,0.0,0.0,6.079154402429177,0.0,5.901947155972455,0.0,0.0,,,,,0.0,0.0,
89390ca2c47ffff,Planificado,0.503211675892461,0.0,9.490508818768395,0.31521416100152305,0.24350830268583526,0.33174523570712133,0.37038894461161265,0.0,0.0,0.0,0.0,0.0,0.0,3.0639444380452727,0.0,1.2465228726986741,0.0,0.0,,,,,0.0,0.0,
89390cb234bffff,Espontáneo,0.06656579730254443,1.0,13.280975113452248,0.2944853077751774,0.24350830268583526,0.33174523570712133,0.3082023849325755,0.0,0.0,0.0,0.0,0.0,0.0,7.509501165295226,0.0,0.8387685321183018,0.0,0.0,,,,,0.0,0.0,
89390cb523bffff,Planificado,0.8479139202277859,0.0,9.482179569791656,0.5809093948512203,0.5669229911958097,0.630558341691742,0.5452468516661094,9.237634102838397,0.2,0.4,1.6094379124341005,0.0,2.0,4.608459706710972,0.0,0.09975033889444927,0.0,0.0,,,,,7.816938883018416,0.0,
89390ca0c97ffff,Espontáneo,0.30901140448347886,1.0,12.009636852690763,0.4178368438649282,0.6597013262008248,0.33174523570712133,0.2620639696868383,18.4808606834404,0.5,0.0,0.6931471805599453,0.0,0.0,3.786359716525163,0.0,3.519453519314447,0.0,0.0,,,,,0.0,0.0,
89390ca240fffff,Planificado,0.8345390843829277,0.0,4.70477652245147,0.6967940859615885,0.6186336788142205,0.7734871280508191,0.6982614510197259,27.68995956407877,0.25,0.3333333333333333,2.138333059508028,18.45997304271918,1.0,0.9686341946530411,0.0,0.24514411275181217,27.68995956407877,0.0,27084.11801957398,20665.477783840473,10.206702784134588,9.936268235825764,7.8043959037504065,3.356547220584081,0.18745152347388067
89390cb1b13ffff,Espontáneo,0.14895839815986145,1.0,0.9653481888532439,0.7669304208923067,0.8683829265574502,0.5859244399866266,0.846483896132843,710.2577592125306,0.28413284132841327,0.2952029520295203,3.912782807389026,36.896506972079514,0.0,0.33596610467931926,1.0,0.5331230031624645,2970.1688112524007,92.24126743019877,19221.200458365165,54100.59539742243,9.863769139385736,10.898618954185755,6.948492437440063,7.99671069352275,0.6436628220820381
89390ca3287ffff,Espontáneo,0.4474721711739298,1.0,5.072978069268222,0.6473494557747316,0.7676362420595119,0.5849214309595453,0.5894906943051376,129.11997511448976,0.358974358974359,0.1794871794871795,2.983483622246269,36.89142146128279,0.0,1.156077860961009,0.0,0.5475796645124585,18.445710730641395,0.0,8375.238149412211,20555.652825360787,9.033034792039691,9.930939905992771,7.221992425036573,2.9676265177569943,0.9193135395020388
89390cb2e6fffff,Espontáneo,0.31320736498517754,1.0,12.595191926627447,0.256816746535904,0.24350830268583526,0.33174523570712133,0.19519670121475538,0.0,0.0,0.0,0.0,0.0,0.0,6.3594996563185955,0.0,3.8365405428798867,0.0,0.0,,,,,0.0,0.0,
89390ca334fffff,Planificado,0.6949452398769137,0.0,6.943636279891324,0.3300364055128348,0.24350830268583526,0.33174523570712133,0.41485567814554775,0.0,0.0,0.0,0.0,0.0,0.0,2.6569674508588257,0.0,0.9464385906581035,0.0,0.0,,,,,0.0,0.0,
89390ca0043ffff,Espontáneo,0.4462798761065566,1.0,8.59874574384177,0.5066217170028605,0.36158475426278835,0.5547475760615179,0.603532820684275,0.0,0.0,0.0,1.791759469228055,0.0,1.0,1.4148425556302207,0.0,0.42135881372186523,9.23227611199311,0.0,,,,,8.406649861251143,2.32554704905642,
89390cb0aa3ffff,Planificado,0.8598070138192124,0.0,6.546539446298996,0.4883446636204911,0.623370110330993,0.33174523570712133,0.509918644823359,27.686943509485456,0.23076923076923078,0.07692307692307693,2.351673301904631,0.0,0.0,1.091699741510523,0.0,1.004779406060018,18.457962339656973,0.0,33853.0,8993.07825080727,10.42978290070581,9.104321667627168,6.68853240420227,2.9682563610830193,0.12047337855711211
89390ca2b17ffff,Espontáneo,0.43087830962884444,1.0,12.897006753910347,0.29730859244399865,0.3404658419703555,0.33174523570712133,0.21971469965451915,0.0,0.0,0.4,1.3321790402101223,0.0,0.0,4.8329782603108775,0.0,4.657159549593258,0.0,0.0,,,,,6.293168545169594,0.0,
89390cb026bffff,Planificado,0.362751348554604,0.0,6.923690719470899,0.35219547531483336,0.3346149559790483,0.33174523570712133,0.39022623425833053,0.0,0.0,0.0,1.0986122886681096,0.0,0.0,3.158510689871585,0.0,0.9875619084470721,0.0,0.0,,,,,8.295937514368488,0.0,
89390cbaacfffff,Espontáneo,0.5014117261296472,1.0,8.611653487208383,0.33583156878041526,0.24350830268583526,0.33174523570712133,0.4322411679482893,0.0,0.0,0.0,0.0,0.0,0.0,1.702405382142167,0.0,1.3287437659174335,0.0,0.0,19065.0,299.3088154515382,9.855609472291665,5.704811330041398,0.0,0.0,0.6634188732699309
89390ca0397ffff,Planificado,0.9247294906892864,0.0,10.139688482555618,0.5799992570303502,0.7238381812102975,0.5959545302574389,0.4202050596233143,73.88063679389884,0.22857142857142856,0.22857142857142856,3.3573060099008583,36.94031839694942,0.0,1.7152001138145347,0.0,1.520032860359365,9.235079599237356,0.0,13905.0,12208.781550747733,9.540003766668065,9.409992675933053,7.369615153924952,2.3258209962434755,0.6754776971769783
89390cb15c7ffff,Espontáneo,0.6099192642101718,1.0,9.914523492403859,0.2732363757940488,0.24350830268583526,0.33174523570712133,0.24445558898918981,0.0,0.0,0.0,0.0,0.0,0.0,6.308996720744263,0.0,1.9304505586425278,0.0,0.0,,,,,8.142119665181697,0.0,
89390ca363bffff,Espontáneo,0.23711218684683147,1.0,4.405375526017072,0.5715851257476131,0.34536944165830824,0.630558341691742,0.7388275938927894,0.0,0.0,0.0,1.3862943611198906,0.0,2.0,0.7825571868093554,0.0,0.14712518667765856,9.221582232710688,0.0,,,,,8.679287615210855,2.3245013900832725,
89390ca032fffff,Espontáneo,0.13424710078858829,1.0,12.201332188508175,0.2789943905791448,0.24350830268583526,0.33174523570712133,0.2617296333444779,0.0,0.0,0.0,0.0,0.0,0.0,3.782191628808158,0.0,3.5469710101868754,0.0,0.0,,,,,0.0,0.0,
89390cb0d8fffff,Planificado,0.5599948832695308,0.0,11.231919304230498,0.40073925480144146,0.35434080017831276,0.5544968238047476,0.2933801404212638,0.0,0.0,0.6,1.6094379124341005,18.463119475659706,0.0,4.026607604044133,0.0,2.0648534205488276,0.0,0.0,23754.0,3577.2065731827993,10.075506216334185,8.18261699666225,7.847113573632293,0.0,0.2089144136653638
89390ca2e03ffff,Planificado,0.5282807292106331,0.0,8.771132430530114,0.36313570340651574,0.24350830268583526,0.33174523570712133,0.5141535718265908,0.0,0.0,0.0,0.0,0.0,0.0,1.3089561447483185,0.0,0.8201728890063207,0.0,0.0,,,,,0.0,0.0,
89390cb0973ffff,Transición,0.5184011500191542,,9.061976708841835,0.436912589620714,0.24350830268583526,0.5547475760615179,0.5124818901147888,0.0,0.0,0.0,0.0,0.0,1.0,3.3771634594506525,0.0,0.3876503626151841,0.0,0.0,,,,,7.065490191044561,0.0,
89390ca36a3ffff,Espontáneo,0.3326359975245125,1.0,3.4773933857765273,0.7545599762249712,0.6624317396634348,0.8423604145770645,0.7588877744344144,64.5528474186793,0.30434782608695654,0.4782608695652174,2.094889682042817,64.5528474186793,1.0,0.7029680188768791,0.0,0.07078268125652061,46.10917672762808,0.0,9596.37072767365,25142.145151292105,9.169140256776652,10.132340579780305,9.160404591636576,3.85246781702599,0.877526466779229
89390cb0557ffff,Espontáneo,0.10899337396474154,1.0,11.441838802139266,0.270375942642743,0.24350830268583526,0.33174523570712133,0.23587428953527245,0.0,0.0,0.0,0.0,0.0,0.0,5.531191196737294,0.0,2.563665660214706,0.0,0.0,,,,,0.0,0.0,
89390ca25cbffff,Planificado,0.8884541288208329,0.0,5.902801115510256,0.5657713882387904,0.6152345926668895,0.5212303577398864,0.5608492143095954,27.69531330878002,0.17647058823529413,0.4117647058823529,2.425479708432719,9.231771102926674,0.0,1.203471214673336,0.0,0.6408182768853533,0.0,0.0,,,,,9.833305294581791,0.0,
89390cb1ccfffff,Planificado,0.9021605904887517,0.0,5.846917015021751,0.3202663546194138,0.24350830268583526,0.33174523570712133,0.3855455254652847,0.0,0.0,1.0,0.0,0.0,0.0,2.786513170312511,0.0,1.1862539058768384,0.0,0.0,,,,,0.0,0.0,
89390cb013bffff,Planificado,0.5885315226423716,0.0,9.15521330225305,0.6091515286600542,0.7712582191017496,0.5547475760615179,0.5014487908168951,92.25183219497907,0.38461538461538464,0.15384615384615385,3.0246955538582485,0.0,1.0,3.2685382456252743,0.0,0.43513219170030165,0.0,0.0,30409.0,6854.369387191413,10.32249389621096,8.832787476349356,6.176009011243233,0.0,0.09872734957057351
89390ca21afffff,Espontáneo,0.12000985765832238,1.0,8.33638657574948,0.7118020728853227,0.7794494594895798,0.7835172183216316,0.5724395408447566,166.2543692582944,0.29508196721311475,0.11475409836065574,3.3480093957906774,18.472707695366044,1.0,3.4756630007235145,0.0,0.15333610914811643,64.65447693378115,27.709061543049067,11570.762263015347,36329.07124643436,9.356236700732794,10.50040108630428,6.646386693098068,4.1844057923883815,0.8257016036228874
89390cbadbbffff,Planificado,0.5631079275652164,0.0,4.50233822952108,0.3099390764887254,0.24350830268583526,0.33174523570712133,0.35456369107321967,0.0,0.0,0.0,0.0,0.0,0.0,2.5898001275631866,0.0,1.8440158525569201,0.0,0.0,,,,,0.0,0.0,
89390cb18b3ffff,Planificado,0.9465165205494954,0.0,3.8286971100222287,0.6249674950778261,0.6154017608380697,0.630558341691742,0.6289423827036665,27.670114513470498,0.09375,0.34375,2.704113157213616,0.0,2.0,1.1901936917669258,0.0,0.3997207174809868,27.670114513470498,0.0,32512.999999999996,26566.936545189335,10.389395288339156,10.187460374661278,8.387106566571372,3.3558552740788086,0.09981234081759598
89390cbab37ffff,Planificado,0.5543468800608168,0.0,5.202149001983609,0.6584289906757309,0.7884765407333111,0.5547475760615179,0.6320628552323637,101.40664169080988,0.5,0.2727272727272727,2.665394159983387,0.0,1.0,1.1935773488148653,0.0,0.38724389859708513,18.437571216510886,0.0,8599.893217893217,24489.959958431697,9.059505065640469,10.106059347153971,8.780529191153347,2.9672078538046835,0.8977983373758568
89390ca061bffff,Espontáneo,0.5134864741487629,1.0,6.884435043397402,0.3259872209220253,0.24350830268583526,0.33174523570712133,0.40270812437311937,0.0,0.0,0.0,0.0,0.0,0.0,2.0335980774735303,0.0,1.484010993061663,0.0,0.0,,,,,8.870475158911676,0.0,
89390ca350bffff,Planificado,0.7131826198930432,0.0,2.224147672229619,0.7267357628440877,0.7359300122589992,0.7933801404212637,0.6508971358520005,73.80724047326885,0.32,0.24,3.107972275978608,27.677715177475818,1.0,0.8964201370832893,0.0,0.42305366584077414,27.677715177475818,0.0,,,,,9.230676015855062,3.356120346500582,
89390cb7277ffff,Planificado,0.8463692349192292,0.0,11.727618373180894,0.27323637579404875,0.24350830268583526,0.33174523570712133,0.24445558898918976,0.0,0.0,0.0,0.0,0.0,0.0,5.367501144787625,0.0,2.4195361165372935,0.0,0.0,,,,,6.701718474795748,0.0,
89390ca155bffff,Planificado,0.6156004215694224,0.0,8.91278401270695,0.29221925034362345,0.24350830268583526,0.33174523570712133,0.3014042126379138,0.0,0.0,0.0,0.0,0.0,0.0,3.9634692520444252,0.0,1.9204738791110347,0.0,0.0,,,,,0.0,0.0,
89390ca2cd3ffff,Espontáneo,0.3222532407496063,1.0,8.88904555642124,0.4204558118800847,0.24350830268583526,0.5547475760615179,0.4631115568929009,0.0,0.0,0.0,0.0,0.0,1.0,3.898473713751013,0.0,0.49218176423879156,0.0,0.0,,,,,5.570802364349924,0.0,
89390cb52c7ffff,Planificado,0.5681722180346999,0.0,8.695969758450008,0.4285541810617037,0.24350830268583526,0.5547475760615179,0.4874066644377577,0.0,0.0,0.0,0.0,0.0,1.0,3.7688642743422154,0.0,0.4247868125327421,0.0,0.0,28958.0,7383.0439984311015,10.273601783341366,8.907076734782365,8.338521819625397,0.0,0.09588315880936599
89390cb0843ffff,Planificado,0.8069311141077233,0.0,7.302309360072295,0.4654426241688026,0.24350830268583526,0.33174523570712133,0.8210743341134514,0.0,0.0,0.0,0.0,0.0,0.0,0.27700009351789706,1.0,0.6526467765190007,9.228731766437525,0.0,25697.0,1327.1462632826676,10.154129532552147,7.19153946198569,0.0,2.3252006002781296,0.45832492072208597
89390cb0427ffff,Espontáneo,0.10283933527321762,1.0,11.558344678616734,0.2766911846651064,0.24350830268583526,0.33174523570712133,0.2548200156023626,0.0,0.0,0.0,0.0,0.0,0.0,5.730550134175702,0.0,1.9719876950919553,0.0,0.0,,,,,0.0,0.0,
89390ca249bffff,Planificado,0.6435287204159875,0.0,5.00611033101606,0.855046621345518,0.8329432742672461,0.9707455700434637,0.7614510197258442,258.41122351314465,0.3333333333333333,0.21428571428571427,3.5551975177740305,110.74766721991914,3.0,0.5655883321835069,0.0,0.16613954365321854,46.144861341632975,9.228972268326595,25201.0,23557.078376703677,10.134638955251866,10.067224071480837,6.542329566270052,3.8532250178089136,0.26184003423123464
89390cb000bffff,Espontáneo,0.05865875238875794,1.0,9.454085601639603,0.29730859244399865,0.24350830268583526,0.33174523570712133,0.31667223893903934,0.0,0.0,0.0,0.0,0.0,0.0,3.8318835656063794,0.0,1.6798764314926686,0.0,0.0,,,,,0.0,0.0,
89390cba86fffff,Espontáneo,0.47791660339098835,1.0,6.18403537341893,0.4875459712470746,0.24350830268583526,0.5547475760615179,0.6643820349938706,0.0,0.0,0.0,0.0,0.0,1.0,0.7425080903958892,0.0,0.4383831767170725,0.0,0.0,20265.0,2391.47150242313,9.91665053906241,7.7800822120432676,4.048974039258867,0.0,0.3973242375549116
89390cb1367ffff,Espontáneo,0.3991497169838892,1.0,5.684609474754636,0.28152048738809016,0.24350830268583526,0.33174523570712133,0.2693079237713139,0.0,0.0,0.0,0.0,0.0,0.0,3.7985516646620407,0.0,3.0389285084162734,0.0,0.0,,,,,0.0,0.0,
89390ca33dbffff,Transición,0.5233337281820677,,5.633738264638364,0.6607972064341171,0.865875403989747,0.5860916081578068,0.5304246071547977,202.93642189958112,0.6666666666666666,0.15151515151515152,3.0605623567706175,36.8975312544693,0.0,2.172496996127987,0.0,0.502094080917774,0.0,0.0,14954.0,6055.692017236052,9.61273410155986,8.708919058277914,9.188640465734965,0.0,
89390cb1a4bffff,Espontáneo,0.12840276869391556,1.0,3.116390532200609,0.6272521267506223,0.8173409116237602,0.5016716817118021,0.5627437869163044,202.83003470885157,0.3333333333333333,0.16666666666666666,3.509415853071804,9.219547032220525,0.0,1.2286213582371361,0.0,0.6253989330519637,101.41501735442579,18.43909406444105,12892.206494881751,50433.984951755476,9.46437826009543,10.828440359119812,5.556184175269296,4.629033355704597,0.780368207990711
89390ca00cfffff,Planificado,0.520053624353541,0.0,8.127522041507628,0.5348081280879676,0.24350830268583526,0.630558341691742,0.7303577398863257,0.0,0.0,0.0,0.0,0.0,2.0,0.8101290480564236,0.0,0.1723034514383647,9.232274577801215,0.0,11602.0,10687.237605129538,9.358932776026009,9.276899126548178,6.863541828375944,2.3255468991198867,0.802946680021854
89390ca2347ffff,Planificado,0.8202073600707211,0.0,6.266129952897997,0.6237973178795646,0.6983728964671793,0.5941156803744567,0.5789033767970578,46.16390249925496,0.38461538461538464,0.23076923076923078,2.2450352741261774,36.93112199940397,0.0,1.309728746944286,0.0,0.5327533722939904,0.0,0.0,21566.0,13540.717575662351,9.978873279442018,9.51353039039039,5.546093818167965,0.0,0.23069622217402025
89390cb0b2fffff,Espontáneo,0.1222245337617946,1.0,7.473196356828788,0.6084178461309856,0.8513317730970691,0.5571715145436309,0.41675025075225675,184.66104011486462,0.5,0.1,3.149621076619472,18.46610401148646,0.0,2.9919932799188613,0.0,0.8385407082648935,9.23305200574323,0.0,17602.0,28886.893316938676,9.775767810933758,10.271177869961644,7.244613836549545,2.3256228742516996,0.42721735113535475
89390ca2ba3ffff,Espontáneo,0.4486206108783708,1.0,13.31819793159617,0.2606430402318065,0.24350830268583526,0.33174523570712133,0.20667558230246297,0.0,0.0,0.0,0.0,0.0,0.0,5.291612097961118,0.0,5.111035884715303,0.0,0.0,,,,,4.485055523698381,0.0,
89390ca236bffff,Planificado,0.905983522067239,0.0,6.825650983354816,0.6359262974107508,0.69085032876407,0.630558341691742,0.5863702217764405,27.699870165229676,0.42857142857142855,0.0,1.945910149055314,0.0,2.0,1.5129042027685542,0.0,0.4541677958122894,0.0,0.0,19133.191353082468,22878.639932764883,9.859179873041413,10.038002708165571,5.400072597631202,0.0,0.2837600104962684
89390cb1a6fffff,Espontáneo,0.585507007011009,1.0,1.9876606270165935,0.7726698614361602,0.7812325866488353,0.8214643931795387,0.7153126044801069,147.54122499986093,0.3333333333333333,0.3541666666666667,3.2665123640507536,46.10663281245654,1.0,0.7932387834325272,0.0,0.2517983913096972,73.77061249993046,9.221326562491308,17115.336170212766,23675.759462887865,9.747730192618466,10.072249232627112,8.606522604634218,4.314424926765492,0.5468417003902859
89390cbab5bffff,Espontáneo,0.07626997864732322,1.0,7.168985377972897,0.7232995282142723,0.7172628998105428,0.8054162487462386,0.6472194360860358,82.94164246001849,0.2903225806451613,0.25806451612903225,2.978644780278224,36.86295220445266,1.0,1.4978035969308006,0.0,0.25561092933941587,0.0,0.0,13513.0,27751.901065624013,9.511407464038086,10.231095656615722,6.076275453784557,0.0,0.5346738536364507
89390ca36c7ffff,Planificado,0.6360317568105855,0.0,4.396165329195547,0.6457799323897618,0.7733756826033655,0.5547475760615179,0.609216538504402,101.42061603003269,0.36666666666666664,0.26666666666666666,3.152706716683355,0.0,1.0,1.1788064198263961,0.0,0.4704821870672996,18.440112005460488,9.220056002730244,12008.874707807387,45610.78215243619,9.3934012144151,10.727921342663857,8.846777527182283,2.967338560613457,0.7061072847754915
89390ca03bbffff,Planificado,0.9592999270807601,0.0,10.823027597952263,0.5962517181173149,0.85746127270701,0.5804078903376797,0.3508859913072551,175.47623163523522,0.6129032258064516,0.1935483870967742,3.059354848590834,27.706773416089774,0.0,2.3876236678388074,0.0,2.1691320041871096,0.0,0.0,13456.254595588236,15657.83328429529,9.507199302633339,9.65879046385075,5.641702546940039,0.0,0.5895283629866562
89390ca32abffff,Espontáneo,0.6292862419080536,1.0,5.652332039602611,0.46672424681451763,0.603978602474089,0.33174523570712133,0.4644489022623426,18.44673087842554,0.2857142857142857,0.42857142857142855,1.7478680974667578,0.0,0.0,1.703775640060928,0.0,0.972608096328191,0.0,9.22336543921277,16193.000000000002,12537.826834437496,9.692334329073471,9.436585255937867,4.523718104789076,0.0,0.464324303149535
89390cb0e1bffff,Planificado,0.5802038111528468,0.0,7.3172593383163855,0.35362569189048626,0.24350830268583526,0.33174523570712133,0.4856235372785022,0.0,0.0,0.0,0.0,0.0,0.0,1.8545220569560419,0.0,0.7623122740183779,0.0,0.0,,,,,7.518815214011908,0.0,
89390ca2e8fffff,Planificado,0.29196620932819184,0.0,8.680333225289845,0.5208681600356625,0.7735428507745459,0.33174523570712133,0.4573163936253204,64.65802091046537,0.7,0.0,2.3025850929940455,0.0,0.0,1.803486138396991,0.0,0.9724466140189397,0.0,0.0,,,,,5.000693401694683,0.0,
89390cb5483ffff,Espontáneo,0.08515302753780353,1.0,11.74911632167876,0.270375942642743,0.24350830268583526,0.33174523570712133,0.23587428953527245,0.0,0.0,0.0,0.0,0.0,0.0,5.813902119573102,0.0,2.382091752107768,0.0,0.0,,,,,0.0,0.0,
89390ca2a73ffff,Transición,0.4875263554639424,,10.776732693842824,0.30195215275455994,0.24350830268583526,0.33174523570712133,0.33060291987072327,0.0,0.0,0.0,0.0,0.0,0.0,2.67036391145441,0.0,2.327832573687172,0.0,0.0,,,,,8.170848380368673,0.0,
89390cb1e67ffff,Espontáneo,0.42755937603915023,1.0,3.502762724589668,0.3377632898696088,0.24350830268583526,0.33174523570712133,0.4380363312158699,0.0,0.0,0.0,0.0,0.0,0.0,1.9765840685178504,0.0,1.0471236289200954,0.0,0.0,,,,,0.0,0.0,
89390cb5067ffff,Planificado,0.8909721968832923,0.0,11.123440766196943,0.31504699283034293,0.3346149559790483,0.33174523570712133,0.278780786804859,0.0,0.0,0.3333333333333333,1.0986122886681096,0.0,0.0,6.196438860590592,0.0,1.3220318593658162,0.0,0.0,26453.0,6975.419840857416,10.183124852404802,8.850291147387003,5.683254439717886,0.0,0.15497557971550932
89390ca2657ffff,Planificado,0.9022456843489954,0.0,2.100127239213835,0.7684163601916861,0.850663100412348,0.658809762621197,0.7957762175415134,378.3143701377861,0.29285714285714287,0.2714285714285714,3.833177976049789,166.08923567024758,0.0,0.3768494620982467,1.0,0.7274738689057547,387.54154989724435,0.0,31827.407597535934,48846.98705071267,10.368083071704374,10.796468449881123,9.48562708402639,5.962400113631464,0.14656714685755948
89390cb1d5bffff,Planificado,0.8606578341154756,0.0,4.50617301707901,0.38782087001745974,0.31355176641034216,0.33174523570712133,0.5181656079349158,0.0,0.0,0.3333333333333333,0.6365141682948128,0.0,0.0,1.6294574279209326,0.0,0.675312081414702,0.0,0.0,,,,,0.0,0.0,
89390cb01c7ffff,Espontáneo,0.2504269526949217,1.0,9.767073861982091,0.30477543742338126,0.24350830268583526,0.33174523570712133,0.3390727738771871,0.0,0.0,0.0,0.0,0.0,0.0,3.8110466326594072,0.0,1.3064682003727326,0.0,0.0,22061.0,1222.1086542949758,10.001566622695764,7.10915097417344,0.0,0.0,0.4560602102747833
89390ca223bffff,Planificado,0.8698161905256194,0.0,4.7066757818153935,0.7696051116311899,0.8966900702106319,0.6384152457372116,0.7737100189457261,369.21951245709243,0.39603960396039606,0.16831683168316833,3.818254265203446,92.30487811427311,0.0,0.2817481772193454,1.0,0.9077105748912869,0.0,0.0,16429.121375416988,32535.07743562587,9.70681073275518,10.390104827582565,8.406568466456044,0.0,0.31813065541057856
89390cbae47ffff,Espontáneo,0.35625575330874165,1.0,8.89295278789843,0.32338682714811096,0.24350830268583526,0.33174523570712133,0.3949069430513763,0.0,0.0,0.0,0.0,0.0,0.0,2.522915509906841,0.0,1.2169818264778967,0.0,0.0,,,,,0.0,0.0,
89390ca06a7ffff,Espontáneo,0.3050513244738161,1.0,7.196793436253342,0.4065622794308852,0.3701103309929789,0.33174523570712133,0.5178312715925554,0.0,0.0,0.0,2.0253262207700677,0.0,0.0,0.9860267972519516,0.0,1.0260202546125061,9.231254442499935,0.0,,,,,8.410656872189508,2.325447196346126,
89390cbaa2bffff,Espontáneo,0.22049751142785848,1.0,7.727783363657495,0.36146402169471376,0.24350830268583526,0.33174523570712133,0.5091385266911846,0.0,0.0,0.0,0.0,0.0,0.0,1.3988283198625162,0.0,0.8107015592440295,0.0,0.0,,,,,6.014705208768435,0.0,
89390cb1523ffff,Espontáneo,0.41805754142990054,1.0,8.564818449187053,0.2936680411605186,0.24350830268583526,0.33174523570712133,0.30575058508859915,0.0,0.0,0.0,0.0,0.0,0.0,4.817218192203121,0.0,1.3946090170510388,0.0,0.0,,,,,4.542216012357188,0.0,
89390ca3597ffff,Planificado,0.31233454083034173,0.0,1.415042778393231,0.4008042646457892,0.24350830268583526,0.33174523570712133,0.6271592555444111,0.0,0.0,0.0,0.0,0.0,0.0,0.853493161414778,0.0,0.5228193440205302,0.0,0.0,,,,,0.0,0.0,
89390cb1107ffff,Espontáneo,0.13438377278472444,1.0,6.651459084494581,0.4715814108993648,0.24350830268583526,0.630558341691742,0.5406775883205172,0.0,0.0,0.0,0.0,0.0,2.0,4.117822217333809,0.0,0.20229337410960863,0.0,0.0,,,,,8.640577580341187,0.0,
89390ca317bffff,Espontáneo,0.11915698780396146,1.0,5.282259696097873,0.6558936067461644,0.65858687172629,0.5132062855232363,0.7958876629889668,36.91075500330422,0.3333333333333333,0.25,2.138333059508028,9.227688750826054,0.0,0.4331390306363345,1.0,0.7011625689722025,0.0,0.0,10219.72422298964,26672.525045939,9.232074879341726,10.191426781143143,7.284235647591951,0.0,0.7268790225485798
89390cb5353ffff,Planificado,0.5294879943997988,0.0,10.482593272597416,0.6276607600579517,0.9398194583751254,0.5969575392845202,0.34620528251420923,526.6323994824548,0.59375,0.07291666666666667,3.6175330856637054,36.95665961280385,0.0,5.574939704758402,0.0,0.8060144179773859,0.0,0.0,20489.890610756607,25800.298370324053,9.927686902553814,10.158180094074641,6.4285565844865085,0.0,0.2230319642576311
89390cb08cfffff,Planificado,0.6516838324494032,0.0,7.875141631672591,0.5682974850477359,0.31355176641034216,0.630558341691742,0.7607823470411234,0.0,0.0,0.6666666666666666,0.6365141682948128,0.0,2.0,0.6345611971527085,0.0,0.11748428675263795,18.457471295212798,18.457471295212798,,,,,8.736316687556684,2.9682311245946478,
89390cb04b3ffff,Espontáneo,0.033836233527002726,1.0,12.934856822946715,0.29255358668598386,0.24350830268583526,0.33174523570712133,0.30240722166499495,0.0,0.0,0.0,0.0,0.0,0.0,7.153047137266731,0.0,0.9082527983565964,0.0,0.0,,,,,0.0,0.0,
89390ca2527ffff,Planificado,0.7202920605203311,0.0,7.834247130082163,0.34318696831234446,0.24350830268583526,0.33174523570712133,0.45430736654407666,0.0,0.0,0.0,0.0,0.0,0.0,2.919661278162388,0.0,0.6596004017632296,0.0,0.0,,,,,7.557977759876385,0.0,
89390cb1c2bffff,Planificado,0.7026062037380734,0.0,4.68950366094204,0.3649002563245291,0.3213529477320851,0.33174523570712133,0.44160258553438086,0.0,0.0,0.0,0.6931471805599453,0.0,0.0,1.9772559550022508,0.0,1.0126504126758227,0.0,0.0,,,,,6.686862090958778,0.0,
89390cb0097ffff,Espontáneo,0.028605272806794223,1.0,10.942694625278383,0.2752423938482113,0.24350830268583526,0.33174523570712133,0.25047364315167725,0.0,0.0,0.0,0.0,0.0,0.0,5.144223992817708,0.0,2.3964670953781377,0.0,0.0,,,,,0.0,0.0,
89390ca210bffff,Espontáneo,0.4482375179329561,1.0,7.25566189566105,0.6996173706304097,0.7342026078234705,0.7821798729521898,0.5824696311155689,73.87858007511998,0.38095238095238093,0.23809523809523808,2.623521756271809,18.469645018779996,1.0,2.8345058989331884,0.0,0.21558091497315088,9.234822509389998,0.0,9839.0,5115.907881047135,9.194109358865765,8.540305606111705,6.380007955477002,2.3257958774279572,0.8990777438165234
89390cbad17ffff,Transición,0.541429032049905,,4.590929213776818,0.3091961068390356,0.24350830268583526,0.33174523570712133,0.35233478212415026,0.0,0.0,0.0,0.0,0.0,0.0,2.636746906189816,0.0,1.8454774957991282,0.0,0.0,,,,,0.0,0.0,
89390cb180fffff,Planificado,0.7972355594628837,0.0,2.680410961481279,0.8822021620416806,0.8700546082692521,0.8742895352724841,0.9022623425833055,415.0286292935666,0.3333333333333333,0.26666666666666666,3.834994789543491,129.12001800244295,1.0,0.34566300665765554,2.0,0.3980449967239829,55.337150572475544,0.0,27697.056630486077,46675.029521031465,10.229081427702344,10.750986025392836,9.102534488457737,4.031354185600825,0.15286455111379946
89390ca0577ffff,Espontáneo,0.3791849663120871,1.0,8.925359254140751,0.4877688621419815,0.24350830268583526,0.5547475760615179,0.6650507076785913,0.0,0.0,0.0,0.0,0.0,1.0,0.9338426958576299,0.0,0.36676252055690983,0.0,0.0,,,,,0.0,0.0,
89390ca3467ffff,Espontáneo,0.45922157005366065,1.0,2.540565026591444,0.8002061740777889,0.7845759500724396,0.8665162153126045,0.7495263568483228,147.57377394599982,0.35555555555555557,0.2222222222222222,3.1556484530216204,27.670082614874964,2.0,0.5788457988773538,0.0,0.2111957930959978,147.57377394599982,27.670082614874964,17658.63076923077,23231.66772159268,9.778979938265982,10.053314658671235,7.666024658895283,5.001081629130503,0.5822601071172271
89390cb0b0bffff,Espontáneo,0.40592050731908386,1.0,6.754198962692365,0.5840391545005387,0.5672016048144434,0.5547475760615179,0.6301682826256547,9.231269418696591,0.07692307692307693,0.5384615384615384,2.20478541691352,0.0,1.0,1.9269314555948907,0.0,0.20406388841187934,9.231269418696591,0.0,,,,,8.549627839026726,2.3254486601144038,
89390cb2b6bffff,Planificado,0.6254563078355543,0.0,11.0468851578505,0.30191500427207546,0.24350830268583526,0.33174523570712133,0.3304914744232698,0.0,0.0,0.0,0.0,0.0,0.0,3.8337016827266583,0.0,1.4479399300881086,0.0,0.0,,,,,8.09783413788117,0.0,
89390ca015bffff,Planificado,0.4845831158501296,0.0,10.058310652806371,0.33913778372153497,0.24350830268583526,0.33174523570712133,0.44215981277164823,0.0,0.0,0.0,0.0,0.0,0.0,1.4299638313203102,0.0,1.5046175446931345,0.0,0.0,,,,,8.058231274104072,0.0,
89390cb8d67ffff,Planificado,0.7139746071214765,0.0,7.476474793923096,0.4000241465136149,0.24350830268583526,0.33174523570712133,0.6248189011478882,0.0,0.0,0.0,0.0,0.0,0.0,0.9143010335906099,0.0,0.5103820877283779,0.0,0.0,,,,,6.162787427580095,0.0,
89390ca1407ffff,Transición,0.4821282690587527,,8.161319063122592,0.47259370704706716,0.6381923548423047,0.33174523570712133,0.44784353059177534,9.224899763619277,0.5,0.5,0.6931471805599453,0.0,0.0,2.77594928388135,0.0,0.7167838521901746,0.0,0.0,,,,,0.0,0.0,
89390ca304bffff,Planificado,0.5627220530680666,0.0,4.736148798555185,0.46429102121178345,0.5466399197592778,0.33174523570712133,0.5144879081689512,9.223109050201414,0.16666666666666666,0.3333333333333333,1.5607104090414068,0.0,0.0,1.3130512126679488,0.0,0.8143422948166755,0.0,0.0,,,,,8.483902363108408,0.0,
89390ca14b7ffff,Espontáneo,0.4349183282151142,1.0,7.27848963012379,0.31595713065121284,0.24350830268583526,0.33174523570712133,0.37261785356068206,0.0,0.0,0.0,0.0,0.0,0.0,2.878911097583663,0.0,1.303993611807835,0.0,0.0,13850.0,3099.1731754074003,9.536040511615484,8.039213251947603,0.0,0.0,0.7551230681886466
89390cb0bbbffff,Espontáneo,0.1415578861656969,1.0,7.7873414744076666,0.6582711096251718,0.9112894238270366,0.5936141758609161,0.4699097291875627,350.8174769870174,0.5,0.18421052631578946,3.550497004479472,36.92815547231763,0.0,2.707525332255345,0.0,0.6313795092030628,18.464077736158814,0.0,14626.494926719279,31548.89850708989,9.590589884087809,10.359325651073215,6.754116043872686,2.9685705993161773,0.6227893789235609
89390cb5223ffff,Planificado,0.6920090259760255,0.0,9.814879259108427,0.4642631598499201,0.24350830268583526,0.630558341691742,0.5187228351721832,0.0,0.0,0.0,0.0,0.0,2.0,4.949122099893442,0.0,0.20498111067120686,0.0,0.0,,,,,7.146688085135533,0.0,
89390cb0383ffff,Espontáneo,0.32457735556200673,1.0,8.282037456208402,0.5311768639251087,0.3213529477320851,0.6557171514543632,0.6164604925888778,0.0,0.0,0.0,0.6931471805599453,0.0,3.0,2.4225500865772154,0.0,0.1447168637391911,0.0,0.0,32319.000000000007,4020.253781892537,10.383410571562303,8.299349019029645,5.7506680251121525,0.0,0.09569027186253681
89390ca0447ffff,Transición,0.48913963086120815,,6.4026566566477925,0.7538262936959025,0.8082023849325756,0.8182046138415247,0.6350718823136074,120.00297763920285,0.41935483870967744,0.0967741935483871,3.2103913397883903,9.230998279938682,2.0,1.4099872731201566,0.0,0.31995332992880277,0.0,0.0,10062.0,45556.795724088974,9.216521231051264,10.72673703456647,6.421263157376333,0.0,
89390ca002bffff,Planificado,0.9263387256095139,0.0,9.54680366735872,0.6424458560867788,0.8320517106876184,0.6059846205282514,0.4893012370444667,120.04608556073536,0.5,0.15384615384615385,3.151458510243029,46.1715713695136,0.0,1.4456291504473513,0.0,0.9140981412378195,0.0,9.23431427390272,,,,,7.460400417405633,0.0,
89390cb0ea7ffff,Planificado,0.5702499957065089,0.0,8.229635424118838,0.423204799583937,0.38927894795497603,0.33174523570712133,0.5485902150897136,0.0,0.0,0.10526315789473684,2.40615957539782,0.0,0.0,1.2748602319483233,0.0,0.6671948157835266,9.22772086611377,0.0,18782.0,3145.8855910045777,9.84065424336456,8.05416854146379,3.483800014498524,2.325101765906136,0.5945579781812806
89390cb0a8bffff,Espontáneo,0.4299039190927247,1.0,6.097335823621289,0.6756008767041867,0.808090939485122,0.6028084252758275,0.6159032653516103,175.32160628732535,0.3275862068965517,0.1724137931034483,3.5224227664330408,46.13726481245404,0.0,0.7687613435662074,0.0,0.602413828882435,166.09415332483454,0.0,21955.9988179669,17687.194735395657,9.996795675833328,9.780652731940476,7.887842273133051,5.11855744590983,0.42673500756399585
89390cb2203ffff,Espontáneo,0.273012346157729,1.0,14.62357020940773,0.2700044578178981,0.24350830268583526,0.33174523570712133,0.2347598350607378,0.0,0.0,0.0,0.0,0.0,0.0,9.036664515262837,0.0,1.5909583404075192,0.0,0.0,,,,,0.0,0.0,
89390cb0253ffff,Transición,0.48699674672937504,,8.178409846071395,0.30276941936921875,0.24350830268583526,0.33174523570712133,0.3330547197146997,0.0,0.0,0.0,0.0,0.0,0.0,4.143498390564573,0.0,1.2517944499510547,0.0,0.0,,,,,6.467387594124858,0.0,
89390ca22c7ffff,Planificado,0.8408679313691377,0.0,3.5096615404933473,0.7686856866896988,0.7609495152123036,0.81452691407556,0.7305806307812327,83.06064117396942,0.391304347826087,0.21739130434782608,2.8943995444300383,9.228960130441045,2.0,0.7087410795867447,0.0,0.2289920375211969,0.0,0.0,24292.0,18249.34466892928,10.097902357017466,9.811939244801028,8.527977219082342,0.0,0.12561582838594262
89390cbaed3ffff,Espontáneo,0.28489920973411725,1.0,9.363007547563496,0.28779858092796906,0.24350830268583526,0.33174523570712133,0.2881422043909506,0.0,0.0,0.0,0.0,0.0,0.0,3.7122321685482174,0.0,2.428007709830233,0.0,0.0,,,,,0.0,0.0,
89390cb19cbffff,Planificado,0.890204605566279,0.0,2.869868001135189,0.7445670344366433,0.7237267357628441,0.7654630558341692,0.7445113117129165,83.02176504261915,0.2727272727272727,0.09090909090909091,3.1445801968384903,18.449281120582036,1.0,0.7548313197939133,0.0,0.13978534749149135,27.673921680873054,36.89856224116407,30713.0,20063.78114711278,10.332441296713197,9.906721375445558,8.427930655410197,3.355988057456499,0.12533268218201798
89390cbaab7ffff,Espontáneo,0.4496278468338238,1.0,6.806934685957199,0.7973550280471043,0.9511868940153795,0.5972918756268807,0.8435863144990527,562.113393266492,0.5700934579439252,0.102803738317757,3.764903341138589,46.07486830053214,0.0,0.18140667763663573,1.0,0.5881778851229372,0.0,0.0,14965.0,17823.292694597232,9.6134694202868,9.788317563967698,7.677599240767752,0.0,0.445730542529446
89390cb15afffff,Planificado,0.6193009427315095,0.0,9.082234825374869,0.2824863479326869,0.24350830268583526,0.33174523570712133,0.2722055054051042,0.0,0.0,0.0,0.0,0.0,0.0,4.985853771918136,0.0,1.9781722287885362,0.0,0.0,,,,,4.738160703594081,0.0,
89390ca3623ffff,Espontáneo,0.10733752846713945,1.0,4.283214557620224,0.5264868680114417,0.24350830268583526,0.630558341691742,0.7053939596567481,0.0,0.0,0.0,0.0,0.0,2.0,0.9585360861402846,0.0,0.216031319581707,0.0,0.0,,,,,0.0,0.0,
89390ca0317ffff,Planificado,0.7728995639729587,0.0,10.923050155051522,0.3290148222445113,0.3213529477320851,0.33174523570712133,0.33394628329432746,0.0,0.0,0.5,0.6931471805599453,0.0,0.0,2.6700522523206627,0.0,2.2685949628003432,0.0,0.0,,,,,5.729993870663914,0.0,
89390cb8cb7ffff,Espontáneo,0.3975367552125364,1.0,7.063764502600014,0.6062075114231583,0.770756714588209,0.5827482447342026,0.46511757494706335,73.73404376979867,0.5333333333333333,0.26666666666666666,2.430791328878232,36.86702188489934,0.0,2.3734735862305376,0.0,0.7219001831636824,0.0,0.0,,,,,7.208679974862763,0.0,
89390ca00abffff,Planificado,0.8018327271489141,0.0,8.789189828788336,0.42062298005126486,0.3213529477320851,0.33174523570712133,0.6087707567145882,0.0,0.0,0.0,0.6931471805599453,0.0,0.0,0.7150982628839667,0.0,0.6563068604681136,0.0,0.0,20244.0,5589.024659487409,9.915613732333968,8.628738977496733,6.126437484924918,0.0,0.3123983889701558
89390cb1193ffff,Espontáneo,0.3078209385599407,1.0,8.063179002676064,0.43449793825922206,0.614510197258442,0.33174523570712133,0.357238381812103,18.433541127783034,0.3333333333333333,0.3333333333333333,1.5607104090414068,0.0,0.0,4.726738964188657,0.0,0.8754002034605052,0.0,0.0,,,,,7.463829127159984,0.0,
89390ca3207ffff,Espontáneo,0.1163370008498803,1.0,5.982023656481297,0.5588710576172963,0.8741780898250306,0.33174523570712133,0.47068984731973695,249.02402261730697,0.5,0.18518518518518517,3.2864786608481915,0.0,0.0,1.7455576748222303,0.0,0.8998548537094855,27.669335846367442,9.223111948789148,12344.734886862547,24409.002090189948,9.420984926203404,10.10274824901543,7.053348936652215,3.35582811417064,0.7679627286719608
89390cb0d77ffff,Planificado,0.7781099476641244,0.0,10.296954052803322,0.296045544039526,0.24350830268583526,0.33174523570712133,0.31288309372562134,0.0,0.0,0.0,0.0,0.0,0.0,3.2983868801832834,0.0,2.167328448132853,18.464118994618936,0.0,,,,,7.86992742962407,2.968572719037284,
89390cb095bffff,Planificado,0.5832427856256448,0.0,8.389256550396535,0.5828689773022773,0.5869831717374345,0.5547475760615179,0.6068761841078792,9.23178947818313,1.0,0.0,0.0,0.0,1.0,2.342477102970536,0.0,0.20489614592880076,9.23178947818313,9.23178947818313,,,,,7.70552387090289,2.3254994892195997,
89390ca0e3bffff,Espontáneo,0.22921141712202106,1.0,13.38704613152804,0.2678126973513132,0.24350830268583526,0.33174523570712133,0.22818455366098297,0.0,0.0,0.0,0.0,0.0,0.0,4.496347196682721,0.0,4.614578152524691,0.0,0.0,,,,,7.436025711157884,0.0,
89390ca25b3ffff,Espontáneo,0.35173176304177795,1.0,7.714399655829454,0.6336045172554701,0.8788587986180764,0.5264125710464728,0.49554218210186113,193.91544611827297,0.6176470588235294,0.08823529411764706,3.281720343242064,9.234068862774903,0.0,2.9189753277174804,0.0,0.5044388379484535,27.70220658832471,0.0,,,,,7.032936778564356,3.356974004420722,
89390cb1cb7ffff,Planificado,0.6066016720879553,0.0,6.1520225292150945,0.3576005795163268,0.24350830268583526,0.33174523570712133,0.49754820015602363,0.0,0.0,0.0,0.0,0.0,0.0,1.087498310420532,0.0,1.132484240359072,0.0,0.0,,,,,6.910354411389313,0.0,
89390ca33b7ffff,Espontáneo,0.3511775816246161,1.0,5.4899789071451615,0.6883056577138825,0.6304468962442885,0.7358742895352725,0.6985957873620863,27.682304323426592,0.25,0.16666666666666666,2.3693821196946763,9.22743477447553,1.0,0.551041527651526,0.0,0.40024316000930077,18.45486954895106,0.0,9377.0,19732.306299284057,9.146015161419625,9.890063162234336,5.071474305650893,2.9680974011429524,0.9038018381313448
89390cb0123ffff,Planificado,0.8547560698371993,0.0,9.18648163536838,0.34054942605594557,0.24350830268583526,0.33174523570712133,0.4463947397748802,0.0,0.0,0.0,0.0,0.0,0.0,3.052196381902444,0.0,0.6728438499577222,0.0,0.0,27790.0,25257.677853202345,10.23243152273655,10.13692505301452,5.695182128403567,0.0,0.0984033883394814
89390ca2197ffff,Transición,0.5375202567246398,,7.65623312145028,0.6336788142204391,0.6795386158475426,0.630558341691742,0.5909394851220328,18.470163199323945,1.0,0.0,0.6931471805599453,0.0,2.0,2.8287891436160955,0.0,0.1772321958017166,0.0,0.0,,,,,10.08961896640654,0.0,
89390cbada3ffff,Espontáneo,0.18563149666564596,1.0,4.172410289166189,0.31996916675953785,0.24350830268583526,0.33174523570712133,0.384653961885657,0.0,0.0,0.0,0.0,0.0,0.0,2.2815551481240477,0.0,1.5695633120235548,0.0,0.0,,,,,0.0,0.0,
89390cb189bffff,Planificado,0.8891904910227836,0.0,4.101853284911793,0.3487963891675025,0.24350830268583526,0.33174523570712133,0.4711356291095508,0.0,0.0,0.0,0.0,0.0,0.0,1.7217529965838057,0.0,0.9044013294717732,0.0,0.0,,,,,8.41486971401286,0.0,
89390ca0603ffff,Espontáneo,0.42996112663633274,1.0,7.064754097814649,0.44898584642817335,0.6172963334447787,0.33174523570712133,0.3979159701326201,27.689183575937726,0.3333333333333333,0.2222222222222222,1.310783678099714,0.0,0.0,2.148696570467013,0.0,1.463393343514261,0.0,0.0,,,,,8.731469721578483,0.0,
89390cba987ffff,Espontáneo,0.12053269247405687,1.0,3.329807200748501,0.6091793900219176,0.7756603142761618,0.5650284185891007,0.48684943720049034,156.72797404847284,0.3469387755102041,0.3469387755102041,3.0531940785884046,27.657877773259916,0.0,1.5248319967102473,0.0,0.8900400061669199,73.75434072869311,9.219292591086639,10941.611933797909,54834.56709880915,9.300328408247992,10.912094297054011,5.71985905249211,4.314207280533873,0.8467394267855781
89390cba84bffff,Espontáneo,0.13658575479256954,1.0,7.168031847464606,0.6082135294773209,0.7305249080575059,0.4961551320628552,0.5979605483116015,46.07105748560371,0.45454545454545453,0.2727272727272727,2.3978952727983707,9.214211497120742,0.0,0.6946579503798913,0.0,0.7175311095278907,0.0,0.0,12617.0,19253.04679211651,9.442800389927742,9.86547654058927,6.011811818425268,0.0,0.6156949718733683
89390ca1d7bffff,Espontáneo,0.19288842306159662,1.0,14.119610358616606,0.25328764069987736,0.24350830268583526,0.33174523570712133,0.1846093837066756,0.0,0.0,0.0,0.0,0.0,0.0,6.21923701862529,0.0,5.6814269977587095,0.0,0.0,,,,,0.0,0.0,
89390ca30d7ffff,Espontáneo,0.27906476313060335,1.0,3.158300685771854,0.7551915004272075,0.9304580407890337,0.5068538950183885,0.8282625654742004,1069.9099059233213,0.380327868852459,0.18360655737704917,4.062836810615663,9.223361257959667,0.0,0.06313259240428684,2.0,0.7388592718086269,341.26436654450765,9.223361257959667,10171.596203623814,38573.25481100284,9.2273544289023,10.560340359118724,8.62710375216318,5.835583440042877,0.8982388972419275
89390cb89d7ffff,Planificado,0.5502270982718936,0.0,8.058214037560198,0.3852019020023032,0.24350830268583526,0.33174523570712133,0.580352167613953,0.0,0.0,0.0,0.0,0.0,0.0,0.8253700040486875,0.0,0.7274312738265126,0.0,0.0,,,,,3.284411572192826,0.0,
89390ca1543ffff,Espontáneo,0.22249485825022922,1.0,8.98046069434073,0.2846781083992718,0.24350830268583526,0.33174523570712133,0.278780786804859,0.0,0.0,0.0,0.0,0.0,0.0,4.277032004105181,0.0,2.23353845696534,0.0,0.0,,,,,0.0,0.0,
89390cb56cbffff,Espontáneo,0.41045880136899343,1.0,8.126596448586348,0.7405178498458338,0.8982503064749805,0.7484119023737881,0.5748913406887328,387.80972883322335,0.45652173913043476,0.11956521739130435,3.5070489591948792,9.233564972219604,1.0,3.5085250743882033,0.0,0.12762498063577385,18.467129944439208,0.0,,,,,8.241145349782663,2.9687273993986043,
89390cb0c47ffff,Planificado,0.7263138055522661,0.0,9.09081871815786,0.5182770533823694,0.3294327426724618,0.630558341691742,0.5948400757829043,0.0,0.0,0.0,1.0397207708399179,0.0,2.0,2.226871292456104,0.0,0.2774093344451803,0.0,0.0,11530.0,3451.7658994380376,9.352707613263105,8.146930898809657,4.724808904614819,0.0,0.7931784275311689
89390ca2cbbffff,Planificado,0.8888858260682,0.0,10.255881547995712,0.40002414651361495,0.5684832274601583,0.33174523570712133,0.29984397637356514,9.239160648660274,0.14285714285714285,0.0,1.945910149055314,0.0,0.0,4.486796685841887,0.0,1.6396337557169014,9.239160648660274,0.0,,,,,7.274109304443449,2.3262196483475392,
89390ca04c7ffff,Espontáneo,0.10617660239276044,1.0,5.659539160227279,0.6727590177941232,0.8663769085032876,0.6046472751588098,0.547252869720272,221.53782471616535,0.5106382978723404,0.19148936170212766,3.2030976142576644,46.15371348253445,0.0,1.2680554871852454,0.0,0.6771236680890126,27.69222808952067,0.0,10713.361688097593,24282.617399826326,9.279246997299817,10.097557220889277,8.404344013046527,3.356626287818561,0.8268920969491822
89390cb52afffff,Planificado,0.6595461904895951,0.0,9.99341730643846,0.4137319365503919,0.24350830268583526,0.5547475760615179,0.4429399309038226,0.0,0.0,0.0,0.0,0.0,1.0,5.078921406968386,0.0,0.45630386381422317,0.0,0.0,,,,,9.309756187694692,0.0,
89390cb082bffff,Planificado,0.8519554894902723,0.0,7.983889539287382,0.716445633195884,0.842471860024518,0.7422266800401203,0.5646383595230134,212.30771116682584,0.41818181818181815,0.12727272727272726,3.3234532248613653,9.230770050731559,1.0,1.6527534823827397,0.0,0.48748484047618695,0.0,0.0,24821.842105263157,25306.96503289208,10.119479274588869,10.138874448603582,8.254326907151,0.0,0.11408641867679736
89390cb040fffff,Espontáneo,0.07178727707608044,1.0,11.806916069247087,0.28597830528622903,0.24350830268583526,0.33174523570712133,0.2826813774657305,0.0,0.0,0.0,0.0,0.0,0.0,6.164031675592028,0.0,1.2849029263794445,0.0,0.0,,,,,0.0,0.0,
89390ca2483ffff,Planificado,0.7380302155809942,0.0,5.237891872573485,0.758321260076526,0.7971135629109551,0.8156970912738215,0.6621531260448011,110.75378056598333,0.46153846153846156,0.07692307692307693,2.864738512190568,9.229481713831944,2.0,0.8115706150260562,0.0,0.4198246690321376,36.91792685532778,0.0,31332.848454636092,20234.348938108447,10.352422297612256,9.915186301446358,7.295348862163502,3.6354240043555635,0.13713394658260297
89390cb1b87ffff,Planificado,0.81347786419493,0.0,1.629991742594888,0.917363200713251,0.8738437534826703,0.988632564359746,0.8896132842973365,802.5434215456073,0.2701863354037267,0.35403726708074534,4.037803224692006,249.06519979001607,3.0,0.3845026464410584,1.0,0.36972775560084864,1051.6086213356234,46.12318514629927,24427.82705099778,37960.70298836003,10.103478214368632,10.544333114424624,8.855109435321086,6.959026763400694,0.3731085830980075
89390ca2067ffff,Espontáneo,0.6056067677889581,1.0,5.532939750934287,0.4959136669267061,0.24350830268583526,0.630558341691742,0.613674356402541,0.0,0.0,0.0,0.0,0.0,2.0,1.7857973811602006,0.0,0.29887466915282906,0.0,0.0,,,,,8.600025866121399,0.0,
89390ca04d3ffff,Planificado,0.6119654124014281,0.0,5.057223874668688,0.7694193692187673,0.8334447787807867,0.8137746573052491,0.6610386715702663,147.6796557847179,0.5517241379310345,0.13793103448275862,2.9190235060608334,36.91991394617948,1.0,0.6898206833818482,0.0,0.4723303600646184,9.22997848654487,18.45995697308974,12572.0,9369.578810364901,9.439227397917458,9.145330146042317,7.518610633374539,2.3253224769842826,0.749917572749406
89390cba857ffff,Espontáneo,0.17793281507553943,1.0,6.644438088858555,0.46811731490768604,0.24350830268583526,0.5547475760615179,0.6060960659757049,0.0,0.0,0.0,0.0,0.0,1.0,1.1309564758382054,0.0,0.4963223208393344,0.0,0.0,,,,,6.953568225000855,0.0,
89390ca33c3ffff,Planificado,0.6213146867518866,0.0,5.65610229109741,0.3730171997473903,0.24350830268583526,0.33174523570712133,0.5437980608492143,0.0,0.0,0.0,0.0,0.0,0.0,1.8868186583088724,0.0,0.5124352583617473,0.0,0.0,,,,,2.473792909532613,0.0,
89390ca00b7ffff,Planificado,0.6358515018698027,0.0,8.678722690084868,0.9093762769790854,0.9205393959656748,0.8495486459378134,0.958040789033768,323.20980827859137,0.5147058823529411,0.14705882352941177,3.670348569648725,64.64196165571828,1.0,0.27284600875320003,1.0,0.15533578667136147,0.0,0.0,15466.172631578947,37179.80817710274,9.646410507112307,10.52354799791662,5.966464986923712,0.0,0.40761866622311616
89390ca1413ffff,Espontáneo,0.604034096191845,1.0,7.829062264480617,0.6810059809056801,0.6295553326646607,0.791875626880642,0.6215869831717374,27.67240643902183,0.25,0.3333333333333333,2.3693821196946763,27.67240643902183,1.0,2.1924613291895763,0.0,0.17130856208520945,0.0,0.0,8301.0,4394.745743328909,9.024131268455035,8.388392475663583,5.153104843155237,0.0,0.9122786609722306
89390cb0b17ffff,Espontáneo,0.2950203451522628,1.0,7.441709953994389,0.5512184702254913,0.8779672350384486,0.33174523570712133,0.4439429399309038,230.79455746338138,0.5952380952380952,0.11904761904761904,3.2051896219002245,0.0,0.0,2.4700337932476057,0.0,0.8043943490985346,55.39069379121153,0.0,13959.389878163074,19312.515565243226,9.543907670358626,9.868560418160072,5.235230425246172,4.032304141187481,0.7620241245167959
89390ca760fffff,Espontáneo,0.4154894348570888,1.0,15.391692434058772,0.24656376537018462,0.24350830268583526,0.33174523570712133,0.16443775771759725,0.0,0.0,0.0,0.0,0.0,0.0,7.3256350757226985,0.0,7.14753493071873,0.0,0.0,,,,,0.0,0.0,
89390ca205bffff,Espontáneo,0.5152316832575339,1.0,3.9718254794331878,0.7641442847059697,0.7912626769196479,0.8273152791708458,0.6738548980274156,101.52978345355125,0.44,0.28,2.941616952644222,46.14990156979602,1.0,1.0242435173734667,0.0,0.307212755466295,0.0,0.0,16830.0,19483.955640590833,9.730918287184851,9.877397941177497,8.540828158139675,0.0,0.32672609270370884
89390ca2b8bffff,Espontáneo,0.29983528799895987,1.0,12.315178720640814,0.30219361789070914,0.3346149559790483,0.33174523570712133,0.24022066198595785,0.0,0.0,0.3333333333333333,1.0986122886681096,0.0,0.0,4.2673482821934146,0.0,4.097076701768421,0.0,0.0,,,,,5.031008156652431,0.0,
89390cb228fffff,Espontáneo,0.368056813898424,1.0,15.220488415849971,0.260531594784353,0.24350830268583526,0.33174523570712133,0.20634124596010253,0.0,0.0,0.0,0.0,0.0,0.0,9.59156971363526,0.0,2.153263075431452,0.0,0.0,,,,,0.0,0.0,
89390cb1e73ffff,Espontáneo,0.1610927719462899,1.0,4.1091877189459725,0.31521416100152305,0.24350830268583526,0.33174523570712133,0.37038894461161265,0.0,0.0,0.0,0.0,0.0,0.0,2.5223837754538923,0.0,1.597275927022067,0.0,0.0,,,,,0.0,0.0,
89390ca2353ffff,Planificado,0.6380095918925616,0.0,5.672054724827987,0.8170530108845054,0.8469296779226569,0.876546305583417,0.7276830491474424,240.03242252626217,0.37681159420289856,0.10144927536231885,3.499184493726926,27.696048753030247,2.0,0.7826935828749505,0.0,0.20032335732741727,36.928065004040334,0.0,15417.0,30193.29401445562,9.643226075660339,10.315408245592877,8.488750056440212,3.6356913394783406,0.58510423289553
89390cb1a57ffff,Planificado,0.7608072063262675,0.0,2.780148528359294,0.6529774508711319,0.5847542627883651,0.630558341691742,0.7436197481332888,18.440112347092303,0.2222222222222222,0.4444444444444444,1.8891591637540213,0.0,2.0,0.8044036071169114,0.0,0.09244658907598587,9.220056173546151,18.440112347092303,16251.999999999998,27300.261774246315,9.695971257107617,10.214688198941856,8.195394905817588,2.32435208119354,0.4710291415319399
89390cbab43ffff,Espontáneo,0.06186275611526287,1.0,6.898571465195017,0.7433039860321706,0.8400200601805418,0.7860247408893346,0.6038671570266355,193.5411667702549,0.38181818181818183,0.2,3.518917894231699,27.648738110036415,1.0,1.656685350575912,0.0,0.35672733590757183,9.216246036678806,0.0,9778.0,51027.96025033037,9.187890243138591,10.840148598587463,6.21083223494411,2.323979201905272,0.8334564572291439
89390ca36afffff,Espontáneo,0.05132047225577607,1.0,3.6939009107234537,0.7856532560644897,0.8873286526245403,0.7614510197258442,0.7081800958430847,405.77195771960555,0.3826086956521739,0.19130434782608696,3.7535649316544477,18.444179896345705,1.0,0.7009967828868167,0.0,0.3126746605521658,82.99880953355567,18.444179896345705,9822.0,50656.949012507845,9.19238004659919,10.8328514373928,8.232553671753637,4.430802626523311,0.8722241144438423
89390ca03a3ffff,Planificado,0.888895482463199,0.0,11.073803316355923,0.5516363906534418,0.7592778335005015,0.5603477097960549,0.33528362866376904,83.12490801972207,0.42857142857142855,0.19047619047619047,2.623521756271808,18.47220178216046,0.0,2.4811069633685,0.0,2.4423760666948313,0.0,0.0,15673.0,13565.086258309919,9.659694765654068,9.515328299904645,6.420009602561175,0.0,0.45675637542207465
89390ca3293ffff,Transición,0.5234372787534768,,4.882239688253752,0.7836193766484639,0.7939373676585312,0.8650117017719826,0.691909060514878,129.109286060945,0.3888888888888889,0.2222222222222222,3.1453943241204616,27.666275584488215,2.0,0.6273626140381046,0.0,0.39308306470211724,9.222091861496072,0.0,10929.254661694193,20684.173093611564,9.299198386868662,9.937172446934541,6.0170926300282135,2.324551246951773,
89390cb0e03ffff,Planificado,0.7767205422886959,0.0,7.372891310245456,0.5654091905345667,0.7996210854786582,0.33174523570712133,0.5648612504179205,92.26188775043822,0.5,0.15,2.857102837442002,0.0,0.0,1.5652576618885805,0.0,0.5130739687881826,0.0,0.0,,,,,8.485817322942445,0.0,
89390ca2e77ffff,Planificado,0.44344980849398136,0.0,9.24016172763745,0.3534399494780638,0.24350830268583526,0.33174523570712133,0.48506631004123485,0.0,0.0,0.0,0.0,0.0,0.0,1.3147820252730227,0.0,1.03529876945622,0.0,0.0,,,,,8.02558600498152,0.0,
89390cb546bffff,Planificado,0.6204339763524641,0.0,10.486051117732792,0.28512389018908574,0.24350830268583526,0.33174523570712133,0.28011813217430065,0.0,0.0,0.0,0.0,0.0,0.0,5.808389638861184,0.0,1.4536432349742296,0.0,0.0,,,,,9.062268911516371,0.0,
89390ca2a5bffff,Planificado,0.572997798356579,0.0,9.840261631323555,0.33616590512277567,0.24350830268583526,0.33174523570712133,0.43324417697537054,0.0,0.0,0.0,0.0,0.0,0.0,1.712123477584081,0.0,1.3063487261416817,0.0,0.0,,,,,4.2341932478718265,0.0,
89390cb504fffff,Planificado,0.599281300489071,0.0,10.16925307562136,0.2956740592146811,0.24350830268583526,0.33174523570712133,0.3117686392510866,0.0,0.0,0.0,0.0,0.0,0.0,5.250756327369537,0.0,1.1735849664760114,0.0,0.0,,,,,0.0,0.0,
89390cb05cbffff,Espontáneo,0.13547956111188555,1.0,11.834606361445422,0.27501950295330435,0.24350830268583526,0.33174523570712133,0.24980497046695646,0.0,0.0,0.0,0.0,0.0,0.0,5.972616753811618,0.0,1.9592622025357418,0.0,0.0,,,,,0.0,0.0,
89390cb1d43ffff,Planificado,0.551309114933342,0.0,4.451988606890095,0.5302760132248597,0.34536944165830824,0.630558341691742,0.614900256324529,0.0,0.0,0.5,1.3862943611198906,0.0,2.0,1.361543927411582,0.0,0.3977475867455057,9.223374017421392,0.0,,,,,8.077255569168042,2.3246766689827103,
89390cb1b7bffff,Espontáneo,0.08635640204853627,1.0,0.2910194782170408,0.7509194249414911,0.8643151677253984,0.6001337345369442,0.7883093725621309,581.1198641732418,0.2571428571428571,0.2163265306122449,4.0530966355343,46.120624140733476,0.0,0.29251831374216314,1.0,0.8043613642010281,3062.409442944703,138.36187242220043,18172.417387634523,56844.50462906341,9.807660195338526,10.948092421805244,9.043570356900966,8.027283771730339,0.645924695050844
89390cb01afffff,Planificado,0.6441599475082767,0.0,9.810846695718896,0.31138786730562057,0.24350830268583526,0.33174523570712133,0.3589100635239051,0.0,0.0,0.0,0.0,0.0,0.0,3.5788316207077546,0.0,1.1506739738005525,0.0,0.0,,,,,7.264283321112829,0.0,
89390ca2223ffff,Planificado,0.40799831877935366,0.0,5.02540365982528,0.7960734054013893,0.9627772205505405,0.5760615178869943,0.8493814777666332,627.7078125759068,0.6181818181818182,0.07272727272727272,3.816378934744027,27.692991731290004,0.0,0.1381697661837939,1.0,0.569753620773739,18.46199448752667,9.230997243763335,15341.204683991016,35340.27531797605,9.63829760404056,10.47280683231866,7.923655590001223,2.9684635631568566,0.5498063452225302
89390cbae2fffff,Espontáneo,0.3214588726177284,1.0,7.560671145441802,0.7789108064935547,0.8788587986180764,0.8201270478100969,0.6377465730524908,267.1900349469371,0.6041666666666666,0.1875,3.104126571905862,46.06724740464432,1.0,1.2917778890336882,0.0,0.34295085335566505,9.213449480928865,0.0,12656.0,50310.25884110085,9.445886690007436,10.82598416485988,4.486986808276676,2.323705428293228,0.7089395073068788
89390ca2477ffff,Planificado,0.8236165382514962,0.0,4.695440115467795,0.7111426873212229,0.7157026635461942,0.6557171514543632,0.7620082469631115,36.920961029871485,0.5,0.0,1.9061547465398496,0.0,3.0,0.6207011895743485,0.0,0.12382976120545051,0.0,0.0,,,,,8.628554755416966,0.0,
89390cb1927ffff,Planificado,0.8617045851695383,0.0,3.6194855744776357,0.7287789293807349,0.8172294661763067,0.6130056837178202,0.7561016382480776,239.92667329764078,0.24074074074074073,0.14814814814814814,3.9053214229340734,55.3676938379171,0.0,0.4943710467112922,1.0,0.8855650299947508,350.662060973475,27.68384691895855,29831.197560149103,31544.95334354983,10.303310022869539,10.359200598048982,9.008007087787425,5.862670660398403,0.1970833998000606
89390cb0403ffff,Espontáneo,0.12561805131493842,1.0,12.157542530613224,0.29511683197741373,0.24350830268583526,0.33174523570712133,0.3100969575392845,0.0,0.0,0.0,0.0,0.0,0.0,6.5230872646315445,0.0,0.926533742611278,0.0,0.0,,,,,0.0,0.0,
89390cb150bffff,Espontáneo,0.24978252036291781,1.0,9.211445247686147,0.32048924551432073,0.3391284966009138,0.33174523570712133,0.290594004234927,0.0,0.0,0.8333333333333334,1.2424533248940002,0.0,0.0,5.835329041028414,0.0,1.2711547006624484,0.0,0.0,,,,,8.634567394427286,0.0,
89390ca3163ffff,Transición,0.5218619973756133,,5.449862605950816,0.5844013522047625,0.6917418923436979,0.5142092945503176,0.547252869720272,36.9127913761652,0.4,0.2,2.163955656882057,9.2281978440413,0.0,0.7578785136795009,0.0,0.9969117133985286,0.0,0.0,11391.0,16137.684616031898,9.340578848899913,9.688974440115647,8.098843355465721,0.0,
89390cb2867ffff,Transición,0.45230600053075287,,13.25771691206882,0.25767116163304726,0.24350830268583526,0.33174523570712133,0.19775994650618522,0.0,0.0,0.0,0.0,0.0,0.0,6.23201995702575,0.0,3.834072173994553,0.0,0.0,,,,,9.23795829231172,0.0,
89390ca15cfffff,Espontáneo,0.48909779947643833,1.0,8.367650779540789,0.29314796240573565,0.24350830268583526,0.33174523570712133,0.3041903488242505,0.0,0.0,0.0,0.0,0.0,0.0,3.6492671784884916,0.0,2.069199079549071,0.0,0.0,,,,,0.0,0.0,
89390cb0cd3ffff,Planificado,0.7892823270013217,0.0,10.187338426956966,0.328160407147368,0.3213529477320851,0.33174523570712133,0.3313830380028976,0.0,0.0,0.0,0.6931471805599453,0.0,0.0,3.638910833497359,0.0,1.538817996058414,9.226463784941416,0.0,24058.0,9512.175363105502,10.088222860554017,9.160432997085275,5.789830278966378,2.3249788491342986,0.28594345453046477
89390cb08b7ffff,Planificado,0.6429512618682225,0.0,9.40780722622841,0.34417140309818345,0.3213529477320851,0.33174523570712133,0.3794160258553438,0.0,0.0,0.5,0.6931471805599453,0.0,0.0,2.3678668640521052,0.0,1.5765819269972872,0.0,0.0,,,,,8.844596933299712,0.0,
89390cb049bffff,Espontáneo,0.13463665106884004,1.0,13.21217819241646,0.7005089342100376,0.7820127047810098,0.8416917418923437,0.4778223559567592,147.493466036513,0.3333333333333333,0.3333333333333333,3.276809116280491,64.52839139097445,1.0,7.600294602883688,0.0,0.16738812262243002,9.218341627282063,0.0,16315.999999999996,12757.578298942592,9.699901500437448,9.453959132113104,6.801880371021088,2.3241843042195507,0.5618247340366348
89390ca250fffff,Planificado,0.6972029383506956,0.0,6.863384743919526,0.4950871131914261,0.3294327426724618,0.5547475760615179,0.6010810208402987,0.0,0.0,0.75,1.0397207708399179,0.0,1.0,1.9365247647613322,0.0,0.30952796421736695,0.0,0.0,,,,,7.9641764753242,0.0,
89390ca1cd7ffff,Espontáneo,0.3985587605896035,1.0,11.188319986598065,0.2722333667669675,0.24350830268583526,0.33174523570712133,0.24144656190794603,0.0,0.0,0.0,0.0,0.0,0.0,4.534320576774897,0.0,3.44764510266987,0.0,0.0,,,,,0.0,0.0,
89390ca344fffff,Espontáneo,0.09748818520292182,1.0,2.9284607672044327,0.7616924848619934,0.7612281288309372,0.8070879304580407,0.7167613952970022,129.10568870245464,0.2978723404255319,0.1276595744680851,3.3021003204361135,36.88733962927276,1.0,0.8250231776687148,0.0,0.2285711531329651,82.9965141658637,0.0,12198.967188665176,36797.90823773711,9.409106570470982,10.51322345626414,7.92406575370076,4.430775299956815,0.7854031338862123
89390ca2893ffff,Planificado,0.6125698051663502,0.0,10.702282789100288,0.2872413536907017,0.24350830268583526,0.33174523570712133,0.2864705226791485,0.0,0.0,0.0,0.0,0.0,0.0,3.7035596264334267,0.0,2.4944134558591142,0.0,0.0,,,,,4.676386965146832,0.0,
89390cb2b53ffff,Espontáneo,0.24065706519120927,1.0,11.693265355018152,0.28081466622088486,0.24350830268583526,0.33174523570712133,0.26719046026969795,0.0,0.0,0.0,0.0,0.0,0.0,4.6576771727563715,0.0,2.2787722758688345,0.0,0.0,,,,,0.0,0.0,
89390ca0143ffff,Planificado,0.6880139172231973,0.0,10.321834010413145,0.3639715442624169,0.3346149559790483,0.33174523570712133,0.425554441101081,0.0,0.0,0.6666666666666666,1.0986122886681096,0.0,0.0,1.5424389937441625,0.0,1.6384384954261833,0.0,0.0,18023.0,1917.5414276002662,9.799403998992805,7.5593205031991175,7.307997557200899,0.0,0.44985168630228894
89390cb52a3ffff,Planificado,0.5929802833302447,0.0,9.934472789651487,0.31439689438686425,0.24350830268583526,0.33174523570712133,0.3679371447676362,0.0,0.0,0.0,0.0,0.0,0.0,5.008533995316558,0.0,0.7647334758745505,0.0,0.0,,,,,0.0,0.0,
89390cb8933ffff,Planificado,0.6344972793494863,0.0,8.284874493747362,0.39762806939336537,0.35434080017831276,0.33174523570712133,0.5067981722946618,0.0,0.0,0.0,1.6094379124341005,0.0,0.0,1.005997868249786,0.0,1.1263904081829172,0.0,0.0,,,,,7.0157824292640765,0.0,
89390ca111bffff,Espontáneo,0.5829644320883168,1.0,10.912644162727991,0.25956573423975626,0.24350830268583526,0.33174523570712133,0.20344366432631225,0.0,0.0,0.0,0.0,0.0,0.0,5.661631986039375,0.0,4.361277498279346,0.0,0.0,,,,,0.0,0.0,
89390cb5627ffff,Planificado,0.82735329795678,0.0,9.826923516688966,0.29630558341691743,0.24350830268583526,0.33174523570712133,0.3136632118577956,0.0,0.0,0.0,0.0,0.0,0.0,4.981826697698689,0.0,1.2285592339495879,0.0,0.0,,,,,8.51955379565452,0.0,
89390cb0ba3ffff,Espontáneo,0.2098361891004087,1.0,8.02743134682963,0.6772261228128831,0.9261116683383483,0.5547475760615179,0.550819124038783,396.9995919871168,0.5375,0.075,3.607572614143518,0.0,1.0,3.030974063233599,0.0,0.3057107251597167,9.232548650863182,0.0,13064.036603221084,31933.48594601028,9.4776184364851,10.371441768982159,8.087258565744268,2.325573683916307,0.649615240706706
89390ca769bffff,Espontáneo,0.34453772989090636,1.0,14.428529450826469,0.25157881050559083,0.24350830268583526,0.33174523570712133,0.1794828931238159,0.0,0.0,0.0,0.0,0.0,0.0,6.4652683464585055,0.0,6.245841180825395,0.0,0.0,,,,,0.0,0.0,
89390cb8517ffff,Espontáneo,0.6613211254262059,1.0,9.922251543809594,0.2991660165682231,0.24350830268583526,0.33174523570712133,0.3222445113117129,0.0,0.0,0.0,0.0,0.0,0.0,3.109824114445755,0.0,2.110685702403271,0.0,0.0,,,,,4.161482955401938,0.0,
89390cb520bffff,Transición,0.5434534582504946,,8.81953882924119,0.47030907537427097,0.6437089044912515,0.33174523570712133,0.43547308592444,18.473227614154887,0.4,0.2,1.3321790402101223,0.0,0.0,3.929277021349345,0.0,0.5936995870427152,0.0,0.0,34765.0,4053.7127622613784,10.456366412533118,8.30763512859331,7.046912673279483,0.0,
89390cb036bffff,Planificado,0.6965093707150583,0.0,6.082778749318668,0.5313997548200157,0.7023849325755043,0.33174523570712133,0.5600690961774212,27.667854200879102,0.5,0.16666666666666666,1.791759469228055,0.0,0.0,0.7426544592428801,0.0,0.9061352454387502,0.0,0.0,,,,,6.651628127578172,0.0,
89390cbabcfffff,Espontáneo,0.1354164819068307,1.0,6.519917689633462,0.6532189160072811,0.84414354173632,0.5339351387495821,0.5815780675359411,138.2436732244292,0.5172413793103449,0.13793103448275862,3.2058430290511555,18.432489763257223,0.0,1.1775097911735937,0.0,0.5688296150621619,9.216244881628612,0.0,11379.963274674828,28379.88706239301,9.33960948049364,10.253471206828552,8.436392923700977,2.323979088845127,0.7454274784419666
89390ca042fffff,Transición,0.4515892464757935,,7.470051966868347,0.5897228723206657,0.5688732865262454,0.5547475760615179,0.6455477543742338,9.233036208157017,0.25,0.75,1.3862943611198906,0.0,1.0,0.8429327292188398,0.0,0.4650182085358447,0.0,0.0,,,,,9.613217756663628,0.0,
89390ca0013ffff,Espontáneo,0.2452345429382225,1.0,8.271279329500807,0.8809019651547234,0.9348601359634459,0.962888665997994,0.7449570935027303,553.9822902034269,0.4838709677419355,0.12903225806451613,3.7838247194841337,92.33038170057117,3.0,0.5006187742833796,0.0,0.2658176907682192,27.69911451017135,0.0,11788.247518199867,41807.8667759662,9.374858341109135,10.640863719844713,8.4047613376221,3.3568662689854682,0.7530495096646441
89390cb0e8fffff,Planificado,0.9451573702600972,0.0,7.99072330035241,0.6293417288903749,0.7431182436197482,0.5547475760615179,0.5901593669898585,83.03573549772909,0.3333333333333333,0.1111111111111111,3.051700801855861,0.0,1.0,1.8902879770713903,0.0,0.35452944721603397,0.0,0.0,27121.0,34997.52991285026,10.208063614530875,10.463061337099429,7.8388393222657,0.0,0.08320925824133263
89390cb0a73ffff,Planificado,0.9158469431237203,0.0,5.115947321867492,0.8254578550466215,0.7430067981722948,0.8645937813440321,0.8687729856235373,129.19138664317435,0.21875,0.34375,3.388629609575666,101.50751807677986,1.0,0.40701895700870017,1.0,0.4331739815505152,73.82364951038535,0.0,34765.0,14857.260834898967,10.456366412533118,9.606311274739985,8.253228880962057,4.315134004934191,0.11698212618182796
89390cb50dbffff,Planificado,0.618063627833336,0.0,10.142416366443127,0.28623834466362047,0.24350830268583526,0.33174523570712133,0.28346149559790484,0.0,0.0,0.0,0.0,0.0,0.0,5.37436124536071,0.0,1.5626490659453396,0.0,0.0,,,,,0.0,0.0,
89390ca2cafffff,Planificado,0.6793496761453771,0.0,10.737520500648476,0.30876889929046397,0.3213529477320851,0.33174523570712133,0.27320851443218547,0.0,0.0,0.5,0.6931471805599453,0.0,0.0,4.551776017696681,0.0,2.185444560151933,36.95970098216668,0.0,,,,,5.38710786418491,3.636525096528581,
89390ca26cbffff,Planificado,0.5421315421568552,0.0,1.6850942311059824,0.8219194620899737,0.800289758163379,0.9395687061183551,0.7258999219881869,627.3963303826857,0.2833333333333333,0.19166666666666668,3.050999489517798,101.4905828560227,2.0,0.5225669833848281,0.0,0.31957212224119247,332.1509984378925,0.0,34765.0,20662.879979857946,10.456366412533118,9.936142526583138,8.363919100691191,5.808595835966062,0.1443184551439766
89390cb1dcfffff,Planificado,0.46256837494051534,0.0,5.076487500070481,0.5109495152123036,0.24350830268583526,0.5547475760615179,0.7345926668895576,0.0,0.0,0.0,0.0,0.0,1.0,0.927383268570019,0.0,0.0566150742706156,0.0,0.0,,,,,9.060744376980436,0.0,
89390cb0c3bffff,Espontáneo,0.16633526805606216,1.0,9.635033338717408,0.49800326906645864,0.3213529477320851,0.5547475760615179,0.6179092834057729,0.0,0.0,0.0,0.6931471805599453,0.0,1.0,2.4726680731199866,0.0,0.1113154533844999,0.0,0.0,,,,,7.988973259648087,0.0,
89390cb023bffff,Planificado,0.7795648868577628,0.0,7.537242089784899,0.3497065269883725,0.3213529477320851,0.33174523570712133,0.39602139752591103,0.0,0.0,0.5,0.6931471805599453,0.0,0.0,2.820911439925023,0.0,1.0550264079449252,0.0,0.0,,,,,8.061053685758399,0.0,
89390ca22afffff,Planificado,0.8275937340349709,0.0,4.82616546766558,0.6692856346818233,0.8663211857795609,0.5528251420929455,0.5887105761729633,240.00593873829456,0.4642857142857143,0.08928571428571429,3.3238986950658007,18.46199528756112,0.0,0.7415125221310338,0.0,0.7347745035450788,9.23099764378056,0.0,18537.830822711472,52843.55854014072,9.827568832421079,10.87511002554614,6.769465408360871,2.325422096594808,0.3531686659715353
89390cbaebbffff,Espontáneo,0.3899725963864377,1.0,7.988905658187521,0.31265091571009324,0.24350830268583526,0.33174523570712133,0.3626992087373231,0.0,0.0,0.0,0.0,0.0,0.0,2.6762889732238713,0.0,1.6156739169296477,0.0,0.0,,,,,0.0,0.0,
89390cb19b3ffff,Planificado,0.9542654383671517,0.0,4.236063996201679,0.8326182250455069,0.8333890560570602,0.9649782681377466,0.699487350941714,322.9427236545049,0.3181818181818182,0.4090909090909091,3.547903479311716,304.48885373139035,2.0,1.0775308091265252,0.0,0.1891712769744939,55.3616097693437,0.0,34765.0,30152.43693710792,10.456366412533118,10.31405419025572,8.832022210814422,4.0317882488891525,0.08877336166647562
89390ca360bffff,Planificado,0.5611071256609796,0.0,4.71650321044283,0.41291466993573306,0.34536944165830824,0.33174523570712133,0.5616293324417697,0.0,0.0,0.5,1.3862943611198906,0.0,0.0,0.8454057955199474,0.0,0.8106707305556025,0.0,0.0,,,,,9.275613776228148,0.0,
89390ca2dd3ffff,Planificado,0.876083477823372,0.0,11.28286379690178,0.4500445781789814,0.7647943831494484,0.33174523570712133,0.25359411568037443,73.92553418572965,0.5333333333333333,0.3333333333333333,2.2110688711446103,0.0,0.0,5.131008986263211,0.0,2.3220268643460136,36.96276709286482,0.0,,,,,7.019483079484962,3.636605866049845,
89390cb53c7ffff,Planificado,0.5324899381446466,0.0,10.979491957556979,0.3969036739849177,0.5687061183550653,0.33174523570712133,0.2902596678925666,9.239677805345975,0.14285714285714285,0.14285714285714285,1.945910149055314,0.0,0.0,6.081485660522337,0.0,1.2131432501626107,0.0,0.0,23798.0,30991.303400802397,10.0773568225151,10.341494175247878,5.3025126040150194,0.0,0.1537319887300715
89390ca0e23ffff,Espontáneo,0.6124550455803272,1.0,13.656049148878013,0.2654351944723058,0.24350830268583526,0.33174523570712133,0.22105204502396078,0.0,0.0,0.0,0.0,0.0,0.0,4.738916795577788,0.0,4.860121668056344,0.0,0.0,,,,,2.4575650364155104,0.0,
89390cb0527ffff,Espontáneo,0.3166684002604581,1.0,11.330845443630563,0.30159924217095735,0.3346149559790483,0.33174523570712133,0.23843753482670235,0.0,0.0,0.3333333333333333,1.0986122886681096,0.0,0.0,5.373238517580367,0.0,2.5996421754521597,0.0,0.0,,,,,0.0,0.0,
89390ca259bffff,Espontáneo,0.4141539369897311,1.0,6.832198639293281,0.5506148073851184,0.675638025186671,0.5563356736877298,0.419870723280954,64.62777569660777,0.23333333333333334,0.2,2.792047440536346,18.465078770459364,0.0,2.2766029017278173,0.0,1.0761304754595054,18.465078770459364,0.0,,,,,8.18394581021427,2.9686220278284083,
89390cb010bffff,Transición,0.5156139390683867,,9.131572396517445,0.5875961216984286,0.7656859467290761,0.5417920427950518,0.4553103755711579,64.5691542235707,0.7777777777777778,0.2222222222222222,2.1972245773362196,18.44832977816306,0.0,3.194767625457739,0.0,0.6142696555911097,0.0,0.0,,,,,4.354464178849948,0.0,
89390cb7253ffff,Planificado,0.7161075681808684,0.0,11.222540770587399,0.28036888443107094,0.24350830268583526,0.33174523570712133,0.2658531149002563,0.0,0.0,0.0,0.0,0.0,0.0,4.452441238921633,0.0,2.4357342095386483,0.0,0.0,,,,,4.277532886793589,0.0,
89390cbad8bffff,Espontáneo,0.2628389653229224,1.0,5.168266712997539,0.29459675322263085,0.24350830268583526,0.33174523570712133,0.3085367212749359,0.0,0.0,0.0,0.0,0.0,0.0,3.2289169196180727,0.0,2.3245260535278263,0.0,0.0,,,,,0.0,0.0,
89390ca30cbffff,Espontáneo,0.13639375706739965,1.0,3.8406559176144017,0.6802815854972325,0.8490471414242728,0.6200267469073888,0.5717708681600358,239.79418424588877,0.37681159420289856,0.2028985507246377,3.523589899993962,64.55997268158544,0.0,0.7559344877200557,0.0,0.8142453435519508,46.11426620113246,18.445706480452984,9180.20563941897,48780.86669643318,9.124804884171809,10.79511393869728,5.994859527949016,3.8525758469037172,0.9002429617630624
89390cb1883ffff,Planificado,0.7876868127258182,0.0,3.9830571373001393,0.34679037111334,0.24350830268583526,0.33174523570712133,0.46511757494706335,0.0,0.0,0.0,0.0,0.0,0.0,1.544157024927441,0.0,1.0720185618519873,0.0,0.0,,,,,6.96237232243555,0.0,
89390cba96fffff,Espontáneo,0.0689572373728545,1.0,4.175843914023826,0.6541290538281511,0.8214643931795388,0.5015045135406219,0.6394182547642929,221.26912769891405,0.3287671232876712,0.1643835616438356,3.579329810449773,9.219546987454752,0.0,0.5057422961910268,0.0,0.6274770269436898,46.09773493727376,0.0,10287.758748551565,55332.826523004915,9.238709996411583,10.921139691697203,6.066377321523334,3.852224909362245,0.8557183344014517
89390ca34dbffff,Espontáneo,0.5567975090911697,1.0,2.553986073696696,0.5255674430699506,0.31355176641034216,0.5547475760615179,0.7084029867379918,0.0,0.0,0.0,0.6365141682948128,0.0,1.0,0.9110566489037618,0.0,0.22572606011766813,0.0,0.0,9735.0,1946.4045559230397,9.1834829178063,7.574252768032029,8.771263193607695,0.0,0.8452804727101748
89390cb5acfffff,Planificado,0.7799248201574626,0.0,13.985088147127332,0.25105873175080795,0.24350830268583526,0.33174523570712133,0.1779226568594673,0.0,0.0,0.0,0.0,0.0,0.0,7.002045591566332,0.0,4.465845987667463,0.0,0.0,,,,,5.334912643623383,0.0,
89390cb5adbffff,Planificado,0.6149123581929037,0.0,13.48642567940344,0.2544020951744121,0.24350830268583526,0.33174523570712133,0.18795274713027973,0.0,0.0,1.0,0.0,0.0,0.0,6.6970485650160265,0.0,3.9356358954990034,0.0,0.0,,,,,3.508252471415508,0.0,
89390cb56b3ffff,Planificado,0.605335477414273,0.0,9.927787061756856,0.3132081429473606,0.24350830268583526,0.33174523570712133,0.3643708904491252,0.0,0.0,0.0,0.0,0.0,0.0,5.1489082688144485,0.0,0.764942540521945,0.0,0.0,22667.0,2921.729940497474,10.028665401264357,7.9802733696343875,8.564009427128084,0.0,0.23391087280784312
89390ca2ca3ffff,Planificado,0.8319291841366414,0.0,10.598062845039811,0.482967420780861,0.6332330324306251,0.5307589434971581,0.28491028641479993,36.95868390353847,0.18181818181818182,0.36363636363636365,2.5992343495214847,9.239670975884618,0.0,4.686040893848601,0.0,1.8307990071533855,674.4959812395771,0.0,,,,,7.877303120757726,6.515447208070309,
89390cb5297ffff,Planificado,0.8053752835233149,0.0,9.542364316069218,0.35130391173520564,0.3213529477320851,0.33174523570712133,0.40081355176641037,0.0,0.0,0.5,0.6931471805599453,0.0,0.0,4.641325893985209,0.0,0.6512134255638997,0.0,0.0,,,,,8.048190394546438,0.0,
89390ca01dbffff,Planificado,0.7030017055008486,0.0,9.329347703931667,0.5695140978491029,0.5512649058285969,0.33174523570712133,0.8255321520115904,9.235076720841223,0.2,0.4,1.3321790402101223,0.0,0.0,0.473801759931987,1.0,0.5625367215282725,0.0,0.0,,,,,8.177396350193423,0.0,
89390ca246bffff,Planificado,0.5633453835054445,0.0,4.114882440283325,0.7542906497269587,0.7955533266466065,0.5547475760615179,0.9125710464727516,138.4459346568639,0.375,0.175,3.2206663314015156,0.0,1.0,0.49932510675437936,1.0,0.2568331046367331,101.52701874836686,27.689186931372777,22976.0,28315.836446514768,10.04220547184795,10.251211834170842,7.856408070884433,4.630126361387776,0.3319731044560491
89390cb1b6fffff,Espontáneo,0.05740218226480457,1.0,0.7997875573752775,0.8886009881496341,0.8310487016605372,0.9539451688398529,0.8808090939485123,359.7706258085905,0.23493975903614459,0.30120481927710846,3.8827011282632573,147.59820545993458,2.0,0.3169431184496851,1.0,0.42095220798664823,1485.2069424405918,36.899551364983644,20522.245621181264,28165.391977964813,9.929264729027134,10.245884772367997,9.018222221143509,7.303982476981865,0.5522844905704457
89390ca204fffff,Espontáneo,0.6231720524854881,1.0,4.499751256033956,0.5010494446301869,0.5909394851220328,0.33174523570712133,0.5804636130614065,18.46148798906373,0.11764705882352941,0.058823529411764705,2.313153678733634,0.0,0.0,1.303823457929183,0.0,0.5290770799839537,18.46148798906373,27.692231983595594,,,,,8.479767686718573,2.9684375378153023,
89390ca04bbffff,Planificado,0.528492287243333,0.0,6.202390517880116,0.5891099223596715,0.5527694193692186,0.5547475760615179,0.6598127716482781,9.23201617271187,0.16666666666666666,0.16666666666666666,1.5607104090414068,0.0,1.0,1.386760372438443,0.0,0.2419181227293331,27.69604851813561,0.0,12408.0,9541.072893605318,9.426096704856375,9.163466025284489,7.251769243748811,3.3567594309915716,0.8043683591125972
89390cb1337ffff,Espontáneo,0.2697339106753349,1.0,5.6170184951002895,0.2902503807719454,0.24350830268583526,0.33174523570712133,0.29549760392287977,0.0,0.0,0.0,0.0,0.0,0.0,3.9173842848350615,0.0,2.068305362204335,0.0,0.0,,,,,0.0,0.0,
89390ca33abffff,Planificado,0.5603049106031678,0.0,5.948409201868356,0.501662394591181,0.24350830268583526,0.5547475760615179,0.7067313050261896,0.0,0.0,0.0,0.0,0.0,1.0,1.1419735995880211,0.0,0.104394783461474,0.0,0.0,,,,,4.714397297398124,0.0,
89390ca2b73ffff,Espontáneo,0.22301729992947486,1.0,13.019239390569489,0.2640978491028641,0.24350830268583526,0.33174523570712133,0.2170400089156358,0.0,0.0,0.0,0.0,0.0,0.0,4.949142047980019,0.0,4.732850112378772,0.0,0.0,,,,,5.580549348832993,0.0,
89390cb2277ffff,Espontáneo,0.5780841669429109,1.0,13.917222327950606,0.29103049890411975,0.24350830268583526,0.33174523570712133,0.29783795831940263,0.0,0.0,0.0,0.0,0.0,0.0,8.3184662885754,0.0,0.8739375243601758,0.0,0.0,,,,,0.0,0.0,
89390cb1e5bffff,Espontáneo,0.22890673424320393,1.0,5.01205104267495,0.2911790928340577,0.24350830268583526,0.33174523570712133,0.29828374010921654,0.0,0.0,0.0,0.0,0.0,0.0,3.2428835530598983,0.0,2.607702807363073,0.0,0.0,,,,,0.0,0.0,
89390cba97bffff,Espontáneo,0.17535023466293198,1.0,4.388181263885139,0.9290092499721387,0.9389278947954977,0.8851554663991976,0.9629443887217208,829.6905835039857,0.4090909090909091,0.21818181818181817,4.08815719647427,212.03203800657414,1.0,0.10224370703466851,1.0,0.16842664531809728,82.96905835039857,46.09392130577699,11731.022982216142,41234.586138353916,9.369992148604998,10.62705690375001,6.89488955888738,4.4304483780132475,0.8161532759327048
89390ca233bffff,Planificado,0.6703882177276514,0.0,6.990102228534115,0.5278520747427468,0.24350830268583526,0.6557171514543632,0.6843307700880419,0.0,0.0,0.0,0.0,0.0,3.0,1.1322707283322115,0.0,0.23036156567984223,0.0,0.0,,,,,4.094805576424357,0.0,
89390cbab2bffff,Espontáneo,0.22745506483557607,1.0,5.895813723307238,0.3828801218470225,0.3213529477320851,0.33174523570712133,0.49554218210186113,0.0,0.0,0.0,0.6931471805599453,0.0,0.0,1.866927470141844,0.0,0.7096379628476679,0.0,0.0,,,,,6.59804163148432,0.0,
89390ca3697ffff,Espontáneo,0.13535194797577005,1.0,3.3439645667311573,0.6787213492328839,0.7362643486013596,0.5033433634236042,0.7965563356736878,92.20817835304425,0.3448275862068966,0.1724137931034483,2.823416998397393,9.220817835304425,0.0,0.36882677104768197,1.0,0.726675750243917,55.32490701182655,0.0,12267.452799567216,39223.8082041238,9.414704920356675,10.577064687955724,6.57404332024576,4.031136835395091,0.7819379406977033
89390ca038bffff,Espontáneo,0.5839925261322637,1.0,10.337728712540331,0.31591998216872835,0.24350830268583526,0.33174523570712133,0.37250640811322855,0.0,0.0,0.0,0.0,0.0,0.0,2.3460833370733774,0.0,1.70251613002706,0.0,0.0,,,,,8.085542850660271,0.0,
89390ca327bffff,Espontáneo,0.07757684438757297,1.0,6.987826137373262,0.7497213863813662,0.6890672016048144,0.8377632898696088,0.7223336676696755,64.5564639711235,0.3181818181818182,0.22727272727272727,2.536220969470581,18.444703991749574,2.0,1.0193299042341155,0.0,0.08019783126525638,0.0,0.0,17490.71875,26680.04319047564,9.769425662079653,10.19170859935796,6.206989015521201,0.0,0.3254069815534406
89390cb5453ffff,Transición,0.4535414695944348,,10.391265458637609,0.2986087893309558,0.24350830268583526,0.33174523570712133,0.32057282959991085,0.0,0.0,0.0,0.0,0.0,0.0,4.9345428155875455,0.0,1.1589111558202516,0.0,0.0,,,,,0.0,0.0,
89390cb09cfffff,Planificado,0.8592566941295215,0.0,9.095970977084647,0.5854786581968127,0.803465953415803,0.5227348712805082,0.43023514989412687,120.01994245742517,0.8125,0.0625,2.3933121229745242,9.232303265955784,0.0,2.7452685033627153,0.0,0.8123882571462727,0.0,0.0,17488.0,30855.038622080003,9.76927021041632,10.33708775157512,8.566190319476217,0.0,0.2801029724289703
89390ca2a43ffff,Planificado,0.7184670187688827,0.0,10.150315829812435,0.32301534232326606,0.24350830268583526,0.33174523570712133,0.3937924885768416,0.0,0.0,0.0,0.0,0.0,0.0,2.023222757096735,0.0,1.6450526514808161,0.0,0.0,,,,,6.683485181990577,0.0,
89390cb5037ffff,Espontáneo,0.44729589455736685,1.0,11.968210501199689,0.2906218655967903,0.24350830268583526,0.33174523570712133,0.2966120583974145,0.0,0.0,0.0,0.0,0.0,0.0,7.057290453137336,0.0,0.9705630483221591,0.0,0.0,,,,,7.157096858878754,0.0,
89390ca2627ffff,Planificado,0.5100187135533351,0.0,3.813116053565702,0.625106801887143,0.614510197258442,0.5547475760615179,0.7060626323414688,18.45945230871652,0.2857142857142857,0.2857142857142857,1.945910149055314,0.0,1.0,0.8221700593779049,0.0,0.27280757471401446,18.45945230871652,9.22972615435826,15639.0,17476.26293250425,9.657523073436215,9.768656054140477,9.099952431759569,2.968332931897075,0.5546335645045735
89390cb1d2bffff,Espontáneo,0.38576326075959216,1.0,4.501285103145723,0.7788922322523124,0.9260002228908949,0.5869274490137077,0.8237490248523348,747.2582150891656,0.39901477832512317,0.14285714285714285,3.9711707638514886,36.90164025131682,0.0,0.21188712265204074,1.0,0.6576735448337648,276.76230188487614,9.225410062829205,16361.180186321291,41000.770296346316,9.702666746083075,10.62137052271397,9.293768948133438,5.626765718753588,0.6152482863351778
89390cb188fffff,Planificado,0.8540507294815017,0.0,3.6315297029421054,0.39086704558118807,0.3346149559790483,0.33174523570712133,0.5062409450573945,0.0,0.0,0.0,1.0986122886681096,0.0,0.0,1.186005208543613,0.0,0.9562798437487918,0.0,0.0,,,,,6.46436499943598,0.0,
89390ca220bffff,Planificado,0.634529649189808,0.0,4.0820228402219785,0.6840985920725139,0.6247631784241613,0.5547475760615179,0.8727850217318623,36.91787635743364,0.09090909090909091,0.045454545454545456,2.7050304668025658,0.0,1.0,0.29095752551773024,1.0,0.4564377805740451,27.68840726807523,0.0,15048.945878434637,8713.14749726636,9.619063226423991,9.072703133004914,7.606677933812753,3.35649311322308,0.6787242404068362
89390cbae17ffff,Espontáneo,0.1316175040287827,1.0,8.200815044916471,0.31855752442512725,0.24350830268583526,0.33174523570712133,0.38041903488242507,0.0,0.0,0.0,0.0,0.0,0.0,2.564864556091222,0.0,1.3940684789330737,0.0,0.0,,,,,0.0,0.0,
89390cbad97ffff,Espontáneo,0.23952285986194957,1.0,5.039293682972251,0.29292507151082875,0.24350830268583526,0.33174523570712133,0.3035216761395297,0.0,0.0,0.0,0.0,0.0,0.0,3.1984199840531575,0.0,2.504740911599805,0.0,0.0,,,,,0.0,0.0,
89390ca218bffff,Planificado,0.7873967220803215,0.0,7.1869080235747935,0.5752256770310934,0.628217987295219,0.5957873620862588,0.5016716817118021,27.70370953083033,0.05357142857142857,0.5,2.8897215560429204,36.93827937444044,0.0,2.53691329549819,0.0,0.5383901008276725,110.81483812332132,0.0,,,,,8.00264753098481,4.7168442721588235,
89390cb190fffff,Planificado,0.9392556265333109,0.0,2.970653374784532,0.7322523124930346,0.6170734425498718,0.8251420929455031,0.754541401983729,18.452842621510566,0.09090909090909091,0.4090909090909091,2.8782183066708513,46.13210655377641,1.0,0.734656706412669,0.0,0.07702814124249609,46.13210655377641,0.0,,,,,8.959732171018572,3.8529544366008177,
89390ca0677ffff,Espontáneo,0.6152867576089177,1.0,7.7808198086535745,0.3321538690144507,0.24350830268583526,0.33174523570712133,0.4212080686503956,0.0,0.0,0.0,0.0,0.0,0.0,2.1653843224358313,0.0,1.1170205408913105,0.0,0.0,,,,,5.975741680436142,0.0,
89390ca3567ffff,Planificado,0.7668119930982789,0.0,3.1375852564739817,0.5758386269920873,0.5592332553215201,0.5117017719826145,0.6565808536721275,9.226923117702466,0.14285714285714285,0.42857142857142855,1.945910149055314,9.226923117702466,0.0,0.6395062474608838,0.0,0.5065582471646033,0.0,0.0,,,,,6.564899543446662,0.0,
89390ca314bffff,Planificado,0.6654692258231422,0.0,5.0019107689512365,0.6360005943757198,0.34536944165830824,0.630558341691742,0.932073999777109,0.0,0.0,0.25,1.3862943611198906,0.0,2.0,0.35852222616596086,1.0,0.2372140376819884,0.0,0.0,,,,,2.955500766043519,0.0,
89390ca15b7ffff,Espontáneo,0.6044599451478315,1.0,7.9958658848008115,0.30161781641219954,0.24350830268583526,0.33174523570712133,0.32959991084364204,0.0,0.0,0.0,0.0,0.0,0.0,3.06013267212244,0.0,1.9919420493791238,0.0,0.0,,,,,0.0,0.0,
89390cb0cbbffff,Planificado,0.8403954571251065,0.0,10.482128993634088,0.5977376574166945,0.8453137189345815,0.5730524908057506,0.3748467625097515,175.3415303168405,0.4222222222222222,0.15555555555555556,3.4137285204154804,27.685504786869554,0.0,3.4019241269317684,0.0,1.0411915749928784,9.228501595623186,0.0,24319.0,16962.008169838315,10.099013216813665,9.738790262122578,7.387006702026521,2.3251780976444376,0.22597159787377527
89390ca119bffff,Espontáneo,0.12468363877868457,1.0,9.96483282154275,0.26822133065864256,0.24350830268583526,0.33174523570712133,0.2294104535829711,0.0,0.0,0.0,0.0,0.0,0.0,4.907382760329117,0.0,3.669495920400504,0.0,0.0,,,,,0.0,0.0,
89390cb0483ffff,Espontáneo,0.18667002308115607,1.0,13.111295180929444,0.4207529997399606,0.24350830268583526,0.5547475760615179,0.46400312047252873,0.0,0.0,0.0,0.0,0.0,1.0,7.438176793667687,0.0,0.23495742788078616,0.0,0.0,,,,,8.24595854899677,0.0,
89390cb0067ffff,Espontáneo,0.35748626173229203,1.0,8.682630430484211,0.33650024146513613,0.24350830268583526,0.33174523570712133,0.4342471860024519,0.0,0.0,0.0,0.0,0.0,0.0,2.9328543712086605,0.0,0.7508042136380033,0.0,0.0,,,,,0.0,0.0,
89390ca20dbffff,Planificado,0.8829642234335378,0.0,3.9168373401141485,0.8598294884653962,0.7578847654073332,0.8737044466733535,0.9478992533155021,110.75672920657207,0.3076923076923077,0.1794871794871795,3.2457223061335454,27.68918230164302,2.0,0.4933527643445676,1.0,0.0660568317603682,36.918909735524025,18.459454867762012,19033.468537414967,19572.04466355799,9.853954210492704,9.881908626396308,8.93314461627217,3.6354499252731673,0.42651943993669394
89390ca0547ffff,Espontáneo,0.3606830663770006,1.0,8.330944656276582,0.4013614918830566,0.24350830268583526,0.33174523570712133,0.6288309372562131,0.0,0.0,0.0,0.0,0.0,0.0,0.8297744217900155,0.0,0.5252199463509055,0.0,0.0,,,,,0.0,0.0,
89390cb1cabffff,Planificado,0.5950089662708998,0.0,5.638485847372737,0.3427411865225305,0.24350830268583526,0.33174523570712133,0.452970021174635,0.0,0.0,0.0,0.0,0.0,0.0,1.5453581268336032,0.0,1.2024346595240638,0.0,0.0,,,,,0.0,0.0,
89390cba8cbffff,Planificado,0.7608470793468646,0.0,7.068924282612883,0.3478305286229057,0.24350830268583526,0.33174523570712133,0.4682380474757606,0.0,0.0,0.0,0.0,0.0,0.0,1.5822698309777612,0.0,1.006046467445766,0.0,0.0,,,,,7.629778969298095,0.0,
89390cb5e47ffff,Planificado,0.5603830880545119,0.0,13.289715300088288,0.25937999182733384,0.24350830268583526,0.33174523570712133,0.20288643708904494,0.0,0.0,0.0,0.0,0.0,0.0,7.150930899491051,0.0,2.676767239211123,0.0,0.0,,,,,6.799819966205016,0.0,
89390ca3437ffff,Planificado,0.7412815181909357,0.0,1.5473486406605748,0.8634236041457707,0.8506631004123482,0.8632564359745905,0.8763512760503733,415.08557854200797,0.2848101265822785,0.17088607594936708,3.8677856522456526,101.46536364360195,1.0,0.2771765388244205,1.0,0.4470474366701888,193.70660331960372,36.89649587040071,20208.365412329866,55146.27845203577,9.913851926984677,10.917762675359471,10.000011270094078,5.271493827157966,0.3825250740488034
89390ca25a7ffff,Espontáneo,0.30697659710758546,1.0,8.028989592308125,0.7592685463798804,0.8318288197927114,0.9156636576395855,0.5303131617073443,193.93148059814362,0.40384615384615385,0.17307692307692307,3.294605067511491,55.40899445661246,2.0,3.1374107453205893,0.0,0.35664968182493,18.46966481887082,0.0,,,,,7.5687283734536495,2.968857603975052,
89390ca012bffff,Espontáneo,0.36613681032749285,1.0,11.419253105064517,0.3021378951669824,0.24350830268583526,0.33174523570712133,0.33116014710799063,0.0,0.0,0.0,0.0,0.0,0.0,2.468756907883161,0.0,2.597158582397627,0.0,0.0,,,,,6.926815649213627,0.0,
89390cb8d37ffff,Espontáneo,0.12073071022772318,1.0,6.408840137660647,0.48461124113079984,0.24350830268583526,0.5547475760615179,0.6555778446450463,0.0,0.0,0.0,0.0,0.0,1.0,1.2226652675578213,0.0,0.30469634266951395,0.0,0.0,,,,,0.0,0.0,
89390cb0533ffff,Espontáneo,0.40842233096664693,1.0,11.6506505037102,0.2653237490248523,0.24350830268583526,0.33174523570712133,0.22071770868160037,0.0,0.0,0.0,0.0,0.0,0.0,5.695479267032778,0.0,3.0127299182829717,0.0,0.0,,,,,0.0,0.0,
89390ca301bffff,Espontáneo,0.3777177313491388,1.0,3.749223597523115,0.6951595527322709,0.8108770756714588,0.6400869274490137,0.6345146550763401,175.25354183904074,0.3333333333333333,0.2807017543859649,3.518189771286566,101.46257685418149,0.0,0.6986150898396827,0.0,0.5639647179763347,101.46257685418149,9.223870623107407,,,,,7.826684581261427,4.629497628050177,
89390cb891bffff,Planificado,0.7433423693127649,0.0,8.536576921695954,0.41510643040231804,0.385712693636465,0.33174523570712133,0.5278613618633679,0.0,0.0,0.09090909090909091,2.3471808293178684,0.0,0.0,0.939350750279204,0.0,0.987857392101141,0.0,0.0,,,,,4.298518098228652,0.0,
89390ca1487ffff,Transición,0.4920199672946841,,7.210347819809138,0.627010661614473,0.8429176418143319,0.5695419592109663,0.468572383818121,175.26819484576663,0.5588235294117647,0.29411764705882354,2.9401437834560737,27.67392550196315,0.0,2.4791400916036364,0.0,0.682939431039298,27.67392550196315,0.0,11500.0,34661.991993451105,9.350102314351341,10.453427883648073,5.670712403112418,3.355988190716605,
89390cb560fffff,Transición,0.4784867392501922,,8.934215221394465,0.3747260299416768,0.34536944165830824,0.33174523570712133,0.44706341245960096,0.0,0.0,0.75,1.3862943611198906,0.0,0.0,4.190918673211265,0.0,0.5221491485935349,0.0,0.0,,,,,8.253990546378658,0.0,
89390cb0b8bffff,Espontáneo,0.41381824528184075,1.0,7.332285115940414,0.48013484899141873,0.3346149559790483,0.5547475760615179,0.55104201493369,0.0,0.0,0.3333333333333333,1.0986122886681096,0.0,1.0,2.081426481759775,0.0,0.44655747486075403,36.924077780550405,0.0,11655.0,23346.279949407202,9.363490551469857,10.058235765922097,7.37366497553563,3.635586208012116,0.8102288988735138
89390ca7683ffff,Espontáneo,0.1568738799922044,1.0,14.766754054267302,0.2496842378988818,0.24350830268583526,0.33174523570712133,0.17379917530368885,0.0,0.0,0.0,0.0,0.0,0.0,6.809454961097608,0.0,6.587855018434271,0.0,0.0,,,,,0.0,0.0,
89390ca23c7ffff,Planificado,0.49981527681861204,0.0,5.8327355434927535,0.46607414837103905,0.24350830268583526,0.5547475760615179,0.599966566365764,0.0,0.0,0.0,0.0,0.0,1.0,1.3389550692231593,0.0,0.4529743003871274,0.0,0.0,,,,,9.67029135188421,0.0,
89390cb1acbffff,Planificado,0.6045409890718363,0.0,3.342677265228315,0.37376016939708007,0.24350830268583526,0.33174523570712133,0.5460269697982837,0.0,0.0,0.0,0.0,0.0,0.0,1.389546843710889,0.0,0.6348120429673354,0.0,0.0,,,,,4.544051741483585,0.0,
89390cbabb7ffff,Espontáneo,0.12382581603944703,1.0,4.710507772936768,0.835432222593707,0.7751588097626212,0.7876964226011367,0.9434414354173631,138.2779554008808,0.25862068965517243,0.13793103448275862,3.6078142807722324,27.655591080176166,1.0,0.35290989516869403,1.0,0.18970514915761647,18.437060720117444,0.0,11893.0,45273.340826920146,9.383705270727246,10.720495723328566,8.967096179467148,2.967181590075972,0.7116271452642914
89390ca0417ffff,Planificado,0.5812816811912515,0.0,6.222275285239885,0.6529403023886474,0.5638025186671124,0.7438983617519224,0.6511200267469074,9.231761569853507,0.14285714285714285,0.2857142857142857,1.945910149055314,9.231761569853507,1.0,1.5825061817057473,0.0,0.21060802845985618,0.0,0.0,11443.0,43889.27177454903,9.345133468317714,10.689447974837842,6.911753692295786,0.0,0.6231795522872883
89390ca3307ffff,Transición,0.5347973866294495,,6.195942442606741,0.46941751179464325,0.24350830268583526,0.5547475760615179,0.6099966566365764,0.0,0.0,0.0,0.0,0.0,1.0,1.4793753083113028,0.0,0.3787557333775745,0.0,0.0,,,,,4.313404806125232,0.0,
89390cb0e77ffff,Planificado,0.8891724760841643,0.0,6.8347403739406785,0.6466622088487685,0.8220216204168059,0.5115346038114343,0.6064304023180653,138.4004136400876,0.5,0.06666666666666667,2.967867468534036,9.226694242672506,0.0,1.1098285482758965,0.0,0.501577189069571,0.0,0.0,26609.0,37756.06781296737,10.189004783408398,10.538927963985987,6.51856985778627,0.0,0.09479972487366459
89390cb0a5bffff,Planificado,0.886839780353149,0.0,4.68098763751778,0.8844682194732346,0.7995096400312048,0.9466733533935139,0.907221664994985,230.66070926562605,0.25252525252525254,0.31313131313131315,3.6126728159252286,64.58499859437529,3.0,0.48884392562081624,1.0,0.2818736441597513,350.6042780837516,36.90571348250017,25109.279134295226,45229.84419666513,10.13099274342792,10.719534526827116,7.771618425824212,5.862506333210695,0.3068122311316502
89390ca2acfffff,Planificado,0.5821609854484008,0.0,9.894153522673465,0.32268100598090566,0.24350830268583526,0.33174523570712133,0.3927894795497604,0.0,0.0,0.0,0.0,0.0,0.0,1.943902116075709,0.0,1.7386098927542022,0.0,0.0,,,,,8.033528940116987,0.0,
89390cb50c3ffff,Transición,0.47966386032492997,,10.436711320736729,0.2785486087893309,0.24350830268583526,0.33174523570712133,0.2603922879750362,0.0,0.0,0.0,0.0,0.0,0.0,5.637010794742575,0.0,1.8878962854172698,0.0,0.0,,,,,2.44475873787522,0.0,
89390ca26b3ffff,Planificado,0.35458847643724545,0.0,3.4888974033071665,0.7999925703035031,0.9254429956536275,0.6033099297893681,0.8712247854675136,710.6106859648751,0.38308457711442784,0.17412935323383086,4.082247771218054,46.1435510366802,0.0,0.05655222208532661,1.0,0.4999463800160221,406.06324912278575,18.45742041467208,23646.876773049644,32273.782183692914,10.070986324863178,10.382041466929651,7.761624516752975,6.008968576618849,0.37858802959766724
89390cb1db7ffff,Espontáneo,0.19332944116654735,1.0,6.076324661602646,0.7193060663471896,0.7954418811991529,0.630558341691742,0.7319179761506742,119.93373928218728,0.38235294117647056,0.11764705882352941,3.2409469796797143,0.0,2.0,0.9057733897652849,0.0,0.09996740888576833,83.03105027228351,0.0,13619.0,39670.09926711919,9.519221155568957,10.588378223412308,5.653518127529771,4.431186376639639,0.7521273080236199
89390cb094fffff,Espontáneo,0.4937580717107239,1.0,8.481587927965528,0.46848879973253094,0.24350830268583526,0.5547475760615179,0.6072105204502396,0.0,0.0,0.0,0.0,0.0,1.0,2.8840005640225046,0.0,0.03223243486290537,9.232552266783419,0.0,15511.0,10084.563694105247,9.64930472862475,9.218860343135182,8.231782542173633,2.3255740372905955,0.5834065797443958
89390cb0223ffff,Planificado,0.7305974885032663,0.0,7.408592951530383,0.3407723169508525,0.24350830268583526,0.33174523570712133,0.44706341245960096,0.0,0.0,0.0,0.0,0.0,0.0,2.5002169688811096,0.0,0.7766114254093891,0.0,0.0,,,,,7.110290177462443,0.0,
89390cb53d3ffff,Planificado,0.8381731387902978,0.0,10.583208952060607,0.4085497232438055,0.5726624317396635,0.33174523570712133,0.32124150228463166,9.238913610288675,0.25,0.0,1.3862943611198906,0.0,0.0,5.662852555862096,0.0,0.9747143547562482,0.0,0.0,26208.0,23913.3067932473,10.173819986652797,10.08223216941987,7.488654550662703,0.0,0.10531313801859388
89390cb199bffff,Espontáneo,0.4243493247638278,1.0,3.8867599631013836,0.8862977822355957,0.8891675025075226,0.8855733868271481,0.8841524573721163,470.49578151053294,0.36428571428571427,0.18571428571428572,3.833866001305494,36.90162992239474,2.0,0.19310960434468233,1.0,0.437969511590225,608.8768937195132,55.352444883592106,16573.63408939293,50412.25967012154,9.715568403778585,10.828009508150586,5.942635119753109,6.413257123225689,0.6955952804207088
89390cbaa87ffff,Espontáneo,0.205563166774596,1.0,7.441869866337732,0.5429343586314499,0.6823804747576062,0.33174523570712133,0.6146773654296223,46.06978943694109,0.3125,0.1875,2.685945324669788,0.0,0.0,0.6847412540956496,0.0,0.6467133368633762,0.0,0.0,13537.620323325635,23290.105871324686,9.513227779419378,10.055826844418561,7.215949873831058,0.0,0.5222590929044513
89390ca31d7ffff,Transición,0.4997576908218151,,3.6570735508239163,0.4305787733571084,0.3213529477320851,0.33174523570712133,0.6386381366321187,0.0,0.0,0.0,0.6931471805599453,0.0,0.0,0.7553824029913699,0.0,0.5247803168448911,0.0,0.0,,,,,9.049672121779224,0.0,
89390cb0d47ffff,Planificado,0.6593561932931656,0.0,9.958160333746935,0.44644117537798583,0.6426501727404436,0.33174523570712133,0.36492811768639255,9.231039900824175,0.5,0.0,0.6931471805599453,0.0,0.0,2.81023439233947,0.0,1.48409072867228,9.231039900824175,0.0,21903.0,2515.6750754438244,9.994378892724196,7.830693894805336,8.2308647855435,2.325426226881787,0.39033006432921186
89390ca2dbbffff,Planificado,0.5623688312588291,0.0,12.65385796017599,0.30005758014785094,0.3629778223559567,0.33174523570712133,0.20544968238047476,0.0,0.0,0.1111111111111111,1.8310204811135162,0.0,0.0,6.157522753696413,0.0,3.313355971151309,0.0,0.0,,,,,3.483800014498524,0.0,
89390cb53afffff,Planificado,0.6983342931265445,0.0,12.3064351270821,0.45981462907240234,0.781956982057283,0.33174523570712133,0.26574166945280286,120.14235737672668,0.38235294117647056,0.4117647058823529,3.031684571568738,0.0,0.0,7.01620382756724,0.0,1.3134814141665982,0.0,0.0,,,,,5.37136610475797,0.0,
89390cb092bffff,Planificado,0.6466126148681155,0.0,9.546467679356978,0.4364296593484156,0.24350830268583526,0.5547475760615179,0.5110330992978936,0.0,0.0,0.0,0.0,0.0,1.0,4.0669441720103965,0.0,0.31910919750737377,0.0,0.0,,,,,7.632596417228259,0.0,
89390cb050fffff,Espontáneo,0.26322415554671563,1.0,11.366160946790103,0.2681470336936736,0.24350830268583526,0.33174523570712133,0.2291875626880642,0.0,0.0,1.0,0.0,0.0,0.0,5.413179303469456,0.0,2.913429356539958,0.0,0.0,,,,,0.0,0.0,
89390ca2583ffff,Espontáneo,0.244618412720726,1.0,7.12171321133674,0.3251699543073665,0.24350830268583526,0.33174523570712133,0.400256324529143,0.0,0.0,0.0,0.0,0.0,0.0,2.4611968300948472,0.0,1.181443165794855,0.0,0.0,,,,,7.322840178491504,0.0,
89390ca2167ffff,Planificado,0.8959372912279436,0.0,7.945054091345836,0.574148371039043,0.69085032876407,0.5600133734536944,0.4715814108993648,73.88672901916118,0.24242424242424243,0.15151515151515152,2.8848699633253068,18.471682254790295,0.0,2.18414055070087,0.0,0.735459743186964,9.235841127395148,0.0,17470.404128028717,25041.301499195954,9.768263535546792,10.128321733897488,8.202093269690529,2.3258953972113963,0.4244999750721826
89390cbad73ffff,Espontáneo,0.3211835824150151,1.0,4.657778756272117,0.3256900330621494,0.24350830268583526,0.33174523570712133,0.4018165607934916,0.0,0.0,0.0,0.0,0.0,0.0,2.692689073300052,0.0,1.0407607044716385,0.0,0.0,,,,,0.0,0.0,
89390cb186bffff,Planificado,0.9542731885953742,0.0,1.901674024436251,0.9053642408707604,0.8420818009584309,0.9836175192243397,0.8903934024295107,387.34926638855876,0.22826086956521738,0.266304347826087,4.059889918463991,184.45203161359942,3.0,0.46750300057182426,1.0,0.3412385051673437,92.22601580679971,0.0,34765.0,36580.91822705667,10.456366412533118,10.507309359800605,6.76776815523467,4.535026822297285,0.10840692098264265
89390ca05d3ffff,Planificado,0.864955584524473,0.0,7.116039309473719,0.7868420075039935,0.894572606709016,0.8594115680374457,0.6065418477655188,304.706982902824,0.4782608695652174,0.15942028985507245,3.4954950225791563,83.1019044280429,1.0,1.4561051659761537,0.0,0.4004836855748993,0.0,0.0,18037.0,15239.551729401284,9.8001804826702,9.631715031301955,7.619802847550955,0.0,0.310638734939517
89390cba957ffff,Espontáneo,0.1095038667556054,1.0,4.376468259456858,0.7619339499981427,0.8542293547308594,0.7238381812102975,0.7077343140532709,304.2030977962337,0.28695652173913044,0.22608695652173913,4.049975381934122,9.218275690794961,1.0,0.8140044686700009,0.0,0.27124600187440717,18.436551381589922,0.0,9919.724137931034,65857.05127732815,9.202280391215943,11.095256966627248,7.422671108265535,2.9671553852290327,0.8228632498946169
89390ca1d4bffff,Espontáneo,0.07814981484612994,1.0,13.716085008290307,0.25425350124447416,0.24350830268583526,0.33174523570712133,0.18750696534046585,0.0,0.0,0.0,0.0,0.0,0.0,6.12510874873203,0.0,5.431996500036192,0.0,0.0,,,,,0.0,0.0,
89390cb0d6bffff,Espontáneo,0.4196345418104823,1.0,9.582321972543705,0.31450833983431775,0.24350830268583526,0.33174523570712133,0.3682714811099966,0.0,0.0,0.0,0.0,0.0,0.0,2.64205912582065,0.0,1.5439107008104647,0.0,0.0,,,,,6.7918357396284605,0.0,
89390ca34c3ffff,Espontáneo,0.6022116043229595,1.0,2.25782287146637,0.7378245848657082,0.8523347821241503,0.7271815446339016,0.6339574278390728,165.98387209221414,0.6666666666666666,0.1111111111111111,3.019736127138996,9.22132622734523,1.0,1.0114342980972844,0.0,0.44194151603168097,101.43458850079753,36.88530490938092,17014.0,29098.24839652139,9.74179181353583,10.278467624527794,6.071262978443929,4.629224433899251,0.6070041885684524
89390cb764bffff,Transición,0.5414712470084336,,11.946671494671957,0.2754652847431182,0.24350830268583526,0.33174523570712133,0.25114231583639807,0.0,0.0,0.0,0.0,0.0,0.0,4.740621712759859,0.0,2.6971102655884365,0.0,0.0,,,,,5.805764068065531,0.0,
89390cb2bc7ffff,Planificado,0.8041960661167887,0.0,12.3877832071096,0.2693357851331773,0.24350830268583526,0.33174523570712133,0.2327538170065753,0.0,0.0,0.0,0.0,0.0,0.0,5.301943316970899,0.0,2.8913721790283224,0.0,0.0,,,,,8.439021329468432,0.0,
89390cb1033ffff,Espontáneo,0.2595299642601356,1.0,8.153763881778751,0.31049630372599274,0.24350830268583526,0.33174523570712133,0.35623537278502176,0.0,0.0,0.0,0.0,0.0,0.0,6.1565146823517924,0.0,0.6993047012731664,9.214731786044267,0.0,28483.0,9235.586070393254,10.257062697057004,9.130927623462638,5.520334364216422,2.3238309710520597,0.18760645861166977
89390ca30a7ffff,Planificado,0.4571218039618154,0.0,3.3484148835999776,0.4774044355288087,0.24350830268583526,0.5547475760615179,0.6339574278390728,0.0,0.0,0.0,0.0,0.0,1.0,1.3668225095229383,0.0,0.3315789361764817,0.0,0.0,27360.0,4296.808094781616,10.216837371736487,8.365860426317676,10.00249770448382,0.0,0.1113633244122764
89390cb722fffff,Planificado,0.6104186545553567,0.0,12.193418158770335,0.26472937330510043,0.24350830268583526,0.33174523570712133,0.2189345815223448,0.0,0.0,1.0,0.0,0.0,0.0,6.006112527825003,0.0,2.8169292969711575,0.0,0.0,,,,,4.714397297398124,0.0,
89390cb89a7ffff,Espontáneo,0.3913083776898519,1.0,7.60739955073711,0.497204576693042,0.5487573832608937,0.33174523570712133,0.611111111111111,9.222354261689357,0.02040816326530612,0.04081632653061224,1.9862225765922719,0.0,0.0,0.9438490337924618,0.0,0.5492261500703773,0.0,0.0,,,,,0.0,0.0,
89390cb569bffff,Planificado,0.6849209985045366,0.0,9.124096915079484,0.44018165607934917,0.24350830268583526,0.5547475760615179,0.5222890894906943,0.0,0.0,0.0,0.0,0.0,1.0,4.125604693786869,0.0,0.2779125105255363,0.0,0.0,,,,,9.071761584396365,0.0,
89390cb0c17ffff,Espontáneo,0.4158544352510158,1.0,10.133276924321457,0.33037074185519516,0.24350830268583526,0.33174523570712133,0.415858687172629,0.0,0.0,0.0,0.0,0.0,0.0,3.0879921352787223,0.0,0.8194496200788927,0.0,0.0,,,,,8.041012977385245,0.0,
89390ca2c8bffff,Planificado,0.618130159146824,0.0,9.572042497705844,0.3049611798358037,0.24350830268583526,0.33174523570712133,0.33963000111445446,0.0,0.0,0.0,0.0,0.0,0.0,4.145987242542323,0.0,1.1638953381348223,0.0,0.0,,,,,6.336449464716065,0.0,
89390cb858bffff,Transición,0.5374101244284131,,10.311713710364147,0.2884301051302054,0.24350830268583526,0.33174523570712133,0.2900367769976597,0.0,0.0,0.0,0.0,0.0,0.0,3.598995896355559,0.0,2.480528359849923,0.0,0.0,,,,,0.0,0.0,
89390ca286fffff,Espontáneo,0.09247681175610158,1.0,11.735740099014752,0.2797745087113191,0.24350830268583526,0.33174523570712133,0.26406998774100077,0.0,0.0,0.0,0.0,0.0,0.0,3.714362902284658,0.0,3.5277483318700167,0.0,0.0,,,,,7.899591002386038,0.0,
89390ca2453ffff,Planificado,0.5675332732544851,0.0,3.873264362191253,0.7371559121809873,0.8758497715368327,0.5727181544633901,0.7628998105427393,526.022122459306,0.2864321608040201,0.1507537688442211,4.233962372152143,27.68537486627927,0.0,0.2621857232964136,1.0,1.0109218123465749,313.7675818178317,36.91383315503902,19735.784901365707,53957.83809602616,9.89018875935398,10.895976777399463,8.29190646232902,5.751834530992107,0.4684640968868252
89390cb1b57ffff,Espontáneo,0.13590245367422546,1.0,0.48102156862376855,0.8353022029050111,0.8465396188565696,0.9906385824139083,0.6687284074445558,885.4672130402657,0.24742268041237114,0.3015463917525773,3.7489256360252092,350.49743849510514,3.0,0.6666336908559692,0.0,0.45182881932320207,2490.376536675747,27.670850407508304,21810.0,22926.72834680703,9.990123859195675,10.040102301899676,9.22692615777658,7.8205906626809645,0.5412215254534557
89390ca2037ffff,Espontáneo,0.15608375401869184,1.0,6.074526612943612,0.6084364203722278,0.8053048032987853,0.5570043463724507,0.46300011144544745,156.96166142555566,0.3695652173913043,0.21739130434782608,3.282190340612316,18.466077814771253,0.0,1.785037193805695,0.0,0.9339519510645997,18.466077814771253,0.0,11950.046556367834,31239.543319607365,9.38849045328243,10.349471995595197,9.04223986108812,2.9686733514673516,0.7287166114379808
89390c849a7ffff,Planificado,0.625790318080269,0.0,12.491441730469155,0.24615513206285522,0.24350830268583526,0.33174523570712133,0.16321185779560907,0.0,0.0,0.0,0.0,0.0,0.0,9.578334962444485,0.0,4.249427444804808,0.0,0.0,,,,,0.0,0.0,
89390ca04a3ffff,Planificado,0.5290973549800788,0.0,6.502917167116966,0.4718321631561351,0.24350830268583526,0.5547475760615179,0.6172406107210521,0.0,0.0,0.0,0.0,0.0,1.0,1.6061294258666479,0.0,0.3271260258069803,0.0,0.0,19724.0,3186.917189381655,9.889591447344017,8.067123063845521,8.428843669909151,0.0,0.320299296247136
89390cba827ffff,Planificado,0.7437235798836048,0.0,5.010152934378267,0.6460492588877744,0.7870834726401427,0.6185222333667669,0.5325420706564137,184.34518498311948,0.23255813953488372,0.3023255813953488,3.7198093322444454,64.52081474409182,0.0,1.3145542648768689,0.0,0.7224710206529292,18.43451849831195,9.217259249155974,14727.976019184653,38066.36858768492,9.597504094665027,10.547112726622107,6.384596761163814,2.967050789019764,0.6084387401443834
89390cb1187ffff,Espontáneo,0.7099691196734033,1.0,7.49683386438657,0.46871169062743784,0.34536944165830824,0.5547475760615179,0.5060180541624875,0.0,0.0,0.75,1.3862943611198906,0.0,1.0,4.194379104367061,0.0,0.32232964114193235,9.217531558427904,0.0,,,,,7.76191992226065,2.3241050251158666,
89390ca3393ffff,Transición,0.5140056794576422,,4.805054406431527,0.4736524387978751,0.24350830268583526,0.5547475760615179,0.6227014376462722,0.0,0.0,0.0,0.0,0.0,1.0,1.0110724416021297,0.0,0.48144053755589394,0.0,0.0,,,,,8.0366226379643,0.0,
89390ca0087ffff,Espontáneo,0.36610995778604444,1.0,8.124734138042426,0.82983208885917,0.8748467625097515,0.8770478100969575,0.7376016939708013,230.838666022464,0.5,0.1,3.3261103723543166,27.70063992269568,2.0,0.6026673738420323,0.0,0.2524327191241512,9.23354664089856,0.0,10462.071942446044,30994.553141984015,9.255511800454997,10.341599026145,7.798965288813479,2.325671210095282,0.8014179637195649
89390cb8c93ffff,Espontáneo,0.3138344999629582,1.0,7.77065381715372,0.5418663397600209,0.597849102864148,0.49699097291875627,0.5307589434971581,18.429953719179537,0.2222222222222222,0.2222222222222222,2.1972245773362196,9.214976859589768,0.0,1.7065825700366328,0.0,0.6044873428515233,0.0,0.0,16418.016954899966,13089.151020081625,9.706134605609588,9.479615395894815,6.12738417501468,0.0,0.4214654787239181
89390cb514fffff,Transición,0.5499943311491929,,12.415529952227487,0.40856829748504775,0.24350830268583526,0.5547475760615179,0.42744901370779004,0.0,0.0,0.0,0.0,0.0,1.0,7.493742398185276,0.0,0.35701561195809806,0.0,0.0,,,,,6.128591185317413,0.0,
89390cb1e43ffff,Espontáneo,0.42492430262329545,1.0,4.704996587862057,0.2985716408484713,0.24350830268583526,0.33174523570712133,0.32046138415245734,0.0,0.0,0.0,0.0,0.0,0.0,2.9821357199729874,0.0,2.278471165041084,0.0,0.0,,,,,0.0,0.0,
89390cb02afffff,Espontáneo,0.23619142039690602,1.0,8.000345483321672,0.3515453768713548,0.24350830268583526,0.33174523570712133,0.47938259222110774,0.0,0.0,0.0,0.0,0.0,0.0,2.809378545906674,0.0,0.5763193194475068,0.0,0.0,,,,,7.462099236081495,0.0,
89390ca2323ffff,Planificado,0.6364229360654735,0.0,7.323137922199946,0.5455347524053642,0.24350830268583526,0.6557171514543632,0.7373788030758943,0.0,0.0,0.0,0.0,0.0,3.0,0.8596517559873134,0.0,0.0887120136367206,0.0,0.0,9933.0,1047.6576423778745,9.203617826215355,6.955266189424727,8.862168171778052,0.0,0.8601208639960339
89390cb1a27ffff,Espontáneo,0.6053813291230856,1.0,1.0870603386559377,0.6667966863553624,0.5845870946171848,0.6641591440989636,0.7516438203499387,9.222599242430814,0.3333333333333333,0.3333333333333333,1.0986122886681096,0.0,10.0,0.7076877668188457,0.0,0.12553281034093883,9.222599242430814,0.0,,,,,8.123557486864511,2.3246008814443915,
89390cbab13ffff,Espontáneo,0.12501909714159645,1.0,5.91637528231264,0.7744994241985216,0.8699431628217987,0.833082581076563,0.6204725286972027,239.64216923868787,0.4126984126984127,0.1111111111111111,3.6330166018681505,18.434013018360606,2.0,1.4830964017859365,0.0,0.3500416642100199,0.0,0.0,15375.0,23554.8857388183,9.640498092674719,10.067130993433674,8.973099444859173,0.0,0.3793481045287365
89390ca0373ffff,Espontáneo,0.18044897492890824,1.0,11.506190775307973,0.28408373267952003,0.24350830268583526,0.33174523570712133,0.27699765964560347,0.0,0.0,0.0,0.0,0.0,0.0,3.5961522295590718,0.0,2.965374178011104,0.0,0.0,,,,,0.0,0.0,
89390ca3617ffff,Planificado,0.6652690481661403,0.0,4.0010891520732645,0.4774044355288087,0.24350830268583526,0.5547475760615179,0.6339574278390728,0.0,0.0,0.0,0.0,0.0,1.0,1.2926873980541225,0.0,0.3546593653610032,0.0,0.0,,,,,7.839892815452118,0.0,
89390ca3263ffff,Espontáneo,0.18310993209221196,1.0,6.937675164402432,0.8494279133697389,0.943274267246183,0.915329321297225,0.6896801515658085,608.7087949657094,0.66,0.07,3.5566159932463437,36.891442119133906,4.0,1.3396668904063422,0.0,0.10222938741414721,0.0,0.0,11711.770616770616,35032.33248244759,9.368349650692581,10.464055243909042,7.265048445508271,0.0,0.6131761949707684
89390cb0dd3ffff,Planificado,0.8807268059606904,0.0,10.814093072923741,0.5537724283963,0.6613172851889001,0.6501170177198261,0.34988298228017384,83.07027407513934,0.28125,0.59375,1.9543623204316287,119.99039588631237,0.0,3.580795925038879,0.0,1.2659310633799963,0.0,0.0,,,,,8.268562904971386,0.0,
89390ca2e47ffff,Espontáneo,0.2974150491123575,1.0,8.571387123183047,0.527647758089082,0.3346149559790483,0.5547475760615179,0.69358074222668,0.0,0.0,0.0,1.0986122886681096,0.0,1.0,0.6591255853980628,0.0,0.3703979082474604,0.0,0.0,,,,,4.546190891561491,0.0,
89390cb543bffff,Espontáneo,0.3776461597076764,1.0,11.455814984265128,0.49888554552546527,0.6309484007578291,0.633065864259445,0.2326423715591218,36.95062774714962,0.2,0.55,2.4547433593334764,73.90125549429924,0.0,6.312466705674582,0.0,2.2056352056357564,0.0,0.0,,,,,7.598581042142615,0.0,
89390cbaaabffff,Espontáneo,0.3834972234767298,1.0,7.391235543329071,0.6194137969463948,0.8157806753594116,0.49632230023403545,0.5461384152457373,119.78806541301839,0.52,0.12,2.886165178199427,9.214466570232183,0.0,0.547994366829871,0.0,1.2799185777923665,0.0,0.0,,,,,6.852164990346181,0.0,
89390ca260fffff,Planificado,0.9758378614141192,0.0,2.7835367225730856,0.6791671310226978,0.8250306474980498,0.624205951186894,0.5882647943831495,239.93315254517432,0.34210526315789475,0.2894736842105263,3.4319646191465134,64.59738722370078,0.0,0.6716346814936393,0.0,0.7733438588569533,92.28198174814398,0.0,28898.144753476612,43380.433870081164,10.27153267665848,10.677786837547862,8.254214189139311,4.535626967532425,0.1617250553916161
89390cb1d13ffff,Espontáneo,0.3698529629754978,1.0,5.3625461596345385,0.43026301125599015,0.34536944165830824,0.33174523570712133,0.613674356402541,0.0,0.0,0.0,1.3862943611198906,0.0,0.0,0.6573505644781129,0.0,0.6599269438367006,27.672425244117072,0.0,17169.64715025907,19111.771428976383,9.750898403316882,9.858112051783376,4.778303930629559,3.355935868020325,0.5824246613934299
89390ca354fffff,Planificado,0.7841947228076307,0.0,2.6386095638098666,0.6939057914484194,0.6833834837846874,0.6557171514543632,0.7426167391062076,18.450792311454958,0.6666666666666666,0.0,1.0986122886681096,0.0,3.0,0.751583265370799,0.0,0.15325643670188738,18.450792311454958,0.0,,,,,4.719947871700168,2.9678878050422277,
89390ca3133ffff,Espontáneo,0.1298264268312809,1.0,4.988008073999616,0.6407463130131134,0.6793714476763624,0.5547475760615179,0.6881199153014599,55.37376233185071,0.2,0.1,3.0602870926086956,0.0,1.0,0.7157404743157465,0.0,0.3692602304862805,27.686881165925357,0.0,11667.525143435707,21451.96823930969,9.364564632819352,9.973618294237607,6.892292838333956,3.356439916029937,0.8065155555768779
89390cb2837ffff,Transición,0.4694326490726717,,14.295645676721266,0.24960994093391284,0.24350830268583526,0.33174523570712133,0.1735762844087819,0.0,0.0,0.0,0.0,0.0,0.0,7.209389090543486,0.0,4.499641008254113,0.0,0.0,,,,,7.563610864862279,0.0,
89390cb0ca3ffff,Espontáneo,0.3917423888690202,1.0,10.582699625798599,0.3177402578104684,0.24350830268583526,0.33174523570712133,0.37796723503844865,0.0,0.0,0.0,0.0,0.0,0.0,3.428021372113293,0.0,1.0093614341763835,0.0,0.0,,,,,7.982089645750696,0.0,
89390ca2d17ffff,Planificado,0.6348989248122702,0.0,12.455220272488976,0.28766856123927337,0.3213529477320851,0.33174523570712133,0.20990750027861363,0.0,0.0,0.0,0.6931471805599453,0.0,0.0,5.832615931429356,0.0,3.5009009972985554,0.0,0.0,,,,,5.844493690233365,0.0,
89390cb530bffff,Planificado,0.6868488169586451,0.0,11.152923472713285,0.28360080240722163,0.24350830268583526,0.33174523570712133,0.2755488688287083,0.0,0.0,0.0,0.0,0.0,0.0,5.913245212078139,0.0,1.4860293981689199,0.0,0.0,,,,,7.788742063773994,0.0,
89390cb0887ffff,Planificado,0.6003388158704553,0.0,9.088043287881426,0.36163118986589393,0.3213529477320851,0.33174523570712133,0.4317953861584754,0.0,0.0,0.0,0.6931471805599453,0.0,0.0,1.8903568013023797,0.0,1.171174690597151,9.23001591076166,0.0,,,,,8.38341094932222,2.325326135266496,
89390cb046bffff,Espontáneo,0.12883910929730677,1.0,10.958398651918436,0.27624540287529253,0.24350830268583526,0.33174523570712133,0.253482670232921,0.0,0.0,0.0,0.0,0.0,0.0,5.457609713781292,0.0,2.1343229646644817,0.0,0.0,,,,,0.0,0.0,
89390cb004fffff,Espontáneo,0.5943787788340406,1.0,8.949689495990881,0.3084531371893458,0.24350830268583526,0.33174523570712133,0.3501058731750808,0.0,0.0,0.0,0.0,0.0,0.0,3.5581686563904342,0.0,1.2779122768633744,0.0,0.0,,,,,8.893733726884989,0.0,
89390ca20c3ffff,Espontáneo,0.13258098160182388,1.0,4.25206602589359,0.9115216018425647,0.8929009249972139,0.8902540956201939,0.9514097849102864,369.20947491227224,0.3669724770642202,0.13761467889908258,3.957261611802612,36.920947491227224,2.0,0.1507350006581185,2.0,0.27952185118222383,73.84189498245445,9.230236872806806,16828.24315488353,24571.013104694142,9.730813894028621,10.109363395601848,9.079552309285408,4.315377821535017,0.5525607356030268
89390cbaec7ffff,Espontáneo,0.1939987255846238,1.0,8.884517079573422,0.3032894981240016,0.24350830268583526,0.33174523570712133,0.3346149559790483,0.0,0.0,0.0,0.0,0.0,0.0,3.106013285096837,0.0,1.8290968277805628,0.0,0.0,,,,,0.0,0.0,
89390ca22bbffff,Planificado,0.7908555590422438,0.0,4.24803782538602,0.5339815743526878,0.7087930458040789,0.33174523570712133,0.5614064415468628,27.690701319353938,0.75,0.0,1.3862943611198906,0.0,0.0,1.137533249566105,0.0,0.6617288922879023,9.230233773117979,0.0,,,,,9.131799672298106,2.325347431424626,
89390cba8b3ffff,Transición,0.5092024347889665,,5.380447897606866,0.3423325532152011,0.24350830268583526,0.33174523570712133,0.4517441212526468,0.0,0.0,0.0,0.0,0.0,0.0,2.5379071669313094,0.0,0.7461431336753196,0.0,0.0,,,,,8.697833397722551,0.0,
89390cb5e2fffff,Transición,0.5410684207871231,,14.650771444879796,0.24979568334633528,0.24350830268583526,0.33174523570712133,0.1741335116460493,0.0,0.0,0.0,0.0,0.0,0.0,8.242515131504828,0.0,3.628641597495131,0.0,0.0,,,,,0.0,0.0,
89390cb0247ffff,Planificado,0.49791751398881234,0.0,7.641611673575312,0.3129109550874847,0.24350830268583526,0.33174523570712133,0.3634793268694974,0.0,0.0,0.0,0.0,0.0,0.0,3.5692515456994265,0.0,1.1065562632922032,0.0,0.0,,,,,0.0,0.0,
89390cb5a13ffff,Espontáneo,0.4240283899348263,1.0,14.517926141170745,0.2481240016345332,0.24350830268583526,0.33174523570712133,0.16911846651064302,0.0,0.0,0.0,0.0,0.0,0.0,7.603854328017414,0.0,4.511716790415755,0.0,0.0,,,,,2.44475873787522,0.0,
89390ca3003ffff,Planificado,0.694220449695845,0.0,3.750619798443025,0.4953843010513021,0.24350830268583526,0.5547475760615179,0.6878970244065531,0.0,0.0,0.0,0.0,0.0,1.0,0.8965550982174434,0.0,0.30487168226807165,202.93634648956277,0.0,,,,,8.23984550425528,5.317807918141712,
89390cb8903ffff,Planificado,0.6954019569213885,0.0,8.439394091300587,0.4912793937367659,0.5939485122032765,0.33174523570712133,0.5481444332998997,18.441663155104745,0.18181818181818182,0.09090909090909091,2.2718685126965625,0.0,0.0,0.8289815291548234,0.0,0.9138427188278768,0.0,0.0,,,,,6.58197123625076,0.0,
89390cb0b73ffff,Espontáneo,0.4373705296255045,1.0,6.666904232267295,0.7371559121809873,0.8353950741112225,0.743564025409562,0.6325086370221776,156.9358869446936,0.53125,0.09375,2.937979531779276,9.231522761452565,1.0,2.0475053438358723,0.0,0.16066417459065727,18.46304552290513,0.0,25535.0,10084.1755818187,10.147805339081744,9.218821860431968,7.168638813013623,2.968517566203658,0.2480774236945901
89390cb51dbffff,Planificado,0.7876941629914599,0.0,12.257717310525637,0.2849752962591478,0.24350830268583526,0.33174523570712133,0.2796723503844868,0.0,0.0,0.0,0.0,0.0,0.0,7.356616484475591,0.0,1.088504129781872,0.0,0.0,,,,,6.490427539383003,0.0,
89390cb1ecfffff,Espontáneo,0.18250633925730442,1.0,5.034062434257289,0.29771722575132803,0.24350830268583526,0.33174523570712133,0.3178981388610275,0.0,0.0,0.0,0.0,0.0,0.0,3.3370341592149093,0.0,2.0130660670516236,0.0,0.0,,,,,0.0,0.0,
89390cb033bffff,Espontáneo,0.4278263667883355,1.0,6.9539729203676695,0.7148110999665663,0.646550763401315,0.7910397860247409,0.7068427504736432,27.670160114995998,0.3333333333333333,0.4444444444444444,2.0431918705451206,27.670160114995998,1.0,1.0095918017118897,0.0,0.18471217445859114,0.0,0.0,21258.0,10217.836543563495,9.964488574093528,9.2319880161387,6.015685653944735,0.0,0.2469147988703402
89390ca23afffff,Planificado,0.6411099900951382,0.0,7.1871965350092895,0.37465173297670784,0.24350830268583526,0.33174523570712133,0.5487016605371671,0.0,0.0,0.0,0.0,0.0,0.0,1.374948864413599,0.0,0.6296730233981941,0.0,0.0,,,,,5.555595331086058,0.0,
89390cb1ab3ffff,Planificado,0.6796540420792646,0.0,2.3507778431924238,0.7395798506631005,0.6823804747576062,0.864510197258442,0.6718488799732532,55.32950484871261,0.1875,0.15625,3.1709395301969012,27.664752424356305,2.0,0.9326323993803501,0.0,0.34952042492268626,18.443168282904203,9.221584141452102,19967.0,15262.661154915822,9.901836189786897,9.633230194471267,9.3568742654627,2.967495763268549,0.3554076265118335
89390cb1ddbffff,Planificado,0.5620137207320969,0.0,5.464725327963809,0.41909989226940075,0.3213529477320851,0.33174523570712133,0.6042014933689959,0.0,0.0,0.0,0.6931471805599453,0.0,0.0,0.9437671690321979,0.0,0.5715811627615213,0.0,0.0,,,,,7.751331303998438,0.0,
89390cba367ffff,Espontáneo,0.38978613981139704,1.0,10.476662432573516,0.2818919722129351,0.24350830268583526,0.33174523570712133,0.27042237824584864,0.0,0.0,0.0,0.0,0.0,0.0,3.974732596591396,0.0,2.7382380290152173,0.0,0.0,,,,,0.0,0.0,
89390ca26d7ffff,Planificado,0.8788546720905763,0.0,2.2881931725066784,0.7638656710873363,0.8049704669564249,0.6542962219993314,0.8323303243062522,489.02713422169035,0.25728155339805825,0.1650485436893204,3.319183249974946,138.40390591179914,0.0,0.24068467345040512,1.0,0.617770070097724,322.94244712753135,0.0,29288.0,35656.48294442478,10.284933154800072,10.481714304080834,8.142693960433714,5.780565867691406,0.2085699031516725
89390ca2ed3ffff,Planificado,0.8367229895163961,0.0,7.652325552736119,0.7175229391879342,0.6921876741335117,0.8400200601805417,0.6203610832497493,55.4119815455151,0.3157894736842105,0.3157894736842105,2.6525875347201473,55.4119815455151,1.0,1.5460416657044438,0.0,0.33138579859828093,9.235330257585849,0.0,19391.0,16885.747805510542,9.872564319882619,9.734284439781888,8.252045914063682,2.3258454860656395,0.36441219509307876
89390cb54c7ffff,Planificado,0.5959165908995283,0.0,11.067917012953787,0.28274638731007834,0.24350830268583526,0.33174523570712133,0.2729856235372785,0.0,0.0,0.0,0.0,0.0,0.0,5.3445407252381605,0.0,1.7433762905122958,0.0,0.0,,,,,0.0,0.0,
89390cb0a43ffff,Espontáneo,0.5815510781420755,1.0,4.805615601915779,0.8440228091682455,0.8436420372227795,0.9873788030758943,0.7010475872060625,350.62362864174105,0.3140495867768595,0.34710743801652894,3.679001823623374,156.85793912919996,4.0,0.8198618333681934,0.0,0.2901802280350067,73.81550076668233,0.0,34765.0,21472.1997705345,10.456366412533118,9.974560914259882,8.93904472316551,4.315025093012466,0.10193278960564797
89390ca2ab7ffff,Transición,0.5172859677227654,,11.067407819162089,0.29203350793120103,0.24350830268583526,0.33174523570712133,0.3008469854006464,0.0,0.0,0.0,0.0,0.0,0.0,3.0284114721165634,0.0,2.8599437023623615,0.0,0.0,,,,,4.541772327529274,0.0,
89390cb50abffff,Espontáneo,0.41472489565169673,1.0,11.641564241587066,0.2767283331475909,0.24350830268583526,0.33174523570712133,0.2549314610498161,0.0,0.0,0.0,0.0,0.0,0.0,6.761754095760187,0.0,1.5737771534076204,0.0,0.0,,,,,6.973024086342408,0.0,
89390ca269bffff,Planificado,0.9877153624807717,0.0,2.6111350931372397,0.8286340502990454,0.7438983617519224,0.8353393513874958,0.9066644377577177,175.31646577414924,0.2289156626506024,0.2289156626506024,3.200800312714086,55.363094454994496,1.0,0.27963757755909435,1.0,0.3501515365249305,156.86210095581774,0.0,34765.0,25202.637445385586,10.456366412533118,10.134743606153913,7.061556917772298,5.061721873173181,0.12996366292932546
89390cb020bffff,Planificado,0.34058644027195534,0.0,7.833970373289877,0.30551840707307104,0.24350830268583526,0.33174523570712133,0.3413016828262565,0.0,0.0,0.0,0.0,0.0,0.0,3.476487515787029,0.0,1.4639088609719817,0.0,0.0,,,,,0.0,0.0,
89390cbae8bffff,Espontáneo,0.2273875937898011,1.0,8.675620697358308,0.3009862922099632,0.24350830268583526,0.33174523570712133,0.32770533823693304,0.0,0.0,0.0,0.0,0.0,0.0,3.1613354908171503,0.0,1.9430181908573867,0.0,0.0,,,,,0.0,0.0,
89390cb1983ffff,Planificado,0.7368933722882676,0.0,3.9767450620883373,0.858835766558936,0.8436420372227795,0.97576061517887,0.7571046472751588,332.1329973618165,0.3185840707964602,0.25663716814159293,3.683097034840604,129.16283230737307,3.0,0.5367663036462342,0.0,0.1961883013434649,175.292415274292,0.0,26477.555133079848,46486.749935773696,10.184052676977194,10.746944114627018,6.743447789690082,5.172144066778376,0.25200236463069103
89390cb1567ffff,Espontáneo,0.5717529648886677,1.0,8.282869416463729,0.3303521676139529,0.3213529477320851,0.33174523570712133,0.33795831940265236,0.0,0.0,0.0,0.6931471805599453,0.0,0.0,5.071183324414241,0.0,0.9479577919621336,101.37888460512306,0.0,,,,,7.895689574394774,4.628680486314132,
89390ca35dbffff,Planificado,0.6481059458418246,0.0,1.2462976579669907,0.7570303503101897,0.8150005572272372,0.6482781678368439,0.8078123258664883,267.50697666658465,0.23387096774193547,0.24193548387096775,3.812546569053524,119.91692057467587,0.0,0.13979912254234889,1.0,0.7498228139473826,304.40449068956184,18.448757011488595,21722.11678604796,32070.77742227365,9.986086227220333,10.375731714359176,9.767348177476675,5.721637096964447,0.388637695693141
89390cb7347ffff,Espontáneo,0.14640113726970058,1.0,12.929628780276964,0.2544020951744121,0.24350830268583526,0.33174523570712133,0.18795274713027976,0.0,0.0,0.0,0.0,0.0,0.0,6.9822009441519475,0.0,3.5832904373015526,0.0,0.0,,,,,0.0,0.0,
89390cb0d2fffff,Planificado,0.567286657823429,0.0,10.669633068715228,0.3196905531409042,0.3346149559790483,0.33174523570712133,0.29271146773654294,0.0,0.0,0.3333333333333333,1.0986122886681096,0.0,0.0,3.848776292660614,0.0,2.194262262478841,9.233079284034826,0.0,24154.0,3091.4335986685096,10.09220527683532,8.036713632304032,6.073673002742487,2.3256255399525307,0.3427820203510322
89390ca2da3ffff,Planificado,0.5006583868960419,0.0,12.996837143541294,0.25822838887031463,0.24350830268583526,0.33174523570712133,0.1994316282179873,0.0,0.0,0.0,0.0,0.0,0.0,6.434742415969601,0.0,3.4304944926287186,0.0,0.0,,,,,7.745259390453877,0.0,
89390cb5397ffff,Planificado,0.6039714536627033,0.0,11.767041810836096,0.5681303168765556,0.7490248523347822,0.6071547977265129,0.3482113005683718,120.12582149450327,0.3170731707317073,0.2682926829268293,3.031168194469832,46.202239036347414,0.0,6.841118091562966,0.0,0.6798095329878711,46.202239036347414,18.480895614538966,19436.0,13583.56382921294,9.874882295525794,9.516689414551708,4.654202087653005,3.8544413286771513,0.5438462486825987
89390cb0913ffff,Espontáneo,0.2950924892597848,1.0,9.660660506074587,0.47699580222147925,0.7203833723392399,0.33174523570712133,0.3788587986180764,46.16535085940098,1.0,0.0,1.3321790402101223,0.0,0.0,3.3217639697691532,0.0,1.028703759793001,0.0,0.0,,,,,7.221316793873327,0.0,
89390ca256bffff,Espontáneo,0.1395715938255569,1.0,6.409923878634269,0.6554663991975928,0.909506296667781,0.6058174523570712,0.451075448567926,452.43151227038754,0.4016393442622951,0.1557377049180328,3.8879727902821344,46.16648084391709,0.0,1.633021320088922,0.0,1.1390875385490402,18.466592337566837,0.0,21042.0,14740.931893723102,9.954275719368233,9.59845122185816,9.419556800370872,2.968699782883106,0.3225592147931391
89390cb1c6fffff,Planificado,0.8923508497831051,0.0,4.245474619653077,0.36681340317248035,0.24350830268583526,0.33174523570712133,0.5251866711244846,0.0,0.0,0.0,0.0,0.0,0.0,1.9449498578681745,0.0,0.5664238364028569,0.0,0.0,,,,,8.613041496692844,0.0,
89390ca214fffff,Planificado,0.30425435000321965,0.0,6.911167617409643,0.6342731899401909,0.8121029755934469,0.6163490471414242,0.47436754708570156,156.98329529991767,0.4722222222222222,0.1388888888888889,2.8303102566711615,55.405868929382706,0.0,2.310832195026796,0.0,0.6969319504047409,0.0,0.0,9812.93970420933,26586.147461690634,9.191457171706757,10.188183199869691,6.648573521774768,0.0,0.7644753242122829
89390cbad5bffff,Transición,0.48130567574079997,,5.693836423406293,0.3108306400683532,0.24350830268583526,0.33174523570712133,0.357238381812103,0.0,0.0,0.0,0.0,0.0,0.0,3.054454591699803,0.0,1.4562898048221644,0.0,0.0,,,,,0.0,0.0,
89390cb1853ffff,Espontáneo,0.36811673512258,1.0,3.1711718166923957,0.519846576767339,0.33873843753482663,0.5547475760615179,0.6660537167056725,0.0,0.0,0.2857142857142857,1.1537419427010902,0.0,1.0,1.108061588571697,0.0,0.3036555534290355,0.0,0.0,,,,,8.175604718722193,0.0,
89390ca05bbffff,Espontáneo,0.17153272585840096,1.0,8.37803778888142,0.5775381700657528,0.7513094840075784,0.33174523570712133,0.6495597904825589,73.88467162999935,0.42105263157894735,0.10526315789473684,2.6250481587325396,0.0,0.0,0.659675401520595,0.0,0.5226632014241653,27.706751861249753,9.235583953749918,14684.56081081081,42688.46505888643,9.59455193585221,10.661707448843945,7.957136230303884,3.357132351586645,0.600656604945378
89390cb1437ffff,Planificado,0.7712909933302118,0.0,10.268854113261002,0.3109978082395334,0.37250640811322855,0.33174523570712133,0.22874178089825029,0.0,0.0,0.375,2.0794415416798357,0.0,0.0,7.081876414393171,0.0,1.9922228471368701,0.0,0.0,,,,,6.604083318266301,0.0,
89390ca34abffff,Planificado,0.6833152318567461,0.0,1.3346964823747225,0.8167651101452506,0.904268360637468,0.8672684720829154,0.6787584977153683,488.83812714859585,0.375886524822695,0.16312056737588654,3.9385279698983595,110.68033067515377,1.0,0.5543120000174235,0.0,0.4651968027770025,166.02049601273066,18.446721779192295,23715.347253744894,50023.75119586755,10.073877680993636,10.820273185843714,8.668039320971195,5.118116535501123,0.28465056824616525
89390ca308fffff,Planificado,0.4250711627308921,0.0,3.1232832719408905,0.6074705598276311,0.6882313607489134,0.5086927449013707,0.625487573832609,64.57065139365305,0.25,0.2857142857142857,2.9174329732922164,9.224378770521865,0.0,0.6280449047836613,0.0,0.6308531777217156,55.346272623131185,0.0,24213.0,25853.554269294396,10.094644957992482,10.160242045048935,5.946901370627788,4.031516091414775,0.29995260650741745
89390cb898fffff,Espontáneo,0.28996380752894024,1.0,7.835469369788981,0.880270440952487,0.9518555667001003,0.7601136743564025,0.9288420818009584,728.4454907182622,0.5031847133757962,0.14012738853503184,3.788926600408221,18.4416579928674,1.0,0.22343027472037696,1.0,0.28697702907253525,18.4416579928674,0.0,9537.344796515994,47867.43176181711,9.162970402486884,10.776211521495151,6.760124277154111,2.967418083094444,0.8614136005867342
89390cb5683ffff,Transición,0.45032275168291364,,9.38697817217592,0.6592183959285264,0.6771982614510197,0.7510865931126713,0.5493703332218879,46.17422537933645,0.3333333333333333,0.2,2.3034884952192693,9.23484507586729,1.0,4.466135730239774,0.0,0.092913776552937,46.17422537933645,0.0,,,,,8.726206557783687,3.853847670967951,
89390cb5267ffff,Planificado,0.6592245421841756,0.0,9.336060924693983,0.4643095954530258,0.6476652178758499,0.33174523570712133,0.41351833277610606,9.237631895625634,0.5,0.0,0.6931471805599453,0.0,0.0,4.552267998534337,0.0,0.6107226248318228,0.0,0.0,,,,,6.183692157402893,0.0,
89390cb03c7ffff,Espontáneo,0.3030968537532484,1.0,7.724155748860883,0.44742561016382476,0.24350830268583526,0.5547475760615179,0.5440209517441212,0.0,0.0,0.0,0.0,0.0,1.0,2.049137902372163,0.0,0.4773344109044771,0.0,0.0,29620.0,11393.503580330545,10.29620508782179,9.340886376038455,6.4896316211998775,0.0,0.0918157410590507
89390ca243bffff,Planificado,0.7962424322856144,0.0,4.998849612697077,0.5251588097626213,0.3346149559790483,0.5547475760615179,0.6861138972472975,0.0,0.0,0.6666666666666666,1.0986122886681096,0.0,1.0,0.7911210270971691,0.0,0.3504916969640787,0.0,0.0,27362.0,3948.024176075239,10.216910468480059,8.28122378334318,8.154287186206277,0.0,0.1305911755727433
89390ca048bffff,Transición,0.5187875502365479,,5.6166474458573,0.7093874215238306,0.7066755823024629,0.8152791708458709,0.6062075114231583,55.385983407365714,0.2857142857142857,0.09523809523809523,3.0445224377234217,36.92398893824381,1.0,1.1506541035277946,0.0,0.4858156783676733,0.0,0.0,11569.0,9140.608812385883,9.356084386028888,9.120591667819294,8.457885195646528,0.0,
89390cba80fffff,Planificado,0.8098364606583565,0.0,5.984453198384022,0.7673854898027416,0.678201270478101,0.958124373119358,0.6658308258107656,82.94161448411484,0.20454545454545456,0.45454545454545453,2.8206952122520335,175.0989639109091,2.0,1.2468403035442823,0.0,0.2638318770925556,9.215734942679427,0.0,17686.72415052978,11775.571142243329,9.780569589142527,9.373867340322718,6.7640112681414815,2.3239291730803626,0.4893043044206121
89390ca006fffff,Espontáneo,0.30073234532516785,1.0,9.75489576531401,0.3308165236450091,0.24350830268583526,0.33174523570712133,0.41719603254207066,0.0,0.0,0.0,0.0,0.0,0.0,2.147877411104337,0.0,1.1768212543552026,0.0,0.0,,,,,6.038481506531143,0.0,
89390cb5553ffff,Transición,0.5006124782923908,,12.29526046986128,0.256816746535904,0.24350830268583526,0.33174523570712133,0.19519670121475538,0.0,0.0,0.0,0.0,0.0,0.0,7.346147237657139,0.0,2.8802722865459565,0.0,0.0,,,,,6.822687915502862,0.0,
89390cb0acfffff,Espontáneo,0.533156422877129,1.0,5.388198579162739,0.8407630298302314,0.7628440878190127,0.8893346706787028,0.8701103309929789,221.44657184839375,0.1889763779527559,0.4566929133858268,3.4087949646936413,304.4890362915414,1.0,0.3851841395893351,1.0,0.43527420592116056,110.72328592419687,0.0,28893.507462686568,21398.097066569386,10.271372193591388,9.971104006968824,7.845002368585361,4.716025152783696,0.2033377452079465
89390ca2b43ffff,Espontáneo,0.30956927705741666,1.0,12.372024307447923,0.2716018425647312,0.24350830268583526,0.33174523570712133,0.23955198930123703,0.0,0.0,0.0,0.0,0.0,0.0,4.32134239767516,0.0,4.04475444064264,0.0,0.0,,,,,5.308707501074013,0.0,
89390cb0e9bffff,Planificado,0.57747299061644,0.0,8.231718313008443,0.35280842527582745,0.24350830268583526,0.33174523570712133,0.48317173743452574,0.0,0.0,0.0,0.0,0.0,0.0,2.4919730664834545,0.0,0.6183326508382423,0.0,0.0,34765.0,2705.6482914400212,10.456366412533118,7.90346635558773,8.231266969518643,0.0,0.07001716547091424
89390cb1e2bffff,Espontáneo,0.24059111186504656,1.0,3.547960242891843,0.3445614621642705,0.24350830268583526,0.33174523570712133,0.4584308480998551,0.0,0.0,0.0,0.0,0.0,0.0,1.8632953395074268,0.0,0.930121399112248,0.0,0.0,,,,,0.0,0.0,
89390ca230bffff,Planificado,0.5921278195618446,0.0,6.327813496112425,0.7839537129908244,0.8361751922433968,0.8556502841858911,0.6600356625431851,156.96160262431042,0.4594594594594595,0.10810810810810811,3.206089227028821,18.466070896977698,2.0,1.4690430326567543,0.0,0.20950991811976322,0.0,0.0,19341.0,21596.504652553107,9.86998247397873,9.980333061653926,8.772421940664522,0.0,0.2276667193993635
89390cb1a0fffff,Espontáneo,0.31903047895757025,1.0,2.0964090999343035,0.9058100226605744,0.9093948512203277,0.8625877632898695,0.9454474534715257,544.043322255773,0.3710691823899371,0.18238993710691823,4.040231188303823,101.43180584429665,1.0,0.18221394529014956,1.0,0.23361260463659692,202.8636116885933,55.32643955143453,17998.1171875,34349.49063226579,9.798022430712823,10.444371580875005,9.26474610883958,5.317451200097572,0.5272594124287239
89390ca3667ffff,Transición,0.5260217276989148,,4.989629863200175,0.8558638879601768,0.8058620305360527,0.8620862587763289,0.8996433745681488,129.1021667379961,0.4827586206896552,0.1724137931034483,2.8712202522291133,18.44316667685659,3.0,0.2929363694789921,1.0,0.36539415349286686,0.0,0.0,12212.091180866966,25264.838126968334,9.410181820324354,10.137208490616048,8.404499764557787,0.0,
89390cb2d6bffff,Transición,0.45482618679313,,15.250137433657157,0.25020431665366466,0.24350830268583526,0.33174523570712133,0.17535941156803744,0.0,0.0,0.0,0.0,0.0,0.0,8.164255242324558,0.0,3.579324526996042,0.0,0.0,,,,,0.0,0.0,
89390cb11d7ffff,Espontáneo,0.4642235399556048,1.0,7.813612471809116,0.3186318213900962,0.24350830268583526,0.33174523570712133,0.38064192577733197,0.0,0.0,0.0,0.0,0.0,0.0,5.06373228423213,0.0,0.6992290687914191,0.0,0.0,,,,,4.756747198565279,0.0,
89390ca324bffff,Espontáneo,0.4040386284294604,1.0,7.137338813132775,0.6771889743303987,0.6254318511088822,0.5547475760615179,0.8513874958207958,27.664005211108535,0.15,0.15,2.7616257121977803,0.0,1.0,0.49260901629635745,1.0,0.46265869411991034,0.0,0.0,7950.277631578947,23270.345271064296,8.9809621292498,10.05497806601614,6.881867264137702,0.0,0.8701542442396352
89390cb294fffff,Espontáneo,0.18749068885044598,1.0,13.64218758336323,0.2555536981314313,0.24350830268583526,0.33174523570712133,0.19140755600133733,0.0,0.0,0.0,0.0,0.0,0.0,6.436041414142173,0.0,4.0387738113409,0.0,0.0,,,,,0.0,0.0,
89390cb0dbbffff,Transición,0.5339196832256047,,11.38869250118034,0.30665143578884807,0.31355176641034216,0.33174523570712133,0.2746573052490806,0.0,0.0,0.6666666666666666,0.6365141682948128,0.0,0.0,4.2213787019680025,0.0,2.3720517481068994,0.0,0.0,,,,,7.555003848487261,0.0,
89390ca2e2fffff,Planificado,0.7048295429351894,0.0,9.91175550773122,0.3221237787436383,0.24350830268583526,0.33174523570712133,0.3911177978379583,0.0,0.0,0.0,0.0,0.0,0.0,1.9934976978109213,0.0,1.7197949796452163,0.0,0.0,,,,,4.708672214927796,0.0,
89390cb5423ffff,Planificado,0.5778916392017653,0.0,11.7321803396194,0.5602362643486014,0.9032653516103868,0.5618522233366767,0.21559121809874068,341.8121892657999,0.7115384615384616,0.07692307692307693,3.237971609415154,18.4763345549081,0.0,6.65701338485293,0.0,2.5178859516737058,0.0,0.0,,,,,7.304140356458296,0.0,
89390ca332bffff,Espontáneo,0.20465618012230827,1.0,6.8981673469285605,0.4741539433114157,0.6401983728964672,0.33174523570712133,0.4505182213306586,27.68155210297265,0.3333333333333333,0.2222222222222222,1.8891591637540213,0.0,0.0,2.0776227613638465,0.0,0.9013341765724756,0.0,0.0,,,,,7.478913523586396,0.0,
89390ca2a13ffff,Planificado,0.5751416448102289,0.0,10.264620809503992,0.31398826107953487,0.24350830268583526,0.33174523570712133,0.36671124484564804,0.0,0.0,0.0,0.0,0.0,0.0,2.201438517765511,0.0,2.004782459427544,0.0,0.0,,,,,5.384197272572447,0.0,
89390cb5007ffff,Planificado,0.5514703695743766,0.0,11.346727300008999,0.2785486087893309,0.24350830268583526,0.33174523570712133,0.2603922879750362,0.0,0.0,0.0,0.0,0.0,0.0,6.453122685911166,0.0,1.5716542655084265,0.0,0.0,,,,,4.598395951981594,0.0,
89390cb0167ffff,Transición,0.5082069664796014,,8.529003371272184,0.5563078123258666,0.5576730190571716,0.5547475760615179,0.5565028418589101,9.22517866893889,0.2,0.0,1.6094379124341005,0.0,1.0,2.7338074082173667,0.0,0.324732293388566,0.0,0.0,,,,,7.106886959979166,0.0,
89390ca21dbffff,Planificado,0.8031147512220357,0.0,6.2854705993131015,0.5473921765295887,0.8584642817340912,0.33174523570712133,0.4519670121475538,193.89918459189872,0.4666666666666667,0.06666666666666667,3.328859964642838,0.0,0.0,1.8226527533111467,0.0,1.006966825384003,9.23329450437613,0.0,14300.862849162011,7757.2621262395805,9.568075153529907,8.956513635291913,9.640416019377245,2.325646571557204,0.6346250255207844
89390ca0647ffff,Espontáneo,0.3862335818870614,1.0,7.434393351061094,0.3130595490174226,0.24350830268583526,0.33174523570712133,0.3639251086593112,0.0,0.0,0.0,0.0,0.0,0.0,2.521014305122228,0.0,1.7149340649303466,0.0,0.0,,,,,0.0,0.0,
89390cba9cbffff,Espontáneo,0.4015003311063422,1.0,4.739565902624953,0.6774397265871689,0.901928006240945,0.5635239050484788,0.5668672684720829,267.307885114632,0.5178571428571429,0.16071428571428573,3.502215411204944,27.65253983944469,0.0,1.3815597062003242,0.0,0.5602532684071074,0.0,0.0,15559.042016806723,40751.226996534904,9.652397228793784,10.615265767397455,6.592959003999759,0.0,0.3792030074255053
89390ca3537ffff,Planificado,0.9018059623395266,0.0,2.8759397745917874,0.7684906571566552,0.8784130168282626,0.6380809093948512,0.7889780452468517,341.42441508128616,0.3490566037735849,0.1792452830188679,3.915339545151632,92.27686894088815,0.0,0.36346731397449833,1.0,0.7669979149057737,64.5938082586217,0.0,25513.701311084624,29792.64690420155,10.146970893166207,10.302050458630859,9.423545880886568,4.183481305193878,0.2131930205848036
89390cb10a7ffff,Espontáneo,0.2616112421943587,1.0,8.303449947135704,0.44092462572903895,0.24350830268583526,0.5547475760615179,0.5245179984397638,0.0,0.0,0.0,0.0,0.0,1.0,5.753600336529351,0.0,0.016641805386111957,0.0,0.0,25721.0,2674.2564044840387,10.155063057844572,7.891800506880149,6.737571885989624,0.0,0.18992674209612767
89390ca311bffff,Espontáneo,0.13871241204598395,1.0,4.374088311028618,0.8094189977339425,0.925554441101081,0.8444500167168172,0.6582525353839296,728.9672038456106,0.42245989304812837,0.10695187165775401,3.814669411917352,18.45486592014204,2.0,0.7789002664359727,0.0,0.44429107387648104,27.68229888021306,9.22743296007102,8845.377339901477,61125.13416911155,9.087650267063392,11.020694781518923,7.984376344953691,3.3562801687329267,0.8796268978728402
89390ca1587ffff,Espontáneo,0.12413142809331312,1.0,7.720925578743041,0.30908466139158214,0.24350830268583526,0.33174523570712133,0.3520004457817898,0.0,0.0,0.0,0.0,0.0,0.0,2.80466864406348,0.0,1.7104144564652966,0.0,0.0,,,,,0.0,0.0,
89390cb0c8bffff,Planificado,0.6422129699350122,0.0,10.312721473464556,0.3366302611538318,0.3213529477320851,0.33174523570712133,0.356792600022289,0.0,0.0,0.0,0.6931471805599453,0.0,0.0,3.454130353689057,0.0,1.2290300807256969,0.0,0.0,22863.0,7470.096043265009,10.037275162334227,8.91879699336968,7.234166544144808,0.0,0.20518932371162577
89390ca043bffff,Planificado,0.5754727255986868,0.0,6.866118721973433,0.41116869125896205,0.3294327426724618,0.33174523570712133,0.572328095397303,0.0,0.0,0.0,1.0397207708399179,0.0,0.0,1.1628752125342057,0.0,0.6097522654914883,0.0,0.0,14093.0,1148.0953400606934,9.553433499191511,7.04673025096052,4.067730005461662,0.0,0.7311052351497535
89390cb086fffff,Planificado,0.905757409365709,0.0,7.271924744200148,0.49852334782124147,0.5996322300234036,0.33174523570712133,0.5641925777331996,18.46051347756905,0.25,0.25,1.9061547465398496,0.0,0.0,1.4760039311221689,0.0,0.5406141659618949,0.0,0.0,30746.0,16154.403748142047,10.333515183472544,9.69000987009375,8.52909922325929,0.0,0.06438104362696274
89390ca24c7ffff,Planificado,0.8530243769708739,0.0,4.550491824266872,0.764385749842119,0.8381812102975594,0.6138415245737212,0.8411345146550765,286.0980646805391,0.28440366972477066,0.1743119266055046,3.85965449177625,55.373818970426925,0.0,0.4601095827260297,1.0,0.5109222966149174,193.80836639649425,18.457939656808975,20982.84400998336,62093.71812082331,9.951460430912938,11.036416209889154,7.120214986404199,5.272016338933469,0.40466949462475355
89390cb1bcbffff,Espontáneo,0.45149622315879395,1.0,1.0803035514491086,0.7341840335822282,0.5487016605371671,0.8985289200936142,0.7553215201159033,9.222854104647327,0.1,0.3,1.8866967846580782,27.66856231394198,5.0,0.6560823896667554,0.0,0.1377137636913987,83.00568694182594,0.0,,,,,0.0,4.4308844982400615,
89390cb0037ffff,Espontáneo,0.11034108826881149,1.0,9.52684568729754,0.30588989189791593,0.24350830268583526,0.33174523570712133,0.34241613730079123,0.0,0.0,0.0,0.0,0.0,0.0,3.6173200792594034,0.0,1.3487547017618453,0.0,0.0,,,,,0.0,0.0,
89390ca20abffff,Espontáneo,0.10419723711389277,1.0,5.60475396718603,0.696088264794383,0.9216538504402095,0.6471079906385824,0.5195029533043575,793.9756589175735,0.3706896551724138,0.15948275862068967,4.0767898081435305,110.78730124431257,0.0,1.2330852785909339,0.0,0.833006635378135,156.94867676277616,18.46455020738543,11449.729838709678,47269.94181161323,9.345721413831505,10.76365104767624,6.606693166585634,5.0622701496427345,0.8479203320232364
89390cbacb7ffff,Espontáneo,0.37728687149058643,1.0,6.4182727483638775,0.274462275716037,0.24350830268583526,0.33174523570712133,0.24813328875515436,0.0,0.0,0.0,0.0,0.0,0.0,4.47512091110751,0.0,3.109790904740124,0.0,0.0,,,,,0.0,0.0,
89390ca0517ffff,Planificado,0.5828460844741858,0.0,8.343315419248471,0.6139158215386901,0.7048367324194807,0.5961216984286192,0.5407890337679705,64.64730386825502,0.3333333333333333,0.19047619047619047,2.623521756271808,36.94131649614573,0.0,0.9732578059299309,0.0,0.8667398709693932,0.0,0.0,16362.548581471252,35236.66822072409,9.702750379287622,10.469870909322973,7.022264435254062,0.0,0.34616161880188223
89390cba89bffff,Transición,0.45267989353344973,,6.411077848956549,0.4999721386381366,0.7654630558341692,0.33174523570712133,0.40270812437311937,82.93247040103327,0.391304347826087,0.30434782608695654,2.9921969608854835,0.0,0.0,2.3829993430859457,0.0,1.2059205601845762,0.0,0.0,12823.0,29491.82189827101,9.458995712459116,10.291902187237124,6.17784877477063,0.0,
89390ca3407ffff,Planificado,0.6065949447477726,0.0,1.69095902321354,0.8170530108845053,0.8796946394739775,0.8842360414577064,0.6872283517218322,332.0318309833773,0.4186046511627907,0.11627906976744186,3.542574512337521,36.892425664819704,2.0,0.9121663712226312,0.0,0.30145182297348866,36.892425664819704,18.446212832409852,25794.333545310015,34455.88973893893,10.157910116760759,10.447464248868016,7.090857685209234,3.6347512415831402,0.20877741528385926
89390ca1457ffff,Espontáneo,0.510445731808404,1.0,8.46313058361523,0.5870017459786768,0.7097960548311603,0.5402875292544299,0.5109216538504402,27.670888412840608,0.6,0.4,1.6094379124341005,18.44725894189374,0.0,2.119554617813218,0.0,0.5875954918886744,9.22362947094687,0.0,6901.0,72020.27518387884,8.839421607620602,11.184716843014998,7.445990633892196,2.3247016558738838,0.9308667529869405
89390cb0b5bffff,Planificado,0.5060848529748256,0.0,5.93191959203122,0.6284966009138527,0.5547754374233813,0.630558341691742,0.7001560236264348,9.229993945107877,0.1111111111111111,0.3333333333333333,1.8891591637540213,0.0,2.0,1.0189263504090267,0.0,0.21078972266298115,0.0,0.0,,,,,8.660146713420662,0.0,
89390cbabdbffff,Espontáneo,0.11627143039710927,1.0,6.7870074854321585,0.5681303168765557,0.6097180430179429,0.4978268137746573,0.5968460938370668,18.43096480685518,0.2857142857142857,0.2857142857142857,1.945910149055314,9.21548240342759,0.0,0.5868003437167717,0.0,0.7795040810367259,0.0,0.0,16210.0,20705.53249082614,9.693383614729722,9.93820450873576,4.983003144623464,0.0,0.423311812258947
89390ca2bcfffff,Transición,0.4823944917371065,,12.16237732630142,0.447889966194881,0.7641257104647275,0.33174523570712133,0.24779895241279395,83.17075698018365,0.45,0.15,2.553681558029796,0.0,0.0,4.0809015263594475,0.0,3.8937808040221964,0.0,0.0,,,,,6.219635967263812,0.0,
89390cb51c3ffff,Planificado,0.5781113954666404,0.0,12.56863634147958,0.2889501838849882,0.24350830268583526,0.33174523570712133,0.2915970132620082,0.0,0.0,0.0,0.0,0.0,0.0,7.659987061990246,0.0,0.9463048066317766,0.0,0.0,,,,,6.886767627196967,0.0,
89390cb1eb7ffff,Planificado,0.6252505507885892,0.0,4.597506133837538,0.4671886028455738,0.24350830268583526,0.5547475760615179,0.603309929789368,0.0,0.0,0.0,0.0,0.0,1.0,2.4302617589371467,0.0,0.20429553656441124,0.0,0.0,,,,,6.757704680945887,0.0,
89390cb0323ffff,Planificado,0.7014315377696817,0.0,6.935687461018866,0.7671068761841079,0.769085032876407,0.8401036442661318,0.6921319514097849,83.01506142927661,0.42857142857142855,0.38095238095238093,2.8215638078603646,18.447791428728138,2.0,0.990732748528962,0.0,0.2587710485508171,0.0,0.0,,,,,8.556200254835616,0.0,
89390ca2397ffff,Espontáneo,0.3659851828369866,1.0,6.2219942438520475,0.5111259705041049,0.31355176641034216,0.630558341691742,0.5892678034102307,0.0,0.0,0.3333333333333333,0.6365141682948128,0.0,2.0,2.3176945184449185,0.0,0.28337568013856923,18.466583933227895,0.0,16666.0,8106.725484894989,9.721125994942152,9.000572649684337,6.011679656844692,2.968699351151624,0.6160028990632199
89390cb1a9bffff,Espontáneo,0.17638227381093666,1.0,3.190453308389622,0.3501708830194286,0.24350830268583526,0.33174523570712133,0.4752591106653294,0.0,0.0,0.0,0.0,0.0,0.0,1.6176231739001827,0.0,0.9282735881027264,0.0,0.0,,,,,0.0,0.0,
89390cbab87ffff,Espontáneo,0.36554345241561464,1.0,5.2815114330535105,0.7605408819049742,0.8674356402540956,0.7866934135740555,0.6274935918867715,239.65536199044345,0.40625,0.234375,3.627980538346928,27.65254176812809,1.0,0.9732560908089121,0.0,0.4810690455944571,0.0,0.0,20059.386317907443,20856.477918388875,9.906452468720326,9.945467816086415,7.861176813259572,0.0,0.21961825552312472
89390ca32d7ffff,Planificado,0.8778049470386039,0.0,5.583441742297233,0.6179742932501208,0.34536944165830824,0.8038281511200267,0.7047252869720273,0.0,0.0,0.25,1.3862943611198906,9.221584707667393,2.0,0.5904014370454586,0.0,0.36218677258631665,0.0,0.0,14418.0,19019.524482797544,9.576232704964523,9.85327391105029,5.62945645096224,0.0,0.5118323850395183
89390cb29dbffff,Transición,0.5431364205354835,,14.642733886193504,0.24949849548645933,0.24350830268583526,0.33174523570712133,0.1732419480664215,0.0,0.0,0.0,0.0,0.0,0.0,7.540949311302456,0.0,4.202769155767151,0.0,0.0,,,,,6.863132117242694,0.0,
89390cb0e47ffff,Planificado,0.633582609115761,0.0,6.696077053302301,0.7706452691407556,0.901092165385044,0.766967569374791,0.6438760726624317,276.77027297911,0.5555555555555556,0.1111111111111111,3.400138791538675,18.45135153194067,1.0,1.4552399266655462,0.0,0.27975701005293163,18.45135153194067,0.0,23828.444184687316,40249.36629708769,10.078635279866056,10.602874383354061,7.476511897067699,2.967916555153687,0.2196800706121894
89390cb3267ffff,Espontáneo,0.30271917477543053,1.0,12.387476360833219,0.24715814108993647,0.24350830268583526,0.33174523570712133,0.1662208848768528,0.0,0.0,0.0,0.0,0.0,0.0,9.061566440900505,0.0,4.08822543227593,0.0,0.0,,,,,5.763986521596111,0.0,
89390ca2ebbffff,Planificado,0.4592931691903494,0.0,9.02331261269514,0.3302221479252572,0.24350830268583526,0.33174523570712133,0.4154129053828151,0.0,0.0,0.0,0.0,0.0,0.0,2.0039154279439946,0.0,1.303817665814768,0.0,0.0,,,,,0.0,0.0,
89390cb54afffff,Espontáneo,0.38852201926256236,1.0,12.111952962001324,0.2604944463018685,0.24350830268583526,0.33174523570712133,0.20622980051264905,0.0,0.0,0.0,0.0,0.0,0.0,6.7086409190905725,0.0,2.8245316261723286,27.71451483502251,0.0,,,,,4.839126852623075,3.35740273830107,
89390cb0a2bffff,Planificado,0.47025505504370746,0.0,5.495837487505032,0.9314239013336305,0.8854340800178312,0.9797726512871949,0.9290649726958654,424.53284870704806,0.3511450381679389,0.1984732824427481,3.924492223680777,147.66359955027758,3.0,0.3545775456062229,1.0,0.25203833180049934,46.144874859461744,9.228974971892349,22624.0,52939.05348791702,10.0267665686963,10.876915486130356,8.621383010933368,3.853225304538505,0.25870511586411415
89390cb5093ffff,Espontáneo,0.35111510371791627,1.0,11.374405776715221,0.2916805973475983,0.3213529477320851,0.33174523570712133,0.22194360860358855,0.0,0.0,0.0,0.6931471805599453,0.0,0.0,6.643010254216709,0.0,2.343056743327698,0.0,0.0,,,,,4.961624245270622,0.0,
89390ca2683ffff,Planificado,0.9650930070253851,0.0,2.892184490629274,0.8867528511460306,0.839295664772094,0.8642594450016716,0.9567034436643264,341.4245902225936,0.26811594202898553,0.26811594202898553,3.8562494957415994,101.5046079040143,1.0,0.40698089827697304,1.0,0.07346883228627961,129.1876827869273,9.227691627637665,29986.364806866954,36394.66210373298,10.308498050887167,10.5022048735488,7.941887173515763,4.8689771230484515,0.16558354225561334
89390cb1d87ffff,Espontáneo,0.3507713090960119,1.0,5.999565994513378,0.3972008618447936,0.24350830268583526,0.33174523570712133,0.6163490471414242,0.0,0.0,0.0,0.0,0.0,0.0,0.6405589779977948,0.0,0.6588428772296848,27.673962001684185,0.0,,,,,8.822201336857496,3.355989463639554,
89390ca2267ffff,Planificado,0.27015269051133817,0.0,4.990295745661271,0.5411512314721943,0.6863925108659311,0.33174523570712133,0.6053159478435306,18.46097538459307,0.6666666666666666,0.0,1.0986122886681096,0.0,0.0,0.579678238493027,0.0,0.7471692141862657,0.0,0.0,13249.467032967033,15918.658612423491,9.491712606678348,9.675310015225202,7.861085799154499,0.0,0.5485950280607509
89390cbae73ffff,Espontáneo,0.3294817929497464,1.0,8.558391155152258,0.376100523793603,0.35116460492588875,0.33174523570712133,0.44539173074779886,0.0,0.0,0.3333333333333333,1.5607104090414068,0.0,0.0,2.19838588406055,0.0,0.8843834429277534,0.0,0.0,20399.0,10555.759031253814,9.923241159022965,9.264521600234618,3.388529798367323,0.0,0.3178328464628773
89390cb196bffff,Planificado,0.9512989749744192,0.0,2.1068964493961846,0.5561777926371708,0.6933578513317732,0.33174523570712133,0.6434302908726179,73.80931291698349,0.23529411764705882,0.3235294117647059,2.973485631159138,0.0,0.0,0.5377069913789646,0.0,0.5995792571222249,36.90465645849174,0.0,34765.0,8308.830989378223,10.456366412533118,9.025194549421036,9.14205874397296,3.635073966243129,0.10706718512461683
89390ca06d3ffff,Espontáneo,0.19326805406441416,1.0,5.9996228880540485,0.6157918199041569,0.7284631672796166,0.5889334670678703,0.5299788253649839,83.0537909000466,0.3,0.23333333333333334,3.042845487816544,36.912795955576264,0.0,1.1017615910377578,0.0,0.8469003464113829,0.0,0.0,9740.465656087163,19328.388128915198,9.184044204126963,9.869381917739414,7.104531794471626,0.0,0.7763115689856361
89390cb154fffff,Espontáneo,0.12996497942534854,1.0,8.989513829796765,0.3374289535272484,0.3294327426724618,0.33174523570712133,0.351108882202162,0.0,0.0,0.25,1.0397207708399179,0.0,0.0,6.105210146258483,0.0,0.7268784393657052,0.0,0.0,,,,,6.700516365952033,0.0,
89390ca35c3ffff,Planificado,0.8152874521692995,0.0,1.3403702191682303,0.7932872692150527,0.9212080686503956,0.6532932129722501,0.805360526022512,848.6896394279449,0.3607843137254902,0.1803921568627451,4.166185612886116,138.37331077629537,0.0,0.33398317056964133,1.0,0.703572536997077,673.4167791113041,46.12443692543179,19584.407475490196,48794.49680354653,9.882488991646365,10.795393308967455,8.89700705590941,6.513848286436422,0.5112222135763993
89390cb0377ffff,Planificado,0.5947720141074186,0.0,6.657017003689874,0.664187005460827,0.7094617184887997,0.5547475760615179,0.7283517218321632,27.66939121756857,0.6,0.2,1.6094379124341005,0.0,1.0,0.7792803210762913,0.0,0.2008657719175015,9.223130405856189,0.0,24511.0,18716.378300007647,10.106877275363477,9.837207692147421,6.447154313575941,2.324652839817571,0.22588588011673633
89390cb1133ffff,Espontáneo,0.4142379088585646,1.0,6.431966613884113,0.4531093279839518,0.24350830268583526,0.5547475760615179,0.5610721052045023,0.0,0.0,0.0,0.0,0.0,1.0,3.781623330745838,0.0,0.15748824480082324,0.0,0.0,,,,,0.0,0.0,
89390ca31a7ffff,Espontáneo,0.4354532227560953,1.0,4.7902881190238205,0.8772707009918644,0.7880864816672238,0.9026245402875293,0.9411010810208403,129.21256857379308,0.35,0.175,3.3161434566457366,46.147345919211816,2.0,0.35034628739149454,1.0,0.20130847660574971,9.229469183842363,0.0,,,,,8.417920654358051,2.3252726904298444,
89390cb28abffff,Planificado,0.6127303293344598,0.0,14.481812032727456,0.28880158995505034,0.36030313161707345,0.33174523570712133,0.1743564025409562,0.0,0.0,0.21428571428571427,1.772139388437529,0.0,0.0,7.48715510599708,0.0,4.1796386511429455,0.0,0.0,,,,,7.918035327603881,0.0,
89390cb0d17ffff,Planificado,0.890428621844901,0.0,11.031065458834432,0.3535792562873807,0.24350830268583526,0.5213975259110666,0.2958319402652402,0.0,0.0,1.0,0.0,9.231812041405991,0.0,3.867255866711158,0.0,2.094479178784724,0.0,0.0,,,,,6.84800294249024,0.0,
89390ca2d8bffff,Planificado,0.8332713460343477,0.0,11.968158322589963,0.4470262639771165,0.5839184219324639,0.5320962888665998,0.22506408113228574,18.483425521461157,0.11764705882352941,0.23529411764705882,2.0844297682153505,9.241712760730579,0.0,5.625480012757055,0.0,2.8952478397802213,0.0,0.0,,,,,6.290055730733545,0.0,
89390ca2553ffff,Planificado,0.46018538346649424,0.0,5.91412189358157,0.4897377317136595,0.6213083695531038,0.33174523570712133,0.5161595898807533,27.696074490930982,0.2,0.13333333333333333,2.430791328878232,0.0,0.0,1.056902486122513,0.0,0.9827030230076967,27.696074490930982,0.0,,,,,9.34965305072308,3.356760336091227,
89390cb00c3ffff,Espontáneo,0.4397945787369641,1.0,10.252911471759548,0.27683977859504433,0.24350830268583526,0.33174523570712133,0.25526579739217653,0.0,0.0,0.0,0.0,0.0,0.0,4.7450224618088015,0.0,2.5428378720523295,0.0,0.0,,,,,0.0,0.0,
89390ca2137ffff,Planificado,0.44706715186151713,0.0,8.478871377263973,0.7525260968089453,0.7727070099186447,0.9514376462721499,0.5334336342360414,138.5491212099126,0.29411764705882354,0.37254901960784315,3.366303966470034,129.31251312925178,2.0,3.2030641627779963,0.0,0.33757947768762786,0.0,0.0,,,,,8.001002028089598,0.0,
89390cbad43ffff,Planificado,0.5925636194571008,0.0,5.348470791355953,0.3113878673056205,0.24350830268583526,0.33174523570712133,0.35891006352390503,0.0,0.0,0.0,0.0,0.0,0.0,3.133820081894415,0.0,1.3597770768911859,0.0,0.0,,,,,0.0,0.0,
89390cb183bffff,Planificado,0.9399288259606632,0.0,2.5892250807050594,0.9531650507076787,0.9326869497381032,0.9619692410565028,0.9648389613284297,968.4535632849482,0.37906137184115524,0.18411552346570398,4.234889049727089,221.36081446513103,2.0,0.1388170049603303,1.0,0.15634729113090906,267.47765081203335,9.22336726938046,22539.028779739063,48402.65610932461,10.0230036979227,10.787330629300618,8.329499087642526,5.592767673285381,0.35597648934959397
89390ca05a3ffff,Planificado,0.5771341510326466,0.0,8.69909102385838,0.6130242579590625,0.690014487908169,0.5295887662988967,0.6194695196701215,46.18046913489079,0.29411764705882354,0.17647058823529413,2.833213344056216,9.23609382697816,0.0,0.7801812874824361,0.0,0.584363767397637,0.0,0.0,15782.462423832092,27272.54146215125,9.666654629363425,10.21367233400657,5.349992658146128,0.0,0.42310021396024644
89390cba927ffff,Espontáneo,0.12945803723184415,1.0,2.9082259504062753,0.7248226159961365,0.8473197369887441,0.503176195252424,0.8239719157472417,295.0661640364439,0.3333333333333333,0.1875,3.6901647016695462,9.220817626138873,0.0,0.29720933709430236,1.0,0.6314365889204394,101.4289938875276,9.220817626138873,11370.259365994236,37386.41024819821,9.338756397917495,10.529089302352192,8.713111409125009,4.629169815960757,0.81958805549613
89390ca1d1bffff,Espontáneo,0.3473271329320694,1.0,13.268549434077588,0.2614974553289498,0.24350830268583526,0.33174523570712133,0.20923882759389278,0.0,0.0,0.0,0.0,0.0,0.0,5.261313589808335,0.0,4.757336686674435,0.0,0.0,,,,,0.0,0.0,
89390ca3493ffff,Planificado,0.9102859486770634,0.0,1.4069524552008823,0.8175916638805304,0.8659311267134737,0.8832330324306252,0.7036108324974925,304.3289626457263,0.3402061855670103,0.14432989690721648,3.8483446086134636,36.888359108572885,2.0,0.7299753317212873,0.0,0.31659905617012585,147.55343643429154,36.888359108572885,21821.349825378347,45353.9425128749,9.990644119315052,10.722274435555681,7.661061311019402,5.000944734823759,0.36294616087018605
89390ca0187ffff,Espontáneo,0.17505485726127992,1.0,10.136694351801628,0.3400293473011627,0.24350830268583526,0.33174523570712133,0.44483450351053166,0.0,0.0,0.0,0.0,0.0,0.0,1.5245083638769992,0.0,1.3267402941670396,0.0,0.0,,,,,7.630609363791367,0.0,
89390cb8d93ffff,Espontáneo,0.12986072784442848,1.0,6.02202438576308,0.35221404955607555,0.24350830268583526,0.33174523570712133,0.48138861027527025,0.0,0.0,0.0,0.0,0.0,0.0,1.801570035049403,0.0,0.8002435439686366,0.0,0.0,19164.0,825.7334164649151,9.860788798003012,6.717482292954846,2.858101761781414,0.0,0.5367075514787413
89390cb5217ffff,Planificado,0.5316814825552346,0.0,9.341783210679697,0.3272131208440135,0.24350830268583526,0.33174523570712133,0.40638582413908386,0.0,0.0,0.0,0.0,0.0,0.0,4.418645979390717,0.0,0.651784417139453,0.0,0.0,,,,,0.0,0.0,
89390ca3077ffff,Planificado,0.6505658480363337,0.0,4.406654049544983,0.46562836658122514,0.24350830268583526,0.5547475760615179,0.5986292209963223,0.0,0.0,0.0,0.0,0.0,1.0,1.5160813800950776,0.0,0.4129630371269706,0.0,0.0,,,,,0.0,0.0,
89390cb8977ffff,Planificado,0.6879391942289078,0.0,8.968349936961648,0.44978453880159,0.5824696311155689,0.33174523570712133,0.4351387495820796,18.44268552412301,0.1111111111111111,0.0,2.260203622997563,0.0,0.0,1.4691362384910487,0.0,1.5735738017646361,27.664028286184518,18.44268552412301,10889.0,653.5462553363707,9.29550838434606,6.483942255635594,4.745312451016519,3.3556429668213297,0.9415933784107542
89390cb566bffff,Planificado,0.6366389226561314,0.0,8.32203134612948,0.6983357479846949,0.7424495709350273,0.8030758943497158,0.5494817786693414,64.64562126583259,0.4375,0.125,2.4260151319598084,27.705266256785393,1.0,3.454690772119181,0.0,0.2547881665566954,0.0,0.0,,,,,4.7769105789947455,0.0,
89390ca2c5bffff,Planificado,0.3374011097045244,0.0,8.800847694364524,0.6223299528214272,0.8304357516995431,0.5615178869943163,0.4750362197704224,138.55675131147876,0.40540540540540543,0.08108108108108109,3.4610482519826147,18.47423350819717,0.0,2.7185368065316244,0.0,0.6104316897797714,0.0,0.0,19025.0,15379.271114165018,9.853509182729887,9.640840870613308,5.372967148189103,0.0,0.31273098896098456
89390cb524fffff,Espontáneo,0.491980477250995,1.0,8.326018686875832,0.8039767450499647,0.9726958653738995,0.937897024406553,0.5013373453694417,951.3184622626454,0.5049019607843137,0.11274509803921569,4.000259802240541,92.3610157536549,2.0,3.5181201052379985,0.0,0.4108909477253461,18.47220315073098,9.23610157536549,13367.635653144771,52507.51360282951,9.50059181475305,10.868730599295997,9.766027360201244,2.968987969157623,0.605831783225802
89390cb03afffff,Transición,0.47202651429465076,,7.563692646357911,0.6903673984917716,0.93547308592444,0.599966566365764,0.5356625431851109,544.2100741919857,0.48360655737704916,0.11475409836065574,3.8032060913252845,46.11949781288014,0.0,1.6159993371342138,0.0,0.6107544499138063,18.447799125152056,9.223899562576028,15938.859236002094,47747.70539348647,9.6765153836604,10.77370723336304,6.524276136198975,2.967733908142712,
89390ca2423ffff,Planificado,0.932890722260441,0.0,5.299058967689267,0.6198038560124819,0.6765295887662989,0.5762286860581746,0.6066532932129722,64.61703906544705,0.25,0.4642857142857143,2.7193909217036603,27.693016742334446,0.0,0.7426720612844889,0.0,0.6508828495536952,9.231005580778149,0.0,27073.0,14661.249962677564,10.206292200258018,9.593031439972515,8.301404242430266,2.325422872373944,0.15995989501620833
89390cb1b27ffff,Planificado,0.4844693411323512,0.0,1.4231949249807359,0.7878821650135593,0.7436754708570156,0.8801404212637913,0.7398306029198708,156.8447460807409,0.2073170731707317,0.32926829268292684,3.3180218165057855,156.8447460807409,1.0,0.8745108478742665,0.0,0.047035001041022484,73.80929227328983,0.0,34765.0,21587.055159074756,10.456366412533118,9.979895438815626,9.87422627971966,4.314942105517279,0.09333988519573569
89390ca2007ffff,Espontáneo,0.10311780990155711,1.0,5.389094620255568,0.7845573758311972,0.9260002228908949,0.8161150117017719,0.6115568929009251,600.0812721499456,0.41139240506329117,0.1518987341772152,3.9636651219369687,36.928078286150495,1.0,1.116251867797965,0.0,0.4812868258435801,101.55221528691386,18.464039143075247,12411.152527276776,39282.438362964116,9.4263507447387,10.578558293336144,7.899232625772978,4.630372086302757,0.7836971535534437
89390ca0473ffff,Espontáneo,0.3368450097762512,1.0,6.658761513984604,0.49661020097329023,0.24350830268583526,0.5547475760615179,0.6915747241725175,0.0,0.0,0.0,0.0,0.0,1.0,1.1452672738109329,0.0,0.1915018748814971,0.0,0.0,,,,,9.995733058438564,0.0,
89390ca3363ffff,Espontáneo,0.61055185663448,1.0,7.065044859840831,0.3232010847356885,0.24350830268583526,0.33174523570712133,0.39434971581410894,0.0,0.0,0.0,0.0,0.0,0.0,2.4365221127685865,0.0,1.2877142527164536,0.0,0.0,,,,,0.0,0.0,
89390cb2a67ffff,Espontáneo,0.1615650779420748,1.0,10.862230185430535,0.2902503807719454,0.24350830268583526,0.33174523570712133,0.29549760392287977,0.0,0.0,0.0,0.0,0.0,0.0,4.139874747245081,0.0,1.929290117705346,0.0,0.0,,,,,0.0,0.0,
89390ca0057ffff,Espontáneo,0.4541206658839642,1.0,8.475902508021994,0.6993573312530182,0.5712136409227683,0.8799732530926112,0.6468850997436755,9.232530044874602,0.1111111111111111,0.3333333333333333,2.1972245773362196,18.465060089749205,3.0,1.077977217603421,0.0,0.37314834038434164,18.465060089749205,0.0,,,,,7.589061765967711,2.968621068124143,
89390cb0ed3ffff,Planificado,0.7015113644040906,0.0,7.881624493581471,0.5056930049407482,0.3213529477320851,0.5547475760615179,0.6409784910286415,0.0,0.0,0.5,0.6931471805599453,0.0,1.0,2.027017499864792,0.0,0.11054326027204966,0.0,0.0,12428.0,5652.60573351589,9.427707270512938,8.64004880351153,7.281075480525833,0.0,0.6788465567276644
89390cb0ab7ffff,Planificado,0.7594728247908401,0.0,6.904199391578938,0.5529923102641257,0.6015268026301126,0.5493146104981611,0.5081355176641035,18.45847526267682,0.1111111111111111,0.2222222222222222,2.582306344313967,18.45847526267682,0.0,0.9208319659681911,0.0,1.2213859219095706,0.0,0.0,,,,,7.842759214197525,0.0,
89390ca2b2bffff,Transición,0.530882024161887,,13.670537826758265,0.2581169434228611,0.24350830268583526,0.33174523570712133,0.19909729187562686,0.0,0.0,0.0,0.0,0.0,0.0,5.591439391632192,0.0,5.401683807970411,0.0,0.0,,,,,4.576919474303235,0.0,
89390cb0bafffff,Espontáneo,0.735620652629457,1.0,7.935659521536222,0.625794048813106,0.7460715479772652,0.5547475760615179,0.5765630224005349,83.09521662073999,0.36,0.16,2.886165178199427,0.0,1.0,3.1027202464848243,0.0,0.19562804779205398,92.32801846748887,0.0,,21558.98869667311,,9.978594500749749,7.507571438379798,4.536120367888522,
89390cb222fffff,Espontáneo,0.08672817470918179,1.0,13.716238327365588,0.29764292878635906,0.24350830268583526,0.33174523570712133,0.3176752479661206,0.0,0.0,0.0,0.0,0.0,0.0,8.004902156027061,0.0,0.7590254751225844,0.0,0.0,,,,,7.482029733712846,0.0,
89390ca14abffff,Planificado,0.9090459447776476,0.0,7.86176014546652,0.6279022251941008,0.8143318845425164,0.6489468405215647,0.42042795051822135,184.5030575189801,0.37735849056603776,0.3018867924528302,3.260605162223616,119.92698738733708,0.0,2.868472664621791,0.0,0.8490645271995482,9.225152875949007,0.0,15426.0,39998.852373562244,9.643809676493944,10.596631042428319,7.212964696888816,2.3248506530101545,0.5171677225676902
89390cb1e13ffff,Espontáneo,0.30628749772510244,1.0,4.817524669380219,0.31302240053493813,0.24350830268583526,0.33174523570712133,0.3638136632118578,0.0,0.0,0.0,0.0,0.0,0.0,2.942941084607495,0.0,1.408499274752777,0.0,0.0,,,,,0.0,0.0,
89390cb15dbffff,Transición,0.5229203811654662,,10.374760466599213,0.29242356699728816,0.3213529477320851,0.33174523570712133,0.22417251755265796,0.0,0.0,0.5,0.6931471805599453,0.0,0.0,6.979127918776002,0.0,2.1631964142828513,9.213728053065472,0.0,,,,,8.100482042212782,2.3237327029508412,
89390ca364fffff,Espontáneo,0.08548598847717903,1.0,5.432070951084311,0.3883223745310003,0.24350830268583526,0.33174523570712133,0.5897135852000446,0.0,0.0,0.0,0.0,0.0,0.0,0.7699090722532699,0.0,0.712015476261145,0.0,0.0,,,,,0.0,0.0,
89390ca3233ffff,Transición,0.5393024397567787,,5.9533167025072204,0.6220513392027935,0.8353393513874958,0.5399531929120696,0.4908614733088153,138.3543086979167,0.5172413793103449,0.1724137931034483,3.0624332675559947,18.44724115972223,0.0,2.01800204354173,0.0,0.6935192272878175,9.223620579861114,0.0,14188.607728764127,15916.787016371587,9.560194648974198,9.675192443226752,8.74402626247739,2.3247007862130995,
89390cb0da3ffff,Planificado,0.6150671364440942,0.0,11.553635704923574,0.3120565399903414,0.34536944165830824,0.33174523570712133,0.25905494260559453,0.0,0.0,0.5,1.3862943611198906,0.0,0.0,4.434462048520643,0.0,2.688418546690869,0.0,0.0,,,,,4.609018037916185,0.0,
89390ca2e17ffff,Planificado,0.6644379791932248,0.0,8.89092567811683,0.3430755228648909,0.24350830268583526,0.33174523570712133,0.4539730302017162,0.0,0.0,0.0,0.0,0.0,0.0,1.6542686450598234,0.0,1.0947146749420158,0.0,0.0,,,,,0.0,0.0,
89390cb540bffff,Espontáneo,0.36659485522129004,1.0,10.914750021237712,0.28289498124001633,0.24350830268583526,0.33174523570712133,0.27343140532709237,0.0,0.0,0.0,0.0,0.0,0.0,5.623437881083126,0.0,1.6212064788079539,0.0,0.0,,,,,0.0,0.0,
89390cb0987ffff,Espontáneo,0.2746221845915871,1.0,10.366092703531733,0.3001690255953044,0.24350830268583526,0.33174523570712133,0.3252535383929566,0.0,0.0,0.0,0.0,0.0,0.0,3.8541754382376943,0.0,1.5085977184816246,0.0,0.0,,,,,5.991979845140458,0.0,
89390cb056bffff,Espontáneo,0.22475479678511998,1.0,10.443128184103635,0.2842694750919425,0.24350830268583526,0.33174523570712133,0.27755488688287083,0.0,0.0,0.0,0.0,0.0,0.0,4.503040714442367,0.0,2.1142695309640893,0.0,0.0,,,,,0.0,0.0,
89390cb014fffff,Planificado,0.7043227229743343,0.0,8.511593278404371,0.7025335265054422,0.7425052936587541,0.7634570377800067,0.601638248077566,55.34190778046978,0.5,0.16666666666666666,2.253857589601352,18.44730259348993,1.0,2.554849637421392,0.0,0.1828189248260171,0.0,0.0,24915.0,6670.281361513489,10.123225310715505,8.805567228632194,4.623001597264685,0.0,0.1956387158916818
89390ca21c3ffff,Planificado,0.8090562248726795,0.0,6.626522776167797,0.5397488762584048,0.588153348935696,0.558843196255433,0.47225008358408554,9.23380427606119,0.03571428571428571,0.35714285714285715,2.632505541394768,18.46760855212238,0.0,2.135513963377256,0.0,0.7491790202640288,9.23380427606119,0.0,,,,,8.46177362856323,2.325696385328138,
89390cbadcfffff,Transición,0.5259545801914246,,5.390056350532364,0.297865819681266,0.24350830268583526,0.33174523570712133,0.31834392065084144,0.0,0.0,0.0,0.0,0.0,0.0,3.412785770764458,0.0,1.9545918176193622,0.0,0.0,,,,,0.0,0.0,
89390cb18c7ffff,Planificado,0.61551083080754,0.0,3.5282127214082775,0.3862234852706267,0.3213529477320851,0.33174523570712133,0.5055722723726735,0.0,0.0,0.5,0.6931471805599453,0.0,0.0,1.266892371463032,0.0,0.9127245926989062,0.0,0.0,,,,,8.60293558696728,0.0,
89390ca062fffff,Espontáneo,0.60941708772315,1.0,8.170922098626471,0.4537780006686727,0.24350830268583526,0.5547475760615179,0.5630781232586649,0.0,0.0,0.0,0.0,0.0,1.0,1.693875574756396,0.0,0.4863626618241642,0.0,0.0,,,,,4.56173971365279,0.0,
89390cba9b3ffff,Espontáneo,0.20204351829419437,1.0,2.9909335784443742,0.5734982725955644,0.6326758051933578,0.5361083249749248,0.5517106876184108,27.659403038140866,0.3333333333333333,0.6666666666666666,1.7351264569629228,18.439602025427245,0.0,1.2423723449212405,0.0,0.6636787625998719,36.87920405085449,0.0,15362.570815450645,13239.033277293182,9.639689363494302,9.491000342878564,6.057936912355755,3.634402255712069,0.679764029922939
89390cb14abffff,Transición,0.45289882483144606,,10.859502877481376,0.25848842824770607,0.24350830268583526,0.33174523570712133,0.2002117463501616,0.0,0.0,0.0,0.0,0.0,0.0,7.652989603573827,0.0,2.566486530224462,0.0,0.0,,,,,6.9349705430359965,0.0,
89390cb2c23ffff,Planificado,0.6653021450415678,0.0,15.877637386315707,0.2537334224896913,0.24350830268583526,0.33174523570712133,0.18594672907611723,0.0,0.0,0.0,0.0,0.0,0.0,9.075287266528386,0.0,2.817050882609654,0.0,0.0,,,,,6.632000854554386,0.0,
89390ca0213ffff,Espontáneo,0.08300403717852677,1.0,9.2135373243494,0.3110535309632601,0.24350830268583526,0.33174523570712133,0.35790705449682375,0.0,0.0,0.0,0.0,0.0,0.0,2.8144855713781562,0.0,1.596474453911563,0.0,0.0,,,,,7.3135862945048835,0.0,
89390ca3103ffff,Espontáneo,0.1504548350393207,1.0,4.561845349076531,0.791429845090828,0.9220439095062968,0.7948846539618857,0.6573609718043018,452.1691607147988,0.4375,0.11607142857142858,3.8628653454601203,27.68382616621217,1.0,0.9339819068476731,0.0,0.39185734795164257,18.455884110808114,0.0,11094.225037257824,27603.721766103798,9.314179985000925,10.225742115555008,7.012158515882177,2.9681495492902825,0.8060427648815237
89390cb2807ffff,Planificado,0.7510246710354104,0.0,14.139116895436253,0.2757438983617519,0.3213529477320851,0.33174523570712133,0.17413351164604926,0.0,0.0,0.0,0.6931471805599453,0.0,0.0,7.169589254273951,0.0,4.504365282260771,0.0,0.0,,,,,7.845781508528871,0.0,
89390cb0c73ffff,Espontáneo,0.1796255708923314,1.0,9.180911901940275,0.7213585200044578,0.7157583862699209,0.8126880641925778,0.6356291095508748,46.13991126185393,0.4166666666666667,0.16666666666666666,2.3693821196946763,9.227982252370786,2.0,2.159722330776896,0.0,0.09428746546912606,9.227982252370786,0.0,,,,,7.490777656564983,2.3251273222270816,
89390cb52dbffff,Planificado,0.7175214161389416,0.0,8.057389666733135,0.5919796426315985,0.34988298228017384,0.8293212972250084,0.5967346483896133,0.0,0.0,0.7142857142857143,1.475076311054695,46.17543052184268,1.0,3.136139162516304,0.0,0.05251550757572946,9.235086104368536,0.0,,,,,8.746050342398833,2.325821631815388,
89390cb0857ffff,Planificado,0.7117798744939415,0.0,7.6593615136512225,0.4959786767710539,0.24350830268583526,0.5547475760615179,0.6896801515658085,0.0,0.0,0.0,0.0,0.0,1.0,0.514020963612064,0.0,0.4378269653866446,0.0,0.0,,,,,0.0,0.0,
89390ca014fffff,Planificado,0.9499718325931406,0.0,10.656252494896139,0.5712136409227683,0.7996210854786582,0.5299231026412571,0.3840967346483896,92.36099090794369,0.625,0.125,2.599301927099795,9.236099090794369,0.0,1.9004793958816306,0.0,1.997076971016187,0.0,0.0,,,,,3.1614579537899083,0.0,
89390cb043bffff,Espontáneo,0.08936695682084224,1.0,11.7144694137345,0.2832664660648612,0.24350830268583526,0.33174523570712133,0.2745458598016271,0.0,0.0,0.0,0.0,0.0,0.0,6.003174653180381,0.0,1.4691832315486995,0.0,0.0,,,,,0.0,0.0,
89390ca24afffff,Planificado,0.5617116734698798,0.0,5.624845310483791,0.7681934692967792,0.817396634347487,0.7993981945837512,0.6877855789590995,175.38914870019673,0.3958333333333333,0.1875,3.2281723424707023,27.693023478978432,1.0,1.3692814560842754,0.0,0.09218962696643053,9.231007826326143,0.0,22137.0,10122.79798280772,10.005005695726476,9.222644167179844,7.359276799288442,2.325423091858503,0.3086396192257209
89390cb1bb3ffff,Planificado,0.9687147028175591,0.0,1.7357132715208388,0.9085032876406999,0.843530591775326,0.977432296890672,0.9045469742561018,341.3304023799083,0.24342105263157895,0.26973684210526316,4.087575082871083,138.3771901540169,3.0,0.3527139827986114,1.0,0.33345190236463607,525.8333225852641,9.225146010267792,27557.612569610184,29348.25899570331,10.224034094728344,10.287022577772394,8.999874508430608,6.266884222586293,0.26248889161976785
89390ca2093ffff,Planificado,0.4244241366970361,0.0,5.030902138780698,0.9290928340577288,0.9400423492700324,0.9302072885322634,0.9170288643708905,775.4043022989724,0.42424242424242425,0.13636363636363635,3.9947665980548033,73.84802879037834,2.0,0.13036899675126973,1.0,0.34092053938548217,64.61702519158104,36.92401439518917,17182.7278817734,41651.10241528236,9.751659965341885,10.63710712447905,6.815828513203426,4.183835192637332,0.5391270536988808
89390cba883ffff,Transición,0.5249947380264653,,6.06731328115738,0.5590382257884765,0.9351944723058064,0.33174523570712133,0.4101749693525019,451.5461194574218,0.5384615384615384,0.13186813186813187,3.6938722058780247,0.0,0.0,2.38625436076795,0.0,1.1152063496073341,0.0,0.0,11665.0,23235.77972406507,9.36434818445553,10.053491635274536,5.354966127575284,0.0,
89390cb137bffff,Planificado,0.617084413502998,0.0,6.339545071900769,0.2738307515138006,0.24350830268583526,0.33174523570712133,0.2462387161484453,0.0,0.0,0.0,0.0,0.0,0.0,4.425227997237898,0.0,3.2951336162407845,0.0,0.0,,,,,0.0,0.0,
89390ca345bffff,Espontáneo,0.053861299938525516,1.0,2.9966582996901794,0.737044466733534,0.8548980274155801,0.5372785021731862,0.8189568706118354,322.7375183271418,0.33653846153846156,0.14423076923076922,3.6946226807324636,18.442143904408102,0.0,0.285092816463718,1.0,0.6570142648117883,175.20036709187698,9.221071952204051,11352.187559961625,46334.39558539717,9.33716574089874,10.74366143149157,6.534281492059363,5.17162179688173,0.8542627184915427
89390cb55c7ffff,Espontáneo,0.4221365295299817,1.0,12.93616451209877,0.25258181953267206,0.24350830268583526,0.33174523570712133,0.18249192020505964,0.0,0.0,0.0,0.0,0.0,0.0,7.735140615578129,0.0,3.3053068936468537,0.0,0.0,,,,,5.71905806973404,0.0,
89390cb0b43ffff,Espontáneo,0.369780135929305,1.0,6.1673635115596035,0.5910602176901073,0.5693190683160593,0.5547475760615179,0.6491140086927448,9.230503503072285,0.1111111111111111,0.3333333333333333,2.1972245773362196,0.0,1.0,1.3607158605618173,0.0,0.2849218954101441,36.92201401228914,0.0,,,,,9.57310035643913,3.635531788114848,
89390cb22bbffff,Espontáneo,0.26298408411538704,1.0,15.117017588704071,0.2926464578921951,0.3346149559790483,0.33174523570712133,0.21157918199041567,0.0,0.0,0.6666666666666666,1.0986122886681096,0.0,0.0,9.438070954994126,0.0,2.044833496507156,0.0,0.0,,,,,0.0,0.0,
89390cb5e6bffff,Planificado,0.6754622362002333,0.0,13.543696297982647,0.2550336193766484,0.24350830268583526,0.33174523570712133,0.18984731973698873,0.0,0.0,0.0,0.0,0.0,0.0,7.037146580556764,0.0,3.391934415912591,0.0,0.0,,,,,5.395569081318008,0.0,
89390cb030bffff,Espontáneo,0.1744471142235282,1.0,7.041355222987757,0.3706025483858984,0.24350830268583526,0.33174523570712133,0.5365541067647387,0.0,0.0,1.0,0.0,0.0,0.0,1.3452455732767417,0.0,0.6965129197039452,0.0,0.0,26722.0,4545.631135782751,10.193242475148839,8.42214182798827,7.12320875398777,0.0,0.14705260851171278
89390cb1a83ffff,Espontáneo,0.25643407314536715,1.0,2.896479329663267,0.3733143876072662,0.24350830268583526,0.33174523570712133,0.5446896244288421,0.0,0.0,1.0,0.0,0.0,0.0,1.4790382764260146,0.0,0.6146497656542688,0.0,0.0,,,,,0.0,0.0,
89390cbab6fffff,Espontáneo,0.20680676307840887,1.0,6.594275076300186,0.42647386604257215,0.5538838738437535,0.33174523570712133,0.3937924885768416,9.217771645398036,0.2,0.2,1.6094379124341005,0.0,0.0,2.32479734587485,0.0,1.356578380409745,0.0,0.0,,,,,7.186997269502881,0.0,
89390ca36dbffff,Planificado,0.6169623162480722,0.0,4.857754504148024,0.5084419926446005,0.5893792488576842,0.33174523570712133,0.6042014933689959,18.438078629745615,0.14285714285714285,0.21428571428571427,2.3419942522324253,0.0,0.0,0.8824467800368881,0.0,0.5979975251337367,0.0,0.0,8693.20326264274,36969.88240870033,9.07029676514123,10.517885919882252,7.548172222319192,0.0,0.8040863246712726
89390cb29c3ffff,Espontáneo,0.4171413176315659,1.0,14.734654627474482,0.2492756045915524,0.24350830268583526,0.33174523570712133,0.17257327538170064,0.0,0.0,0.0,0.0,0.0,0.0,7.591260656004239,0.0,4.25644669181288,0.0,0.0,,,,,4.957916988052212,0.0,
89390cb0e2fffff,Planificado,0.8219693495687684,0.0,7.038643604411016,0.6200917567517367,0.6818232475203388,0.33174523570712133,0.8467067870277499,101.50484200445241,0.16923076923076924,0.4461538461538462,2.8371454373726954,0.0,0.0,0.4217672731090877,1.0,0.5059839688078392,0.0,0.0,,,,,6.692613774637088,0.0,
89390ca056bffff,Planificado,0.6677298894435235,0.0,8.962773895458538,0.8970522679148557,0.8842081800958431,0.8785523236375794,0.9283963000111445,240.11196760490864,0.43333333333333335,0.1,3.688629165188461,27.705227031335614,2.0,0.22052360282504996,1.0,0.29087371611263935,18.47015135422374,0.0,16269.337330135892,23996.71919966436,9.69703746982835,10.08571407146681,5.8648100244177135,2.9688825930685177,0.5732588772130836
89390ca2ea3ffff,Planificado,0.4031061648641844,0.0,9.36641636655574,0.3190776031799101,0.24350830268583526,0.33174523570712133,0.3819792711467736,0.0,0.0,0.0,0.0,0.0,0.0,2.2397736636010337,0.0,1.6402188575072485,0.0,0.0,,,,,0.0,0.0,
89390cb5497ffff,Espontáneo,0.27838583133555905,1.0,12.091179916764247,0.2651008581299454,0.24350830268583526,0.33174523570712133,0.22004903599687953,0.0,0.0,0.0,0.0,0.0,0.0,6.066604969491842,0.0,2.7157803262982734,0.0,0.0,23768.0,1318.5645798288356,10.076095417142444,7.1850570973973635,0.0,0.0,0.39357094273866566
89390cb0a13ffff,Planificado,0.8812586804103002,0.0,5.874868927078419,0.6180578773357107,0.6990415691519001,0.5715479772651287,0.5835840855901036,55.366236044134034,0.3157894736842105,0.21052631578947367,2.798513256943294,27.683118022067017,0.0,0.8333790747142654,0.0,0.7069854720437487,64.5939420514897,0.0,26096.0,28083.742182510177,10.169537324860794,10.242981725024457,9.377245418919657,4.183483344909746,0.2068955451086116
89390ca2a87ffff,Espontáneo,0.15969317988324822,1.0,10.401793561541062,0.30908466139158214,0.24350830268583526,0.33174523570712133,0.3520004457817898,0.0,0.0,0.0,0.0,0.0,0.0,2.3445069458916716,0.0,2.1765874975614907,0.0,0.0,,,,,8.035860414613042,0.0,
89390ca266bffff,Planificado,0.6494446597107787,0.0,2.663318220164692,0.7023849325755043,0.6616516215312603,0.7696422601136743,0.6758609160815782,46.139711094940864,0.20833333333333334,0.25,2.867440499124446,18.455884437976344,1.0,0.7087191976193459,0.0,0.4168954376373576,36.91176887595269,0.0,34765.0,11595.540980573776,10.456366412533118,9.358462141296734,9.12735530639075,3.635261588317117,0.09933974911090948
89390cb1d6fffff,Espontáneo,0.17391753507085017,1.0,3.8259011660839266,0.7928414874252386,0.9234369775994651,0.6215312604480107,0.8335562242282403,821.0159589615135,0.419811320754717,0.1792452830188679,3.780871841661229,64.57428890708533,0.0,0.1571498501795377,1.0,0.6293212672756427,415.12042868840575,46.124492076489524,13662.4870117735,54589.80030289478,9.522409181836474,10.907620654915545,8.86261454015473,6.030974710405965,0.7552593841883616
89390cb01dbffff,Espontáneo,0.053723008106821776,1.0,9.818196384501924,0.2990174226382852,0.24350830268583526,0.33174523570712133,0.32179872952189903,0.0,0.0,0.0,0.0,0.0,0.0,3.8847843512275246,0.0,1.5629996886227149,0.0,0.0,,,,,0.0,0.0,
89390ca224fffff,Espontáneo,0.19083714427465337,1.0,4.125666490126138,0.7717597236152902,0.7788365095285857,0.8264794383149447,0.7099632230023403,156.8923154496732,0.3541666666666667,0.22916666666666666,3.0387205539352937,46.14479866166859,1.0,0.5404426053696879,0.0,0.3644106840931417,64.60271812633601,9.228959732333717,11936.7014604811,55943.60194087963,9.387373089188685,10.932117229029801,6.873212167331659,4.183617129944326,0.7845224722610048
89390cb1953ffff,Planificado,0.9834684673246508,0.0,2.586957585606775,0.8640737025892492,0.8317173743452578,0.8333333333333333,0.9271704000891563,267.5219282096563,0.26851851851851855,0.21296296296296297,3.8790083656073904,55.349364457170275,1.0,0.43857579436269667,1.0,0.2227365331463129,267.5219282096563,9.224894076195046,23843.185920577616,49333.731292766315,10.079253749858697,10.80638360069219,9.08417135392544,5.59293257992387,0.2999346519005512
89390ca06bbffff,Espontáneo,0.5952632176371369,1.0,6.750984076674004,0.45741855195215275,0.575504290649727,0.33174523570712133,0.46500612949960995,9.23023576782608,0.045454545454545456,0.22727272727272727,2.4371246463145226,0.0,0.0,1.6724742054935213,0.0,0.9774864190482637,0.0,0.0,,,,,6.104183789500363,0.0,
89390cb1537ffff,Planificado,0.5507580761859007,0.0,8.724418664114856,0.3203592258256251,0.3346149559790483,0.33174523570712133,0.2947174857907055,0.0,0.0,0.3333333333333333,1.0986122886681096,0.0,0.0,4.7259189191163,0.0,1.6266524967912506,0.0,0.0,34765.0,2288.2953639354337,10.456366412533118,7.735999347860277,4.794331369557852,0.0,0.0942917508062712
89390ca35abffff,Planificado,0.7465570008376704,0.0,2.269817699848548,0.8768156320814295,0.896912961105539,0.8771313941825476,0.856402540956202,562.8423260356006,0.33516483516483514,0.17582417582417584,4.051469307068552,138.40385066449196,1.0,0.3599365335801801,1.0,0.4886090130050699,193.76539093028876,9.226923377632797,22349.18026876434,54842.85762653311,10.014544922356315,10.912245474501567,9.19656346114435,5.271795710795297,0.3216043820365833
89390cb1803ffff,Planificado,0.8954806848787034,0.0,3.0344973065583614,0.4304301794271703,0.3213529477320851,0.33174523570712133,0.6381923548423046,0.0,0.0,0.0,0.6931471805599453,0.0,0.0,0.6664750929736788,0.0,0.5633611245794996,0.0,0.0,,,,,8.029301943577577,0.0,
89390cb2cafffff,Espontáneo,0.0895282196760404,1.0,16.499650844169793,0.25919424941491137,0.24350830268583526,0.33174523570712133,0.20232920985177758,0.0,0.0,0.0,0.0,0.0,0.0,9.702131608787706,0.0,2.2503852635604127,0.0,0.0,,,,,0.0,0.0,
89390cb111bffff,Espontáneo,0.15130491930401066,1.0,7.120476387860124,0.45253352650544226,0.3213529477320851,0.5547475760615179,0.48150005572272375,0.0,0.0,0.0,0.6931471805599453,0.0,1.0,4.794147884417349,0.0,0.3524808514337387,0.0,0.0,,,,,7.576068078063203,0.0,
89390ca318fffff,Espontáneo,0.2635004208490188,1.0,4.0606690630095805,0.843001225899922,0.8030758943497158,0.8123537278502173,0.9135740554998328,258.38236370429087,0.23140495867768596,0.17355371900826447,3.7031252200905875,9.227941560867531,2.0,0.45174633607247855,1.0,0.27349860378233165,359.8897208738337,18.455883121735063,10335.089210998207,43144.042549696605,9.243300104008775,10.672322801144183,7.713069346926062,5.888572429319694,0.899031140436835
89390cbad0bffff,Transición,0.4506776251142305,,4.843210516706981,0.3142854489394108,0.24350830268583526,0.33174523570712133,0.3676028084252758,0.0,0.0,0.0,0.0,0.0,0.0,2.8656654556917207,0.0,1.3996149920021175,0.0,0.0,,,,,4.573200870447139,0.0,
89390cb2893ffff,Transición,0.5223481891446792,,15.256121806586144,0.2507986923734165,0.24350830268583526,0.33174523570712133,0.17714253872729302,0.0,0.0,0.0,0.0,0.0,0.0,8.448627902777192,0.0,3.4053366044339852,0.0,0.0,,,,,4.161482955401938,0.0,
89390cb008bffff,Espontáneo,0.25454080126019785,1.0,10.410223563995597,0.27765704520970313,0.24350830268583526,0.33174523570712133,0.2577175972361529,0.0,0.0,0.0,0.0,0.0,0.0,4.7278785422555085,0.0,2.479728790939946,0.0,0.0,,,,,0.0,0.0,
89390cb5367ffff,Espontáneo,0.4343200757721674,1.0,11.709044557180837,0.2997975407704595,0.3294327426724618,0.33174523570712133,0.23821464393179537,0.0,0.0,0.75,1.0397207708399179,0.0,0.0,5.825942266597786,0.0,2.3127660144572912,0.0,0.0,,,,,7.962304446062132,0.0,
89390ca0dc3ffff,Transición,0.5193053425617662,,13.810598794502472,0.2603087038894461,0.24350830268583526,0.33174523570712133,0.2056725732753817,0.0,0.0,0.0,0.0,0.0,0.0,5.328308078592358,0.0,5.167343124569019,0.0,0.0,,,,,4.286330304676059,0.0,
89390cb04c7ffff,Espontáneo,0.12983295461849,1.0,12.614276856523649,0.31811174263531333,0.24350830268583526,0.33174523570712133,0.3790816895129834,0.0,0.0,0.0,0.0,0.0,0.0,7.056918326533727,0.0,0.5430166275984334,0.0,0.0,,,,,0.0,0.0,
89390ca253bffff,Planificado,0.7219117264596595,0.0,7.185036407149578,0.49989784167316764,0.3213529477320851,0.5547475760615179,0.6235930012258999,0.0,0.0,0.5,0.6931471805599453,0.0,1.0,2.259133077690306,0.0,0.14511860594430678,0.0,0.0,,,,,8.510788625801405,0.0,
89390cb00abffff,Espontáneo,0.16139452197369913,1.0,9.917240902266425,0.2930736654407667,0.24350830268583526,0.33174523570712133,0.3039674579293436,0.0,0.0,0.0,0.0,0.0,0.0,4.075834617539082,0.0,1.776595563008898,0.0,0.0,,,,,0.0,0.0,
89390cbad2bffff,Espontáneo,0.17326734538292207,1.0,3.967139809334096,0.5243601173892046,0.7879193134960438,0.33174523570712133,0.4534158029644489,110.61931662558354,0.35294117647058826,0.23529411764705882,3.3632670703667635,0.0,0.0,2.0037076530675115,0.0,0.907139294200877,27.654829156395884,0.0,,,,,5.871329510583062,3.355321985898888,
89390cb1823ffff,Planificado,0.9439722627911897,0.0,2.5420247045782203,0.9272354099335042,0.9170845870946173,0.9504346372450685,0.914187005460827,710.2384641236905,0.36666666666666664,0.14761904761904762,4.100150549928407,129.13426620430735,2.0,0.3375127528470799,2.0,0.3588255526418013,249.04465625116418,18.447752314901052,22128.522805507746,48109.352534571495,10.004622680049327,10.781252662344297,8.071247052202212,5.521639526915356,0.37142675990244745
89390ca058bffff,Planificado,0.6417571414746545,0.0,7.742046266194777,0.3986125041792043,0.24350830268583526,0.33174523570712133,0.6205839741446563,0.0,0.0,0.0,0.0,0.0,0.0,0.8954504708249039,0.0,0.5289332352001497,0.0,0.0,,,,,0.0,0.0,
89390cba90fffff,Espontáneo,0.1893089362675469,1.0,3.7629294348958275,0.6364092276830492,0.8125487573832609,0.5011701771982614,0.595508748467625,184.38584644965576,0.29850746268656714,0.1791044776119403,3.73894375135252,9.219292322482788,0.0,0.742373617429575,0.0,0.7043634141579205,73.7543385798623,0.0,11503.79243483789,43435.26682163812,9.350432036929302,10.679050012186469,7.2870956145293775,4.314207251788642,0.814434397882266
89390ca1d03ffff,Espontáneo,0.6039002369423695,1.0,13.487283438529271,0.260531594784353,0.24350830268583526,0.33174523570712133,0.2063412459601025,0.0,0.0,0.0,0.0,0.0,0.0,5.338408522544896,0.0,4.924876927683886,0.0,0.0,,,,,0.0,0.0,
89390cb1407ffff,Planificado,0.6517772842399527,0.0,10.769380454159405,0.2911605185928155,0.33974144656190797,0.33174523570712133,0.20199487350941714,0.0,0.0,0.3333333333333333,1.3296613488547582,0.0,0.0,7.7620983118292965,0.0,2.4725305408287825,0.0,0.0,,,,,4.98160664789095,0.0,
89390ca347bffff,Espontáneo,0.14921273935798512,1.0,2.7623147816527354,0.7820870017459787,0.7932686949738104,0.8223002340354396,0.730692076228686,166.0021832626344,0.32727272727272727,0.14545454545454545,3.3775249313658504,46.11171757295399,1.0,0.5719460006941005,0.0,0.290085302641211,36.889374058363195,9.222343514590799,12857.418674698794,33356.30218255383,9.46167625250356,10.41503198337502,8.312133169069064,3.6346707049247526,0.715713439179688
89390ca016fffff,Planificado,0.40815961725868616,0.0,11.522159269813551,0.3319309781195438,0.34536944165830824,0.33174523570712133,0.31867825699320185,0.0,0.0,0.0,1.3862943611198906,0.0,0.0,2.638584760641467,0.0,2.7535989551242146,18.474749136862364,0.0,,,,,7.802170201330592,2.969118710383083,
89390ca14cbffff,Planificado,0.691585780753476,0.0,8.18587208781971,0.38852669118466504,0.3213529477320851,0.33174523570712133,0.5124818901147888,0.0,0.0,0.0,0.6931471805599453,0.0,0.0,1.5133491554835787,0.0,0.7468282372572416,0.0,0.0,,,,,8.445446243260179,0.0,
89390cb5653ffff,Espontáneo,0.42798689803784623,1.0,8.07535270211087,0.7277573461124113,0.8440878190125933,0.8388498829822801,0.5003343363423604,249.3130946765687,0.40298507462686567,0.11940298507462686,3.314576804541533,55.40290992812638,1.0,3.528369069552902,0.0,0.41257828074671105,0.0,9.233818321354397,21828.66675433982,28832.092188610484,9.990979373667894,10.269279040816095,7.764191037505338,0.0,0.16624402906126107
89390cb0bcfffff,Espontáneo,0.26310612543660306,1.0,6.630485580878658,0.708347264014265,0.7892566588654853,0.7417251755265797,0.59405995765073,101.535571744536,0.4074074074074074,0.18518518518518517,3.090459923616198,9.230506522230545,1.0,1.562547832537748,0.0,0.4148558723681,9.230506522230545,0.0,,,,,9.34551845495557,2.325374092152307,
89390ca251bffff,Planificado,0.599200840530328,0.0,6.515514465818938,0.3542943645752071,0.24350830268583526,0.33174523570712133,0.48762955533266467,0.0,0.0,0.0,0.0,0.0,0.0,1.6511418830473128,0.0,0.8201911086609314,0.0,0.0,,,,,4.556182431539012,0.0,
89390ca2c43ffff,Planificado,0.6857523179129295,0.0,9.145684536320193,0.32799323897618776,0.24350830268583526,0.33174523570712133,0.40872617853560683,0.0,0.0,0.0,0.0,0.0,0.0,2.875796983619131,0.0,0.9188716029376579,0.0,0.0,,,,,6.853096882899873,0.0,
89390cb5237ffff,Planificado,0.5106302320633594,0.0,10.064806239740742,0.46287937887737285,0.34536944165830824,0.5547475760615179,0.48852111891229244,0.0,0.0,0.5,1.3862943611198906,0.0,1.0,5.173275047433499,0.0,0.29821070008682116,0.0,0.0,27731.0,1965.639280838195,10.230306199986291,7.5840814161312196,8.212071111199542,0.0,0.15062775136155634
89390cb04a7ffff,Espontáneo,0.07755190510993998,1.0,12.51698878147862,0.27999739960622605,0.24350830268583526,0.33174523570712133,0.2647386604257216,0.0,0.0,0.0,0.0,0.0,0.0,6.677966987050766,0.0,1.4376014875197878,0.0,0.0,,,,,0.0,0.0,
89390ca0c93ffff,Transición,0.4771834560829217,,11.6929974870029,0.2846409599167874,0.24350830268583526,0.33174523570712133,0.27866934135740556,0.0,0.0,0.0,0.0,0.0,0.0,3.4447574581395597,0.0,3.1747083326934225,0.0,0.0,,,,,5.181033287069827,0.0,
89390cb0397ffff,Transición,0.5246784003410759,,8.569768181706495,0.47497120992607456,0.3346149559790483,0.5547475760615179,0.5355510977376574,0.0,0.0,0.0,1.0986122886681096,0.0,1.0,2.662281590777815,0.0,0.4049037120207463,0.0,0.0,,,,,4.795506331254057,0.0,
89390ca240bffff,Planificado,0.8887307551882716,0.0,4.418068145244952,0.7246182993424718,0.660035662543185,0.8538950183884988,0.6599242170957317,46.14738531456595,0.18518518518518517,0.37037037037037035,2.9170476559449305,73.83581650330552,1.0,0.6571100600423847,0.0,0.4852095077409667,36.91790825165276,0.0,23852.0,72728.65196879693,10.079623350242997,11.194504447887542,8.271201046277621,3.6354235137253754,0.20667648106672667
89390cb1b0fffff,Espontáneo,0.19328478038971345,1.0,0.48403258647169844,0.7496563765370183,0.7759946506185221,0.6404212637913741,0.832553215201159,267.5144020257547,0.1686046511627907,0.37790697674418605,3.4860283403019965,101.47098007873454,0.0,0.45706185760900114,1.0,0.5423305847291584,1457.4922593127324,9.224634552612232,18255.0,23176.006162775062,9.812194294089737,10.050915952502988,9.711805589253832,7.2851584820004,0.6439248150358238
89390ca045bffff,Espontáneo,0.3528102177921753,1.0,5.917569665001769,0.7426724618299342,0.7938816449348044,0.7980608492143095,0.6360748913406887,138.44969401538899,0.42857142857142855,0.2571428571428571,2.8618137085472295,27.689938803077798,1.0,1.509752295347971,0.0,0.29196885533795824,27.689938803077798,0.0,10968.592847317745,33072.8859915159,9.302791272235575,10.406499307131451,7.137133839731208,3.356546496950838,0.8185463418645336
89390ca334bffff,Espontáneo,0.31536113860749887,1.0,6.908039108395035,0.6030870388944612,0.8649281176863926,0.5098629220996322,0.4344700768973588,212.1725882361819,0.5476190476190477,0.14285714285714285,3.1310851743804493,9.22489514070356,0.0,2.6832914211720387,0.0,0.8027243483913793,18.44979028140712,0.0,9481.233159117306,43873.78172857383,9.157069666865054,10.689094985908472,7.484134376672776,2.9678362875593898,0.8588823570382741
89390cb2a4fffff,Espontáneo,0.2126979779857407,1.0,10.7335947159511,0.28627549314610495,0.24350830268583526,0.33174523570712133,0.2835729410453583,0.0,0.0,0.0,0.0,0.0,0.0,4.492432221877191,0.0,1.987788994665,0.0,0.0,,,,,0.0,0.0,
89390cb0ebbffff,Planificado,0.9167998973977564,0.0,8.056380347284524,0.764850105873175,0.8372339239942047,0.8107656302240054,0.646550763401315,212.21414898744587,0.42592592592592593,0.2222222222222222,3.2073469629872404,36.9068085195558,1.0,1.6388013667853851,0.0,0.21071222860975466,0.0,0.0,23969.686893203885,26822.37142194213,10.084545264898555,10.197028854451505,5.638522343005826,0.0,0.14974226786868677
89390ca2b13ffff,Espontáneo,0.4339027991386713,1.0,12.565052117716796,0.26907574575578586,0.24350830268583526,0.33174523570712133,0.23197369887440097,0.0,0.0,0.0,0.0,0.0,0.0,4.495789473944167,0.0,4.318418262087274,0.0,0.0,,,,,6.6321266886827726,0.0,
89390cb2217ffff,Espontáneo,0.06485203907218846,1.0,14.868036851054969,0.2660667186745421,0.24350830268583526,0.33174523570712133,0.2229466176306698,0.0,0.0,0.0,0.0,0.0,0.0,9.232617011748133,0.0,1.7967166895923705,0.0,0.0,,,,,0.0,0.0,
89390cb0267ffff,Planificado,0.6991685215996215,0.0,6.9627137315128085,0.3156227943088525,0.24350830268583526,0.33174523570712133,0.3716148445336008,0.0,0.0,0.0,0.0,0.0,0.0,2.6652958151974175,0.0,1.4737311086688378,9.21982152351275,0.0,,,,,8.895532403089678,2.3243291211703063,
89390ca22dbffff,Planificado,0.8435458108267972,0.0,2.8738008719681956,0.7301162747501765,0.9272261228128831,0.6414242728184554,0.6216984286191909,562.9044411981197,0.40939597315436244,0.12080536912751678,4.047974406228355,101.50735824884124,0.0,0.625649412632617,0.0,0.6472628968780878,73.82353327188454,9.227941658985568,22702.28,52700.20372340946,10.030220638954317,10.872393575320014,8.811174278370645,4.315132451433502,0.2721790247195645
89390cb15c3ffff,Espontáneo,0.6071557880935218,1.0,10.141366763210893,0.29602696979828375,0.3213529477320851,0.33174523570712133,0.2349827259556447,0.0,0.0,0.5,0.6931471805599453,0.0,0.0,6.643526291787217,0.0,2.0208192035537214,0.0,0.0,,,,,8.430682939497313,0.0,
89390ca3637ffff,Espontáneo,0.4233696150931731,1.0,3.931300265916367,0.5268490657156655,0.6256547420037891,0.33174523570712133,0.623147219436086,27.667033859846867,0.10714285714285714,0.2857142857142857,2.8492350266892004,0.0,0.0,0.8638500852896206,0.0,0.5302417316108242,0.0,9.222344619948956,9470.76591444931,31572.873443958815,9.155965060887429,10.360085267847712,5.749543343286124,0.0,0.7866972209411035
89390cb08c3ffff,Espontáneo,0.4443662540371769,1.0,8.10108245157234,0.7558508859913072,0.7325309261116683,0.84679037111334,0.6882313607489134,83.05634647845444,0.2903225806451613,0.1935483870967742,3.1487931944695373,18.45696588410099,2.0,0.8937012567102233,0.0,0.30576202132813474,55.370897652302965,9.228482942050494,11826.591526344379,39696.540514517736,9.378105794269414,10.58904451298082,9.270439817940412,4.031953026258035,0.770152879600145
89390cb5347ffff,Transición,0.48076700516267656,,10.918014843827184,0.5211189122924329,0.7129722500835841,0.562019391507857,0.2883650952858576,83.15936359579234,0.23076923076923078,0.1794871794871795,3.1477970494728056,18.479858576842744,0.0,5.5564517275393985,0.0,1.3945157701479232,9.239929288421372,0.0,,,,,6.326520314943656,2.3262947141599186,
89390cb11a7ffff,Planificado,0.5269727206940498,0.0,6.744793436459371,0.3304078903376797,0.24350830268583526,0.33174523570712133,0.4159701326200825,0.0,0.0,0.0,0.0,0.0,0.0,3.340877420786658,0.0,0.7670878905191241,0.0,0.0,,,,,8.942712931396715,0.0,
89390ca321bffff,Espontáneo,0.2448593388326975,1.0,6.097940700919306,0.3612782792822913,0.24350830268583526,0.33174523570712133,0.5085812994539173,0.0,0.0,0.0,0.0,0.0,0.0,1.3080979396245709,0.0,0.8644546467148151,0.0,0.0,,,,,0.0,0.0,
89390ca1687ffff,Planificado,0.6391965613919846,0.0,9.436245892300242,0.3156227943088525,0.24350830268583526,0.33174523570712133,0.3716148445336008,0.0,0.0,0.0,0.0,0.0,0.0,2.4377925848620703,0.0,1.6556185399543284,0.0,0.0,,,,,6.967236370127677,0.0,
89390cb0d8bffff,Planificado,0.7654537798905486,0.0,11.083663982804465,0.4992756045915525,0.5949515212303579,0.5924439986626546,0.310431293881645,18.46209985714709,0.14285714285714285,0.2857142857142857,2.3419942522324253,36.92419971429418,0.0,3.8529302855565826,0.0,1.7716068728049723,0.0,0.0,,,,,5.020719652446195,0.0,
89390cb096fffff,Planificado,0.5790858651058886,0.0,8.866830728652735,0.3362402020877447,0.24350830268583526,0.33174523570712133,0.4334670678702775,0.0,0.0,0.0,0.0,0.0,0.0,3.7858536502455435,0.0,0.6194962574397886,0.0,0.0,18639.0,14970.235162454239,9.833011438731804,9.613885983191958,8.009487162038589,0.0,0.2842887827684351
89390ca0e4fffff,Espontáneo,0.5868759785802288,1.0,13.033128735151099,0.26981871540547564,0.24350830268583526,0.33174523570712133,0.23420260782347038,0.0,0.0,0.0,0.0,0.0,0.0,4.40933147467243,0.0,4.3756062910399605,0.0,0.0,,,,,0.0,0.0,
89390cb0553ffff,Espontáneo,0.1908932499417318,1.0,11.495055060876881,0.27349641517144024,0.24350830268583526,0.33174523570712133,0.24523570712136408,0.0,0.0,0.0,0.0,0.0,0.0,5.621159310857065,0.0,2.2608395292280985,0.0,0.0,,,,,0.0,0.0,
89390ca25c7ffff,Transición,0.5470851160324749,,6.506622969646573,0.36928377725769895,0.3213529477320851,0.33174523570712133,0.4547531483338905,0.0,0.0,0.0,0.6931471805599453,0.0,0.0,1.7537083381419003,0.0,1.0179187824660838,9.23253682401488,0.0,,,,,5.00708628249755,2.325572528108938,
89390cb0137ffff,Planificado,0.6384740344926272,0.0,9.51835343889404,0.3202663546194138,0.24350830268583526,0.33174523570712133,0.3855455254652848,0.0,0.0,0.0,0.0,0.0,0.0,3.2200203936104947,0.0,1.0051592608950906,0.0,0.0,24013.0,2426.1214962660165,10.086350629348315,7.794461264739807,6.030399366126564,0.0,0.24425756718185715
89390ca21abffff,Planificado,0.47351312064699747,0.0,7.99393676324288,0.7420223633864557,0.9081689512983394,0.8194583751253761,0.4984397637356514,304.78284666270105,0.515625,0.09375,3.508634131791651,36.94337535305467,1.0,3.434727028623913,0.0,0.4243458073938884,55.41506302958201,18.471687676527335,15463.0,31144.06807655513,9.64620535247543,10.346411183479889,8.403131993923635,4.032736197838425,0.6087706122703822
89390cbadb7ffff,Planificado,0.6388276645147588,0.0,4.120465125450321,0.31740592146810803,0.24350830268583526,0.33174523570712133,0.3769642260113675,0.0,0.0,0.0,0.0,0.0,0.0,2.3097399722566805,0.0,1.6831211945826632,0.0,0.0,,,,,0.0,0.0,
89390cb18afffff,Planificado,0.9426238707379967,0.0,3.1690833672943977,0.6871540547568632,0.8268694973810319,0.6210297559344701,0.6135629109550875,193.70144137186682,0.29577464788732394,0.15492957746478872,3.8843300037308595,64.5671471239556,0.0,0.8492863683057574,0.0,0.5721654844489658,138.3581724084763,0.0,32991.77247956403,27239.463347092344,10.404013490562429,10.212458769923936,8.759590582473447,4.937047398842514,0.12906815625893445
89390ca0617ffff,Espontáneo,0.6101138247512391,1.0,6.900377818170314,0.46098480627066385,0.6307812325866489,0.33174523570712133,0.42042795051822135,18.459963540098023,0.06451612903225806,0.12903225806451613,3.0762338209703364,0.0,0.0,1.8918223528259652,0.0,1.3162946421624933,9.229981770049012,0.0,,,,,5.624720224054477,2.325322797953053,
89390cba99bffff,Espontáneo,0.04887425512931745,1.0,4.010871682427284,0.6382016419629258,0.7616739106207512,0.5547475760615179,0.5981834392065084,138.274138355787,0.2,0.22666666666666666,3.687750356017977,0.0,1.0,1.9971014675531107,0.0,0.30919160412300384,73.7462071230864,0.0,11134.850283944244,40056.95108829802,9.317835134063962,10.598082461838365,7.010065508368173,4.314098470155161,0.8366921743711434
89390ca3507ffff,Planificado,0.9372707236504342,0.0,2.324023648011,0.8003269066458635,0.9461718488799732,0.6521230357739887,0.8026858352836287,904.2135303939714,0.4206008583690987,0.12017167381974249,4.093471316001869,129.17336148485305,0.0,0.3270424790985887,1.0,0.7144422665879141,221.4400482597481,18.45333735497901,21853.630048009036,65579.34351120665,9.99212232164518,11.091031288433207,9.68177472636718,5.404657619275589,0.32624605699137965
89390cb7273ffff,Planificado,0.7264550730344591,0.0,11.503145268421001,0.30813737508822764,0.3346149559790483,0.33174523570712133,0.2580519335785133,0.0,0.0,0.3333333333333333,1.0986122886681096,0.0,0.0,5.053220773844708,0.0,2.2738647595579686,0.0,0.0,,,,,5.230414750273262,0.0,
89390ca1557ffff,Espontáneo,0.09619343009023268,1.0,8.713725378366846,0.2868327203833723,0.24350830268583526,0.33174523570712133,0.28524462275716034,0.0,0.0,0.0,0.0,0.0,0.0,3.96172274790893,0.0,2.296896695260502,0.0,0.0,,,,,0.0,0.0,
89390ca15dbffff,Planificado,0.5676231109747814,0.0,7.9544473802704685,0.3051097737657416,0.24350830268583526,0.33174523570712133,0.3400757829042684,0.0,0.0,0.0,0.0,0.0,0.0,3.393788383015099,0.0,1.5379750560323622,0.0,0.0,,,,,0.0,0.0,
89390cb0c5bffff,Planificado,0.593216708888895,0.0,8.94790629656332,0.5196236858724321,0.8064749804970468,0.33174523570712133,0.42065084141312825,101.49099476921849,0.4782608695652174,0.08695652173913043,3.014946880179594,0.0,0.0,2.5025261501512577,0.0,0.963137190398089,0.0,0.0,34765.0,10661.557205626828,10.456366412533118,9.274493556908809,5.258966962410185,0.0,0.06265160138308348
89390ca2ccfffff,Planificado,0.50264981899183,0.0,9.166675598734988,0.3501708830194286,0.3278725064081132,0.33174523570712133,0.39089490694305135,0.0,0.0,1.0,0.916475107063796,0.0,0.0,3.431948865905111,0.0,0.9036558933648374,0.0,0.0,,,,,0.0,0.0,
89390cb23d3ffff,Espontáneo,0.116678725382706,1.0,14.850542995558115,0.26242616739106206,0.24350830268583526,0.33174523570712133,0.21202496378022959,0.0,0.0,0.0,0.0,0.0,0.0,9.041327444957204,0.0,2.0607533442666504,0.0,0.0,,,,,0.0,0.0,
89390cb52c3ffff,Planificado,0.8178979275530421,0.0,8.375670918985465,0.7334039154500539,0.7866934135740555,0.8779672350384486,0.5355510977376574,157.00513375392595,0.3695652173913043,0.391304347826087,3.0223337948228717,138.53394154758172,1.0,3.449775302572928,0.0,0.303620119150266,0.0,0.0,,,,,8.500220066183338,0.0,
89390ca2497ffff,Planificado,0.5222798759552121,0.0,5.584231801033291,0.629657490991493,0.6390839184219325,0.5547475760615179,0.6951409784910286,27.68921335888691,0.3,0.0,2.163955656882057,0.0,1.0,0.8487928047976339,0.0,0.2976001056142562,0.0,0.0,27034.0,20013.900077911425,10.204850612043773,9.904232279054053,7.792256790754657,0.0,0.09518225484269266
89390cb1b9bffff,Espontáneo,0.4517876567417236,1.0,1.6309525044821325,0.7657416694528029,0.7694750919424941,0.8569040454697425,0.6708458709461719,166.02514577954912,0.2,0.3,3.652205326999657,83.01257288977456,1.0,0.559977438543001,0.0,0.48679745194996993,507.29905654862233,0.0,24984.302013422817,33399.4679020577,10.12600298716326,10.41632518791031,8.997351459991911,6.2310699683595,0.32146887285564896
89390cb0007ffff,Espontáneo,0.12401481885338912,1.0,9.641159715133368,0.2991288680857387,0.24350830268583526,0.33174523570712133,0.32213306586425944,0.0,0.0,0.0,0.0,0.0,0.0,3.8525963414812177,0.0,1.5691814910405522,0.0,0.0,,,,,0.0,0.0,
89390ca207bffff,Espontáneo,0.13152291558789453,1.0,4.844076474915794,0.37535755414391314,0.24350830268583526,0.33174523570712133,0.550819124038783,0.0,0.0,0.0,0.0,0.0,0.0,1.3993979867929587,0.0,0.6168993777188543,0.0,0.0,,,,,0.0,0.0,
89390cba86bffff,Espontáneo,0.5432489511532885,1.0,6.493763517307113,0.6640569857721311,0.5552769419369218,0.5547475760615179,0.8821464393179538,9.215481617659334,0.07142857142857142,0.42857142857142855,2.1682234916146403,0.0,1.0,0.4157281506926232,1.0,0.38701028456828185,0.0,0.0,13666.0,15981.154557724747,9.522666275340724,9.679228038625023,4.84081803208939,0.0,0.5847851945703753
89390cb1363ffff,Espontáneo,0.29165057274027695,1.0,6.011069153625033,0.2775084512797652,0.24350830268583526,0.33174523570712133,0.257271815446339,0.0,0.0,0.0,0.0,0.0,0.0,4.109317186570556,0.0,3.169289769532707,0.0,0.0,,,,,0.0,0.0,
89390ca33d7ffff,Planificado,0.58438348111626,0.0,5.363545280096506,0.35422006761023805,0.24350830268583526,0.33174523570712133,0.4874066644377577,0.0,0.0,0.0,0.0,0.0,0.0,1.5677878494355757,0.0,0.8686883317502313,0.0,0.0,,,,,0.0,0.0,
89390cb2873ffff,Transición,0.5111794342921979,,13.456048092264593,0.25451354062186554,0.24350830268583526,0.33174523570712133,0.18828708347264014,0.0,0.0,0.0,0.0,0.0,0.0,6.5468652331134,0.0,4.193485259030432,9.228021233280554,0.0,,,,,0.0,2.3251311334221465,
89390cb2adbffff,Planificado,0.5993036819417977,0.0,11.958937845849423,0.262500464356031,0.24350830268583526,0.33174523570712133,0.21224785467513652,0.0,0.0,0.0,0.0,0.0,0.0,5.927081949976869,0.0,3.22425789512781,0.0,0.0,,,,,0.0,0.0,
89390ca00cbffff,Planificado,0.9281235619942528,0.0,7.896303994476024,0.7119135183327762,0.6898473197369888,0.7778335005015045,0.668059734759835,27.695295416712977,0.42857142857142855,0.14285714285714285,1.945910149055314,18.46353027780865,1.0,0.9860560220516598,0.0,0.33735001073456505,9.231765138904326,0.0,12285.0,8598.702411964974,9.41613428495528,9.059482878383006,7.830580128465005,2.32549711042674,0.7669000074399758
89390ca316fffff,Espontáneo,0.28914821456235246,1.0,5.808491483512956,0.5431851108882202,0.5323749024852334,0.5892678034102307,0.5079126267691965,9.228452943582916,0.14285714285714285,0.5714285714285714,1.1537419427010902,36.91381177433166,0.0,1.0385218275493806,0.0,1.0797949178957973,0.0,0.0,9976.0,16426.826424502095,9.207937487359873,9.706731909188033,7.017237652010742,0.0,0.7708166011372635
89390cb0b2bffff,Espontáneo,0.1858071673391754,1.0,7.197948022450221,0.6352390504847877,0.9410453582971136,0.5230692076228686,0.44160258553438086,406.23185724600535,0.4583333333333333,0.0625,4.112868760894252,9.232542210136485,0.0,2.7358563844530726,0.0,0.7534397089738216,83.09287989122836,9.232542210136485,18111.0,36174.02821311944,9.804274767464536,10.49612433140593,8.054664438126004,4.4319219009837605,0.49764990491644684
89390cb22a3ffff,Espontáneo,0.07400216799807512,1.0,15.020778360451702,0.26328058248820535,0.24350830268583526,0.33174523570712133,0.21458820907165943,0.0,0.0,0.0,0.0,0.0,0.0,9.294878022931183,0.0,1.9911443811326208,0.0,0.0,,,,,3.2062961560328707,0.0,
89390cb1e87ffff,Transición,0.5495982817181843,,5.020356282311395,0.3310022660574315,0.24350830268583526,0.33174523570712133,0.417753259779338,0.0,0.0,0.0,0.0,0.0,0.0,2.951947901871606,0.0,0.8463420758493955,0.0,0.0,,,,,0.0,0.0,
89390ca2367ffff,Planificado,0.8300206369705272,0.0,7.184798416293606,0.7813161707344255,0.7549314610498161,0.877382146439318,0.7116349047141425,92.34054595929008,0.3333333333333333,0.13333333333333333,3.135265111891204,27.702163787787022,2.0,0.9579833449310582,0.0,0.18972139927191292,9.234054595929008,0.0,18581.0,7483.123350069131,9.829894832232755,8.920539169095292,6.321598543579404,2.325720845128198,0.4887344332212292
89390cb1a6bffff,Espontáneo,0.451616322944407,1.0,2.3189004335411236,0.5997158141089938,0.560960659757049,0.5547475760615179,0.6834392065084142,9.220817998486126,0.25,0.25,1.3862943611198906,0.0,1.0,0.8340100614212765,0.0,0.3389590567857104,0.0,0.0,,,,,0.0,0.0,
89390cbab57ffff,Espontáneo,0.28791242743789675,1.0,6.5679723002454855,0.6307812325866489,0.8080352167613953,0.5633567368772986,0.5209517441212527,175.1134893830529,0.36538461538461536,0.19230769230769232,3.313091062187153,27.649498323639932,0.0,1.5187396374392095,0.0,0.7052735801835309,0.0,0.0,11361.0,43727.78582173408,9.337941716569905,10.685761878682698,7.848693643353681,0.0,0.6118003953378334
89390ca36c3ffff,Planificado,0.5666358404245551,0.0,4.619823251904669,0.570665700806122,0.7972250083584086,0.33174523570712133,0.5830268583528363,193.61050033691356,0.3,0.22857142857142856,3.462425958666079,0.0,0.0,0.9823113991466953,0.0,0.6381987239257946,9.219547635091121,9.219547635091121,12406.605346912795,35404.95014542648,9.425984299031727,10.474635168201605,7.413200008931174,2.324302321084695,0.6892151328678168
89390ca03b7ffff,Planificado,0.9651692660263884,0.0,10.992192466297452,0.5878004383520934,0.8071436531817676,0.6068204613841525,0.34943720049036003,101.59990341923303,0.5789473684210527,0.21052631578947367,2.698011019844113,46.181774281469565,0.0,2.258705178890821,0.0,2.355710962503661,0.0,0.0,16192.0,20238.88270212342,9.692272572087193,9.915410328034975,3.770648984001936,0.0,0.4561429748190996
89390ca32a7ffff,Planificado,0.6506923732500025,0.0,5.316377100322368,0.5624094505739441,0.6209183104870166,0.6089936476094951,0.4573163936253204,18.448255423712883,0.1,0.25,2.926417555497996,55.34476627113865,0.0,2.0681508432921323,0.0,0.8573208623326014,9.224127711856442,0.0,,,,,8.186261472808676,2.3247503889359225,
89390cb0e17ffff,Planificado,0.8875615474668732,0.0,7.713912426183013,0.7920056465693376,0.8778557895909952,0.834670678702775,0.6634904714142427,276.79336227624754,0.5,0.18333333333333332,3.26431847221197,55.358672455249504,1.0,1.5620027981822089,0.0,0.16069208660673748,9.226445409208251,0.0,25071.04369747899,34172.36651265632,10.12946882161721,10.439201862722117,7.262461322085681,2.324977052252203,0.17858983498719205
89390ca2e8bffff,Planificado,0.30715350033462563,0.0,8.337495121538291,0.3914242728184553,0.3213529477320851,0.33174523570712133,0.5211746350161596,0.0,0.0,0.0,0.6931471805599453,0.0,0.0,1.651444170454651,0.0,0.65512209272636,0.0,0.0,,,,,7.610497765112425,0.0,
89390ca2a6fffff,Espontáneo,0.2566355725462957,1.0,11.356743282110465,0.2951539804598982,0.24350830268583526,0.33174523570712133,0.310208402986738,0.0,0.0,0.0,0.0,0.0,0.0,2.8990289852545366,0.0,2.6815705068118674,0.0,0.0,,,,,4.561822838232644,0.0,
89390ca0edbffff,Planificado,0.37738817082843235,0.0,11.668108177079931,0.29125338979902665,0.24350830268583526,0.33174523570712133,0.2985066310041235,0.0,0.0,0.0,0.0,0.0,0.0,2.9754354821860676,0.0,3.0471815498713197,0.0,0.0,17015.0,2457.429527908919,9.741850586935007,7.807278021771201,5.413350706896853,0.0,0.5218140816490079
89390cb5063ffff,Planificado,0.59108486477101,0.0,10.803749133525205,0.2833779115123147,0.24350830268583526,0.33174523570712133,0.2748801961439875,0.0,0.0,1.0,0.0,0.0,0.0,5.8779024696212625,0.0,1.5154188949076854,0.0,0.0,,,,,7.470090135168041,0.0,
89390ca2653ffff,Planificado,0.44515925066274586,0.0,1.760379098639959,0.7417808982503065,0.6915747241725175,0.8348378468739552,0.6989301237044466,83.04003560751272,0.2,0.28888888888888886,3.0076285596649406,55.36002373834181,1.0,0.5871381073108815,0.0,0.3829147765312221,276.80011869170903,0.0,,,,,9.339292610009688,5.626901857576124,
89390ca358bffff,Planificado,0.8945555022877446,0.0,1.3892855020583936,0.6224413982688808,0.6744678479884096,0.587094617184888,0.6057617296333445,55.35390600786544,0.21428571428571427,0.17857142857142858,2.966943486189355,36.902604005243624,0.0,0.9224180181489571,0.0,0.574045522537015,92.25651001310906,0.0,,,,,9.535747664041557,4.5353538685601675,
89390cb1d57ffff,Planificado,0.36169578518153006,0.0,4.747953765665055,0.6077863219287493,0.5573944054385378,0.630558341691742,0.6354062186559679,9.223629841227067,0.16666666666666666,0.3333333333333333,1.791759469228055,0.0,2.0,1.2158245023196728,0.0,0.3686351159095855,0.0,0.0,24063.0,17447.32524530759,10.088430670035034,9.766998948543788,7.610651251247068,0.0,0.14002496936825468
89390cb01c3ffff,Espontáneo,0.1435928612330441,1.0,9.78658210582022,0.3026951224042498,0.24350830268583526,0.33174523570712133,0.33283182881979273,0.0,0.0,0.0,0.0,0.0,0.0,3.8325775090493313,0.0,1.3996067064043873,0.0,0.0,,,,,0.0,0.0,
89390ca2237ffff,Planificado,0.8043675610887211,0.0,5.080796834717256,0.8515546639919759,0.8611389724729746,0.8279839518555667,0.8655410676473867,240.0125558778695,0.5,0.19230769230769232,3.1197264934788067,46.156260745744135,1.0,0.49460014923739104,1.0,0.4158285071065041,18.462504298297652,0.0,17215.161968085107,33777.37622589567,9.753545784272372,10.427576120109208,8.3681103186189,2.968489758010325,0.44751308175267046
89390cb1517ffff,Transición,0.5463814985044757,,9.482349783955623,0.27773134217467216,0.24350830268583526,0.33174523570712133,0.25794048813105985,0.0,0.0,0.0,0.0,0.0,0.0,5.643906435603947,0.0,1.9308820808113167,0.0,0.0,,,,,2.9340597318848185,0.0,
89390cb193bffff,Planificado,0.8477228819275014,0.0,3.164166870645202,0.5426557450128162,0.38376239830602915,0.5547475760615179,0.6894572606709016,0.0,0.0,0.26666666666666666,2.3034884952192693,0.0,1.0,0.7022068585027343,0.0,0.37045799661365353,0.0,0.0,,,,,8.90078472600447,0.0,
89390ca06a3ffff,Espontáneo,0.6118510992465933,1.0,6.968919679828094,0.39073702589249226,0.35116460492588875,0.33174523570712133,0.4893012370444667,0.0,0.0,0.3333333333333333,1.5607104090414068,0.0,0.0,1.328783737005139,0.0,0.9975304219817893,0.0,0.0,,,,,7.93108829916277,0.0,
89390cbaa27ffff,Espontáneo,0.11691800540750245,1.0,7.123739632214945,0.6258033359337272,0.8058620305360527,0.49799398194583755,0.5735539953192912,119.80128488474182,0.3939393939393939,0.09090909090909091,3.328471881330736,9.215483452672448,0.0,1.1426013231859704,0.0,0.6123424381731111,9.215483452672448,9.215483452672448,12602.203448275863,30681.551524241877,9.441626954497687,10.33144941774156,6.669671991876095,2.3239045548709023,0.7020351250779308
89390ca3593ffff,Planificado,0.9462634968812159,0.0,1.0796316607806953,0.8062149411196553,0.734091162376017,0.9535272484119024,0.7310264125710465,129.15912261346944,0.22950819672131148,0.21311475409836064,3.260984658075652,73.80521292198254,3.0,0.780948357297557,0.0,0.1869199029231293,119.93347099822162,9.225651615247818,34765.0,7852.273493416645,10.456366412533118,8.968685729384594,6.757007240608662,4.795240567925766,0.1622386863573974
89390cb1103ffff,Espontáneo,0.09155225066179809,1.0,6.881295594077871,0.44757420409376275,0.24350830268583526,0.5547475760615179,0.5444667335339352,0.0,0.0,0.0,0.0,0.0,1.0,4.455428606152957,0.0,0.13739017814220877,9.217273010569773,0.0,,,,,8.399509390703457,2.3240797204590713,
89390ca3177ffff,Espontáneo,0.3892674483265332,1.0,5.276169087912285,0.6458077937516252,0.7928229131839964,0.6031427616181879,0.5414577064526914,138.42677908688896,0.3488372093023256,0.18604651162790697,3.337821586281183,46.142259695629654,0.0,0.9125978747190181,0.0,0.9021258083570118,0.0,0.0,15281.69583778015,32121.76538702572,9.634411040710143,10.377320259841174,6.728825675529084,0.0,0.4068068133899467
89390ca069bffff,Transición,0.46395661650358544,,5.991245585404162,0.3482763104127196,0.24350830268583526,0.33174523570712133,0.4695753928452023,0.0,0.0,0.0,0.0,0.0,0.0,1.350238442167003,0.0,1.1785641175647519,0.0,0.0,,,,,8.089351272663746,0.0,
89390cb534fffff,Planificado,0.8084056908350625,0.0,10.689904340413356,0.29077045952672825,0.24350830268583526,0.33174523570712133,0.2970578401872283,0.0,0.0,0.0,0.0,0.0,0.0,5.199761654412105,0.0,1.391694780348029,0.0,0.0,,,,,7.993939194614725,0.0,
89390cb08cbffff,Espontáneo,0.32444495392821276,1.0,7.74661180762233,0.7246368735837141,0.7694193692187673,0.630558341691742,0.773932909840633,92.28226178052252,0.38461538461538464,0.11538461538461539,2.9915014685753505,0.0,2.0,0.5794859040818551,0.0,0.058286577438088724,27.684678534156756,18.456452356104506,11725.123907455012,28231.52874839971,9.369489161058642,10.248230093870562,6.758976409135769,3.3563631312333864,0.7967399722622681
89390cb04afffff,Espontáneo,0.057100027169204794,1.0,12.244875215230605,0.2824863479326869,0.24350830268583526,0.33174523570712133,0.2722055054051042,0.0,0.0,0.0,0.0,0.0,0.0,6.4410269563140465,0.0,1.3569109283040635,0.0,0.0,,,,,0.0,0.0,
89390ca2523ffff,Planificado,0.6926391006661322,0.0,7.508742651820505,0.442744901370779,0.24350830268583526,0.5547475760615179,0.5299788253649839,0.0,0.0,0.0,0.0,0.0,1.0,2.587493430956159,0.0,0.42924287211728596,0.0,0.0,,,,,8.81785731118592,0.0,
89390cb1c27ffff,Planificado,0.8641363073074333,0.0,4.849281688752568,0.38059549017422634,0.24350830268583526,0.33174523570712133,0.5665329321297224,0.0,0.0,0.0,0.0,0.0,0.0,1.4209656260412362,0.0,0.5495752838893624,0.0,0.0,,,,,0.0,0.0,
89390cb0093ffff,Espontáneo,0.05924894960787955,1.0,11.019894982816098,0.27709981797243577,0.24350830268583526,0.33174523570712133,0.2560459155243508,0.0,0.0,0.0,0.0,0.0,0.0,5.285964705349918,0.0,2.1810699142281718,0.0,0.0,,,,,0.0,0.0,
89390ca2107ffff,Planificado,0.7151462195120218,0.0,7.791349935887963,0.5280192429139269,0.7909840633010141,0.33174523570712133,0.46132842973364535,73.88470463282667,0.5333333333333333,0.06666666666666667,2.7080502011022105,0.0,0.0,3.113246203716682,0.0,0.6022622253512542,0.0,0.0,13522.0,12657.161898112652,9.512073267650623,9.44605749543458,7.428126254102912,0.0,0.5595649326559067
89390cbad13ffff,Espontáneo,0.09807008754099476,1.0,4.9290804685639875,0.30314090419406364,0.24350830268583526,0.33174523570712133,0.33416917418923436,0.0,0.0,0.0,0.0,0.0,0.0,2.9683486791429563,0.0,1.9683298684150163,0.0,0.0,,,,,0.0,0.0,
89390cb180bffff,Transición,0.5445598253178395,,2.811310188437591,0.4048163007541142,0.24350830268583526,0.33174523570712133,0.6391953638693859,0.0,0.0,1.0,0.0,0.0,0.0,0.5776237628243934,0.0,0.6012553263555088,0.0,0.0,,,,,8.805749196564443,0.0,
89390ca0573ffff,Espontáneo,0.24184324527315526,1.0,8.62638279068365,0.49961922805453396,0.24350830268583526,0.5547475760615179,0.7006018054162487,0.0,0.0,0.0,0.0,0.0,1.0,0.8132300622639738,0.0,0.29365227568656754,0.0,0.0,,,,,8.820916793500656,0.0,
89390cb1933ffff,Planificado,0.8507797106749918,0.0,3.518753227128945,0.5573201084735689,0.5781789813886103,0.5125376128385155,0.5812437311935809,9.227186113275286,0.06666666666666667,0.2,2.5232109529528914,9.227186113275286,0.0,0.9480227815821128,0.0,0.6608666402634854,27.681558339825855,0.0,,,,,9.082776815623667,3.3562543496746158,
89390ca3463ffff,Espontáneo,0.407806749000332,1.0,2.631207784133866,0.7849660091385267,0.6911846651064305,0.7288532263457037,0.9348601359634459,55.337113016244714,0.2727272727272727,0.18181818181818182,2.941231686721755,9.22285216937412,1.0,0.4603593015696988,1.0,0.17340761678374383,36.89140867749648,55.337113016244714,16274.0,31910.365062501656,9.697324021256602,10.370717496875072,7.628580239284915,3.6347244024206167,0.549260763365742
89390ca222fffff,Planificado,0.7792698078998516,0.0,5.307767823115052,0.8151491511571752,0.832386047029979,0.7430625208960213,0.8699988855455255,147.70002995581584,0.5517241379310345,0.1724137931034483,2.900980466620677,9.23125187223849,1.0,0.33014214813017245,1.0,0.4536961371150533,0.0,0.0,16041.776918829377,25167.14903934815,9.682951655760448,10.133334547060093,7.644222408336595,0.0,0.36605191585295427
89390ca3047ffff,Planificado,0.6749895181995846,0.0,4.37685207593548,0.4149392622311379,0.35434080017831276,0.33174523570712133,0.5587317508079795,0.0,0.0,0.2,1.6094379124341005,0.0,0.0,1.2981788124819384,0.0,0.6162290750010758,0.0,0.0,16254.000000000002,3966.2220466657973,9.69609431131315,8.285821392395265,10.168800852321429,0.0,0.4222635831685369
89390cb8947ffff,Planificado,0.7313924658243081,0.0,9.137299554660842,0.4384171031613358,0.5528251420929454,0.33174523570712133,0.43068093168394067,9.220326129949344,0.07142857142857142,0.2857142857142857,2.0692024658203625,0.0,0.0,1.519147376699349,0.0,1.5864289370362772,0.0,0.0,,,,,5.728880800049718,0.0,
89390ca14b3ffff,Espontáneo,0.42836514950004717,1.0,7.236273241924837,0.5489059771908317,0.7031650507076787,0.5429622199933133,0.40059066087150336,64.57605401148518,0.3181818181818182,0.22727272727272727,2.7521915465690436,18.450301146138624,0.0,2.8239280323423173,0.0,1.01081411574918,0.0,9.225150573069312,,,,,7.507401030112287,0.0,
89390cb563bffff,Planificado,0.5910358637070929,0.0,9.228503293384126,0.31361677625469,0.24350830268583526,0.33174523570712133,0.3655967903711133,0.0,0.0,0.0,0.0,0.0,0.0,4.443453546485023,0.0,0.8666839332532045,0.0,0.0,,,,,0.0,0.0,
89390cb0bb7ffff,Espontáneo,0.4375562405882416,1.0,8.37120954125,0.7423845610906795,0.8789702440655299,0.82255098629221,0.5256324529142984,249.28574416308672,0.4426229508196721,0.09836065573770492,3.538102805092162,9.232805339373582,2.0,3.1097305682397693,0.0,0.3726572336567433,27.698416018120746,18.465610678747165,13570.0,27865.254815771492,9.515616752828915,10.235171730957124,7.470485590635304,3.35684193023625,0.6953605084902433
89390ca1097ffff,Espontáneo,0.3745091401389352,1.0,9.194139153377419,0.29203350793120103,0.24350830268583526,0.33174523570712133,0.3008469854006464,0.0,0.0,0.0,0.0,0.0,0.0,3.934669224533828,0.0,1.9431432294222544,0.0,0.0,,,,,6.903890756293286,0.0,
89390cb326fffff,Planificado,0.6356788930802472,0.0,12.301389384457595,0.36389724729744793,0.5937256213083696,0.33174523570712133,0.16622088487685274,18.4213679298767,0.25,0.375,1.9061547465398496,0.0,0.0,9.144281671470097,0.0,4.00797388185114,0.0,0.0,,,,,6.416095718626386,0.0,
89390ca0443ffff,Transición,0.4558889065963197,,6.1552291175373055,0.7602994167688251,0.8718934581522344,0.7413908391842193,0.6676139529700212,203.07075616773795,0.46808510638297873,0.14893617021276595,3.4628012875668173,9.230488916715363,1.0,1.6950660310932717,0.0,0.061529197908056645,0.0,0.0,11130.840377226685,37435.556124494455,9.317474947010083,10.53040294250644,7.377953310576136,0.0,
89390ca3333ffff,Planificado,0.5542817320757407,0.0,6.301956854418211,0.4806363535049593,0.24350830268583526,0.5547475760615179,0.6436531817675247,0.0,0.0,0.0,0.0,0.0,1.0,1.4497069238106275,0.0,0.28094276241306626,0.0,0.0,,,,,7.556194807487998,0.0,
89390ca0027ffff,Planificado,0.6705266153798485,0.0,9.722690863590255,0.3568204613841524,0.24350830268583526,0.33174523570712133,0.49520784575950066,0.0,0.0,0.0,0.0,0.0,0.0,1.0903738617622198,0.0,1.1562254684460593,0.0,0.0,15413.0,4093.4622581449566,9.64296658814672,8.31739067097206,5.527448749480954,0.0,0.5654514846767302
89390cba3abffff,Espontáneo,0.3964630595925306,1.0,10.254987415731149,0.2766911846651064,0.24350830268583526,0.33174523570712133,0.2548200156023626,0.0,0.0,0.0,0.0,0.0,0.0,4.318631647731861,0.0,3.00254062131645,0.0,0.0,,,,,0.0,0.0,
89390cb0ea3ffff,Planificado,0.6433345546369185,0.0,8.136155099730708,0.5979512611909804,0.6451576953081467,0.5547475760615179,0.5939485122032765,27.681634422777282,0.3,0.1,2.3025850929940455,0.0,1.0,1.4270150552272278,0.0,0.4486639458779535,0.0,0.0,,,,,7.159022384250451,0.0,
89390cb1d4fffff,Planificado,0.861182177174165,0.0,4.12164983556356,0.6313756083064007,0.36554106764738653,0.8316616516215313,0.6969241056502842,0.0,0.0,0.3333333333333333,1.9116184458229948,9.22362718777095,3.0,1.074810632879185,0.0,0.20093233469482322,9.22362718777095,0.0,,,,,7.8597699758389155,2.3247014325504365,
89390cb550bffff,Planificado,0.7122155859391691,0.0,12.870619250282257,0.2569653404658419,0.24350830268583526,0.33174523570712133,0.19564248300456924,0.0,0.0,0.0,0.0,0.0,0.0,8.035312650761464,0.0,2.599626463328938,0.0,0.0,,,,,4.377115121426112,0.0,
89390cb0a87ffff,Planificado,0.9266347879990807,0.0,6.5884083876071795,0.5999851406070061,0.6339017051153459,0.5722166499498496,0.593837066755823,36.91287485588361,0.18181818181818182,0.3181818181818182,2.649948793001987,27.684656141912708,0.0,0.6852987058488653,0.0,0.7430849712015462,92.28218713970902,0.0,,,,,7.173477315985815,4.535629169365352,
89390ca264bffff,Planificado,0.31672203417155537,0.0,1.7542128549794294,0.4472027192689178,0.3577398863256436,0.33174523570712133,0.6521230357739886,0.0,0.0,0.2727272727272727,1.7201934592198251,0.0,0.0,0.5375842406000693,0.0,0.5651854482261548,0.0,0.0,24572.0,1162.3490340135738,10.109362862283819,7.059058222724029,0.0,0.0,0.36020616516731285
89390cb024fffff,Planificado,0.677029416452968,0.0,7.461467788717065,0.3276217541513429,0.24350830268583526,0.33174523570712133,0.40761172406107216,0.0,0.0,0.0,0.0,0.0,0.0,3.6945028123981896,0.0,0.7497199104176654,0.0,0.0,,,,,2.44475873787522,0.0,
89390ca22c3ffff,Planificado,0.6546471111993234,0.0,3.1889181817156835,0.6787956461978527,0.6576395854229354,0.7375459712470745,0.6412013819235484,46.1422543550743,0.3125,0.125,2.166084939249829,9.22845087101486,1.0,0.8169445318627953,0.0,0.48570129014960056,18.45690174202972,0.0,24736.336393596986,26206.26061634417,10.116028550647727,10.173791774118996,6.182125668184267,2.968201852470306,0.2320219255964292
89390cb505bffff,Planificado,0.7800829043801497,0.0,9.834314576775665,0.3031780526765481,0.24350830268583526,0.33174523570712133,0.33428061963668787,0.0,0.0,0.0,0.0,0.0,0.0,4.9496744672331845,0.0,1.0084104404316803,0.0,0.0,,,,,8.046825615533518,0.0,
89390ca0ed3ffff,Planificado,0.27218646324146806,0.0,11.589843469973612,0.29481964411753775,0.24350830268583526,0.33174523570712133,0.3092053939596568,0.0,0.0,0.0,0.0,0.0,0.0,2.7892115712561907,0.0,2.8956400516856697,73.89696430679871,0.0,,,,,3.823676899201308,4.3161133597525305,
89390cb19c7ffff,Planificado,0.9766010837795682,0.0,3.277402181866781,0.7837215349752963,0.8805304803298787,0.7333667669675694,0.7372673576284409,424.36863744835347,0.38016528925619836,0.2066115702479339,3.6758878445381864,9.225405161920728,1.0,0.6288418674970686,0.0,0.24055332262972348,193.73350840033527,18.450810323841456,27815.406841652322,35420.16887893171,10.23334534910213,10.475064911326811,5.56344148069134,5.271632000294038,0.25597490554539204
89390cbaab3ffff,Espontáneo,0.24493291269175094,1.0,7.123096606212656,0.6785263196998402,0.9339128496600914,0.33174523570712133,0.7699208737323081,488.36668475082314,0.5955056179775281,0.1348314606741573,3.558434210195829,0.0,0.0,0.3627394259045816,1.0,0.8835919683896128,0.0,0.0,13170.050906286155,29959.270660557733,9.485700660051508,10.307627471654358,7.42463992070298,0.0,0.5240226131018548
89390cb15abffff,Planificado,0.5757384996794923,0.0,9.278018655766957,0.2788829451316914,0.24350830268583526,0.33174523570712133,0.26139529700211744,0.0,0.0,0.0,0.0,0.0,0.0,5.313837569130333,0.0,2.021630630262406,0.0,0.0,,,,,4.378669214306248,0.0,
89390ca0313ffff,Espontáneo,0.29639022375032803,1.0,10.685402231780046,0.3061127827928229,0.24350830268583526,0.33174523570712133,0.3430848099855121,0.0,0.0,0.0,0.0,0.0,0.0,2.651460060899918,0.0,2.0597590462962816,0.0,0.0,,,,,7.825050428416117,0.0,
89390cb118fffff,Espontáneo,0.2714004481824776,1.0,7.356122872722772,0.4389186076748765,0.24350830268583526,0.5547475760615179,0.5184999442772763,0.0,0.0,1.0,0.0,0.0,1.0,4.374193025731622,0.0,0.2689858832459191,0.0,0.0,,,,,7.768526403381035,0.0,
89390ca3203ffff,Espontáneo,0.29173386653506295,1.0,6.030386829835737,0.3525855343809205,0.24350830268583526,0.33174523570712133,0.482503064749805,0.0,0.0,0.0,0.0,0.0,0.0,1.5032937838071039,0.0,0.935315957715376,0.0,0.0,,,,,8.687686634876851,0.0,
89390cb0d73ffff,Planificado,0.7109070647831458,0.0,10.123100277280034,0.4263252721126342,0.6091608157806753,0.33174523570712133,0.33806976485010587,18.463099350531298,0.15384615384615385,0.38461538461538464,2.564949357461537,0.0,0.0,3.0445690264852825,0.0,1.8250831321884216,0.0,0.0,,,,,4.881994012991545,0.0,
89390cb53dbffff,Planificado,0.599025941133534,0.0,10.321069791677546,0.3472175786619116,0.3213529477320851,0.33174523570712133,0.38855455254652843,0.0,0.0,0.0,0.6931471805599453,0.0,0.0,5.411790455209912,0.0,0.6257938430732778,0.0,0.0,,,,,8.393509019619062,0.0,
89390cb0957ffff,Transición,0.5188284889177419,,8.956770239906701,0.5261246703072179,0.7760503733422489,0.33174523570712133,0.47057840187228345,64.62789302422186,0.5833333333333334,0.08333333333333333,2.484906649788001,0.0,0.0,2.869988314415106,0.0,0.6029454459898899,18.465112292634817,0.0,,,,,7.021214768082798,2.9686237499969637,
89390cb053bffff,Espontáneo,0.25252295141804604,1.0,11.343902216537034,0.26948437906311523,0.24350830268583526,0.33174523570712133,0.23319959879638916,0.0,0.0,0.0,0.0,0.0,0.0,5.386487527514886,0.0,2.770036874159375,0.0,0.0,,,,,0.0,0.0,
89390ca25afffff,Espontáneo,0.17266430629599613,1.0,7.741376550791984,0.44363646495040676,0.24350830268583526,0.5547475760615179,0.5326535161038671,0.0,0.0,0.0,0.0,0.0,1.0,2.829774144178478,0.0,0.38889147491486664,9.234576153198564,0.0,,,,,6.933896914963022,2.325771806746106,
89390ca2193ffff,Transición,0.5299788327762035,,7.322713167730022,0.577482447342026,0.6059288978045246,0.5547475760615179,0.5717708681600356,18.469143366228263,0.2,0.1,2.3025850929940455,0.0,1.0,2.4841949667724075,0.0,0.3112197796247572,0.0,0.0,,,,,8.256407895795029,0.0,
89390cb1897ffff,Planificado,0.9469348876817647,0.0,4.237585134775196,0.34890783461495595,0.24350830268583526,0.33174523570712133,0.4714699654519113,0.0,0.0,0.0,0.0,0.0,0.0,1.742976935520435,0.0,0.8910436623925713,0.0,0.0,,,,,7.579350096103436,0.0,
89390ca2a67ffff,Espontáneo,0.1666011851081616,1.0,11.37798185639523,0.29125338979902665,0.24350830268583526,0.33174523570712133,0.2985066310041235,0.0,0.0,0.0,0.0,0.0,0.0,3.10384293574092,0.0,2.829956151547181,0.0,0.0,,,,,7.7475028736625315,0.0,
89390cba983ffff,Espontáneo,0.08173147507786067,1.0,3.669887818529371,0.6380066124298822,0.8476540733311043,0.5352724841190237,0.5310932798395186,267.3447422939393,0.35802469135802467,0.13580246913580246,3.5663445071548656,18.43756843406478,0.0,1.8289928125616643,0.0,0.5697895808574065,64.53148951922672,0.0,12690.715216379711,41833.64262324118,9.448625919749052,10.641480046162823,6.804656860718497,4.182530783133785,0.7623876535989057
89390ca1d77ffff,Espontáneo,0.2890714662742951,1.0,14.191881958026116,0.25458783758683456,0.24350830268583526,0.33174523570712133,0.1885099743675471,0.0,0.0,0.0,0.0,0.0,0.0,6.036323520200892,0.0,5.6417113864212896,0.0,0.0,,,,,0.0,0.0,
89390ca30d3ffff,Espontáneo,0.07225272025401284,1.0,3.2314563795560796,0.787789293807348,0.9457260670901594,0.5668672684720829,0.8507745458598016,1558.6620848346815,0.41119221411192214,0.23114355231143552,4.121881645321337,27.668557718958844,0.0,0.16805544034401232,2.0,0.6227892565867311,101.4513783028491,18.445705145972564,9033.788707067075,49424.935527901165,9.108727127305551,10.808230576092381,8.295082979742157,4.62938832801412,0.9044875367877006
89390cb725bffff,Planificado,0.6205816905960397,0.0,10.867599596749152,0.2873527991381552,0.24350830268583526,0.33174523570712133,0.28680485902150893,0.0,0.0,0.0,0.0,0.0,0.0,4.139661108820264,0.0,2.132319798724038,0.0,0.0,,,,,5.446168288349342,0.0,
89390cb5477ffff,Espontáneo,0.28471503331491665,1.0,11.13046519458503,0.4996285151751551,0.6686726847208292,0.5817452357071213,0.24846762509751474,46.1869986457404,0.3125,0.4375,2.3393717343898155,27.71219918744424,0.0,6.136079989766338,0.0,1.921414177692495,9.23739972914808,0.0,,,,,8.285523865499263,2.326047654664612,
89390cb56c7ffff,Espontáneo,0.14178815173636913,1.0,8.726503449653164,0.589054199635945,0.7506408113228575,0.5547475760615179,0.4617742115234593,110.81197830784119,0.2608695652173913,0.1956521739130435,3.3538389681341503,0.0,1.0,4.086544027421758,0.0,0.4811186414544877,64.64032067957403,0.0,13357.737907375644,35629.6940956336,9.499851114444468,10.480962739062216,4.245433656558451,4.184190151639177,0.7814036021343314
89390cb0c43ffff,Planificado,0.790359258536437,0.0,9.013042632215583,0.39549203165050706,0.36476094951521226,0.33174523570712133,0.4899699097291876,0.0,0.0,0.25,1.9061547465398496,0.0,0.0,2.3434360581232667,0.0,0.619027400253894,0.0,0.0,,,,,7.254693992288682,0.0,
89390ca2cb7ffff,Planificado,0.8176880695745943,0.0,10.809928117156568,0.3341970355510977,0.389501838849883,0.33174523570712133,0.2813440320962889,0.0,0.0,0.11764705882352941,2.425479708432719,0.0,0.0,5.040065773065289,0.0,1.7222875230177839,0.0,0.0,,,,,5.068379037568446,0.0,
89390cb85b7ffff,Espontáneo,0.18575439558742496,1.0,9.06524120082283,0.32505850885991305,0.24350830268583526,0.33174523570712133,0.3999219881867826,0.0,0.0,0.0,0.0,0.0,0.0,2.394896155330512,0.0,1.2323978029408078,0.0,0.0,,,,,2.8208818625708405,0.0,
89390cb52abffff,Planificado,0.6142819979734017,0.0,9.666946676288967,0.33664883539507406,0.24350830268583526,0.33174523570712133,0.4346929677922657,0.0,0.0,0.0,0.0,0.0,0.0,4.7477453656527135,0.0,0.5124513998589473,0.0,0.0,,,,,0.0,0.0,
89390cb0827ffff,Planificado,0.6770571790514974,0.0,8.536667461637867,0.4641052787993611,0.24350830268583526,0.5547475760615179,0.5940599576507299,0.0,0.0,0.0,0.0,0.0,1.0,2.1837929501876037,0.0,0.2892282429763576,0.0,0.0,,,,,8.81757631113753,0.0,
89390ca289bffff,Planificado,0.6286257280609998,0.0,10.54435796835996,0.2915134291764181,0.24350830268583526,0.33174523570712133,0.29928674913629777,0.0,0.0,0.0,0.0,0.0,0.0,3.3842591622183655,0.0,2.4353102719812636,0.0,0.0,,,,,5.918792562815535,0.0,
89390cb040bffff,Espontáneo,0.11261570649912069,1.0,11.908663667719154,0.2875756900330621,0.24350830268583526,0.33174523570712133,0.2874735317062298,0.0,0.0,0.0,0.0,0.0,0.0,6.339636320181725,0.0,1.1755350863330687,0.0,0.0,,,,,0.0,0.0,
89390cb1b83ffff,Espontáneo,0.25722533533525116,1.0,1.593517972814262,0.8131802815854972,0.8483227460158252,0.8677699765964559,0.7234481221442103,433.53402050678596,0.26857142857142857,0.2342857142857143,3.896833111304823,110.68953715066876,1.0,0.6259918391420836,0.0,0.29186525644591915,913.1886814930173,64.56889667122344,24944.136073059362,49908.13865928231,10.124394046424571,10.8179594044362,9.716635633285629,6.818036985043292,0.317553458685513
89390ca2063ffff,Espontáneo,0.24108706803028648,1.0,5.188478189516998,0.45764144284705965,0.24350830268583526,0.5547475760615179,0.5746684497938259,0.0,0.0,0.0,0.0,0.0,1.0,1.5667468434386915,0.0,0.4788522682631392,0.0,0.0,15177.0,496.3255906471171,9.627536402960045,6.209244923570488,0.0,0.0,0.7841678140838513
89390ca04cfffff,Espontáneo,0.16333500932832423,1.0,5.724515366342636,0.6662023106356105,0.8803075894349716,0.5513206285523237,0.5669787139195364,267.68415910346096,0.47540983606557374,0.16393442622950818,3.369044883190548,18.46097648989386,0.0,1.2552766295394533,0.0,0.6016706586257665,9.23048824494693,0.0,10880.302325581395,27207.33341903754,9.294709307301575,10.211278581060547,8.984398762367231,2.3253723056034294,0.7663238762620342
89390cba853ffff,Espontáneo,0.45624762818881437,1.0,6.976684629330191,0.3652531669081318,0.24350830268583526,0.33174523570712133,0.5205059623314388,0.0,0.0,1.0,0.0,0.0,0.0,1.224412023325135,0.0,0.8322312106648255,0.0,0.0,,,,,6.513721715652579,0.0,
89390ca00b3ffff,Planificado,0.7310294356949048,0.0,8.399219117408762,0.6460771202496378,0.7040566142873064,0.5547475760615179,0.6794271704000892,64.63839390493825,0.3333333333333333,0.14285714285714285,2.623521756271808,0.0,1.0,0.5815382699458952,0.0,0.44897133476624157,0.0,0.0,10224.115789473684,31293.343388456073,9.232504501814697,10.351192637782438,4.204980545592624,0.0,0.7689323495654387
89390ca140fffff,Planificado,0.898996837876007,0.0,8.46541714648013,0.48702589249229167,0.6865039563133846,0.33174523570712133,0.4428284854563691,27.67394021325269,0.6,0.0,1.0549201679861442,0.0,0.0,2.727610406535209,0.0,0.7502385150774423,0.0,0.0,,,,,5.2890991357552615,0.0,
89390ca2e83ffff,Planificado,0.6240632758761172,0.0,8.47968432597987,0.5545153980459898,0.6581410899364761,0.5606820461384152,0.4447230580630781,36.94642232603517,0.16666666666666666,0.20833333333333334,3.0047670352079603,18.473211163017584,0.0,2.0064473688363322,0.0,0.9747828547599889,0.0,0.0,18312.0,17416.20874699082,9.815311861632402,9.765214004903736,6.286488647084439,0.0,0.31701573548020107
89390cb0b13ffff,Espontáneo,0.18218417448422117,1.0,7.206805368727372,0.37663917678962816,0.3346149559790483,0.33174523570712133,0.4635573386827148,0.0,0.0,0.0,1.0986122886681096,0.0,0.0,2.166816670105224,0.0,0.7789016522839256,0.0,18.46254519137675,,,,,8.127239338712766,0.0,
89390ca760bffff,Espontáneo,0.1612876682071129,1.0,15.059543378016473,0.2485326349418626,0.24350830268583526,0.33174523570712133,0.1703443664326312,0.0,0.0,0.0,0.0,0.0,0.0,6.98969607146626,0.0,6.8105289298290845,0.0,0.0,,,,,0.0,0.0,
89390ca2b87ffff,Espontáneo,0.4140294910100224,1.0,12.742380861821369,0.2659552732270886,0.24350830268583526,0.33174523570712133,0.22261228128830937,0.0,0.0,0.0,0.0,0.0,0.0,4.745137624389613,0.0,4.541549149399927,0.0,0.0,,,,,7.581843246825088,0.0,
89390cb517bffff,Planificado,0.5895328515063231,0.0,12.741371149954718,0.4859300122589992,0.7610052379360304,0.33174523570712133,0.36503956313384595,55.45187713637097,0.6666666666666666,0.2222222222222222,2.1972245773362196,0.0,0.0,7.822409314815177,0.0,0.5627248114361721,0.0,0.0,,,,,5.3010107867721885,0.0,
89390cb0e0fffff,Planificado,0.952354155016323,0.0,7.0998416541249565,0.6440618150748542,0.8399086147330882,0.5448010698762955,0.5474757606151789,212.2081539081642,0.41818181818181815,0.14545454545454545,3.304426019633564,18.45288294853602,0.0,1.3084556476104114,0.0,0.6567949391113193,9.22644147426801,0.0,21466.80265295073,34833.53887395917,9.974262958169057,10.458364669941815,5.19741993975201,2.3249766674712906,0.3000331373493614
89390cb1e6fffff,Espontáneo,0.1133406487154132,1.0,3.493834788467139,0.33594301422786876,0.24350830268583526,0.33174523570712133,0.4325755042906498,0.0,0.0,0.0,0.0,0.0,0.0,1.812262364563366,0.0,1.2282357982398358,0.0,0.0,,,,,0.0,0.0,
89390cb02dbffff,Espontáneo,0.41548765299642215,1.0,8.89556119625335,0.28623834466362047,0.24350830268583526,0.33174523570712133,0.28346149559790484,0.0,0.0,0.0,0.0,0.0,0.0,4.660392478597467,0.0,1.898226694296289,0.0,0.0,,,,,3.268299819316927,0.0,
89390ca234fffff,Planificado,0.417205230884634,0.0,6.224427653569312,0.6651435788848025,0.823916193023515,0.5939485122032765,0.5775660314276162,138.48788456496484,0.45454545454545453,0.18181818181818182,3.14458019683849,36.93010255065729,0.0,1.236385927045907,0.0,0.5648033081701669,0.0,0.0,18258.581062974543,24097.348668051924,9.81239044373498,10.089898597133299,6.774485857622411,0.0,0.2897039563364927
89390cb1a53ffff,Planificado,0.6020346911181613,0.0,3.1231544829299884,0.6147609495152123,0.635406218655968,0.5547475760615179,0.6541290538281511,9.219547702225201,0.5,0.0,0.6931471805599453,0.0,1.0,1.1452697704720232,0.0,0.32938323142645887,0.0,0.0,,,,,6.8254423793405055,0.0,
89390ca36abffff,Espontáneo,0.07451585727553213,1.0,3.8350494337455467,0.7452357071213641,0.8526133957427838,0.7278502173186225,0.6552435083026859,276.6474417164837,0.3448275862068966,0.16091954022988506,3.7134413069839587,9.221581390549456,1.0,0.9808283914538034,0.0,0.3794558751849643,156.76688363934076,18.443162781098913,10541.599501158025,40164.23816864272,9.263084565909764,10.600757178346157,4.946051123288088,5.0611185235189176,0.8967487033522085
89390ca328fffff,Transición,0.5079425674446723,,5.412521908532101,0.5175805193357852,0.37250640811322855,0.5547475760615179,0.625487573832609,0.0,0.0,0.125,2.0794415416798357,0.0,1.0,1.0977918677509868,0.0,0.43903561307779737,0.0,0.0,9416.389776357828,14833.537584401383,9.150207043193578,9.604713361656122,5.728863992826796,0.0,
89390cba307ffff,Espontáneo,0.08398237439592272,1.0,10.467317364956028,0.27609680894535454,0.24350830268583526,0.33174523570712133,0.25303688844310707,0.0,0.0,0.0,0.0,0.0,0.0,4.36291733178463,0.0,3.052323760647838,0.0,0.0,,,,,0.0,0.0,
89390ca2e73ffff,Planificado,0.5770885591157957,0.0,8.905381534990452,0.38208142947360596,0.24350830268583526,0.33174523570712133,0.5709907500278614,0.0,0.0,0.0,0.0,0.0,0.0,0.9811417176422216,0.0,0.6968541532945359,0.0,0.0,13109.0,2437.7710148916435,9.48105429619781,7.799249508975189,8.94233006612585,0.0,0.66022659769252
89390cb5467ffff,Espontáneo,0.3325025351345684,1.0,11.089047762702096,0.31018054162487463,0.35812994539173076,0.33174523570712133,0.24066644377577176,0.0,0.0,0.5,1.7328679513998633,0.0,0.0,6.320125574465211,0.0,2.003337898751156,9.237652883713338,0.0,,,,,4.087657726110771,2.326072382763734,
89390ca2a57ffff,Transición,0.5334792174575452,,10.175996220704672,0.3485734982725955,0.34536944165830824,0.33174523570712133,0.36860581745235704,0.0,0.0,0.0,1.3862943611198906,0.0,0.0,2.284589627344245,0.0,1.887586540905008,0.0,0.0,,,,,8.227176289729451,0.0,
89390ca0ec3ffff,Planificado,0.5479427490481286,0.0,11.926047399064053,0.2877242839630001,0.24350830268583526,0.33174523570712133,0.2879193134960437,0.0,0.0,0.0,0.0,0.0,0.0,3.1469904270316382,0.0,3.252645809673173,0.0,0.0,,,,,0.0,0.0,
89390cb504bffff,Planificado,0.7610307962384015,0.0,9.85476597205391,0.30856458263679926,0.24350830268583526,0.33174523570712133,0.3504402095174412,0.0,0.0,0.0,0.0,0.0,0.0,4.943411374251482,0.0,0.884186528260167,0.0,0.0,,,,,0.0,0.0,
89390ca263bffff,Planificado,0.4257929766816959,0.0,3.1263343988163355,0.7734314053270924,0.8838181210297561,0.7963891675025074,0.6400869274490136,332.23346833667426,0.3829787234042553,0.18085106382978725,3.7723872728020713,27.686122361389522,1.0,0.9812410962651403,0.0,0.4305695710042115,193.80285652972665,27.686122361389522,21739.76368159204,53906.02568747517,9.986898290404161,10.8950160951091,8.820150610547708,5.271988055011222,0.3512971291902145
89390cbae2bffff,Espontáneo,0.45606545826542355,1.0,7.89212612462087,0.4736524387978751,0.24350830268583526,0.5547475760615179,0.6227014376462722,0.0,0.0,0.0,0.0,0.0,1.0,1.5762995852078938,0.0,0.3169313820812091,0.0,0.0,14042.0,10633.6642301979,9.549808117577195,9.271874154987163,7.287834168285185,0.0,0.5425586272693875
89390cb1923ffff,Planificado,0.8466245912476227,0.0,3.381901657943109,0.6221999331327316,0.7204948177866934,0.5458040789033768,0.6003009027081244,83.04695734225557,0.25,0.1388888888888889,3.207876006855885,18.454879409390127,0.0,0.6776220818449514,0.0,0.7118425109182045,55.36463822817038,0.0,27297.80082987552,20091.67298560201,10.214561422246053,9.908110499511155,9.369560825699836,4.031841980098719,0.18884142250978067
89390ca068bffff,Espontáneo,0.6242714971997119,1.0,6.348983849559216,0.4523292098517775,0.5843084809985511,0.33174523570712133,0.4409339128496601,18.458434566651967,0.15384615384615385,0.07692307692307693,2.098147389135067,0.0,0.0,1.6445170930522583,0.0,1.2611705332742824,0.0,0.0,,,,,8.570610827703863,0.0,
89392b4d363ffff,Transición,0.47348681159801864,,17.505518811702622,0.27795423306957906,0.24350830268583526,0.33174523570712133,0.25860916081578067,0.0,0.0,1.0,0.0,0.0,0.0,10.624278872220163,0.0,1.1773684343347446,0.0,0.0,,,,,5.707247761643513,0.0,
89390cb1507ffff,Transición,0.5089810415232033,,9.127045640766212,0.30969761135257623,0.3213529477320851,0.33174523570712133,0.2759946506185222,0.0,0.0,0.0,0.6931471805599453,0.0,0.0,5.393413750754693,0.0,1.66859204737657,0.0,0.0,,,,,4.985780736493482,0.0,
89390ca357bffff,Planificado,0.5789269228617538,0.0,2.772148671713775,0.6860396002823285,0.7324194806642149,0.630558341691742,0.6951409784910286,46.12952547772702,0.45454545454545453,0.09090909090909091,2.3978952727983707,0.0,2.0,1.0850565180466913,0.0,0.20355034992160215,27.677715286636214,0.0,,,,,7.831311038116908,3.356120350307036,
89390cb2863ffff,Transición,0.4971598737894084,,13.182433413621952,0.2574111222556558,0.24350830268583526,0.33174523570712133,0.19697982837401093,0.0,0.0,0.0,0.0,0.0,0.0,6.227933798373185,0.0,3.8590751457030716,0.0,0.0,,,,,0.0,0.0,
89390ca15cbffff,Espontáneo,0.5041330941501929,1.0,8.295040685168976,0.29801441361120395,0.24350830268583526,0.33174523570712133,0.3187897024406553,0.0,0.0,0.0,0.0,0.0,0.0,3.6767905229962814,0.0,1.7269541543619664,0.0,0.0,,,,,0.0,0.0,
89390cb0ccfffff,Espontáneo,0.15260274709189284,1.0,9.62792498857292,0.3617797837958319,0.3346149559790483,0.33174523570712133,0.41897915970132615,0.0,0.0,0.3333333333333333,1.0986122886681096,0.0,0.0,2.930008523414437,0.0,0.8409217728401042,0.0,0.0,25819.0,22370.712041408588,10.158865933983696,10.015552584475152,5.382777110382248,0.0,0.1292082665724055
89390cb08b3ffff,Planificado,0.7533706200315575,0.0,9.242873302627498,0.351638248077566,0.3213529477320851,0.33174523570712133,0.4018165607934916,0.0,0.0,0.0,0.6931471805599453,0.0,0.0,2.1144996807617855,0.0,1.4232556702013797,0.0,0.0,,,,,8.06145552050507,0.0,
89390ca03afffff,Planificado,0.49757826396765154,0.0,11.414749871833004,0.4898956127642185,0.5626880641925777,0.59679037111334,0.31020840298673796,9.236356779739202,0.09090909090909091,0.45454545454545453,1.9722469794234416,36.94542711895681,0.0,2.835611593369101,0.0,2.769097920179726,9.236356779739202,0.0,,,,,5.592664236074055,2.3259457730768993,
89390cb0497ffff,Espontáneo,0.13970650860510633,1.0,13.367239536945029,0.31372822170214343,0.24350830268583526,0.33174523570712133,0.3659311267134737,0.0,0.0,0.0,0.0,0.0,0.0,7.646813476868677,0.0,0.5652881296590984,0.0,0.0,,,,,0.0,0.0,
89390ca250bffff,Transición,0.4806171161567375,,6.544092625395419,0.3675192243396857,0.24350830268583526,0.33174523570712133,0.5273041346261006,0.0,0.0,0.0,0.0,0.0,0.0,1.6231100158678158,0.0,0.6391557381109327,0.0,0.0,,,,,7.609282724380688,0.0,
89390cb1c0fffff,Planificado,0.3680993792439695,0.0,5.1731994971437665,0.3417010290129648,0.24350830268583526,0.33174523570712133,0.4498495486459378,0.0,0.0,0.0,0.0,0.0,0.0,2.149002306708014,0.0,0.8789071860317518,0.0,0.0,,,,,7.955683020566435,0.0,
89390cb007bffff,Espontáneo,0.40143747805214874,1.0,8.848099400698397,0.3154742003789145,0.24350830268583526,0.33174523570712133,0.3711690627437869,0.0,0.0,0.0,0.0,0.0,0.0,3.3270317891146775,0.0,1.1127459263301542,0.0,0.0,,,,,0.0,0.0,
89390ca055bffff,Planificado,0.7427113251755207,0.0,7.752303584965211,0.4792990081355177,0.24350830268583526,0.5547475760615179,0.6396411456591998,0.0,0.0,0.0,0.0,0.0,1.0,0.9930463351776446,0.0,0.42699586943116813,0.0,0.0,12363.0,2065.4408873554307,9.422463420006927,7.633583028343246,4.161482955401938,0.0,0.7829286691896774
89390ca36bbffff,Espontáneo,0.4822028900957371,1.0,3.6434632422006286,0.7189067201604814,0.713585200044578,0.803159478435306,0.6399754820015603,64.54928762124307,0.4117647058823529,0.29411764705882354,2.196755797914435,9.221326803034723,2.0,1.041477281576381,0.0,0.4136531985705822,27.66398040910417,0.0,,,,,9.70915415132362,3.355641296535498,
89390ca1cd3ffff,Espontáneo,0.5103286973301838,1.0,11.021201696145457,0.2719361789070916,0.24350830268583526,0.33174523570712133,0.24055499832831828,0.0,0.0,0.0,0.0,0.0,0.0,4.568228644773535,0.0,3.4337402576110323,0.0,0.0,,,,,5.26128238735989,0.0,
89390cb5e5bffff,Transición,0.5114390735855627,,12.61054550664039,0.2653980459898213,0.24350830268583526,0.33174523570712133,0.22094059957650733,0.0,0.0,0.0,0.0,0.0,0.0,6.645221701629537,0.0,2.3642072974705837,0.0,0.0,,,,,7.2569225311983425,0.0,
89390ca344bffff,Espontáneo,0.15779786109549032,1.0,3.124064516195267,0.5670808722463687,0.7052267914855678,0.33174523570712133,0.664270589546417,92.2132634757992,0.15151515151515152,0.06060606060606061,3.2698294356719835,0.0,0.0,0.5760804439210112,0.0,0.5086271302523125,193.6478532991783,0.0,14193.098901098901,28508.55828992288,9.560511132576178,10.257994688623699,6.109400322787313,5.271192045478713,0.7695207864597168
89390cb2b4fffff,Espontáneo,0.26247173574914245,1.0,11.18149495038054,0.2959340985920725,0.24350830268583526,0.33174523570712133,0.3125487573832609,0.0,0.0,0.0,0.0,0.0,0.0,4.051605353856887,0.0,1.6361444589169103,0.0,0.0,,,,,5.068379037568446,0.0,
89390ca302fffff,Espontáneo,0.4211961440729251,1.0,4.542391979074574,0.549983283182882,0.24350830268583526,0.7337011033099298,0.6727404435528809,0.0,0.0,1.0,0.0,9.225906786362538,1.0,0.8298639190113868,0.0,0.3728535344251127,0.0,0.0,,37129.31289660041,,10.522188974191918,2.478254306726897,0.0,
89390cb892fffff,Planificado,0.6547960491337385,0.0,8.850200324299093,0.4683959285263197,0.6452134180318735,0.33174523570712133,0.4282291318399644,36.88943833650323,0.2,0.1,2.7877881193860077,0.0,0.0,1.7211596259236959,0.0,1.363926945394129,0.0,0.0,,,,,7.419511584814615,0.0,
89390cbab4fffff,Espontáneo,0.4134457487620563,1.0,6.972422666092604,0.6558193097811954,0.6892900924997214,0.7219993313273152,0.5561685055165496,55.29900431648212,0.24,0.12,3.0870423502280255,9.216500719413686,1.0,2.0149794370810596,0.0,0.44196850959188744,0.0,0.0,15026.0,20573.33345860732,9.617537312929105,9.931799629327072,6.350735794576171,0.0,0.4596613855165619
89390ca149bffff,Espontáneo,0.2336450043987263,1.0,7.207969836425602,0.817480218433077,0.9526356848322747,0.870193915078569,0.6296110553883874,700.9954618664826,0.5066666666666667,0.12,3.8089835612973424,18.447248996486383,4.0,1.7899420138000195,0.0,0.24229583261925133,55.34174698945915,9.223624498243192,10007.720320466133,41842.8560267888,9.211112106159353,10.64170025574434,6.618056536934704,4.0314357699451095,0.8769813554185598
89390cb5623ffff,Planificado,0.4937952281642552,0.0,9.52617568344626,0.29961179835803703,0.24350830268583526,0.33174523570712133,0.3235818566811546,0.0,0.0,0.0,0.0,0.0,0.0,4.707712195400847,0.0,1.1794361081917255,0.0,0.0,,,,,0.0,0.0,
89390ca7697ffff,Transición,0.45906118252159767,,14.879254048305645,0.24879267431925403,0.24350830268583526,0.33174523570712133,0.17112448456480556,0.0,0.0,0.0,0.0,0.0,0.0,6.972268508157963,0.0,6.728455577381887,0.0,0.0,,,,,0.0,0.0,
89390cb8513ffff,Espontáneo,0.33282893305370254,1.0,10.247137411772133,0.2906961625617593,0.24350830268583526,0.33174523570712133,0.2968349492923214,0.0,0.0,0.0,0.0,0.0,0.0,3.452071478512835,0.0,2.422277329435675,0.0,0.0,,,,,0.0,0.0,
89390cb5207ffff,Planificado,0.7843865903760329,0.0,9.405406266937119,0.45486459378134403,0.24350830268583526,0.630558341691742,0.49052713696645495,0.0,0.0,0.0,0.0,0.0,2.0,4.500278739094656,0.0,0.3477332600789587,0.0,0.0,,,,,9.308936643886645,0.0,
89390cb0367ffff,Transición,0.464636520712257,,6.327676849565543,0.8363423604145771,0.882536498384041,0.7626211969241057,0.8638693859355845,212.13781216796139,0.5,0.13043478260869565,3.4743863038837057,18.446766275474904,1.0,0.4206599477658325,1.0,0.4448995257100695,9.223383137737452,0.0,18369.812388326383,26944.495158847258,9.81846396521888,10.201571406849231,7.34239567673466,2.324677561086626,
89390ca23dbffff,Planificado,0.8278195145551324,0.0,5.16045461604757,0.4002841858910063,0.24350830268583526,0.33174523570712133,0.6255990192800623,0.0,0.0,0.0,0.0,0.0,0.0,0.8521462707000018,0.0,0.5264976937518477,0.0,0.0,,,,,6.78926630874024,0.0,
89390cbabcbffff,Espontáneo,0.10224027824148772,1.0,6.805488260797079,0.6363349307180801,0.7888665997993982,0.5628552323637579,0.5572829599910843,147.45179005972366,0.37209302325581395,0.18604651162790697,3.1184382392279177,27.64721063619819,0.0,0.9416413427889561,0.0,0.7770779859478649,0.0,18.431473757465458,11803.0,34605.76638220145,9.37610901542907,10.451804502105649,8.126739813488474,0.0,0.5908932150476629
89390ca042bffff,Planificado,0.5768906273182565,0.0,7.193258171590826,0.5078847654073332,0.6046472751588098,0.33174523570712133,0.5872617853560682,18.46505330959978,0.15384615384615385,0.0,2.458311329683084,0.0,0.0,0.820304224662577,0.0,0.698669150634761,0.0,0.0,,,,,0.0,0.0,
89390ca000fffff,Planificado,0.9156294956226515,0.0,8.955639738620254,0.6666666666666666,0.564304023180653,0.7810096957539284,0.6546862810654185,9.233549095629693,0.16666666666666666,0.3333333333333333,1.791759469228055,18.467098191259385,1.0,1.217914649171204,0.0,0.30831599387320424,0.0,9.233549095629693,,,,,7.656019458790839,0.0,
89390cb0e8bffff,Planificado,0.5995265130941456,0.0,7.939535859475701,0.5358575727181545,0.7886437089044912,0.33174523570712133,0.48718377354285075,110.70820300591274,0.42857142857142855,0.0,2.9174329732922164,0.0,0.0,2.167707149667123,0.0,0.6672330656589263,0.0,0.0,,,,,8.059837925569267,0.0,
89390cb0a6fffff,Planificado,0.7609057359702757,0.0,4.787985156606661,0.8899476206396969,0.7742115234592667,0.9662320294215981,0.9293993090382259,166.1123316669456,0.26865671641791045,0.16417910447761194,3.41116092184389,101.51309157424453,3.0,0.468230281946058,1.0,0.198627247851955,9.228462870385867,0.0,28265.348084348083,19609.758618727334,10.249391884064451,9.883833603741847,9.764171704969169,2.325174311624534,0.1190714339958881
89390cb50d7ffff,Transición,0.4921924402955162,,10.746473541206553,0.2747594635759129,0.24350830268583526,0.33174523570712133,0.2490248523347821,0.0,0.0,0.0,0.0,0.0,0.0,5.969765696134227,0.0,1.9875418953040334,0.0,0.0,,,,,0.0,0.0,
89390cb1a63ffff,Espontáneo,0.41231470066099213,1.0,2.0873736227186264,0.6758702032021993,0.5650841413128274,0.5547475760615179,0.9077788922322524,9.221072536674797,0.09090909090909091,0.18181818181818182,2.2718685126965625,0.0,1.0,0.48524010529998635,1.0,0.28116513876930105,9.221072536674797,9.221072536674797,12529.0,7813.936055076731,9.435801236245553,8.963792060490269,5.441159575596036,2.324451524149347,0.7869236805522644
89390ca26c7ffff,Planificado,0.9477799659234311,0.0,2.284680972640745,0.7684720829154128,0.8921208068650396,0.6121698428619191,0.8011255990192799,673.5842095310603,0.35960591133004927,0.08866995073891626,3.7768715381023275,55.36308571488167,0.0,0.4251107853617463,1.0,0.6813372286748773,332.17851428929004,0.0,33525.84241103849,27497.502930627623,10.42007183568022,10.221886843286544,8.38878663664355,5.808678425288274,0.15035067365288501
89390cb1dcbffff,Planificado,0.6118129412897819,0.0,5.124236650565368,0.4908893346706787,0.24350830268583526,0.5547475760615179,0.674412125264683,0.0,0.0,0.0,0.0,0.0,1.0,1.0636114430718815,0.0,0.2920483954172777,0.0,0.0,,,,,0.0,0.0,
89390cb0237ffff,Espontáneo,0.3844195682277475,1.0,7.646915082459522,0.4422619710984806,0.24350830268583526,0.5547475760615179,0.5285300345480887,0.0,0.0,0.0,0.0,0.0,1.0,2.491777575446757,0.0,0.45054004653908714,0.0,0.0,,,,,7.061457642851173,0.0,
89390ca22abffff,Planificado,0.37397144441061686,0.0,4.493482037953544,0.6548534492365987,0.8305471971469967,0.5757271815446339,0.5582859690181656,175.37927568891425,0.4418604651162791,0.16279069767441862,3.142100849711452,27.691464582460146,0.0,0.7820298964735439,0.0,0.8830850897435524,27.691464582460146,9.230488194153383,15574.848017621145,29683.327364389308,9.653412585509882,10.298374487340402,8.292922010711647,3.3565996772250273,0.5635308060690674
89390cb19afffff,Planificado,0.5716726173601149,0.0,3.8739238460175573,0.624428842081801,0.7511423158363981,0.5712136409227683,0.5509305694862365,101.50186011946495,0.28205128205128205,0.15384615384615385,3.3436475627942857,27.682325487126803,0.0,0.8621502811593629,0.0,0.8736905848816383,9.227441829042268,0.0,,,,,8.9552368110493,2.3250744831046566,
89390cbaa9bffff,Espontáneo,0.3693313721526664,1.0,8.086019085724637,0.4724636873583714,0.24350830268583526,0.5547475760615179,0.6191351833277611,0.0,0.0,0.0,0.0,0.0,1.0,1.3636033835415333,0.0,0.37740806507542224,0.0,0.0,,,,,7.164050875741697,0.0,
89390ca3607ffff,Espontáneo,0.42317834160657775,1.0,4.192758984843017,0.6145380586203054,0.6706229800512649,0.5547475760615179,0.6182436197481332,36.88531008813368,0.3333333333333333,0.08333333333333333,2.3693821196946763,0.0,1.0,1.0527239942798816,0.0,0.4821801744277145,9.22132752203342,0.0,9476.0,52292.77958260526,9.156517565278676,10.86463270574434,4.638430264447225,2.324476470863813,0.8604800630008966
89390cb1177ffff,Planificado,0.5924267956456852,0.0,6.186506706293011,0.3331197295590475,0.24350830268583526,0.33174523570712133,0.42410565028418584,0.0,0.0,0.0,0.0,0.0,0.0,4.161978190472382,0.0,0.6098308212080228,0.0,0.0,,,,,0.0,0.0,
89390cb0d5bffff,Planificado,0.6425827822625074,0.0,9.656829841125456,0.531204725286972,0.6298339462832944,0.5180541624874624,0.44572606709015933,18.460040988901795,0.3333333333333333,0.16666666666666666,1.791759469228055,9.230020494450898,0.0,2.422286584561443,0.0,0.8122602536208453,0.0,0.0,19416.0,17428.77257793282,9.873852747406437,9.765935090691297,6.887662666634391,0.0,0.2678592143672457
89390ca2dcfffff,Planificado,0.6262819979452133,0.0,11.575358810544598,0.27130465470485526,0.24350830268583526,0.33174523570712133,0.23866042572160925,0.0,0.0,0.0,0.0,0.0,0.0,4.958053995388555,0.0,2.9959911146530014,64.68840309499939,0.0,,,,,3.609864121870516,4.184922396896601,
89390cb53c3ffff,Planificado,0.6733267284308085,0.0,10.649793820935834,0.3251513800661243,0.3148891117797838,0.33174523570712133,0.3288197927114677,0.0,0.0,0.4,0.6730116670092565,0.0,0.0,5.746056013696214,0.0,0.9015511247656232,0.0,0.0,,,,,8.63653371188395,0.0,
89390cb0523ffff,Espontáneo,0.27885191276275106,1.0,11.332119873254053,0.2704873880901965,0.24350830268583526,0.33174523570712133,0.23620862587763292,0.0,0.0,0.0,0.0,0.0,0.0,5.3818489203280615,0.0,2.6639199094274493,0.0,0.0,,,,,0.0,0.0,
89390ca2597ffff,Espontáneo,0.4452503819820061,1.0,7.435983389784555,0.47517552657973927,0.6940822467402207,0.33174523570712133,0.39969909729187564,36.933221852146595,0.4,0.0,2.163955656882057,0.0,0.0,2.8164309045926714,0.0,1.0145095476569712,36.933221852146595,0.0,18586.0,31037.98990225038,9.830163888117285,10.342999431958715,8.031658092213284,3.6358272941484473,0.43935428177603325
89390cb1c9bffff,Planificado,0.7295426819907928,0.0,6.604561464138738,0.31521416100152305,0.24350830268583526,0.33174523570712133,0.37038894461161265,0.0,0.0,0.0,0.0,0.0,0.0,2.4680261886083232,0.0,1.6473422450149124,64.54051953231098,0.0,,,,,8.56628749269396,4.182668570189372,
89390cb0107ffff,Transición,0.47087908958495356,,9.458008389593129,0.3326367992867491,0.24350830268583526,0.33174523570712133,0.42265685946729076,0.0,0.0,0.0,0.0,0.0,0.0,3.5863893340709407,0.0,0.6966219900961181,0.0,0.0,,,,,5.775313686349817,0.0,
89390ca217bffff,Planificado,0.5203823055053256,0.0,7.2557837914473415,0.3496879527471302,0.24350830268583526,0.33174523570712133,0.47381031984843425,0.0,0.0,0.0,0.0,0.0,0.0,2.2163492209649878,0.0,0.7154271004475303,18.469642640884878,0.0,10382.50492025789,32952.99785776923,9.247877449403942,10.402867863610675,6.9983623307867,2.968856464869742,0.8345525385574301
89390cbad87ffff,Transición,0.5219202081098315,,4.764856323738111,0.30120918310487016,0.24350830268583526,0.33174523570712133,0.32837401092165386,0.0,0.0,0.0,0.0,0.0,0.0,2.8878322553347187,0.0,2.1698297547842573,0.0,0.0,,,,,0.0,0.0,
89390cba96bffff,Planificado,0.7192817281693042,0.0,4.437793084465423,0.7991010067238752,0.7193246405884319,0.7586091608157807,0.9193692187674133,55.31423189987628,0.375,0.25,2.685945324669788,18.438077299958763,1.0,0.2663351762065567,1.0,0.30924730270633477,0.0,0.0,,,,,9.678195432881305,0.0,
89390ca34d7ffff,Planificado,0.5955574942027626,0.0,1.9499039891650394,0.7812140124075931,0.7762175415134291,0.8602474088933467,0.7071770868160036,129.10212920559997,0.3684210526315789,0.3684210526315789,3.046470755677147,92.21580657542854,1.0,1.1316572967455605,0.0,0.11041442523008849,73.77264526034284,9.221580657542855,,,,,8.40702291377736,4.314452113018392,
89390cb5acbffff,Planificado,0.5352813508302509,0.0,13.640810528229444,0.25343623462981535,0.24350830268583526,0.33174523570712133,0.18505516549648948,0.0,0.0,0.0,0.0,0.0,0.0,6.695061829603793,0.0,4.294148906317866,0.0,0.0,,,,,4.313404806125232,0.0,
89390ca30bbffff,Planificado,0.7874707777916249,0.0,3.1626457848365312,0.7613024257959062,0.8014042126379137,0.8094282848545638,0.6730747798952413,119.92353877372861,0.5,0.2692307692307692,2.737975555805786,36.8995503919165,1.0,0.9373921021922675,0.0,0.337735593423194,46.12443798989562,0.0,23102.7633164618,24145.60759403176,10.047707513444749,10.09189917691674,8.243414190196242,3.8527917197532005,0.2891773868853223
89390cb7243ffff,Transición,0.5072426973948141,,11.072767000201008,0.28471525688175636,0.24350830268583526,0.33174523570712133,0.2788922322523125,0.0,0.0,0.0,0.0,0.0,0.0,4.438285344289535,0.0,2.1252649551527254,0.0,0.0,34765.0,1843.8399188214892,10.456366412533118,7.520147787843937,0.0,0.0,
89390cb89bbffff,Espontáneo,0.16630608843925862,1.0,7.744814348511294,0.85762844087819,0.9315167725398417,0.7607823470411234,0.8805862030536052,663.9362906901024,0.42105263157894735,0.11695906432748537,3.9452525831680587,18.442674741391734,1.0,0.3031011640737052,1.0,0.42275399052612933,0.0,0.0,10248.644829007004,40687.571848013125,9.234900764021608,10.613702542026692,7.375850752080624,0.0,0.7037914682477802
89390cb56afffff,Transición,0.5098930515625362,,9.851390904136805,0.2947081986700843,0.24350830268583526,0.33174523570712133,0.30887105761729633,0.0,0.0,0.0,0.0,0.0,0.0,5.121461630664367,0.0,1.2479578463776093,0.0,0.0,,,,,7.791577139632338,0.0,
89390cb0c2bffff,Planificado,0.7027599769957719,0.0,9.396578535152011,0.5674337828299714,0.5462498606931906,0.5547475760615179,0.6013039117352056,9.229001278323699,0.2,0.2,1.3321790402101223,0.0,1.0,2.188545235108163,0.0,0.26314682979932874,0.0,0.0,,,,,7.2465854989419,0.0,
89390ca110bffff,Espontáneo,0.17598278776969736,1.0,11.26577561693992,0.2569281919833574,0.24350830268583526,0.33174523570712133,0.1955310375571158,0.0,0.0,0.0,0.0,0.0,0.0,5.882770796966233,0.0,4.653395357204263,0.0,0.0,,,,,0.0,0.0,
89390cb5293ffff,Planificado,0.8815324372863108,0.0,9.232261229653055,0.3811527174114937,0.3765741669452803,0.33174523570712133,0.43513874958207954,0.0,0.0,0.6470588235294118,2.1808395270586205,0.0,0.0,4.345599876971054,0.0,0.5515497821921834,0.0,0.0,,,,,6.115859232695176,0.0,
89390cb080fffff,Planificado,0.838550335532193,0.0,7.97718336038059,0.6033842267543371,0.7603922879750362,0.5506519558676028,0.4991084364203722,101.53008287801171,0.3548387096774194,0.1935483870967742,3.0255969038318318,18.4600150687294,0.0,1.1627491753411556,0.0,1.0337615236664799,0.0,0.0,25906.0,15324.200831231896,10.162229881090202,9.637253865529761,7.873528697891769,0.0,0.11609781293341925
89390ca2467ffff,Planificado,0.7780918439918673,0.0,4.713478710367527,0.7848267023292098,0.732586648835395,0.6557171514543632,0.9661763066978715,83.0744465639043,0.375,0.125,2.578629173891136,0.0,3.0,0.29963710476600075,1.0,0.06683002120369491,27.6914821879681,0.0,17465.754448398577,22557.815623083156,9.767997354040464,10.023881205257066,7.997328742837009,3.356600290839662,0.49209706833230765
89390cb1b6bffff,Espontáneo,0.0684045173911389,1.0,0.6306731300572532,0.7767561945094542,0.841190237378803,0.664493480441324,0.8245848657082359,581.1358735164295,0.2603305785123967,0.3760330578512397,3.7134106699883516,239.83385256233598,0.0,0.20993545040464753,2.0,0.7305342736113308,2933.352504416263,119.91692628116799,15939.998992570205,68316.22836040982,9.676586889142836,11.131917259144355,6.555251259870884,7.984242096140623,0.7658366008886229
89390ca204bffff,Espontáneo,0.5576179464714928,1.0,4.155524696189084,0.5296909246257291,0.35434080017831276,0.5547475760615179,0.6799843976373565,0.0,0.0,0.4,1.6094379124341005,0.0,1.0,1.2960109892601712,0.0,0.18415480383019073,0.0,0.0,15059.0,6507.5984511004535,9.61973109808682,8.780879420334394,8.297251463802361,0.0,0.49034326727342925
89390ca04b7ffff,Planificado,0.7914474256957357,0.0,6.512689902749071,0.606866896987258,0.6813774657305248,0.5547475760615179,0.5844756491697315,18.46556086950997,0.5,0.25,1.3862943611198906,0.0,1.0,1.5403666977932038,0.0,0.44962449429734963,0.0,0.0,,,,,8.245931863571435,0.0,
89390cba83bffff,Planificado,0.5830444993770121,0.0,5.657236182747848,0.7127865076711616,0.9420483673241948,0.6369107321965898,0.5594004234927002,820.2456267625967,0.6180555555555556,0.1736111111111111,3.463395936006103,92.16242997332547,0.0,1.4318620244256886,0.0,0.5696760357094617,0.0,9.216242997332547,14379.411903956712,20679.064006819433,9.573552733634617,9.9369254237249,7.779238775690247,0.0,0.465443895794725
89390cb1333ffff,Espontáneo,0.2060259412056117,1.0,5.917212999347286,0.28712990824324824,0.24350830268583526,0.33174523570712133,0.28613618633678817,0.0,0.0,0.0,0.0,0.0,0.0,4.177057123926045,0.0,2.1206493306350143,0.0,0.0,,,,,0.0,0.0,
89390ca33a7ffff,Espontáneo,0.3947570391102867,1.0,5.847692322316008,0.5282421338088339,0.6395297002117464,0.33174523570712133,0.6134514655076341,9.227689912987001,0.5,0.0,0.6931471805599453,0.0,0.0,0.9087182659330113,0.0,0.5538821102065568,0.0,0.0,10348.0,20508.104109352244,9.24454854330592,9.928624169437226,8.678442555765919,0.0,0.7104779125400313
89390cb2aabffff,Espontáneo,0.3895062725836366,1.0,12.101044471798625,0.26710687618410783,0.24350830268583526,0.33174523570712133,0.226067090159367,0.0,0.0,0.0,0.0,0.0,0.0,5.371061451378977,0.0,3.145361954309768,0.0,0.0,,,,,0.0,0.0,
89390ca009bffff,Espontáneo,0.26154405099744193,1.0,7.5929942618353605,0.7388833166165162,0.800289758163379,0.5558341691741893,0.8605260225119804,203.11560546612108,0.275,0.1375,3.59362614218638,18.465055042374644,0.0,0.217321043233751,1.0,0.5167853564750595,27.697582563561966,0.0,11258.325862447813,36959.07666817041,9.328863210572903,10.517593600108729,8.238788469414155,3.356812887983151,0.7877202535182026
89390cb1e57ffff,Espontáneo,0.24525030624503685,1.0,4.715712523637125,0.2999461347003975,0.24350830268583526,0.33174523570712133,0.3245848657082358,0.0,0.0,0.0,0.0,0.0,0.0,3.091000050978758,0.0,2.0679469582842347,0.0,0.0,,,,,0.0,0.0,
89390ca761bffff,Espontáneo,0.122251423077885,1.0,14.810240853574788,0.25001857424124224,0.24350830268583526,0.33174523570712133,0.17480218433077008,0.0,0.0,0.0,0.0,0.0,0.0,6.754507827903283,0.0,6.579511052177667,0.0,0.0,,,,,0.0,0.0,
89390ca2337ffff,Transición,0.4503413552292622,,7.417257897286576,0.5023403543965229,0.24350830268583526,0.630558341691742,0.6329544188119915,0.0,0.0,0.0,0.0,0.0,2.0,1.0166207500899165,0.0,0.442917320394183,0.0,0.0,,,,,2.171162789449986,0.0,
89390cb0b23ffff,Espontáneo,0.6785359131440666,1.0,7.527346207650186,0.3379861807645157,0.24350830268583526,0.33174523570712133,0.43870500390059064,0.0,0.0,0.0,0.0,0.0,0.0,2.9410259762173725,0.0,0.7289102302598017,9.232798617641016,0.0,17637.0,5385.254601621241,9.777754247070364,8.591605543257135,5.431320566438346,2.325598112212057,0.5722140640758278
89390cb1a3bffff,Espontáneo,0.4938131831497201,1.0,1.7565455149262905,0.7045209703183625,0.6715702663546194,0.5989635573386827,0.8430290872617854,55.329491234269206,0.18181818181818182,0.3939393939393939,3.042608732140118,46.107909361891004,0.0,0.2895928768842412,1.0,0.5636173422303583,138.323728085673,0.0,26641.0,14472.165054027311,10.190206661487347,9.580051527844484,9.461544020139218,4.936800204296205,0.2518153409563972
89390cbab27ffff,Espontáneo,0.5260715960302859,1.0,5.318932043656053,0.7033693673613434,0.675025075225677,0.7587763289869609,0.676306697871392,18.438080486746227,0.5,0.5,1.3862943611198906,18.438080486746227,1.0,1.5086361245558004,0.0,0.10603130265799424,0.0,0.0,,,,,9.41051125661856,0.0,
89390ca3693ffff,Espontáneo,0.1637005811500513,1.0,3.5836947963415855,0.6506278093539879,0.8349492923214087,0.33174523570712133,0.7851889000334337,221.28742489278682,0.36363636363636365,0.15151515151515152,3.510904118310881,0.0,0.0,0.4225968169197916,1.0,0.7602280108773395,73.76247496426227,0.0,13495.427364864865,28331.23207193323,9.51010619333636,10.251755377999546,7.805796010769221,4.3143160875003606,0.7335935813126784
89390ca0387ffff,Planificado,0.8939462817278214,0.0,10.480793800935064,0.5871317656673725,0.8194583751253761,0.5595118689401538,0.3824250529365876,101.58868867779861,0.55,0.15,2.926417555497996,18.47067066869066,0.0,2.047610985885456,0.0,1.8382590936400658,9.23533533434533,0.0,13813.0,13726.975916133379,9.53336545669996,9.52719106736529,5.788518080370575,2.3258459820690014,0.7013585920765872
89390ca3277ffff,Espontáneo,0.13102031449103918,1.0,6.606454496643672,0.8352929157843904,0.9471748579070546,0.9271982614510197,0.6315056279950965,590.2792827806278,0.5470085470085471,0.09401709401709402,3.7258544558250923,73.78491034757847,2.0,1.6220325283464252,0.0,0.27999810788566704,18.44622758689462,0.0,13708.964375674703,35348.884683918055,9.525805231823924,10.473050409195439,7.738692780406208,2.967653096851563,0.6461488698387395
89390ca2e5bffff,Transición,0.4978301312295492,,7.906160378484886,0.8965879118837995,0.8034102306920762,0.9365596790371113,0.9497938259222111,138.5299374507397,0.4166666666666667,0.19444444444444445,3.0683779707249124,46.176645816913236,4.0,0.3026988751358166,1.0,0.17409502144650837,0.0,0.0,11656.261180679785,45323.76905731848,9.363598755026176,10.721608940349585,8.55411087465979,0.0,
89390cb544fffff,Planificado,0.6947228891000801,0.0,10.2548636848468,0.3005776589026338,0.24350830268583526,0.33174523570712133,0.3264794383149448,0.0,0.0,0.0,0.0,0.0,0.0,5.287667672573771,0.0,1.0051954003923047,0.0,0.0,,,,,0.0,0.0,
89390cb09cbffff,Planificado,0.7153503420635868,0.0,8.891741057758388,0.49358259965080425,0.666165162153126,0.33174523570712133,0.4828374010921654,36.92717385408492,0.3076923076923077,0.3076923076923077,2.458311329683084,0.0,0.0,2.409018997085702,0.0,0.634349616489582,0.0,9.23179346352123,20376.0,30002.64263078368,9.922113016659292,10.30907407429948,8.481927938175755,0.0,0.19085875932811036
89390cb5033ffff,Espontáneo,0.432965713544286,1.0,11.656517501767633,0.31378394442587026,0.3346149559790483,0.33174523570712133,0.274991641591441,0.0,0.0,0.0,1.0986122886681096,0.0,0.0,6.753167498924725,0.0,1.259824157369543,0.0,0.0,,,,,3.5523970280051644,0.0,
89390cb05afffff,Espontáneo,0.28426174456472003,1.0,11.960228999885247,0.26142315836398083,0.24350830268583526,0.33174523570712133,0.20901593669898585,0.0,0.0,0.0,0.0,0.0,0.0,6.009880973987082,0.0,3.276578316441347,0.0,0.0,,,,,0.0,0.0,
89390ca2623ffff,Planificado,0.5798183265295824,0.0,3.4695678806639716,0.666917418923437,0.7310264125710465,0.5547475760615179,0.7149782681377466,73.83373424258141,0.2857142857142857,0.14285714285714285,3.2331834843809255,0.0,1.0,1.0645510995372118,0.0,0.10417913536107287,73.83373424258141,9.229216780322677,22038.0,35685.20566579138,10.000523515047723,10.482519497181386,6.179573905185393,4.315268775861738,0.36237699890082636
89390cb1d27ffff,Espontáneo,0.32738490209412924,1.0,4.927657111408514,0.9019094319997029,0.9449459489579851,0.8343363423604145,0.9264460046807089,747.3201894848976,0.45,0.15,3.9317518764110497,55.35705107295538,1.0,0.26509390767630414,2.0,0.3378812430212525,488.9872844777725,27.67852553647769,21706.161038096823,40160.994358718264,9.985351418037538,10.600676413459228,8.514218413040396,6.194379440722602,0.4321898084342041
89390ca2207ffff,Planificado,0.8495295294928025,0.0,4.428557153425051,0.7240796463464467,0.9515212303577399,0.6312270143764627,0.5894906943051376,572.274462566289,0.5166666666666667,0.15,3.8322525655232482,73.84186613758568,0.0,0.6055160720833341,0.0,0.8125260072313596,36.92093306879284,0.0,14857.584287200832,28551.835700768133,9.606265740265332,10.259511534171752,8.004242839617941,3.6355032833286294,0.6257465399099477
89390cbae13ffff,Espontáneo,0.18315137319965172,1.0,8.542513989872553,0.31116497641071356,0.24350830268583526,0.33174523570712133,0.35824139083918416,0.0,0.0,0.0,0.0,0.0,0.0,2.8272853869256753,0.0,1.5890703580453043,0.0,0.0,,,,,0.0,0.0,
89390cb190bffff,Planificado,0.9144408812090876,0.0,2.8063808460166455,0.841561722203648,0.7947174857907054,0.8340020060180542,0.8959656748021843,221.42189244083247,0.21621621621621623,0.27927927927927926,3.7562523352882606,55.355473110208116,1.0,0.4309418344358434,1.0,0.33589960910453365,166.06641933062434,9.225912185034685,34210.02364240857,28543.536485811353,10.440273969067833,10.259220830249753,9.035876759025657,5.118391453889565,0.11667305818063514
89390ca3563ffff,Planificado,0.666459354401124,0.0,2.940330579347564,0.765295887662989,0.8116014710799065,0.8345035105315948,0.6497826813774658,129.16979716004087,0.5,0.32142857142857145,2.8492350266892004,55.358484497160376,1.0,0.9751493430023077,0.0,0.4042843274443211,9.226414082860062,0.0,,,,,9.001909360648776,2.3249739889790018,
89390ca3147ffff,Espontáneo,0.4060737977142223,1.0,4.923591471608536,0.690924625729039,0.6501727404435529,0.6237044466733535,0.7988966900702105,46.13716867756322,0.16666666666666666,0.3,2.840564634875074,64.5920361485885,0.0,0.24629563272828175,1.0,0.766998396946362,9.227433735512642,0.0,10540.911410864017,24449.88473555826,9.263019289975876,10.104421679751743,7.936601037849799,2.3250736917500867,0.8024628182531544
89390cb284bffff,Espontáneo,0.09740331912213863,1.0,13.00898021299295,0.25581373750882275,0.24350830268583526,0.33174523570712133,0.19218767413351165,0.0,0.0,0.0,0.0,0.0,0.0,6.329563957221965,0.0,4.103780900397676,0.0,0.0,,,,,0.0,0.0,
89390ca15b3ffff,Espontáneo,0.14825243118934153,1.0,7.852022670461574,0.3051097737657416,0.24350830268583526,0.33174523570712133,0.3400757829042684,0.0,0.0,0.0,0.0,0.0,0.0,2.9148313166721467,0.0,1.8915654405277196,0.0,0.0,9949.0,111.25104659423627,9.20522732258936,4.720737850358285,0.0,0.0,0.9576712643264756
89390cb0cb7ffff,Planificado,0.5919679272650715,0.0,10.934308267781734,0.30466399197592775,0.24350830268583526,0.33174523570712133,0.33873843753482674,0.0,0.0,0.0,0.0,0.0,0.0,3.763345661304461,0.0,1.3436900867988688,0.0,0.0,,,,,8.093334045260017,0.0,
89390ca00c3ffff,Planificado,0.9008794749437192,0.0,7.7800738787785715,0.7782421338088339,0.8245848657082359,0.8281511200267468,0.681990415691519,138.48028769883496,0.5769230769230769,0.19230769230769232,2.8114194983013414,46.160095899611655,1.0,0.6386887170642354,0.0,0.421289361819658,0.0,0.0,10829.0,13501.205396496232,9.28998299962838,9.510608313787712,6.908176317456376,0.0,0.7330507463370228
89390cb089bffff,Planificado,0.5566287979846137,0.0,8.810797058282915,0.3580463613061406,0.24350830268583526,0.33174523570712133,0.49888554552546527,0.0,0.0,0.0,0.0,0.0,0.0,1.5787042010388783,0.0,0.7863002921156985,9.228996729426639,0.0,,,,,6.712723435744767,2.3252265037394237,
89390cb0063ffff,Espontáneo,0.07616890703747073,1.0,8.758952454506588,0.3200806122069913,0.24350830268583526,0.33174523570712133,0.38498829822801744,0.0,0.0,0.0,0.0,0.0,0.0,3.117077601663461,0.0,1.0400765566780963,0.0,0.0,,,,,0.0,0.0,
89390ca20d7ffff,Planificado,0.3328888937565211,0.0,4.498233436244594,0.9041569151900145,0.9849548645937812,0.8147776663323303,0.9127382146439319,1227.6554841017153,0.5495867768595041,0.09917355371900827,4.10060201225207,36.92196944666813,1.0,0.10716651356628283,2.0,0.41154534616968813,119.99640070167142,9.230492361667032,16442.919230769232,36926.99330784669,9.707650221628285,10.516725168646099,9.56884525744338,4.795760798887134,0.564283993248387
89390ca0543ffff,Planificado,0.708824301367885,0.0,8.039436573526197,0.387913741223671,0.24350830268583526,0.33174523570712133,0.5884876852780564,0.0,0.0,0.0,0.0,0.0,0.0,0.9765427307621489,0.0,0.6215810825648479,0.0,0.0,,,,,5.403051766914098,0.0,
89390cb2ad3ffff,Transición,0.45453717278926364,,12.27597685300632,0.2596028827222408,0.24350830268583526,0.33174523570712133,0.20355510977376576,0.0,0.0,0.0,0.0,0.0,0.0,6.136676707643823,0.0,3.5255451960433746,0.0,0.0,,,,,0.0,0.0,
89390cba8c7ffff,Espontáneo,0.4143160143008275,1.0,6.498489936317805,0.46484824844905087,0.5527694193692189,0.33174523570712133,0.5100300902708125,9.214718822846375,0.2,0.2,1.6094379124341005,0.0,0.0,1.756132984225779,0.0,0.6748475597825191,0.0,0.0,18199.0,22105.867213006826,9.809121926500406,10.003643572858369,7.283919282121285,0.0,0.28856790376477753
89390ca33cfffff,Espontáneo,0.40506643176843454,1.0,5.986971063441566,0.4572699580222148,0.24350830268583526,0.5547475760615179,0.5735539953192913,0.0,0.0,0.0,0.0,0.0,1.0,1.969405629952364,0.0,0.39626615588718406,0.0,0.0,,,,,9.314073495506737,0.0,
89390cb5e43ffff,Espontáneo,0.16456155926262606,1.0,12.950001518465216,0.2623890189085776,0.24350830268583526,0.33174523570712133,0.21191351833277614,0.0,0.0,0.0,0.0,0.0,0.0,6.89410172630855,0.0,2.5016947691421567,0.0,0.0,,,,,6.646605760971343,0.0,
89390ca3433ffff,Transición,0.5282977898679253,,1.5835599930054653,0.8425275827482448,0.9115123147219436,0.8567368772985624,0.7593335562242283,442.7335280707393,0.40336134453781514,0.12605042016806722,3.928370624456965,83.01253651326361,1.0,0.5844033344308607,0.0,0.1619093661943082,221.36676403536964,9.223615168140402,18979.689589905363,64773.00076940082,9.851124717441422,11.078659579134573,7.622644423613542,5.404328108921809,
89390ca3017ffff,Planificado,0.6589556556283153,0.0,3.450599590452945,0.7006018054162487,0.7248411902373789,0.7321965897693079,0.6447676362420595,64.5724341412952,0.4117647058823529,0.058823529411764705,2.3598492521638335,9.224633448756459,1.0,0.8644973284848549,0.0,0.4556495332443438,36.898533795025834,64.5724341412952,21233.0,10198.68825695533,9.963311854181793,9.230112435761708,7.077123921228293,3.6349124251929767,0.41471748867254016
89390cb8917ffff,Espontáneo,0.4316360717253872,1.0,8.091635312485176,0.6689698725807051,0.8275381700657528,0.5376128385155466,0.6417586091608157,156.75843532649557,0.4473684210526316,0.13157894736842105,3.1722696170693387,18.442168861940658,0.0,0.5112631791978197,0.0,0.6154381552714983,9.221084430970329,9.221084430970329,9449.0675839741,31756.096396987923,9.153671347257216,10.365871487913068,6.189242660473473,2.3244526878519394,0.8652946824722059
89390ca1483ffff,Espontáneo,0.28042722749258225,1.0,7.200891139768907,0.7104461532746388,0.9339128496600914,0.630558341691742,0.5668672684720829,590.3445211097148,0.44755244755244755,0.13286713286713286,3.863783071613734,0.0,2.0,2.1344557077437525,0.0,0.3864109629688435,27.672399427017883,27.672399427017883,10188.392511462049,41528.76745249013,9.229004362198792,10.634165737102503,5.338306870991473,3.3559349676043126,0.8637464041607815
89390cb560bffff,Espontáneo,0.38443374413544223,1.0,8.643658662715445,0.6126806344960808,0.7325866488353951,0.5547475760615179,0.5507076785913295,36.939352861155896,0.5714285714285714,0.14285714285714285,1.945910149055314,0.0,1.0,3.952358788913012,0.0,0.17894521844376607,0.0,0.0,,,,,8.216624782606315,0.0,
89390cba863ffff,Espontáneo,0.5950922341336908,1.0,6.206797445564452,0.7760410862216279,0.778167836843865,0.7969742561016382,0.7529811657193805,82.94161792098622,0.5,0.16666666666666666,2.6302533563892636,9.215735324554025,2.0,0.7364005263646924,0.0,0.08267286598934763,27.647205973662075,9.215735324554025,,,,,8.512522547346215,3.3550559156707895,
89390cb0b87ffff,Espontáneo,0.3864224717268438,1.0,7.904742537655096,0.49921059474720453,0.6568594672907612,0.33174523570712133,0.5090270812437311,27.695357269579937,0.3333333333333333,0.1111111111111111,2.1972245773362196,0.0,0.0,2.441267446370974,0.0,0.5277752396053957,0.0,0.0,15789.0,10836.038119833203,9.667068774021889,9.290725001480084,6.661749578139901,0.0,0.4556792296756047
89390cb034fffff,Planificado,0.646183621642789,0.0,6.498164814527826,0.3819514097849103,0.3346149559790483,0.33174523570712133,0.47949403766856125,0.0,0.0,0.3333333333333333,1.0986122886681096,0.0,0.0,1.309660134862158,0.0,1.1077632796057333,0.0,0.0,,,,,5.614677323773215,0.0,
89390ca23c3ffff,Planificado,0.5468022048220817,0.0,5.496054114688064,0.3953434377205691,0.24350830268583526,0.33174523570712133,0.6107767747687507,0.0,0.0,0.0,0.0,0.0,0.0,1.0679334897949566,0.0,0.5025319525370402,9.232016685672995,0.0,24926.0,1818.0659861015993,10.123666714386323,7.506078453891829,0.0,2.3255216950094764,0.4603215336131323
89390cb1ac7ffff,Espontáneo,0.3246676981637607,1.0,2.9256441320710787,0.3758776328986961,0.24350830268583526,0.33174523570712133,0.5523793603031316,0.0,0.0,0.0,0.0,0.0,0.0,1.1122806307386959,0.0,0.7125404849290511,0.0,0.0,,,,,4.9637174567061,0.0,
89390cbabb3ffff,Espontáneo,0.07481432635765692,1.0,4.992226618529347,0.7651937293361567,0.823693302128608,0.7994817786693413,0.6724061072105204,230.45055294167324,0.3333333333333333,0.17333333333333334,3.5196986387833746,9.21802211766693,2.0,0.6454721815809077,0.0,0.4475432568485513,18.43604423533386,0.0,11905.61673151751,26203.56871021116,9.384765561990543,10.173689052799402,8.08410518031513,2.9671292924895054,0.753479298169043
89390ca0413ffff,Planificado,0.613048014312475,0.0,5.937557590095937,0.7094988669712842,0.6976485010587318,0.8156135071882313,0.6152345926668895,64.61876476590298,0.3181818181818182,0.3181818181818182,2.649948793001987,36.925008437658846,1.0,1.4846188852866609,0.0,0.36387428889176743,18.462504218829423,9.231252109414712,11756.323549032688,31302.44834636855,9.372146549194168,10.351483541270383,8.19806283684127,2.9684897539271797,0.7520503295693237
89390ca3303ffff,Planificado,0.7974900111885557,0.0,6.107609451998343,0.3659589880753371,0.24350830268583526,0.33174523570712133,0.5226234258330548,0.0,0.0,0.0,0.0,0.0,0.0,1.5854501904132048,0.0,0.6679686328762698,0.0,0.0,,,,,0.0,0.0,
89390cb0e73ffff,Planificado,0.6183133960623373,0.0,6.75695744328944,0.6436903302500093,0.7920427950518221,0.5707121364092277,0.568316059288978,138.39277470887708,0.35714285714285715,0.11904761904761904,3.283661928233661,27.67855494177542,0.0,1.3611621219695513,0.0,0.5595544691833033,0.0,0.0,24139.723853966512,31505.90550828107,10.091614055230936,10.3579620232731,8.536815428620264,0.0,0.11462518065487019
89390cb54dbffff,Transición,0.4506802018933896,,10.574704205138318,0.29961179835803703,0.24350830268583526,0.33174523570712133,0.3235818566811546,0.0,0.0,0.0,0.0,0.0,0.0,4.665785763102043,0.0,1.1947296115031563,0.0,0.0,,,,,0.0,0.0,
89390cb0a57ffff,Planificado,0.865390375964513,0.0,5.161851872793594,0.8284018722835172,0.7976150674244957,0.9480942828485457,0.7394962665775102,249.13422845709724,0.313953488372093,0.3372093023255814,3.268457679786806,119.95351740526904,2.0,0.7261704282923876,0.0,0.1792356243327864,73.81754917247325,0.0,34765.0,25123.18864995908,10.456366412533118,10.131586352301019,9.378206085397052,4.315052472067986,0.0952941273137478
89390ca2acbffff,Transición,0.5323303363131693,,9.575875260764082,0.3327853932166871,0.24350830268583526,0.33174523570712133,0.4231026412571047,0.0,0.0,0.0,0.0,0.0,0.0,1.7001125922139788,0.0,1.4965239591184538,0.0,0.0,,,,,7.442045846364397,0.0,
89390ca26afffff,Planificado,0.874768003011738,0.0,3.5834559012974165,0.8517775548868829,0.8708904491251532,0.970912738214644,0.7135294773208515,470.6901201722834,0.3269230769230769,0.21794871794871795,3.851641784840064,110.7506165111255,3.0,0.7639117296401846,0.0,0.27361176120999825,147.66748868150069,9.229218042593793,24103.689730517115,39531.29394640667,10.09012020861134,10.584873185125788,9.708383886883077,5.001712192584431,0.26665668128702574
89390cb1db3ffff,Espontáneo,0.47243484370703936,1.0,6.028195631815982,0.6368364352316208,0.6313941825476429,0.630558341691742,0.6485567814554776,27.675489308189135,0.3,0.0,1.9730014063936128,0.0,2.0,0.9852370084268325,0.0,0.4042713085832382,119.92712033548625,0.0,11879.0,3265.5601430709294,9.38252741428954,8.09149276619486,7.510915461600322,4.795188052857463,0.8972900141742098
89390ca2293ffff,Planificado,0.8570397522556147,0.0,3.467500167669026,0.7246925963074409,0.7503621977042237,0.7393848211300569,0.6843307700880419,73.83372625364007,0.38095238095238093,0.0,2.8875778250565496,9.229215781705008,1.0,1.2900662769021323,0.0,0.16835405875440668,0.0,9.229215781705008,28196.22807906741,33843.82548960823,10.246943491918627,10.429541400764789,6.612296482656913,0.0,0.07941081827182864
89390cb1997ffff,Planificado,0.8247013681395554,0.0,4.328403790230318,0.9402002303205914,0.9161930235149894,0.957288532263457,0.9471191351833278,572.0226912056179,0.43661971830985913,0.23943661971830985,3.7075970869922354,166.07110389840517,2.0,0.48498411608361314,1.0,0.08251622392303039,110.71406926560346,27.678517316400864,24834.03698224852,38304.48632144275,10.119970450153762,10.553348410900682,8.041908402034794,4.715942653967947,0.2624148583608638
89390cbaa83ffff,Espontáneo,0.3455765411888948,1.0,7.762934465666473,0.7401277907797467,0.8560682046138415,0.7189903042460715,0.6453248634793268,202.69590158857258,0.4888888888888889,0.2,3.2480680770962795,9.213450072207845,1.0,1.0221578298216631,0.0,0.4012692052698832,9.213450072207845,0.0,13743.847779111644,37957.74884015834,9.528346568719721,10.544255292226994,6.505962066122184,2.3237054861854185,0.628658144036026
89390cb157bffff,Espontáneo,0.4956961442817979,1.0,8.746665149418606,0.5234221182064712,0.6962554329655634,0.49749247743229685,0.3765184442215535,73.72196580116355,0.22857142857142856,0.2571428571428571,3.0650971907121782,9.215245725145444,0.0,5.760437395466459,0.0,0.6428061959768947,0.0,0.0,,,,,7.627646552425226,0.0,
89390ca2073ffff,Espontáneo,0.38672383662701315,1.0,5.006818517249729,0.4881403469668264,0.24350830268583526,0.5547475760615179,0.666165162153126,0.0,0.0,0.0,0.0,0.0,1.0,1.2103354346149517,0.0,0.2737796992098941,0.0,0.0,,,,,0.0,0.0,
89390ca31d3ffff,Planificado,0.7983237040741658,0.0,3.4891193471624216,0.4785931869683124,0.24350830268583526,0.5547475760615179,0.6375236821575839,0.0,0.0,0.0,0.0,0.0,1.0,1.0541121039609729,0.0,0.4177803509663346,0.0,0.0,,,,,10.05698544342076,0.0,
89390cb735bffff,Espontáneo,0.20552047265032777,1.0,12.4341113917389,0.260680188714291,0.24350830268583526,0.33174523570712133,0.20678702774991642,0.0,0.0,0.0,0.0,0.0,0.0,6.3294254213236325,0.0,3.054878049850374,0.0,0.0,,,,,0.0,0.0,
89390cb0d43ffff,Planificado,0.6281685452854914,0.0,9.802585524317331,0.565808536721275,0.7816783684386492,0.5190571715145437,0.39669007021063196,147.68848278143216,0.3018867924528302,0.1509433962264151,3.4076715400152153,9.23053017383951,0.0,2.6006600181640778,0.0,1.1454821375387167,36.92212069535804,0.0,24897.0,17467.142369758796,10.122502593266558,9.768134064890464,7.077503819005774,3.635534601333545,0.27242882417100833
89390ca2db7ffff,Planificado,0.6387885335543138,0.0,13.201472660622876,0.3753761283851554,0.5971804301794271,0.33174523570712133,0.19720271926891786,9.243500985448954,0.3333333333333333,0.3333333333333333,1.0986122886681096,0.0,0.0,6.7583407898442935,0.0,3.218631345631732,0.0,0.0,,,,,5.181415079694616,0.0,
89390cb53abffff,Planificado,0.5542584164958639,0.0,11.973614251469327,0.28237490248523345,0.24350830268583526,0.33174523570712133,0.2718711690627438,0.0,0.0,0.0,0.0,0.0,0.0,6.815702163655822,0.0,1.2855289521630473,0.0,0.0,,,,,5.911898177022808,0.0,
89390cb0927ffff,Espontáneo,0.36445257744719245,1.0,10.136973793056042,0.3125394702626398,0.24350830268583526,0.33174523570712133,0.3623648723949627,0.0,0.0,0.0,0.0,0.0,0.0,4.590171389331282,0.0,0.8594706939534859,0.0,0.0,,,,,0.0,0.0,
89390cb050bffff,Espontáneo,0.028311516425370352,1.0,11.398835839819975,0.26825847914112705,0.24350830268583526,0.33174523570712133,0.2295218990304246,0.0,0.0,0.0,0.0,0.0,0.0,5.461603321116634,0.0,2.8760507666765482,0.0,0.0,,,,,0.0,0.0,
89390cb1c83ffff,Planificado,0.38578809207581155,0.0,6.466788210306149,0.3236468665255024,0.24350830268583526,0.33174523570712133,0.3956870611835506,0.0,0.0,0.0,0.0,0.0,0.0,2.122821426397366,0.0,1.5249197163316184,0.0,0.0,,,,,0.0,0.0,
89390ca2163ffff,Planificado,0.5230885417129151,0.0,7.600413763444889,0.4390393402429511,0.3404658419703555,0.5285857572718154,0.4480664214866823,0.0,0.0,0.2,1.3321790402101223,9.235331200128126,0.0,2.1731054796257014,0.0,0.8808325757608627,0.0,0.0,13196.587796610169,20297.461614588738,9.487713574900706,9.918300379625663,7.357485972985128,0.0,0.5500256415446152
89390cbad6fffff,Espontáneo,0.503488046220928,1.0,4.352549518846497,0.7221479252572532,0.8207957204948176,0.7579404881310599,0.5877075671458821,165.91981700164044,0.35294117647058826,0.13725490196078433,3.568196714325832,18.435535222404493,1.0,2.098766131394158,0.0,0.3240605235491377,18.435535222404493,0.0,19975.0,17747.684777508515,9.902236770634476,9.784066695116467,7.8962011507602625,2.9671031030247863,0.37595634749091095
89390cb1867ffff,Planificado,0.9741872349503932,0.0,1.9775067927985066,0.9160444295850514,0.939039340242951,0.8759612169842862,0.9331327315279171,885.44309252208,0.4,0.13333333333333333,4.1454417352205875,138.35048320657498,1.0,0.41331796797513093,2.0,0.2751447955005125,415.05144961972496,9.223365547104999,24678.66751740139,43005.50058093101,10.113694486180972,10.669106559550436,9.236372964502555,6.03080892958439,0.3019997026248521
89390ca05cfffff,Planificado,0.7172692897871683,0.0,7.7140672905544205,0.4871744864222296,0.24350830268583526,0.5547475760615179,0.6632675805193358,0.0,0.0,0.0,0.0,0.0,1.0,1.5354844921181006,0.0,0.17052527258043823,0.0,0.0,,,,,9.097959430865473,0.0,
89390cba953ffff,Planificado,0.5674699747181731,0.0,4.691295147047625,0.47409822058768897,0.24350830268583526,0.5547475760615179,0.6240387830157138,0.0,0.0,0.0,0.0,0.0,1.0,1.0373376471591542,0.0,0.4690487485510462,0.0,0.0,15660.0,14613.290990249461,9.658864969544794,9.589755163898477,0.0,0.0,0.5713322444255442
89390ca1d47ffff,Espontáneo,0.10132972782911454,1.0,13.764633133029513,0.2560737768862142,0.24350830268583526,0.33174523570712133,0.19296779226568594,0.0,0.0,0.0,0.0,0.0,0.0,5.879016674709926,0.0,5.323962609725282,0.0,0.0,,,,,0.0,0.0,
89390cb1b93ffff,Planificado,0.9528997355189758,0.0,1.9156992883571797,0.9267153311787214,0.890114788810877,0.9519391507856905,0.9380920539395966,571.8802139116384,0.3229166666666667,0.171875,4.1022100725660975,138.3581162689448,2.0,0.32552075954365084,1.0,0.22248945951988525,534.9847162399199,0.0,28277.08214849921,44982.89654877211,10.249806937477304,10.714059850235534,9.176452144769089,6.284105646186495,0.2241542086821624
89390ca30a3ffff,Planificado,0.5538268758695484,0.0,3.238517926375234,0.6616701957725026,0.6769196478323861,0.630558341691742,0.67753259779338,18.45079294607945,0.5,0.0,1.3862943611198906,0.0,2.0,1.1199753766531377,0.0,0.2615618176961844,0.0,9.225396473039725,,,,,9.002659015412169,0.0,
89390cb722bffff,Espontáneo,0.4097166143187458,1.0,11.957817800069526,0.26870426093094096,0.24350830268583526,0.33174523570712133,0.23085924439986627,0.0,0.0,0.0,0.0,0.0,0.0,5.685319671333492,0.0,2.6030188208201004,0.0,0.0,,,,,0.0,0.0,
89390ca248fffff,Planificado,0.46470509444306213,0.0,5.141738625163654,0.7197518481370037,0.7023849325755043,0.7405549983283183,0.7163156135071883,64.60814631932725,0.2916666666666667,0.2916666666666667,2.8892425051146358,9.229735188475322,1.0,1.0413847544488195,0.0,0.11273896591701144,18.459470376950645,0.0,,,,,9.02442714092411,2.968333860403461,
89390cb89a3ffff,Espontáneo,0.2336781119672664,1.0,7.668646593248208,0.5532059140384115,0.7062855232363758,0.33174523570712133,0.6215869831717374,73.77476633972617,0.2857142857142857,0.17857142857142858,2.9174329732922164,0.0,0.0,0.6100729505383697,0.0,0.6547197131544065,9.221845792465771,0.0,13186.0,23851.609827905162,9.486910939673246,10.079648917076366,6.469003128968797,2.324527174384689,0.6880863285968805
89390cb5697ffff,Planificado,0.640159342055636,0.0,9.7201173072765,0.41859838775586017,0.24350830268583526,0.5547475760615179,0.45753928452022735,0.0,0.0,0.0,0.0,0.0,1.0,4.599822060382779,0.0,0.44456995401628924,18.47020396141782,0.0,,,,,4.556302452850484,2.968885295005552,
89390cb0c13ffff,Transición,0.4627339411472893,,10.045941240036777,0.5902522381960696,0.7430625208960214,0.6238716148445336,0.4038225788476541,101.50508255977338,0.2894736842105263,0.21052631578947367,3.2087510476251255,64.59414344712852,0.0,3.11669279311746,0.0,0.8894839396946317,9.227734778161217,0.0,26515.0,14475.789893888148,10.18546588957123,9.580301948951274,7.017048580872727,2.325103126134692,
89390ca2c87ffff,Planificado,0.8340005961940224,0.0,10.128396791848822,0.4054106764738661,0.5670344366432631,0.33174523570712133,0.31745235707121366,9.238906463256182,0.2,0.0,1.6094379124341005,0.0,0.0,4.663537917024506,0.0,1.2809737503464937,0.0,0.0,17907.0,6318.765400155489,9.79294697683676,8.751437366223369,8.230833225624238,0.0,0.3611141630092407
89390cb041bffff,Espontáneo,0.10192939058525008,1.0,12.26128523274764,0.29838589843604885,0.24350830268583526,0.33174523570712133,0.31990415691519003,0.0,0.0,0.0,0.0,0.0,0.0,6.698251110006158,0.0,0.8422878492642821,0.0,0.0,,,,,0.0,0.0,
89390cb8587ffff,Espontáneo,0.09097757658829138,1.0,9.724701376365694,0.3025465284743118,0.24350830268583526,0.33174523570712133,0.3323860470299788,0.0,0.0,0.0,0.0,0.0,0.0,3.084386560266178,0.0,1.9052736190585495,0.0,0.0,,,,,3.878982246393231,0.0,
89390cb527bffff,Espontáneo,0.08299615129248221,1.0,8.66206897543276,0.7272372673576285,0.8424161373007913,0.8622534269475092,0.4770422378245849,221.67867922987136,0.35294117647058826,0.17647058823529413,3.675345600142707,92.36611634577973,1.0,3.862824668509415,0.0,0.446845317587131,27.70983490373392,0.0,14640.344360902256,39980.96840186049,9.59153630915822,10.59618384150625,6.3593441421615,3.3572397436369514,0.6378640052449399
89390ca286bffff,Espontáneo,0.36945598569293236,1.0,11.401264608470175,0.28553252349641517,0.24350830268583526,0.33174523570712133,0.28134403209628883,0.0,0.0,0.0,0.0,0.0,0.0,3.3712112693190757,0.0,3.1926981335838094,0.0,0.0,,,,,7.068085175822885,0.0,
89390ca0cd7ffff,Transición,0.5311011977461276,,11.65247049917963,0.2911047958690887,0.24350830268583526,0.33174523570712133,0.2980608492143096,0.0,0.0,0.0,0.0,0.0,0.0,3.070328159830993,0.0,2.9090555791831196,0.0,0.0,,,,,2.44475873787522,0.0,
89390cb03dbffff,Planificado,0.5877800184837997,0.0,7.894266083122029,0.46239644860507445,0.24350830268583526,0.5547475760615179,0.5889334670678702,0.0,0.0,0.0,0.0,0.0,1.0,2.5343559180010318,0.0,0.24287558806766732,9.220846114721416,0.0,,,,,3.9697016635277103,2.3244293714388062,
89390ca244fffff,Planificado,0.5039085372934876,0.0,3.790174186053181,0.7176901073591143,0.7596121698428618,0.5901036442661317,0.8033545079683494,156.89241756936013,0.21794871794871795,0.16666666666666666,3.485211675333402,36.9158629574965,0.0,0.36604191452848256,1.0,0.6968691337079638,166.12138330873427,18.45793147874825,,,,,7.827286013043306,5.118720394552099,
89390cb1b53ffff,Espontáneo,0.06866145476808702,1.0,0.7664038456224328,0.8425182956276237,0.763178424161373,0.9979103978602474,0.7664660648612505,221.35459196946326,0.14634146341463414,0.4451219512195122,3.517446847027883,285.9163479605567,10.0,0.5945193751002844,0.0,0.10667551327411987,1208.2271478333203,18.446215997455273,25273.893566322477,35667.23413235495,10.137527267117328,10.482015771446385,6.820202564670773,7.097736713722848,0.3953362505676293
89390ca2033ffff,Espontáneo,0.09998687279770965,1.0,5.731682395298912,0.5538931609643746,0.7948289312381589,0.33174523570712133,0.5351053159478435,175.41805509841603,0.3220338983050847,0.13559322033898305,3.3647585205205783,0.0,0.0,1.4481746164354585,0.0,0.6596889255945338,9.232529215706107,27.697587647118322,13453.713330711758,25268.252393871524,9.507010430993581,10.137343615214549,7.752794763664989,2.3255717845678463,0.6441306046482628
89390cba823ffff,Transición,0.4563983711475915,,5.332321013915093,0.6448419332070285,0.8860470299788253,0.4993313273152792,0.549147442326981,304.15278628404934,0.44594594594594594,0.10810810810810811,3.511355839468698,9.216751099516646,0.0,1.618202707288046,0.0,0.5588375417062219,27.650253298549938,9.216751099516646,12823.165966386554,54923.91493880608,9.459008655242593,10.913722348572614,6.446123474172091,3.3551622842577893,
89390ca338fffff,Transición,0.5385666023020357,,5.49766100671189,0.39467476503584825,0.24350830268583526,0.33174523570712133,0.6087707567145882,0.0,0.0,0.0,0.0,0.0,0.0,1.0442367951944789,0.0,0.5182483307759186,0.0,0.0,,,,,0.0,0.0,
89390ca0083ffff,Espontáneo,0.16996078445771415,1.0,7.85579549036799,0.9240406404398379,0.9181990415691518,0.9375626880641925,0.9163601916861697,480.1179269777018,0.4094488188976378,0.18110236220472442,3.9507007393548124,92.33037057263496,2.0,0.2936559671817189,1.0,0.3102892327554819,9.233037057263497,0.0,11552.729669513554,34682.48096685372,9.354677023050035,10.454018799757405,9.442729484984708,2.325621413446981,0.7105975623097431
89390ca2b57ffff,Transición,0.4521294862270755,,12.42641310432825,0.4273282811397155,0.7121364092276831,0.33174523570712133,0.23810319848434192,27.724351562411442,0.75,0.0,1.3862943611198906,0.0,0.0,4.3509689085095316,0.0,4.159271243435071,9.241450520803813,0.0,,,,,6.757507016517468,2.326443262001852,
89390cb514bffff,Espontáneo,0.3114001211563883,1.0,12.090724544246306,0.6897173000482931,0.8508302685835284,0.8052490805750585,0.41307255098629225,258.7468332813027,0.3373493975903614,0.24096385542168675,3.736144032650028,27.72287499442529,1.0,7.16657306484565,0.0,0.4194584084487906,27.72287499442529,0.0,14642.879266055046,20904.703917048857,9.591709439356684,9.947777315409795,8.207012870531276,3.357693843432645,0.6478428495106524
89390cb02abffff,Planificado,0.5697820604316162,0.0,8.11973496243524,0.3253185482373045,0.24350830268583526,0.33174523570712133,0.40070210631895686,0.0,0.0,0.0,0.0,0.0,0.0,3.0985036079751325,0.0,0.9185447161949607,0.0,0.0,,,,,7.684561916470819,0.0,
89390cb1a23ffff,Espontáneo,0.3861791759523111,1.0,1.4192899242608803,0.7286581968126602,0.5926111668338349,0.8686894015379472,0.7246740220661986,18.444181067298068,0.2,0.3,2.163955656882057,18.444181067298068,4.0,0.6106448084198186,0.0,0.29271377303761725,64.55463373554323,0.0,,,,,10.445645521288473,4.182883897803475,
89390cb0837ffff,Planificado,0.7381589696647437,0.0,8.696396861737469,0.5020524536572681,0.6696199710241837,0.33174523570712133,0.5047921542404993,46.15641854342037,0.2631578947368421,0.3157894736842105,2.698011019844113,0.0,0.0,2.0756215724581426,0.0,0.6187384577646478,36.9251348347363,0.0,,,,,5.924185161594414,3.6356140805278487,
89390cbab0fffff,Espontáneo,0.474233728808891,1.0,6.040160588373829,0.5081262305434823,0.7252869720271926,0.33174523570712133,0.4673464838961328,92.1751561959979,0.23255813953488372,0.18604651162790697,3.305582182534209,0.0,0.0,1.7731514121850422,0.0,0.9071212761109837,46.08757809799895,0.0,,,,,7.474852444280144,3.8520092315885694,
89390cb52bbffff,Planificado,0.7905313369720744,0.0,9.61222223519173,0.3217522939187934,0.24350830268583526,0.33174523570712133,0.39000334336342357,0.0,0.0,0.0,0.0,0.0,0.0,4.685156480441597,0.0,0.6975160760399527,0.0,0.0,,,,,0.0,0.0,
89390ca367bffff,Espontáneo,0.12430863469104377,1.0,5.266112915010519,0.6004216352761991,0.36715702663546196,0.5547475760615179,0.8793603031316172,0.0,0.0,0.2857142857142857,1.945910149055314,0.0,1.0,0.4305503707514442,1.0,0.3901830686725176,0.0,0.0,,,,,6.940704004926593,0.0,
89390cb0dcfffff,Planificado,0.6629786584075763,0.0,10.37012494378259,0.570359225825625,0.7241167948289312,0.6146773654296223,0.3722835172183216,119.99695550171607,0.30952380952380953,0.40476190476190477,2.716526793037141,55.383210231561264,0.0,3.1376085762251127,0.0,1.1778938040917482,27.691605115780632,0.0,22798.0,12632.110847038519,10.034428091796723,9.444076491194972,7.1306685258324976,3.3566045753011053,0.33882873175969225
89390ca2e43ffff,Espontáneo,0.3271037284250022,1.0,8.238275651510017,0.8284111594041382,0.6857238381812102,0.8533935138749582,0.9461161261562464,64.65087327118134,0.21875,0.21875,2.9834644014718332,9.235839038740192,3.0,0.37960549474272126,1.0,0.16320660648261198,0.0,0.0,11511.0,46827.21330580787,9.351058378915061,10.754241148680327,7.9172112232820515,0.0,0.5980833975216786
89390cb5437ffff,Espontáneo,0.17838692918554575,1.0,12.056782282396727,0.3952691407556001,0.649726958653739,0.33174523570712133,0.20433522790594003,27.71527381240012,0.3,0.2,2.3025850929940455,0.0,0.0,6.8472838401006655,0.0,2.808294605482385,0.0,0.0,,,,,5.987709295857725,0.0,
89390cb09b3ffff,Espontáneo,0.32604753784208934,1.0,10.581076565651937,0.2972714439615141,0.24350830268583526,0.33174523570712133,0.3165607934915859,0.0,0.0,0.0,0.0,0.0,0.0,4.173481815437333,0.0,1.4991761515515774,0.0,0.0,,,,,0.0,0.0,
89390cb85c7ffff,Espontáneo,0.22407357270923237,1.0,10.57334319374105,0.28374939633715957,0.24350830268583526,0.33174523570712133,0.2759946506185222,0.0,0.0,0.0,0.0,0.0,0.0,3.7949233848453017,0.0,2.7420220372222293,0.0,0.0,,,,,0.0,0.0,
89390ca260bffff,Planificado,0.9632232284245585,0.0,2.4413637951980833,0.7759946506185221,0.9353616404769864,0.6494483450351053,0.7431739663434748,959.6796501103931,0.4046692607003891,0.16342412451361868,3.9928490728840362,119.95995626379914,0.0,0.4212816563388411,1.0,1.0723663738951674,470.6121361118274,9.227688943369165,28813.086046511628,49288.360529873025,10.26858493954123,10.805463525987207,8.75685094041559,6.156156902241832,0.21038681366268236
89390cb1d0fffff,Espontáneo,0.19296292419417094,1.0,4.7459270812685235,0.7027935658828337,0.9078346149559792,0.5697091273821464,0.6308369553103755,350.53661768098493,0.4175824175824176,0.13186813186813187,3.8911535819826026,27.673943501130392,0.0,0.7682794886911973,0.0,0.5485432900076014,129.14506967194183,27.673943501130392,17590.69315135267,37203.277533818495,9.775125242944558,10.524179021118925,8.135901763261952,4.868649748832464,0.5409966553067674
89390cb23cbffff,Espontáneo,0.30798625593043505,1.0,14.238421036298663,0.2731249303465953,0.24350830268583526,0.33174523570712133,0.24412125264682938,0.0,0.0,0.0,0.0,0.0,0.0,8.450834897659643,0.0,1.4658151844764253,0.0,0.0,,,,,0.0,0.0,
89390cb017bffff,Transición,0.5452683485417295,,8.503401711680135,0.6595991678739924,0.8212972250083584,0.5547475760615179,0.6027527025521008,147.58656597192345,0.6956521739130435,0.17391304347826086,2.6305549536368162,0.0,1.0,2.569917270439546,0.0,0.17134501747127673,9.224160373245216,0.0,,,,,6.268835004627474,2.3247535834711948,
89390ca2cc7ffff,Planificado,0.6902085724307302,0.0,9.364726225647212,0.3143225974218953,0.24350830268583526,0.33174523570712133,0.3677142538727293,0.0,0.0,0.0,0.0,0.0,0.0,3.788912819040763,0.0,0.9904097262571556,0.0,0.0,,,,,5.527810374797567,0.0,
89390ca065bffff,Espontáneo,0.22215177035419031,1.0,7.138019334856458,0.35527879936104606,0.3213529477320851,0.33174523570712133,0.4127382146439318,0.0,0.0,0.5,0.6931471805599453,0.0,0.0,2.204489104765325,0.0,1.1834103451900628,0.0,0.0,,,,,4.724055341189831,0.0,
89390cb14d7ffff,Planificado,0.6308958471100478,0.0,11.962987756061802,0.24875552583676955,0.24350830268583526,0.33174523570712133,0.17101303911735208,0.0,0.0,0.0,0.0,0.0,0.0,8.902517289873096,0.0,3.67724461960961,9.210936019770754,0.0,,,,,7.622364004975553,2.3234593047395267,
89390ca354bffff,Planificado,0.7716355458043903,0.0,2.5451771243090335,0.8961699914558491,0.8615290315390616,0.9341357405549984,0.8928452022734872,221.39729432245838,0.42105263157894735,0.17543859649122806,3.513951656061799,55.349323580614595,3.0,0.4366065949545847,1.0,0.34497446454176,73.79909810748613,0.0,24183.11187800963,33722.75972562877,10.093409812249144,10.425957904287875,6.436711100912077,4.314805827521192,0.2913919228182954
89390cb0c53ffff,Planificado,0.7738567625289121,0.0,9.287252269608919,0.3581763809948364,0.31355176641034216,0.33174523570712133,0.4292321408670456,0.0,0.0,0.0,0.6365141682948128,0.0,0.0,2.7010770501247374,0.0,0.8303030065446061,0.0,0.0,34765.0,6245.190654747233,10.456366412533118,8.739727061672273,0.0,0.0,0.10541996902179718
89390cb56d7ffff,Espontáneo,0.36122070544449747,1.0,8.789627017365236,0.5125654742003789,0.7501950295330436,0.33174523570712133,0.4557561573609718,64.63854799185577,0.5,0.14285714285714285,2.242973226438147,0.0,0.0,4.019292305959618,0.0,0.5120724950937863,55.404469707304955,0.0,12596.0,28600.525669410952,9.441134582220915,10.261215340469445,9.265077368277074,4.032548405493408,0.7481966264064281
89390ca312fffff,Espontáneo,0.3257684179616651,1.0,5.690904512976329,0.6631189865893979,0.8528920093614176,0.5904379806084922,0.5460269697982837,184.58940665698876,0.425531914893617,0.14893617021276595,3.4667044805492377,36.91788133139775,0.0,1.3869090961147001,0.0,0.6362329001875596,9.229470332849438,9.229470332849438,11967.24703233729,33393.907461056275,9.389928783156252,10.416158696114012,7.693975820473935,2.3252728027530734,0.7144858436248287
89390cb2833ffff,Planificado,0.5999113247955592,0.0,14.213410553576345,0.36478881087707565,0.5885991307255098,0.33174523570712133,0.1740220661985958,9.229047160619684,0.3333333333333333,0.3333333333333333,1.0986122886681096,0.0,0.0,7.18123240478573,0.0,4.488761622168427,0.0,0.0,,,,,7.176357118597094,0.0,
89390ca2d13ffff,Planificado,0.8397964923263838,0.0,12.111568771890656,0.3035495375013931,0.3585200044578179,0.33174523570712133,0.22038337233923996,0.0,0.0,0.2222222222222222,1.7351264569629228,0.0,0.0,5.557345529408528,0.0,3.207027379785872,0.0,0.0,,,,,5.2110904519598815,0.0,
89390cb5307ffff,Planificado,0.668527845343854,0.0,11.728324454045284,0.2775084512797652,0.24350830268583526,0.33174523570712133,0.257271815446339,0.0,0.0,0.0,0.0,0.0,0.0,6.4600455049526735,0.0,1.6153415250154783,0.0,0.0,,,,,6.210177633400414,0.0,
89390cb0467ffff,Espontáneo,0.11811029223406642,1.0,11.1072986215775,0.278177123964486,0.24350830268583526,0.33174523570712133,0.2592778335005015,0.0,0.0,0.0,0.0,0.0,0.0,5.445941097754978,0.0,2.00236261679207,0.0,0.0,,,,,0.0,0.0,
89390ca24dbffff,Planificado,0.7940397829583129,0.0,4.082781800313644,0.6176306697871392,0.6654964894684051,0.5469742561016383,0.6404212637913741,46.13975557305178,0.23809523809523808,0.14285714285714285,2.8215638078603646,18.45590222922071,0.0,0.5726701356230203,0.0,0.5981247085601983,0.0,0.0,34765.0,11201.169602139511,10.456366412533118,9.323862752999702,8.139353548103607,0.0,0.04831642009815074
89390ca052bffff,Espontáneo,0.11290161304145535,1.0,9.227528704778036,0.37966677811211413,0.24350830268583526,0.33174523570712133,0.5637467959433857,0.0,0.0,0.0,0.0,0.0,0.0,1.1491982320885186,0.0,0.6485977957841431,0.0,0.0,,,,,0.0,0.0,
89390cba8afffff,Planificado,0.6922867464080047,0.0,5.148774322065769,0.7184330770088042,0.7942717040008915,0.7221664994984955,0.6388610275270256,110.60101218799667,0.41379310344827586,0.1724137931034483,3.1102365213877152,9.21675101566639,1.0,1.9725827111835414,0.0,0.15436569397334265,9.21675101566639,0.0,16617.272856735974,36878.91731897103,9.718197966903164,10.515422435774607,8.551005644832484,2.324028629699579,0.429384199277355
89390ca341bffff,Espontáneo,0.39915459352449384,1.0,2.0682660840753844,0.759240685018017,0.706229800512649,0.8898361751922435,0.6816560793491586,73.77671243910946,0.1951219512195122,0.24390243902439024,3.316115133537286,27.66626716466605,3.0,1.1365221638091805,0.0,0.24166345409915746,73.77671243910946,0.0,17067.0,23385.043411660467,9.744902053418757,10.059894688008319,9.939848654161784,4.314506505478917,0.5234431023362012
89390cb726bffff,Transición,0.4615426062572391,,11.030823802266395,0.2876499869980311,0.24350830268583526,0.33174523570712133,0.28769642260113676,0.0,0.0,0.0,0.0,0.0,0.0,4.822656177513012,0.0,1.7042992954180258,0.0,0.0,,,,,6.878914418731443,0.0,
89390ca010fffff,Espontáneo,0.2681495965716864,1.0,10.814878727679252,0.3207864333741966,0.24350830268583526,0.33174523570712133,0.38710576172963335,0.0,0.0,0.0,0.0,0.0,0.0,1.8641368679750807,0.0,1.99200373532005,0.0,0.0,,,,,6.979620005211664,0.0,
89390cb0b6fffff,Espontáneo,0.15320787756743523,1.0,6.548047502938926,0.5161131542776477,0.7625097514766521,0.33174523570712133,0.45408447564916976,92.32029654485784,0.3333333333333333,0.1,3.245126340758014,0.0,0.0,2.132209243748567,0.0,0.85688334666567,0.0,0.0,24096.0,7299.985410361591,10.08980113059962,8.895764605747226,7.331700343524448,0.0,0.1742810195930988
89390cb1ecbffff,Transición,0.47988181165402494,,5.322314390078867,0.29292507151082875,0.24350830268583526,0.33174523570712133,0.3035216761395297,0.0,0.0,0.0,0.0,0.0,0.0,3.671864632975253,0.0,2.072956412022068,0.0,0.0,,,,,0.0,0.0,
89390cb0337ffff,Planificado,0.8991865656498899,0.0,7.247059872496434,0.66115011701772,0.8348378468739552,0.5690404546974256,0.5795720494817788,184.4830426485147,0.45454545454545453,0.11363636363636363,3.1126372886249176,27.6724563972772,0.0,1.32963700361706,0.0,0.5256409254382819,9.224152132425735,0.0,19244.815384615384,35728.41171508892,9.864996972770582,10.483729486148883,6.32673727573314,2.3247527774565686,0.3596488512098105
89390ca23abffff,Espontáneo,0.7077109699707435,1.0,6.8476540630201095,0.47513837809725473,0.24350830268583526,0.5547475760615179,0.6271592555444111,0.0,0.0,0.0,0.0,0.0,1.0,1.560438975984132,0.0,0.30724914144527166,9.23405533987149,0.0,19604.0,10081.973662521586,9.883488906029438,9.218603504322123,7.619190839604,2.3257209178210343,0.39878307323055434
89390cb1aafffff,Planificado,0.8336991997315772,0.0,1.6848050765535696,0.7639956907760318,0.8176752479661206,0.8313273152791708,0.6429845090828039,451.88248613001633,0.296969696969697,0.24848484848484848,3.333630515057174,55.332549322042816,1.0,0.9782760252580529,0.0,0.42273786756264414,55.332549322042816,0.0,24188.0,15035.683459828939,10.093611921393103,9.61824805854787,9.728033789517262,4.0312725087979295,0.26619235404536473
89390cbab9bffff,Espontáneo,0.39458848146748543,1.0,5.878292294592246,0.5076897358742896,0.24350830268583526,0.630558341691742,0.6490025632452915,0.0,0.0,1.0,0.0,0.0,2.0,1.0809011634618557,0.0,0.3670606562708733,0.0,0.0,,,,,0.0,0.0,
89390cb0e5bffff,Transición,0.49953546736985116,,6.626766097373267,0.8191054645417735,0.939485122032765,0.857238381812103,0.6605928897804524,581.153421199999,0.47368421052631576,0.15789473684210525,3.849114638898625,83.02191731428557,1.0,0.9241073943902831,0.0,0.3833544327254913,83.02191731428557,9.224657479365064,13162.004487658938,63576.518642620314,9.485089509971708,11.060015206377324,8.62336308547463,4.431077685217666,
89390ca2ecfffff,Planificado,0.810360427630864,0.0,8.093138066039472,0.50984434785839,0.24350830268583526,0.630558341691742,0.6554663991975928,0.0,0.0,0.0,0.0,0.0,2.0,0.9474686177932422,0.0,0.3933829938285641,0.0,0.0,,,,,0.0,0.0,
89390cb54c3ffff,Espontáneo,0.19172954115324417,1.0,10.818628932336162,0.29121624131654217,0.24350830268583526,0.33174523570712133,0.29839518555667,0.0,0.0,0.0,0.0,0.0,0.0,5.004793181541698,0.0,1.454111748928633,0.0,0.0,,,,,0.0,0.0,
89390ca2ab3ffff,Planificado,0.6365525312582543,0.0,10.73422867854346,0.29953750139306806,0.24350830268583526,0.33174523570712133,0.3233589657862476,0.0,0.0,0.0,0.0,0.0,0.0,2.6861030865529685,0.0,2.5200767081077475,0.0,0.0,,,,,6.755628841880913,0.0,
89390cb50a7ffff,Transición,0.457272079573121,,12.24423821960768,0.27624540287529253,0.24350830268583526,0.33174523570712133,0.253482670232921,0.0,0.0,0.0,0.0,0.0,0.0,7.365724981963128,0.0,1.4465152474053133,0.0,0.0,,,,,5.843767268509411,0.0,
89390ca2697ffff,Planificado,0.9532033932013652,0.0,3.21266667493396,0.8968758126230544,0.906385824139084,0.8804747576061518,0.9037668561239274,599.8165611689539,0.3735632183908046,0.1781609195402299,3.918056964904012,156.87510061341868,1.0,0.472227364213756,1.0,0.2970402468347946,313.75020122683736,27.683841284720945,28774.060280373833,41739.87762941325,10.267229575554603,10.639236206510128,8.868483822673532,5.751779312247008,0.20174261486146083
89390cb1d9bffff,Espontáneo,0.4044954801966998,1.0,6.001739829576394,0.7606709015936698,0.9107321965897693,0.5683717820127048,0.8029087261785356,322.8272578560624,0.5,0.12857142857142856,3.6111510835486142,27.670907816233914,0.0,0.06579126017701008,1.0,0.7830773107115231,0.0,0.0,18973.0,29021.27792745068,9.850772194864133,10.275819018445494,7.226455565299703,0.0,0.24736460582284797
89390cb0207ffff,Planificado,0.6466146029958096,0.0,7.89446935566991,0.31855752442512725,0.24350830268583526,0.33174523570712133,0.38041903488242507,0.0,0.0,0.0,0.0,0.0,0.0,3.1021811786503326,0.0,1.1065809999574459,0.0,0.0,,,,,7.257338252136643,0.0,
89390ca227bffff,Transición,0.5494727620040063,,4.405727774786246,0.6943237118763698,0.5935027304134626,0.7397191574724172,0.7497492477432296,18.45893800954244,0.16666666666666666,0.16666666666666666,2.253857589601352,9.22946900477122,1.0,0.6187567366958495,0.0,0.19112876814825802,18.45893800954244,9.22946900477122,14072.792766934557,14002.807967505829,9.551998621309702,9.547084569291721,5.677768868493574,2.968306502274991,
89390cb1563ffff,Espontáneo,0.2650555189191904,1.0,8.510915476606735,0.4845369441658309,0.7580519335785133,0.33174523570712133,0.3638136632118578,73.72603165812625,0.42105263157894735,0.05263157894736842,2.798513256943294,0.0,0.0,5.415756411035953,0.0,0.7325520005165171,0.0,0.0,,,,,8.105274359976548,0.0,
89390ca35d7ffff,Espontáneo,0.23524153209589366,1.0,1.153315545551165,0.7046695642483005,0.8145547754374234,0.6651621531260448,0.6342917641814332,341.33025555669457,0.3008130081300813,0.3902439024390244,3.348141178209429,267.52911922011197,0.0,0.6548346126559073,0.0,0.5823625148398762,276.7542612621848,0.0,17871.0,40520.56389219786,9.790934566296798,10.609589553180463,10.661902568535996,5.626736770480124,0.5113037512918471
89390cb1147ffff,Espontáneo,0.1551045913871486,1.0,6.687957302549586,0.3297763661354433,0.24350830268583526,0.33174523570712133,0.4140755600133734,0.0,0.0,0.0,0.0,0.0,0.0,4.745371740016459,0.0,0.588873871791957,0.0,0.0,,,,,0.0,0.0,
89390ca31bbffff,Espontáneo,0.34881609911453276,1.0,4.28994103248165,0.8845610906794458,0.9012593335562241,0.8612504179204279,0.8911735205616851,433.7371838859809,0.43119266055045874,0.22018348623853212,3.6505487168689497,92.28450720978317,1.0,0.3616806497974095,1.0,0.3708472674605924,46.142253604891586,18.456901441956635,9769.781369248036,41897.009581081154,9.187049367022679,10.642993600750401,7.718621613553979,3.8531697030027807,0.8693473608690238
89390cb148bffff,Planificado,0.6412833304584257,0.0,11.705127545746814,0.28751996730933543,0.35434080017831276,0.33174523570712133,0.17647386604257218,0.0,0.0,0.4,1.6094379124341005,0.0,0.0,8.565536384106418,0.0,3.4077264996124574,0.0,0.0,34765.0,806.6423102060409,10.456366412533118,6.694119275118428,7.366740073600136,0.0,0.1019826349179608
89390cb7343ffff,Espontáneo,0.4003615584691546,1.0,12.679606440757945,0.2574482707381403,0.24350830268583526,0.33174523570712133,0.1970912738214644,0.0,0.0,0.0,0.0,0.0,0.0,6.6548891047636864,0.0,3.31168363826601,0.0,0.0,,,,,0.0,0.0,
89390cb0d2bffff,Planificado,0.6677696041208578,0.0,10.479276773129909,0.3172016048144433,0.3213529477320851,0.33174523570712133,0.2985066310041235,0.0,0.0,0.5,0.6931471805599453,0.0,0.0,3.567528210501411,0.0,2.285513868389045,18.465138733697227,0.0,,,,,7.242026202453111,2.968625108378259,
89390cba993ffff,Espontáneo,0.5723227132028044,1.0,3.8045056842552833,0.6706601285337493,0.9442215535495375,0.56452691407556,0.5032319179761507,525.4562251972989,0.5588235294117647,0.10784313725490197,3.723417406322909,27.655590799857833,0.0,1.8844528639257416,0.0,0.6670189681819851,55.31118159971567,27.655590799857833,17903.377869777945,22123.92627793311,9.792744681834591,10.004460137799759,9.2125617429594,4.03089312288078,0.48723514099748705
89390cb5393ffff,Planificado,0.6186837516090292,0.0,11.444578152143306,0.5655484973438835,0.8123815892120807,0.5820795720494818,0.30218433077008805,120.11918529763295,0.43333333333333335,0.2,3.152706716683355,27.71981199176145,0.0,6.517636307828651,0.0,0.9930122060601034,36.9597493223486,18.4798746611743,18029.0,19739.248021808235,9.7997368515422,9.890414877336516,6.8763025495476136,3.636526369988326,0.5240070295772343
89390cb090fffff,Planificado,0.7312952111368578,0.0,9.408728449477673,0.44207622868605817,0.24350830268583526,0.5547475760615179,0.5279728073108213,0.0,0.0,0.0,0.0,0.0,1.0,3.5575824809889003,0.0,0.31621114761829633,0.0,0.0,,,,,6.580087891975624,0.0,
89390ca2567ffff,Espontáneo,0.2491580352012035,1.0,6.990285718272663,0.3576005795163268,0.24350830268583526,0.33174523570712133,0.49754820015602363,0.0,0.0,0.0,0.0,0.0,0.0,2.139687101273334,0.0,0.6326400253589215,0.0,0.0,22709.0,21366.715334740584,10.030516600664669,9.96963643266533,5.0021215421696485,0.0,0.1899571149385361
89390cb1c6bffff,Planificado,0.6644362791219244,0.0,4.411500136083807,0.46778297856532564,0.24350830268583526,0.5547475760615179,0.6050930569486237,0.0,0.0,0.0,0.0,0.0,1.0,2.199917450751103,0.0,0.24918307836182454,0.0,0.0,,,,,5.432864025364598,0.0,
89390ca060fffff,Espontáneo,0.3841144188194394,1.0,7.422755843024739,0.32929343586314497,0.24350830268583526,0.33174523570712133,0.4126267691964783,0.0,0.0,0.0,0.0,0.0,0.0,2.1270156645276455,0.0,1.2513694047993689,0.0,0.0,,,,,6.990484124302502,0.0,
89390cb00d7ffff,Espontáneo,0.49273519584188213,1.0,10.50260959385419,0.2755024332256027,0.24350830268583526,0.33174523570712133,0.2512537612838516,0.0,0.0,0.0,0.0,0.0,0.0,4.905902809470189,0.0,2.5787321450181175,0.0,0.0,,,,,8.827063871614246,0.0,
89390ca214bffff,Planificado,0.7237907003383308,0.0,6.566569405876783,0.6096808945354583,0.7787250640811324,0.5586760280842528,0.4916415914409897,83.10421533307043,0.5294117647058824,0.17647058823529413,2.425479708432719,18.467603407348985,0.0,2.4506403807527546,0.0,0.5940302111108108,9.233801703674493,0.0,13733.642228739003,27821.204292976956,9.527603738800467,10.233589696449899,8.915531183635942,2.3256961339663818,0.6011463660944218
89390cbad57ffff,Transición,0.5055399310693682,,5.1877780256628645,0.30574129796797794,0.24350830268583526,0.33174523570712133,0.3419703555109774,0.0,0.0,0.0,0.0,0.0,0.0,3.210576620769199,0.0,1.602143865956911,0.0,0.0,,,,,0.0,0.0,
89390cb184fffff,Espontáneo,0.40610518303044757,1.0,2.462202706061183,0.534835989449831,0.24350830268583526,0.6557171514543632,0.7052825142092946,0.0,0.0,0.0,0.0,0.0,3.0,0.6594818756047296,0.0,0.3338713658353165,9.221839219699103,0.0,27913.0,1997.9916778538916,10.236847809109337,7.600398171337103,8.544892110864838,2.32452653137276,0.21905144028654097
89390ca05b7ffff,Espontáneo,0.28803638140957044,1.0,8.75379129960417,0.6756937479103979,0.6179650061294996,0.7530926111668339,0.6560236264348601,18.472697551105593,0.2857142857142857,0.14285714285714285,1.945910149055314,9.236348775552797,1.0,0.6861360002333747,0.0,0.48742012209681024,9.236348775552797,0.0,11120.413980745081,29107.708464921732,9.316537795595881,10.2787926683532,6.873113180443216,2.325944991139565,0.7833502780462754
89390cba93bffff,Espontáneo,0.1269874951803426,1.0,3.467062855586873,0.577631041271964,0.8051933578513317,0.33174523570712133,0.5959545302574389,165.95641277137577,0.3050847457627119,0.11864406779661017,3.660359470574071,0.0,0.0,0.6439654776098064,0.0,0.7519424114127762,46.09900354760438,0.0,10744.0,32684.828262521256,9.282102738203074,10.394696876479047,6.82106391349467,3.852251844696761,0.8466521173142175
89390cb1433ffff,Planificado,0.5996371034467729,0.0,10.516417251504679,0.36781641219956157,0.5566700100300902,0.33174523570712133,0.21503399086147332,9.212964184982242,0.125,0.25,2.0794415416798357,0.0,0.0,7.421734817812629,0.0,2.218519344898003,0.0,0.0,,,,,6.53426650752948,0.0,
89390ca34a7ffff,Espontáneo,0.15003014971535253,1.0,0.9191790112561846,0.781956982057283,0.9041569151900145,0.6481109996656637,0.7936030313161707,673.3610714223634,0.3443396226415094,0.22641509433962265,4.064999608193266,119.91361545877703,0.0,0.29424330034685153,2.0,0.8776649069754069,1236.0326516520095,64.5688698624184,17066.542087542086,53773.73293919054,9.744875222774766,10.892558987860289,8.356026056888261,7.12047076788245,0.6610900909601487
89390cb2babffff,Espontáneo,0.12967031431491208,1.0,12.697363066734468,0.26632675805193357,0.24350830268583526,0.33174523570712133,0.2237267357628441,0.0,0.0,0.0,0.0,0.0,0.0,5.482472600739094,0.0,3.0946656340696945,0.0,0.0,,,,,0.0,0.0,
89390ca019bffff,Espontáneo,0.1574147556248364,1.0,9.542882995276601,0.38754225639882606,0.24350830268583526,0.33174523570712133,0.5873732308035217,0.0,0.0,0.0,0.0,0.0,0.0,0.8430184253958974,0.0,0.6867757942685133,0.0,0.0,,,,,0.0,0.0,
89390cb8da7ffff,Espontáneo,0.15386895248718566,1.0,5.831628290319158,0.501662394591181,0.24350830268583526,0.5547475760615179,0.7067313050261896,0.0,0.0,0.0,0.0,0.0,1.0,0.6674130715692667,0.0,0.32701880593590477,0.0,0.0,,,,,7.36685503401294,0.0,
89390ca308bffff,Planificado,0.5829102563524378,0.0,3.121815918681999,0.6786470522679148,0.6928006240945056,0.5407890337679706,0.8023514989412682,55.34321994293694,0.14285714285714285,0.11904761904761904,3.395141243165191,18.44773998097898,0.0,0.28297062901002557,1.0,0.73518559119816,119.91030987636337,9.22386999048949,11085.0,42501.74391676545,9.313348122050412,10.657323915575846,8.917679704979811,4.7950490300508175,0.8305701251450461
89390cb18a7ffff,Planificado,0.9079101275163498,0.0,3.478031755303603,0.8010884505367956,0.8827593892789479,0.8679371447676363,0.6525688175638026,249.05161086609965,0.46551724137931033,0.2413793103448276,3.5031862533887126,110.68960482937761,1.0,0.7287306525444296,0.0,0.4848917151000868,64.56893615047028,0.0,,11998.582767360063,,9.392627158779007,9.352712139054724,4.183102049505663,
89390cb898bffff,Espontáneo,0.29958962089018387,1.0,7.940117101548512,0.854972324380549,0.896021397525911,0.8212972250083583,0.8475983506073778,295.0502614311987,0.5161290322580645,0.1774193548387097,3.3674860278288006,46.1016033486248,1.0,0.4963541860170054,1.0,0.4736922172708804,27.660962009174877,0.0,9808.93559599264,49206.40223409766,9.191049044735099,10.8037993430762,7.242207881889653,3.3555359881023885,0.8557620691566314
89390ca2c6fffff,Planificado,0.37849089889152304,0.0,10.200157915907262,0.2992774620156766,0.24350830268583526,0.33174523570712133,0.32257884765407335,0.0,0.0,0.0,0.0,0.0,0.0,3.1017687774136844,0.0,2.1228683254145886,0.0,0.0,,,,,0.0,0.0,
89390cbadafffff,Espontáneo,0.14702495601758345,1.0,3.9184255545548385,0.33222816597941973,0.24350830268583526,0.33174523570712133,0.4214309595453026,0.0,0.0,0.0,0.0,0.0,0.0,1.987661918154898,0.0,1.2383706968336927,0.0,0.0,,,,,6.050033243231609,0.0,
89390ca21a3ffff,Espontáneo,0.09756428990169887,1.0,8.207113720555984,0.7346205282514209,0.7445113117129165,0.9159979939819458,0.5433522790594004,120.06929589024398,0.3023255813953488,0.20930232558139536,3.0391343911549846,55.41659810318953,2.0,3.556171743134922,0.0,0.26850963435899966,55.41659810318953,9.236099683864921,12664.11003696332,33525.46956122891,9.446527290481036,10.420090541976005,7.358819656961195,4.032763407818181,0.7647352613712006
89390cb5263ffff,Espontáneo,0.5497079941004791,1.0,8.998773793984999,0.3552045023960771,0.3213529477320851,0.33174523570712133,0.41251532374902483,0.0,0.0,0.0,0.6931471805599453,0.0,0.0,4.207542603350265,0.0,0.6510141534478937,0.0,0.0,,,,,5.291268426606697,0.0,
89390ca2853ffff,Espontáneo,0.37973479042792463,1.0,10.354952030895907,0.30503547680077264,0.24350830268583526,0.33174523570712133,0.33985289200936136,0.0,0.0,0.0,0.0,0.0,0.0,2.5604191979182502,0.0,2.233377891868134,0.0,0.0,,,,,0.0,0.0,
89390cb012fffff,Espontáneo,0.4252827866461475,1.0,8.895688840217394,0.47270515249452066,0.6386381366321187,0.33174523570712133,0.44773208514432183,9.22594477078587,0.5,0.0,0.6931471805599453,0.0,0.0,2.6966304241193844,0.0,0.7310324119762831,0.0,0.0,32249.000000000004,17279.23258003828,10.38124231399123,9.757318501760425,5.601046132881521,0.0,0.06857810818851053
89390cb03c3ffff,Espontáneo,0.37454238633389286,1.0,7.802038009869274,0.47324380549054573,0.24350830268583526,0.5547475760615179,0.621475537724284,0.0,0.0,0.0,0.0,0.0,1.0,2.2785422428303517,0.0,0.1556663188550526,0.0,0.0,31006.0,12394.767439420151,10.341936013126308,9.425110357794264,7.050650888620542,0.0,0.07500292084604501
89390ca2437ffff,Planificado,0.759244482649963,0.0,5.603163905358045,0.669415654370519,0.5787362086258776,0.7998996990972919,0.6296110553883875,9.231261469472546,0.09090909090909091,0.36363636363636365,2.3978952727983707,27.69378440841764,1.0,1.07998708913103,0.0,0.43165849336315515,9.231261469472546,0.0,,,,,8.267630497293874,2.325447883160264,
89390cb1b3bffff,Espontáneo,0.2225089851638912,1.0,0.770152009398046,0.7975221962182845,0.6306697871391953,0.8448679371447676,0.9170288643708905,27.675430496995133,0.06382978723404255,0.40425531914893614,2.9728895656531904,64.57600449298864,1.0,0.39785178105071606,1.0,0.2809127202323396,350.55545296193833,0.0,,,,,9.964853204773592,5.862367459723673,
89390ca201bffff,Espontáneo,0.1502739982855009,1.0,4.70492355756514,0.6349975853486385,0.770533823693302,0.5195586760280843,0.6149002563245292,138.46500638835465,0.24193548387096775,0.16129032258064516,3.623825124422899,9.231000425890311,0.0,0.5075525909167179,0.0,0.7338785902335606,120.00300553657404,18.462000851780623,13885.511798469388,43043.85088973799,9.538601258872136,10.669997895030717,8.487453648333767,4.795815384433495,0.7056271304440548
89390cbac27ffff,Espontáneo,0.0822583742997927,1.0,5.877226345640151,0.30072625283257176,0.24350830268583526,0.33174523570712133,0.3269252201047587,0.0,0.0,0.0,0.0,0.0,0.0,3.3407766446465965,0.0,1.8137038521904634,0.0,0.0,,,,,0.0,0.0,
89390ca0487ffff,Planificado,0.39786472190498845,0.0,5.897448307800111,0.6375979791225528,0.5324306252089602,0.7437311935807422,0.6366321185779561,9.231761336696456,0.1,0.3,1.3592367006650063,9.231761336696456,1.0,1.0300556915642283,0.0,0.42439371098080353,0.0,0.0,12743.0,6525.364606985987,9.452737380212278,8.783605345495449,7.647807777596572,0.0,0.642135440214262
89390cba80bffff,Espontáneo,0.17368120246403773,1.0,6.313616247929449,0.5215461198410045,0.24350830268583526,0.630558341691742,0.6905717151454364,0.0,0.0,0.0,0.0,0.0,2.0,1.1390990234438607,0.0,0.19666568527265793,0.0,0.0,,,,,5.6199691522014525,0.0,
89390ca3377ffff,Espontáneo,0.3642054134575361,1.0,6.801365925498236,0.3396578624763178,0.24350830268583526,0.33174523570712133,0.44372004903599693,0.0,0.0,1.0,0.0,0.0,0.0,2.0981267075353975,0.0,0.9357462709986628,0.0,0.0,,,,,0.0,0.0,
89390ca006bffff,Espontáneo,0.288440816990888,1.0,9.52560603062494,0.334902856718303,0.24350830268583526,0.33174523570712133,0.42945503176195254,0.0,0.0,0.0,0.0,0.0,0.0,2.0550207546045502,0.0,1.0936107024631547,0.0,0.0,,,,,7.780068550767039,0.0,
89390cb554fffff,Transición,0.48574236743199073,,12.248785583524873,0.2640978491028641,0.24350830268583526,0.33174523570712133,0.2170400089156358,0.0,0.0,0.0,0.0,0.0,0.0,7.435995477940692,0.0,2.1632149570571264,0.0,0.0,,,,,5.503465460496414,0.0,
89390cb0acbffff,Espontáneo,0.3711453548481859,1.0,5.277506088686085,0.8899290463984547,0.8926780341023068,0.8749582079572049,0.9021508971358521,608.9444625750389,0.3316582914572864,0.20100502512562815,4.057910049332586,129.17003751591733,1.0,0.2280110451517714,2.0,0.4229331821786408,378.28368129661504,27.679293753410857,18287.867498993153,36494.668152771774,9.813993140765188,10.504948851781487,8.139592698990137,5.938284424559772,0.5741567144487618
89390cb1e27ffff,Planificado,0.6796910634657464,0.0,3.38974728906005,0.5549426055945614,0.5977933801404213,0.5038448679371448,0.5631895687061184,18.4416470827589,0.13333333333333333,0.26666666666666666,2.5232109529528914,9.22082354137945,0.0,1.4256453054938232,0.0,0.5613488448336349,9.22082354137945,0.0,25692.0,12678.997241415498,10.153934938377683,9.447781010437211,8.864221447338187,2.3244271628773387,0.18219537132524855
89390cb1cc3ffff,Planificado,0.5947202558939814,0.0,6.205825406633544,0.35301274192949217,0.3346149559790483,0.33174523570712133,0.3926780341023069,0.0,0.0,0.3333333333333333,1.0986122886681096,0.0,0.0,2.871245427931679,0.0,1.0749892024819168,0.0,0.0,,,,,0.0,0.0,
89390ca2307ffff,Planificado,0.5084486245569109,0.0,6.7441431102625575,0.4906757308963929,0.24350830268583526,0.630558341691742,0.5979605483116014,0.0,0.0,0.0,0.0,0.0,2.0,1.4563785028600358,0.0,0.4254596565269713,0.0,0.0,,,,,8.192361511291473,0.0,
89390cb1a0bffff,Espontáneo,0.45937780527695765,1.0,2.4377955118589725,0.8953620119618114,0.8878858798618077,0.8640086927449013,0.934191463278725,368.822587691512,0.40816326530612246,0.15306122448979592,3.6613624913986875,27.6616940768634,2.0,0.47002862651992827,1.0,0.17281349244959548,64.5439528460146,0.0,16982.0,14933.53867234161,9.739909238559308,9.611431841143446,8.750269627183634,4.182720953414359,0.5733881022001536
89390ca3663ffff,Planificado,0.6267916967598152,0.0,5.118100989466341,0.9373026486868011,0.9214309595453026,0.932213306586426,0.9582636799286749,479.49589286502766,0.6582278481012658,0.16455696202531644,3.359045316599039,82.98967376510093,2.0,0.12806087369013885,1.0,0.18955215025322902,18.442149725577988,0.0,13212.405773597146,23900.466449687883,9.48891149854263,10.08169509376482,6.77881138675035,2.967443375509949,0.710478619486652
89390cb054bffff,Espontáneo,0.10725638636221892,1.0,10.875913625415063,0.2735707121364092,0.24350830268583526,0.33174523570712133,0.245458598016271,0.0,0.0,0.0,0.0,0.0,0.0,5.022260560077516,0.0,2.6395824625499817,0.0,0.0,,,,,0.0,0.0,
89390cb11d3ffff,Espontáneo,0.2477815586358274,1.0,8.054846629855405,0.4473327389576136,0.3213529477320851,0.5547475760615179,0.46589769307923773,0.0,0.0,0.0,0.6931471805599453,0.0,1.0,5.40863186341262,0.0,0.35400522694619757,9.215750913548098,0.0,,,,,7.56346298180447,2.323930736438875,
89390ca3247ffff,Espontáneo,0.44698742558704546,1.0,6.711420027566286,0.7102604108622163,0.77142538727293,0.7285188900033434,0.6308369553103755,73.77677366606554,0.5,0.375,2.599301927099795,9.222096708258192,1.0,1.058761112972178,0.0,0.4353147891942438,18.444193416516384,0.0,,,,,8.840288115407335,2.967548486496231,
89390ca0e47ffff,Espontáneo,0.4419155813424524,1.0,12.941843884245372,0.2716389910472157,0.24350830268583526,0.33174523570712133,0.23966343474869053,0.0,0.0,0.0,0.0,0.0,0.0,4.22114144261447,0.0,4.302173484557098,0.0,0.0,,,,,6.395959361000332,0.0,
89390ca16b3ffff,Transición,0.5254200360541753,,9.41207034064476,0.31476837921170914,0.24350830268583526,0.33174523570712133,0.36905159924217096,0.0,0.0,0.0,0.0,0.0,0.0,2.634738076996368,0.0,1.5411446119448284,0.0,0.0,,,,,0.0,0.0,
89390cb099bffff,Planificado,0.6203590936477502,0.0,9.958046387404975,0.334067015862402,0.3346149559790483,0.33174523570712133,0.3358408559010364,0.0,0.0,0.3333333333333333,1.0986122886681096,0.0,0.0,3.2313669986359677,0.0,1.7011208731421603,0.0,0.0,26921.0,25297.61630026578,10.200661930171254,10.138504981530867,7.1126015720855,0.0,0.09813090726615241
89390cb5003ffff,Transición,0.5254879989497913,,11.039001278354723,0.2748337605408819,0.24350830268583526,0.33174523570712133,0.2492477432296891,0.0,0.0,0.0,0.0,0.0,0.0,6.1577543063414035,0.0,1.8949510441841668,0.0,0.0,,,,,7.043477893299476,0.0,
89390cb0163ffff,Planificado,0.7760688848712715,0.0,8.509215133219335,0.49900627809354,0.36715702663546196,0.5547475760615179,0.5751142315836398,0.0,0.0,0.2857142857142857,1.945910149055314,0.0,1.0,2.6305827477229635,0.0,0.280437610294274,0.0,0.0,19903.0,36647.70716366098,9.898625753119221,10.509133431485546,6.442300403898994,0.0,0.22155924484872896
89390ca21d7ffff,Planificado,0.6240855339896568,0.0,6.847778946555861,0.525521007466845,0.5860916081578068,0.5262454028752925,0.46422601136743563,9.234059991929753,0.03125,0.21875,2.5998614603914554,9.234059991929753,0.0,2.2003341782624655,0.0,0.7692487426387677,0.0,0.0,20807.0,3583.994303603533,9.943044747534582,8.18451216407947,7.670584626134735,0.0,0.2890842019476574
89390cb18dbffff,Planificado,0.8290161270194154,0.0,3.883447771296959,0.3816170734425499,0.32803967457929345,0.33174523570712133,0.48506631004123485,0.0,0.0,0.0,0.9502705392332347,0.0,0.0,1.7468585601222473,0.0,0.8005235153671643,0.0,0.0,,,,,0.0,0.0,
89390ca0643ffff,Espontáneo,0.22066068438817663,1.0,7.279542615554657,0.32152940302388644,0.24350830268583526,0.33174523570712133,0.3893346706787028,0.0,0.0,0.0,0.0,0.0,0.0,2.3427750890626258,0.0,1.4323694589860474,0.0,0.0,,,,,3.0935636406292,0.0,
89390cba9c7ffff,Espontáneo,0.5957136567723677,1.0,4.150363486233829,0.6322114491623018,0.6429287863590772,0.630558341691742,0.6231472194360861,36.873102635253225,0.25,0.4375,2.512658529529802,0.0,2.0,1.3895108686964064,0.0,0.3623049260795589,0.0,0.0,9835.552516662836,30382.83896521436,9.193758907858605,10.321666133051659,6.646024338284186,0.0,0.7535254850789118
89390ca3533ffff,Planificado,0.6732608704326223,0.0,2.591716893299971,0.7895538467253612,0.9418254764292878,0.6303911735205617,0.7964448902262342,692.0383321528032,0.41899441340782123,0.0893854748603352,4.334396829333576,73.817422096299,0.0,0.02110100981520831,1.0,0.8246483587494203,405.9958215296445,18.45435552407475,18816.603941513033,49212.8069806995,9.842494947415021,10.803929492800268,5.8793540814385885,6.008802918877964,0.5759955257297834
89390cb2c37ffff,Planificado,0.7120320819196257,0.0,16.212708123630872,0.256816746535904,0.24350830268583526,0.33174523570712133,0.1951967012147554,0.0,0.0,0.0,0.0,0.0,0.0,9.378678541150402,0.0,2.461762383790717,0.0,0.0,,,,,5.758374952118208,0.0,
89390ca0227ffff,Espontáneo,0.16792323768087977,1.0,10.509466250793073,0.2935565957130651,0.24350830268583526,0.33174523570712133,0.3054162487462387,0.0,0.0,0.0,0.0,0.0,0.0,3.2958449599035218,0.0,2.347174559948475,0.0,0.0,,,,,0.0,0.0,
89390cb10a3ffff,Espontáneo,0.19096296392412407,1.0,8.55878182973417,0.4180783090010773,0.24350830268583526,0.5547475760615179,0.45597904825587876,0.0,0.0,0.0,0.0,0.0,1.0,6.098628158168923,0.0,0.337371028766796,0.0,0.0,,,,,7.099743447630123,0.0,
89390ca3117ffff,Planificado,0.5956793907485397,0.0,4.413497525066077,0.8006891043500873,0.7884765407333111,0.8875794048813106,0.7260113674356403,156.87933786495503,0.30357142857142855,0.19642857142857142,3.457536623389035,36.912785379989415,2.0,0.6590056600762508,0.0,0.2698448204021055,9.228196344997354,0.0,16232.0,35702.1605535456,9.694739881505651,10.482994494760742,8.2430606046851,2.3251482540570962,0.45600136010665376
89390cb0c87ffff,Espontáneo,0.3401159498242471,1.0,10.738902784920185,0.4933132731527918,0.5953415802964449,0.5476429287863591,0.33695531037557114,18.456498903338307,0.2222222222222222,0.2222222222222222,2.0431918705451206,18.456498903338307,0.0,3.715921295894229,0.0,1.3920387767083584,9.228249451669154,0.0,,,,,6.350014920308505,2.325153446227068,
89390cb086bffff,Planificado,0.9100057417343373,0.0,7.0820500516918035,0.40728667483933273,0.37250640811322855,0.33174523570712133,0.5176083806976485,0.0,0.0,0.375,2.0794415416798357,0.0,0.0,1.1807742284159397,0.0,0.8791863592707336,9.229747161249042,0.0,30985.0,6516.271940945318,10.341258495396207,8.782211153395709,8.149051241760572,2.325299864237678,0.1330659434309844
89390ca24c3ffff,Planificado,0.3861723856963268,0.0,4.309177714706903,0.8498829822801738,0.8676585311490026,0.8124373119358075,0.8695531037557115,507.56532462938753,0.2894736842105263,0.18947368421052632,3.9837068525581087,36.91384179122819,1.0,0.388277022345445,1.0,0.43626903819174145,119.9699858214916,27.685381343421138,20652.139697585197,47174.126591641354,9.93557421033775,10.761622053680767,7.57313989010021,4.795542463764935,0.39833812550186176
89390cb1bc7ffff,Espontáneo,0.4824746524241627,1.0,1.0252216728133758,0.9136947880679074,0.8387384375348267,0.9591273821464393,0.9432185445224563,645.6532512123227,0.24305555555555555,0.3506944444444444,3.752942036130992,193.69597536369682,2.0,0.07040995723468657,1.0,0.25953757272396666,2619.507476347138,101.45979661907928,19833.845476772614,26320.784160612522,9.895145124890503,10.178152170399116,9.622905909669043,7.871123271261291,0.6062061853059593
89390cb0033ffff,Espontáneo,0.1125489568303656,1.0,9.57795256212859,0.30351238901890853,0.24350830268583526,0.33174523570712133,0.33528362866376904,0.0,0.0,0.0,0.0,0.0,0.0,3.7208273647530867,0.0,1.4218121784016489,0.0,0.0,,,,,0.0,0.0,
89390ca20a7ffff,Planificado,0.45443762388588205,0.0,6.171407561931296,0.614287306363535,0.8050819124038783,0.5946171848879973,0.44316282179872957,193.89384905647174,0.27631578947368424,0.23684210526315788,3.6930730752658283,36.932161725042235,0.0,1.538257670945112,0.0,1.3377402936585754,73.86432345008447,0.0,,,,,9.151947805759248,4.315677454616831,
89390ca0513ffff,Planificado,0.35542517812533525,0.0,8.03020139171286,0.3794438872172072,0.24350830268583526,0.33174523570712133,0.5630781232586649,0.0,0.0,0.0,0.0,0.0,0.0,1.0629545994544103,0.0,0.6957217482852307,0.0,0.0,,,,,7.781362533931559,0.0,
89390ca1c8bffff,Espontáneo,0.1774712449986606,1.0,11.363449333611054,0.27212192131951407,0.24350830268583526,0.33174523570712133,0.24111222556558565,0.0,0.0,0.0,0.0,0.0,0.0,4.52652406958509,0.0,3.4957021516204767,0.0,0.0,,,,,0.0,0.0,
89390cba897ffff,Espontáneo,0.270107340637564,1.0,5.872635130774129,0.3193376425573015,0.24350830268583526,0.33174523570712133,0.382759389278948,0.0,0.0,0.0,0.0,0.0,0.0,2.7173146434415836,0.0,1.2649831283101878,0.0,0.0,,,,,0.0,0.0,
89390ca3403ffff,Planificado,0.7654821858179095,0.0,1.857243785401721,0.8286711987815298,0.823693302128608,0.9613841524573721,0.7009361417586092,184.45195423640067,0.4166666666666667,0.2916666666666667,3.201066721705593,92.22597711820033,3.0,1.122194318816666,0.0,0.15746828596918622,9.222597711820033,0.0,24926.0,6952.52786686887,10.123666714386323,8.847004416513839,9.1690298209192,2.3246007317162394,0.21842909637731575
89390cb2b07ffff,Espontáneo,0.37077806054915236,1.0,12.3441812106053,0.2717132880121847,0.24350830268583526,0.33174523570712133,0.23988632564359746,0.0,0.0,0.0,0.0,0.0,0.0,5.1348743717449,0.0,2.740616779091777,0.0,0.0,,,,,0.0,0.0,
89390ca1453ffff,Espontáneo,0.5272632551001644,1.0,8.483081312647645,0.38377168542665036,0.3346149559790483,0.33174523570712133,0.48495486459378134,0.0,0.0,0.3333333333333333,1.0986122886681096,0.0,0.0,1.837444590088572,0.0,0.7706574830112463,9.223120908807374,0.0,,,,,7.774474293303642,2.3246519108405503,
89390cb55dbffff,Espontáneo,0.19777699885341976,1.0,12.383195365212753,0.2564452617110591,0.24350830268583526,0.33174523570712133,0.19408224674022065,0.0,0.0,0.0,0.0,0.0,0.0,7.0505634576119345,0.0,3.1127135418050775,0.0,0.0,,,,,0.0,0.0,
89390cb0b57ffff,Espontáneo,0.6406719318628726,1.0,6.512635261377711,0.5356996916675955,0.3594115680374457,0.630558341691742,0.6171291652735986,0.0,0.0,0.2857142857142857,1.7478680974667578,0.0,2.0,1.594830390147496,0.0,0.331358053948997,9.230759780760087,0.0,,,,,8.575872429405155,2.3253988470746862,
89390ca764fffff,Transición,0.5366973717676554,,14.915086476655938,0.24946134700397485,0.24350830268583526,0.33174523570712133,0.173130502618968,0.0,0.0,0.0,0.0,0.0,0.0,6.834353182229854,0.0,6.621699848715036,0.0,0.0,,,,,0.0,0.0,
89390ca2bcbffff,Espontáneo,0.2580249079359406,1.0,11.834863052481536,0.40184442215535493,0.6115011701771982,0.33174523570712133,0.2622868605817453,18.481369776899356,0.25,0.375,2.0794415416798357,0.0,0.0,3.75519231893382,0.0,3.565726599774306,0.0,0.0,,,,,5.583535720791788,0.0,
89390cb1eb3ffff,Planificado,0.6293342275044608,0.0,4.801173659866622,0.3596065975704892,0.24350830268583526,0.33174523570712133,0.503566254318511,0.0,0.0,0.0,0.0,0.0,0.0,2.6815749989460933,0.0,0.5097013937621023,0.0,0.0,,,,,0.0,0.0,
89390ca2393ffff,Espontáneo,0.2221217496260065,1.0,5.877448411041478,0.7129258144804784,0.6706787027749916,0.8222166499498496,0.6458820907165942,36.93112910857014,0.36363636363636365,0.18181818181818182,2.0198149924929463,9.232782277142535,2.0,2.039955492156491,0.0,0.05858862682815607,9.232782277142535,9.232782277142535,17615.069431500466,16727.509815905476,9.776510032379859,9.724869717443767,8.527217339592005,2.325596515335959,0.4343145065597944
89390cb1a97ffff,Espontáneo,0.42251345683119357,1.0,2.9477099601136163,0.6868847282588506,0.8774100078011813,0.5547475760615179,0.6284966009138526,221.2997257359706,0.5106382978723404,0.14893617021276595,3.3375890425014907,0.0,1.0,1.3426849336354718,0.0,0.35660105046020363,18.441643811330884,0.0,18343.239783653848,24112.935664665296,9.81701638144468,10.09054519570759,7.154168527988683,2.9674173536534836,0.4377225292912321
89390cb0d83ffff,Transición,0.5147510541572045,,11.44050916131264,0.28716705672573273,0.24350830268583526,0.33174523570712133,0.2862476317842416,0.0,0.0,0.0,0.0,0.0,0.0,4.210586863988353,0.0,2.0971272577300355,0.0,0.0,,,,,6.96272043193985,0.0,
89390cbab83ffff,Espontáneo,0.4314039474433695,1.0,5.577187361057837,0.48698874400980713,0.24350830268583526,0.5547475760615179,0.6627103532820684,0.0,0.0,0.0,0.0,0.0,1.0,1.3100957218210743,0.0,0.25262493164088706,0.0,0.0,16736.0,2899.1613341285565,9.72531736686465,7.97252164688526,0.0,0.0,0.6218638306098753
89390ca32d3ffff,Planificado,0.6357626045851476,0.0,5.698432872708143,0.6443311415728669,0.5611835506519559,0.6557171514543632,0.7160927226122813,9.221076249325066,0.25,0.25,1.3862943611198906,0.0,3.0,0.5270806559491944,0.0,0.3507041410540185,9.221076249325066,0.0,,,,,7.933473690953412,2.3244518873841815,
89390cb29d7ffff,Planificado,0.6102865181828059,0.0,15.084024639480601,0.248866971284223,0.24350830268583526,0.33174523570712133,0.1713473754597125,0.0,0.0,0.0,0.0,0.0,0.0,7.930425902319787,0.0,3.9884722149286342,0.0,0.0,,,,,3.8766760619662777,0.0,
89390cb0e43ffff,Espontáneo,0.3073681522020367,1.0,6.652565233601238,0.7680820238493258,0.8162821798729523,0.8241390839184219,0.6638248077566031,175.2781653792562,0.36538461538461536,0.17307692307692307,3.3830071187178286,46.125832994541106,1.0,1.188584992062446,0.0,0.28574473208560436,27.67549979672466,0.0,13954.125,45969.96429591898,9.543530442463933,10.735765265215441,8.450918530131396,3.35604309256623,0.6246505976233273
89390ca2eb7ffff,Planificado,0.531883924389624,0.0,9.511847586870845,0.3155484973438835,0.24350830268583526,0.33174523570712133,0.3713919536386939,0.0,0.0,0.0,0.0,0.0,0.0,2.5825612960498296,0.0,1.5399403244295518,0.0,0.0,,,,,0.0,0.0,
89390cb54abffff,Transición,0.5062133236871986,,11.844527972460467,0.3897711653478955,0.6186336788142205,0.33174523570712133,0.2189345815223448,18.475322507304625,0.2857142857142857,0.14285714285714285,1.945910149055314,0.0,0.0,6.367017576316536,0.0,2.550434078919326,9.237661253652313,0.0,,,,,6.782663775348057,2.326073200327647,
89390cb0a27ffff,Planificado,0.8180353672896208,0.0,6.059595215121642,0.7621847022549129,0.7654073331104424,0.8489635573386827,0.6721832163156135,101.52714712373121,0.34375,0.125,3.16248401130475,18.459481295223856,2.0,0.9583279379578197,0.0,0.3349199284492974,36.91896259044771,0.0,30901.0,6275.775937936668,10.33854382482173,8.744611741955822,6.893154971874591,3.635451319165745,0.19069933058159672
89390ca2a9bffff,Planificado,0.6110006459432209,0.0,9.739465352336172,0.4915765815966418,0.7182101861138973,0.33174523570712133,0.42477432296890677,55.42727266650308,0.375,0.125,2.599301927099795,0.0,0.0,1.6652361210286335,0.0,1.491378636154192,0.0,0.0,,,,,7.149475479948923,0.0,
89390cb1d83ffff,Espontáneo,0.368106857787877,1.0,5.990717503111775,0.660630038262937,0.67207177086816,0.5083584085590104,0.8014599353616405,46.1207247294054,0.25,0.15,2.857102837442002,9.224144945881081,0.0,0.29696114784262106,1.0,0.7316217586885096,0.0,0.0,21022.99952539155,23996.487881739464,9.95337233288945,10.08570443225744,6.858662550658337,0.0,0.2014082339369888
89390ca2263ffff,Transición,0.466290319213696,,4.694438748132934,0.7247111705486832,0.7384375348267023,0.773319959879639,0.662376016939708,83.06980492263554,0.36,0.28,2.7888535522534674,18.459956649474563,1.0,0.7955981612159438,0.0,0.42232825481615477,0.0,0.0,11211.899865891819,12280.91515547108,9.324730981268328,9.415883146826978,7.247231894383446,0.0,
89390cbae6fffff,Espontáneo,0.5832672645016483,1.0,8.4108925018675,0.36896801515658084,0.24350830268583526,0.33174523570712133,0.531650507076786,0.0,0.0,0.0,0.0,0.0,0.0,1.7066691024129572,0.0,0.6020995956112766,0.0,0.0,,,,,0.0,0.0,
89390cb1967ffff,Planificado,0.9483442500946241,0.0,2.6887487027683545,0.7717225751328058,0.8080352167613953,0.6616516215312604,0.8454808871057619,332.1694310583713,0.23529411764705882,0.3006535947712418,3.611619307313635,202.99243009122688,0.0,0.2227874735429369,1.0,0.5693528052342669,193.76550145071658,9.226928640510312,33681.549682875266,23318.575210059236,10.4247054792596,10.057048424606378,8.527320616278312,5.271796278249278,0.13688042392754265
89390ca06cfffff,Espontáneo,0.31634961115755134,1.0,6.717005164701496,0.4529050113302871,0.5881533489356959,0.33174523570712133,0.43881644934804415,9.228709503694457,0.3333333333333333,0.3333333333333333,1.0986122886681096,0.0,0.0,1.8082821628558747,0.0,1.1464208568349012,0.0,0.0,,,,,8.753619707059377,0.0,
89390cbaa53ffff,Espontáneo,0.194996441271645,1.0,8.90539689447213,0.32268100598090566,0.24350830268583526,0.33174523570712133,0.3927894795497604,0.0,0.0,0.0,0.0,0.0,0.0,2.0072061538476795,0.0,1.677291137470466,0.0,0.0,,,,,0.0,0.0,
89390cb154bffff,Espontáneo,0.29327153948905826,1.0,9.238903149056993,0.4074352687692708,0.5807979494037668,0.33174523570712133,0.3097626211969241,9.214229403491691,0.3333333333333333,0.0,1.0986122886681096,0.0,0.0,6.450061976618448,0.0,0.9392102998905498,0.0,0.0,34095.0,5377.857364200852,10.436906024954753,8.590231244762492,4.218917524603268,0.0,0.08521682977616565
89390ca3213ffff,Espontáneo,0.5475851002948315,1.0,5.754301016114584,0.41096437460529733,0.3213529477320851,0.33174523570712133,0.5797949403766857,0.0,0.0,0.5,0.6931471805599453,0.0,0.0,1.1532607618311865,0.0,0.5847167853114384,0.0,0.0,,,,,2.8208818625708405,0.0,
89390cb112fffff,Planificado,0.43090674769908893,0.0,5.724629935830876,0.32743601173892045,0.24350830268583526,0.33174523570712133,0.4070544968238048,0.0,0.0,0.0,0.0,0.0,0.0,3.6166157836251474,0.0,0.7624074234277968,0.0,0.0,,,,,0.0,0.0,
89390ca31a3ffff,Espontáneo,0.3256665783055564,1.0,4.533895873379754,0.9059864779523755,0.839518555667001,0.9512704781009695,0.9271704000891564,323.0135975043663,0.2892561983471074,0.2396694214876033,3.7835489971051315,129.20543900174653,2.0,0.08786679764587997,1.0,0.30991709509211307,101.51855921565799,9.228959928696181,,,,,8.78901127184583,4.630043847706695,
89390cb28a7ffff,Planificado,0.6258200154821036,0.0,14.903997674502268,0.275521007466845,0.3213529477320851,0.33174523570712133,0.17346483896132844,0.0,0.0,0.5,0.6931471805599453,0.0,0.0,7.833963570692003,0.0,3.8731734517234178,0.0,0.0,,,,,5.621810088420945,0.0,
89390cb0d13ffff,Transición,0.5009845514115367,,10.87456145032766,0.4923102641257105,0.528251420929455,0.6315613507188231,0.31711802072885326,9.231302217117186,0.08333333333333333,0.75,1.2342678660790765,73.85041773693749,0.0,3.6697818875155557,0.0,1.7725591757759598,9.231302217117186,0.0,,,,,7.215137056665116,2.325451865813197,
89390ca2d87ffff,Planificado,0.6828384395989434,0.0,12.517392143047578,0.2620175340837327,0.24350830268583526,0.33174523570712133,0.2107990638582414,0.0,0.0,0.0,0.0,0.0,0.0,6.220539769937112,0.0,2.9632902613744614,0.0,0.0,,,,,2.899259171327571,0.0,
89390cb537bffff,Planificado,0.449284350771037,0.0,11.029316878054694,0.397154426241688,0.3853783572941045,0.5310932798395186,0.274991641591441,0.0,0.0,0.2857142857142857,2.3419942522324253,9.240183380816443,0.0,5.394556502716464,0.0,1.684187452471864,18.480366761632887,0.0,,,,,6.948753846984103,2.9694071256363763,
89390ca254fffff,Espontáneo,0.10901442989490767,1.0,6.001392962349043,0.6285708978788217,0.8307700880419034,0.5561685055165496,0.4987741000780119,166.18558486517367,0.3829787234042553,0.1702127659574468,3.4724614295821916,18.465064985019296,0.0,1.1076051455689853,0.0,1.1036461678411051,9.232532492509648,0.0,16751.0,21117.163110718226,9.726213236963687,9.95788876011342,9.320647302146227,2.3255721048017737,0.4451951787407965
89390cb1c53ffff,Planificado,0.4474852028589738,0.0,5.670484200130681,0.3210464727515881,0.24350830268583526,0.33174523570712133,0.38788587986180767,0.0,0.0,0.0,0.0,0.0,0.0,3.0599252178662395,0.0,1.0373595342760225,0.0,0.0,,,,,0.0,0.0,
89390ca2133ffff,Planificado,0.5775543142995108,0.0,8.13507002331882,0.7165199301608528,0.7603365652513094,0.8552323637579404,0.5339908614733089,147.7775688976849,0.2807017543859649,0.2807017543859649,3.2643052744557224,73.88878444884244,1.0,3.1395909030904705,0.0,0.3455467007263441,46.18049028052653,0.0,10230.0,50769.473109991035,9.233079858945672,10.835070226589986,8.66670027049618,3.8539804656280903,0.8371685427347292
89390cb1837ffff,Planificado,0.9412547018404447,0.0,2.8498602852099832,0.828076823061778,0.9131839964337457,0.885489802741558,0.6855566700100301,525.7755007575726,0.37012987012987014,0.17532467532467533,4.225790770335169,212.15502662147665,1.0,0.6373791032970338,0.0,0.4118335617752212,166.03436866028608,0.0,25014.696323529413,48199.3772401438,10.127218784073658,10.783122126567065,9.228398050734809,5.11819959160376,0.24478529573451754
89390ca0323ffff,Planificado,0.4808774653607623,0.0,11.855515003299862,0.28475240536424085,0.24350830268583526,0.33174523570712133,0.279003677699766,0.0,0.0,0.0,0.0,0.0,0.0,3.430471235784148,0.0,3.1978502504244486,0.0,0.0,,,,,2.1189917545406125,0.0,
89390cba923ffff,Espontáneo,0.4747435647469206,1.0,3.18118117174922,0.6728333147590922,0.6900702106318958,0.5026746907388833,0.8257550429064974,36.88123657639578,0.4,0.2,2.163955656882057,9.220309144098945,0.0,0.3637363545962452,1.0,0.6023769043396998,46.10154572049473,18.44061828819789,13501.94214876033,24081.003558951696,9.510588816950387,10.089220100236876,6.7341621987066,3.852305818328777,0.736359998258077
89390ca348fffff,Planificado,0.847629491404275,0.0,1.379921381839041,0.8376704186633975,0.883149448345035,0.942744901370779,0.6871169062743787,387.3491142540251,0.3442622950819672,0.18032786885245902,3.9595038206866597,110.67117550115002,2.0,0.7653217905446825,0.0,0.35468300327073166,175.2293612101542,9.22259795842917,21742.245398773008,55902.039431276724,9.987012439553943,10.931374030317587,9.21327370039988,5.1717863353188385,0.3340682162483641
89390cb2b93ffff,Planificado,0.5915003081301177,0.0,13.341499561015375,0.25733682529068685,0.24350830268583526,0.33174523570712133,0.19675693747910397,0.0,0.0,0.0,0.0,0.0,0.0,6.255166069765361,0.0,3.840036865498504,0.0,0.0,,,,,0.0,0.0,
89390ca3073ffff,Planificado,0.6498352225798265,0.0,4.378194151483488,0.7396077120249638,0.8423046918533378,0.7649615513206285,0.611556892900925,184.48760529813117,0.45454545454545453,0.20454545454545456,3.2309413652360264,18.448760529813118,1.0,1.4150502893519448,0.0,0.394969578109326,46.12190132453279,0.0,11285.001240387,48520.84867120908,9.331229799166296,10.789769463552457,6.83948230918018,3.8527378892196884,0.8089595085958238
89390cb8973ffff,Planificado,0.6490884694401567,0.0,9.046631849730538,0.466297039265946,0.6292209963223002,0.33174523570712133,0.43792488576841637,46.10417211105261,0.15151515151515152,0.06060606060606061,2.5908075230877543,0.0,0.0,1.4539213741447954,0.0,1.541832993902828,9.220834422210523,0.0,,,,,0.0,2.3244282274515617,
89390ca362fffff,Espontáneo,0.3172228034187666,1.0,4.533369784582532,0.5325234964151715,0.3213529477320851,0.630558341691742,0.6456591998216873,0.0,0.0,0.0,0.6931471805599453,0.0,2.0,0.8946751174791938,0.0,0.44305224040320396,0.0,0.0,,,,,0.0,0.0,
89390cb5667ffff,Planificado,0.8334713719827784,0.0,8.92469778459572,0.33085367212749356,0.24350830268583526,0.33174523570712133,0.4173074779895241,0.0,0.0,0.0,0.0,0.0,0.0,4.057627248616815,0.0,0.6497666416596735,0.0,0.0,,,,,7.321382282360746,0.0,
89390ca76dbffff,Espontáneo,0.18385359908801238,1.0,13.896526490554397,0.25585088599130723,0.24350830268583526,0.33174523570712133,0.1922991195809651,0.0,0.0,0.0,0.0,0.0,0.0,5.8497380518379964,0.0,5.677626566084737,0.0,0.0,,,,,0.0,0.0,
89390ca2c57ffff,Planificado,0.38939218332102,0.0,9.323102004031025,0.3190776031799101,0.24350830268583526,0.33174523570712133,0.3819792711467736,0.0,0.0,0.0,0.0,0.0,0.0,3.2333199633061125,0.0,1.027893462469971,0.0,0.0,,,,,7.273957584890547,0.0,
89390cb235bffff,Espontáneo,0.1923730659108306,1.0,13.627769424251518,0.28935881719231765,0.24350830268583526,0.33174523570712133,0.29282291318399645,0.0,0.0,0.0,0.0,0.0,0.0,7.86619870306534,0.0,0.9165125251760269,0.0,0.0,,,,,0.0,0.0,
89390cb524bffff,Espontáneo,0.21546275440260454,1.0,7.990707145018973,0.6752293918793418,0.8141089936476096,0.630558341691742,0.5810208402986738,92.35591563713618,0.5555555555555556,0.05555555555555555,2.890371757896165,0.0,2.0,3.1734373929829003,0.0,0.16109412746008006,0.0,0.0,,,,,9.715532608418902,0.0,
89390ca0ca7ffff,Espontáneo,0.22800638446035099,1.0,13.209816026355957,0.2654351944723058,0.24350830268583526,0.33174523570712133,0.22105204502396078,0.0,0.0,0.0,0.0,0.0,0.0,4.7929645887119765,0.0,4.603937201685984,0.0,0.0,,,,,5.35002883559301,0.0,
89390cb03abffff,Espontáneo,0.4343937613401654,1.0,7.5805820340447125,0.5628273710018945,0.8218544522456258,0.33174523570712133,0.5348824250529366,119.90407696585342,0.52,0.08,2.9552088755878527,0.0,0.0,1.6281394130204414,0.0,0.6085392106780635,0.0,0.0,25369.117647058825,15620.899252186346,10.141287872605728,9.656429007051146,7.196240121717965,0.0,0.12869491653971904
89390cb1b23ffff,Planificado,0.71709336814119,0.0,1.09096666100696,0.7668468368067165,0.6352390504847877,0.9440822467402207,0.721219213195141,55.35391495691262,0.11320754716981132,0.6415094339622641,2.643609067942883,110.70782991382524,2.0,0.5881403304994349,0.0,0.3098549477815711,64.57956744973139,0.0,34765.0,7341.0360048025905,10.456366412533118,8.901371467994986,10.026737568725094,4.183264175629751,0.11566974933061772
89390ca2003ffff,Espontáneo,0.13114265422048205,1.0,5.046818103716894,0.5984156172220364,0.8278725064081133,0.33174523570712133,0.6356291095508748,230.7877493733461,0.3246753246753247,0.12987012987012986,3.6459251493668137,0.0,0.0,0.7954932324105234,0.0,0.5158401471638048,110.77811969920613,46.15754987466922,13920.85636277303,41137.228830441774,9.541143452310267,10.624693110030337,8.273292264363166,4.716515832258007,0.7064055166871339
89390ca046fffff,Espontáneo,0.5944595490510945,1.0,7.336991767434602,0.6554106764738661,0.6754151342917641,0.5215646940822467,0.7692522010475873,64.6241262284925,0.23333333333333334,0.1,2.7920474405363453,9.232018032641784,0.0,0.4962035309167872,1.0,0.7999132361618138,18.46403606528357,0.0,,,,,8.658022432968627,2.9685684584020064,
89390cb2a63ffff,Espontáneo,0.1851112395253291,1.0,10.808509430252991,0.2872413536907017,0.24350830268583526,0.33174523570712133,0.2864705226791486,0.0,0.0,0.0,0.0,0.0,0.0,4.2325856815128855,0.0,2.0668136191975703,0.0,0.0,,,,,0.0,0.0,
89390ca0053ffff,Planificado,0.5861515187841336,0.0,8.2472056395861,0.49973067350198747,0.24350830268583526,0.5547475760615179,0.7009361417586092,0.0,0.0,0.0,0.0,0.0,1.0,1.165492664416249,0.0,0.13038289930267058,0.0,0.0,,,,,0.0,0.0,
89390cb0ecfffff,Transición,0.5263354396697457,,7.277585074465222,0.4805063338162636,0.6210297559344701,0.33174523570712133,0.48874400980719934,18.450340717340467,0.1,0.2,2.926417555497996,0.0,0.0,1.6260126878157841,0.0,0.828138919284588,9.225170358670233,9.225170358670233,20062.022571543734,39037.585323547275,9.906583882532207,10.572305803281003,8.208730690334,2.3248523627847164,
89390cb0ab3ffff,Planificado,0.7841127079958163,0.0,6.739326714527453,0.3726085664400609,0.24350830268583526,0.33174523570712133,0.5425721609272262,0.0,0.0,0.0,0.0,0.0,0.0,0.7346597621125833,0.0,1.0730159918986633,0.0,0.0,,,,,6.405945512088269,0.0,
89390cb222bffff,Espontáneo,0.509134513218293,1.0,13.812778301653822,0.2986830862959248,0.24350830268583526,0.33174523570712133,0.3207957204948178,0.0,0.0,0.0,0.0,0.0,0.0,8.155880266531966,0.0,0.7420926320766599,0.0,0.0,,,,,6.2185424671345,0.0,
89390cb1e0fffff,Espontáneo,0.1437904362585534,1.0,4.150103755862496,0.3184832274601582,0.24350830268583526,0.33174523570712133,0.3801961439875181,0.0,0.0,0.0,0.0,0.0,0.0,2.4242781114670793,0.0,1.529452478265401,0.0,0.0,,,,,0.0,0.0,
89390cb027bffff,Planificado,0.6040547913688612,0.0,7.282644787393558,0.31952338496972393,0.24350830268583526,0.33174523570712133,0.38331661651621535,0.0,0.0,0.0,0.0,0.0,0.0,3.350964448508706,0.0,0.9853795625978984,0.0,0.0,,,,,0.0,0.0,
89390ca364bffff,Espontáneo,0.5053973938533572,1.0,5.614386222055266,0.37595192986366505,0.24350830268583526,0.33174523570712133,0.5526022511980385,0.0,0.0,0.0,0.0,0.0,0.0,1.1129172568174674,0.0,0.711912982133045,0.0,0.0,,,,,0.0,0.0,
89390cb11bbffff,Espontáneo,0.2533765553449423,1.0,7.141464108572528,0.4803948883688101,0.3213529477320851,0.5547475760615179,0.5650841413128274,0.0,0.0,0.5,0.6931471805599453,0.0,1.0,4.029591326029202,0.0,0.07674345083459656,0.0,0.0,,,,,5.179103346022254,0.0,
89390ca322fffff,Transición,0.45782038119420937,,6.572719893483545,0.6788327946803373,0.7358185668115457,0.7644600468070879,0.5362197704223782,92.24131068641351,0.3448275862068966,0.27586206896551724,2.802987011748893,18.448262137282704,1.0,2.257014945460107,0.0,0.46630422108824543,0.0,0.0,16987.0,18708.363446285686,9.74020362461931,9.836779396577434,7.5504413659373375,0.0,
89390cb19d7ffff,Planificado,0.8089044399402272,0.0,3.544095789445666,0.8896875812623054,0.8741780898250306,0.8783015713808091,0.9165830825810767,581.184560505494,0.3073170731707317,0.2,3.909368399544734,147.60242806488736,1.0,0.285064152344246,1.0,0.31328078081794847,369.0060701622184,36.90060701622184,19114.349850349186,40731.766626961195,9.858194633014756,10.61478812435968,9.253869744880555,5.913519411347529,0.5037308613349023
89390ca169bffff,Transición,0.5395015758968794,,9.522033896565015,0.31450833983431775,0.24350830268583526,0.33174523570712133,0.3682714811099967,0.0,0.0,0.0,0.0,0.0,0.0,2.1586352993438314,0.0,2.0464634082900095,0.0,0.0,,,,,0.0,0.0,
89390ca22d3ffff,Planificado,0.7794491875872146,0.0,2.9159039941554488,0.6694528028530035,0.7998439763735652,0.6133400200601805,0.5951744121252647,147.6511441666999,0.35555555555555557,0.2222222222222222,3.3404877011709386,55.369179062512465,0.0,0.9522725126325756,0.0,0.6046722410317457,18.45639302083749,0.0,24894.2599469496,22923.059200198684,10.122392531659116,10.039942258123306,8.948007326140248,2.968175706075077,0.19666125689340946
89390ca2e13ffff,Planificado,0.5220597785516773,0.0,8.54954248719691,0.3639158215386901,0.24350830268583526,0.33174523570712133,0.5164939262231139,0.0,0.0,0.0,0.0,0.0,0.0,1.4462577697959835,0.0,0.7498654393751161,0.0,0.0,,,,,0.0,0.0,
89390cb5407ffff,Espontáneo,0.44377122796663343,1.0,11.513082909050343,0.5273227088673428,0.7138638136632118,0.6328986960882648,0.23520561685055164,92.37403905436757,0.29411764705882354,0.4117647058823529,2.802434041481832,73.89923124349406,0.0,6.160337152300134,0.0,2.2222353562900494,0.0,0.0,,,,,6.993489517229887,0.0,
89390cb0983ffff,Planificado,0.6207905737570104,0.0,10.158266161290019,0.30224934061443587,0.24350830268583526,0.33174523570712133,0.33149448345035104,0.0,0.0,0.0,0.0,0.0,0.0,3.5396685801780277,0.0,1.5944176122005638,0.0,0.0,,,,,7.354731811192171,0.0,
89390cb0567ffff,Espontáneo,0.30334867199827137,1.0,10.71639924730251,0.28085181470336934,0.24350830268583526,0.33174523570712133,0.26730190571715146,0.0,0.0,0.0,0.0,0.0,0.0,4.758912741312114,0.0,2.1956884876494827,0.0,0.0,,,,,0.0,0.0,
89390ca25dbffff,Planificado,0.6776195729365377,0.0,5.913268566006897,0.7401463650209891,0.8148333890560572,0.7773319959879639,0.6282737100189457,304.640075675786,0.3142857142857143,0.14285714285714285,3.352751333599195,18.463034889441577,1.0,1.4272738728629564,0.0,0.33621730175826436,36.926069778883154,0.0,34765.0,7107.443737866357,10.456366412533118,8.869038615275683,10.162539972764504,3.6356387325858264,0.10542946597120673
89390cb014bffff,Espontáneo,0.2657018346780766,1.0,8.5337510365109,0.5264590066495783,0.74462275716037,0.33174523570712133,0.5030090270812437,46.115711338443326,0.5555555555555556,0.1111111111111111,2.1972245773362196,0.0,0.0,2.5861820204979664,0.0,0.5251553260167693,0.0,0.0,,,,,5.723981495597249,0.0,
89390cbadcbffff,Espontáneo,0.11728065876383006,1.0,5.7330466066530335,0.29344515026561163,0.24350830268583526,0.33174523570712133,0.30508191240387833,0.0,0.0,0.0,0.0,0.0,0.0,3.674337496192627,0.0,2.050417392129022,0.0,0.0,,,,,0.0,0.0,
89390cb18c3ffff,Planificado,0.8823531829715442,0.0,3.6939834434630425,0.3780136706415543,0.3148891117797838,0.33174523570712133,0.4874066644377577,0.0,0.0,0.4,0.6730116670092565,0.0,0.0,1.4984330293181334,0.0,0.9050613946248168,0.0,0.0,,,,,7.988462207320996,0.0,
89390ca062bffff,Espontáneo,0.4878601940971372,1.0,7.9707962692857315,0.35061666480924253,0.24350830268583526,0.33174523570712133,0.4765964560347709,0.0,0.0,0.0,0.0,0.0,0.0,1.913114950097642,0.0,0.7893706857874154,0.0,0.0,,,,,5.048298453203234,0.0,
89390cba9afffff,Espontáneo,0.45411301944803273,1.0,2.8611842464167823,0.5077918942011219,0.24350830268583526,0.5547475760615179,0.7251198038560126,0.0,0.0,0.0,0.0,0.0,1.0,0.9356493484811607,0.0,0.12854003608981232,27.660927543511868,0.0,11108.0,13407.481384399789,9.31542084842669,9.503642724851822,0.0,3.355534785571792,0.9053919104773788
89390ca351bffff,Planificado,0.6333818310669724,0.0,1.8664772354142742,0.6822318808276681,0.5944500167168171,0.7932129722500836,0.6590326535161039,18.451301302006307,0.2222222222222222,0.3333333333333333,2.0431918705451206,27.676951953009457,1.0,0.8439976541928806,0.0,0.41790229196683826,64.57955455702206,0.0,,,,,8.767024186865283,4.183263979033295,
89390cb2803ffff,Espontáneo,0.4097466615009996,1.0,14.07289140661625,0.24946134700397485,0.24350830268583526,0.33174523570712133,0.173130502618968,0.0,0.0,0.0,0.0,0.0,0.0,7.174541860128833,0.0,4.546182185811815,0.0,0.0,,,,,0.0,0.0,
89390ca156bffff,Espontáneo,0.14183657780624356,1.0,9.75741694359442,0.2707102789851034,0.24350830268583526,0.33174523570712133,0.23687729856235373,0.0,0.0,0.0,0.0,0.0,0.0,4.936984038735778,0.0,3.1309135378511255,0.0,0.0,,,,,0.0,0.0,
89390cb0c6fffff,Espontáneo,0.32711787136834897,1.0,8.689418117845161,0.6778112114120138,0.8854340800178312,0.5896021397525911,0.5583974144656191,304.5400779288231,0.4074074074074074,0.13580246913580246,3.724214177363912,36.91394883985734,0.0,1.5194990870811387,0.0,0.5509924780212047,9.228487209964335,27.68546162989301,12952.586280814576,26279.360360570277,9.469050759991951,10.176577184855,9.019679226556525,2.325176691214685,0.6517176646537067
89390cb52d7ffff,Planificado,0.7175920126193895,0.0,8.65584896786339,0.43694973810319854,0.24350830268583526,0.5547475760615179,0.5125933355622423,0.0,0.0,0.0,0.0,0.0,1.0,3.7380378584745104,0.0,0.3496795134360777,9.235852424316782,0.0,,,,,8.846729064209983,2.325896500874032,
89390cb0853ffff,Planificado,0.8795941976541787,0.0,7.519177896859871,0.6902652401649392,0.34536944165830824,0.8138582413908393,0.9115680374456702,0.0,0.0,0.5,1.3862943611198906,9.228478937687916,2.0,0.2783429243052254,1.0,0.33219610304336905,27.68543681306375,0.0,,,,,9.379744985866669,3.356389565864115,
89390cb0437ffff,Espontáneo,0.1046067299425533,1.0,11.901141459100732,0.2790315390616293,0.24350830268583526,0.33174523570712133,0.26184107879193136,0.0,0.0,0.0,0.0,0.0,0.0,6.085562388362489,0.0,1.6541078766823758,0.0,0.0,,,,,0.0,0.0,
89390ca24abffff,Espontáneo,0.42518580124518884,1.0,5.343121885980013,0.726067090159367,0.7824584865708236,0.7748244734202607,0.6209183104870166,138.45747383373723,0.3333333333333333,0.17777777777777778,3.3096811598127194,18.460996511164964,1.0,1.3502101495493726,0.0,0.3768298808748887,27.691494766747446,0.0,25618.0,30432.60495685535,10.151050508391082,10.323302703072997,8.17748207268811,3.356600729254677,0.19651547393837143
89390cb1bafffff,Espontáneo,0.2347350747713145,1.0,1.4156007128121288,0.8173687729856236,0.771648278167837,0.9093112671347376,0.7711467736542962,249.0926481172819,0.2621359223300971,0.36893203883495146,3.178972802616815,55.35392180384042,2.0,0.5045405460171211,0.0,0.14594632882475145,553.5392180384042,0.0,33717.0,12662.567072507616,10.425757440186377,9.446484415293277,9.315397164543253,6.318137531139539,0.18192670755225254
89390cb001bffff,Espontáneo,0.0967581363725842,1.0,9.802899192897094,0.2883929566477209,0.24350830268583526,0.33174523570712133,0.28992533155020617,0.0,0.0,0.0,0.0,0.0,0.0,4.189708767059386,0.0,2.014722506180188,0.0,0.0,,,,,0.0,0.0,
89390ca208fffff,Espontáneo,0.573288179126627,1.0,5.163457672437439,0.8293212972250084,0.9244399866265463,0.8736208625877633,0.6899030424607155,766.215450092635,0.3878504672897196,0.1588785046728972,3.9933659381711357,120.00964880968982,1.0,0.6618055769929834,0.0,0.3795384635102814,73.85209157519374,0.0,15407.001721911322,38060.26267897405,9.642577342343392,10.546952316310708,9.452188453883204,4.315514054031586,0.5908015563390496
89390cb1377ffff,Espontáneo,0.38950476347933793,1.0,5.95847888359828,0.28014599353616404,0.24350830268583526,0.33174523570712133,0.2651844422155355,0.0,0.0,0.0,0.0,0.0,0.0,4.10089047108042,0.0,2.8176206481785004,0.0,0.0,,,,,0.0,0.0,
89390ca143bffff,Planificado,0.794091179903458,0.0,8.487639991135316,0.5013280582488205,0.7812325866488354,0.33174523570712133,0.3910063523905049,73.80124353894139,0.6153846153846154,0.0,2.458311329683084,0.0,0.0,3.0448060385966627,0.0,1.014415783241915,0.0,0.0,,,,,6.961523876390353,0.0,
89390cb1e9bffff,Espontáneo,0.15548975076508917,1.0,5.497727505665322,0.3103477097960548,0.24350830268583526,0.33174523570712133,0.35578959099520785,0.0,0.0,0.0,0.0,0.0,0.0,3.5321160814463055,0.0,1.2163125514966173,0.0,0.0,,,,,0.0,0.0,
89390cb0307ffff,Espontáneo,0.39956687408908576,1.0,7.282144770589289,0.49194806642148664,0.5649726958653739,0.33174523570712133,0.5791262676919647,9.223134096215256,0.1111111111111111,0.2222222222222222,2.1972245773362196,0.0,0.0,1.358323304145803,0.0,0.5215022074418978,9.223134096215256,0.0,24121.0,6690.613965277516,10.090838109351523,8.808610374441246,6.022565563275847,2.3246532007988217,0.29575670755952643
89390ca237bffff,Planificado,0.8504714875410295,0.0,6.542040685309446,0.6379508897061554,0.5692076228686057,0.7469073888331661,0.5977376574166945,9.233035242887581,0.07692307692307693,0.15384615384615385,2.2450352741261774,9.233035242887581,1.0,1.5562071181193349,0.0,0.4049720003913133,0.0,0.0,13969.0,12023.531780846077,9.544595867727551,9.394704157072114,8.054156947058116,0.0,0.5213928659943429
89390cbab6bffff,Espontáneo,0.2742954099423451,1.0,6.82431684011398,0.4330677216835692,0.5590660871503399,0.33174523570712133,0.40839184219324637,9.217263534570819,0.25,0.25,1.3862943611198906,0.0,0.0,2.5715592016471462,0.0,1.030280010075196,0.0,0.0,,,,,7.383743318731426,0.0,
89390ca36d7ffff,Espontáneo,0.07942239467433283,1.0,4.272370178748845,0.69085032876407,0.9603254207065642,0.5020060180541625,0.6102195475314834,1124.815778181323,0.46387832699619774,0.12547528517110265,4.011682761276722,9.219801460502646,0.0,0.8329775297147,0.0,0.5951692458085676,36.879205842010585,0.0,9958.337831325302,53400.92579752847,9.206165452246802,10.885602087922138,7.144299774674032,3.6344023029980694,0.8532558563514886
89390ca32bbffff,Planificado,0.5749190019754548,0.0,5.358472574036593,0.6119655262082544,0.7498606931906832,0.5672016048144434,0.5188342806196367,73.78488294175125,0.42105263157894735,0.21052631578947367,2.6525875347201473,27.669331103156722,0.0,1.4109953774194044,0.0,0.7533838387641854,0.0,0.0,,,,,8.18091044423637,0.0,
89390cba333ffff,Espontáneo,0.08464293221545689,1.0,10.125703447775363,0.2814461904231212,0.24350830268583526,0.33174523570712133,0.269085032876407,0.0,0.0,0.0,0.0,0.0,0.0,4.038223590954951,0.0,2.72439693873888,0.0,0.0,,,,,0.0,0.0,
89390ca2b0bffff,Espontáneo,0.24231550220511314,1.0,12.752721931094111,0.43011441732605227,0.7330881533489357,0.33174523570712133,0.22550986292209965,36.96784366028148,0.6666666666666666,0.0,1.791759469228055,0.0,0.0,4.673357962579903,0.0,4.483717624136596,9.24196091507037,0.0,,,,,4.418403986547463,2.3264930968907582,
89390cb0e2bffff,Planificado,0.8728462022022383,0.0,6.928854739545864,0.5450425350124447,0.3213529477320851,0.630558341691742,0.6832163156135072,0.0,0.0,0.5,0.6931471805599453,0.0,2.0,0.7653145014876291,0.0,0.3670315658066427,0.0,0.0,26543.0,3267.2268405257164,10.186521338423402,8.092002866216516,0.0,0.0,0.2544370244533078
89390cb5493ffff,Transición,0.4665235666694926,,11.848495161944518,0.26989301237044466,0.24350830268583526,0.33174523570712133,0.23442549871837734,0.0,0.0,0.0,0.0,0.0,0.0,5.738767827721351,0.0,2.4690727523960962,0.0,0.0,,,,,0.0,0.0,
89390cb0a0fffff,Planificado,0.5996360237440511,0.0,5.473583750042771,0.5236728704632415,0.5739997771091051,0.33174523570712133,0.6652735985734983,9.228212304376772,0.05263157894736842,0.05263157894736842,2.433698951385428,0.0,0.0,0.5160650076718496,0.0,0.523518049799755,83.05391073939096,0.0,34765.0,8671.897835226717,10.456366412533118,9.0679582509802,8.631267100986463,4.431458387497848,0.1324855861880446
89390cb0a97ffff,Planificado,0.9311661253932164,0.0,6.80778911900215,0.7310449868122887,0.7413908391842193,0.6131728518890004,0.8385712693636465,101.5076235488738,0.25,0.3409090909090909,3.3569681253378336,55.36779466302207,0.0,0.44155355761090853,1.0,0.5246960576536692,92.27965777170344,18.45593155434069,21263.0,34557.70803578851,9.964723752006702,10.45041483899551,9.017706636285345,4.53560205376723,0.3563304562329635
89390ca2a83ffff,Transición,0.5042969944540624,,10.070177452178514,0.3435398788959471,0.31355176641034216,0.33174523570712133,0.3853226345703778,0.0,0.0,0.0,0.6365141682948128,0.0,0.0,2.0039938331290768,0.0,1.8335754570304212,0.0,0.0,,,,,8.219346687190201,0.0,
89390cb551bffff,Transición,0.5372113235271214,,12.898446647071484,0.25425350124447416,0.24350830268583526,0.33174523570712133,0.18750696534046582,0.0,0.0,0.0,0.0,0.0,0.0,7.878495090761693,0.0,2.9517581720346544,0.0,0.0,,,,,5.193405842871867,0.0,
89390cb5077ffff,Planificado,0.7678096958455618,0.0,11.083764622373588,0.2825977933801404,0.24350830268583526,0.33174523570712133,0.2725398417474646,0.0,0.0,0.0,0.0,0.0,0.0,6.162729997988818,0.0,1.4507948263482777,18.478346525981806,0.0,22313.0,2359.6091371936845,10.012924747234504,7.766674973695638,6.930136858881747,2.969303414015411,0.4440059158835107
89390ca2667ffff,Planificado,0.8965883438976245,0.0,3.1238049742963256,0.7613210000371485,0.7935473085924439,0.8127716482781678,0.6776440432408336,119.9731841418231,0.41935483870967744,0.1935483870967742,3.0146356756514834,36.91482588979172,1.0,0.9554916553925806,0.0,0.3198833832310001,0.0,0.0,27421.0,10770.90138900385,10.219064422181425,9.284696299508214,8.013936806768449,0.0,0.10259029957877479
89390cb1d6bffff,Planificado,0.4002790761819401,0.0,3.795573424493792,0.8084902856718302,0.7979494037668561,0.9083082581076563,0.7192131951409785,212.16095614222763,0.22772277227722773,0.19801980198019803,3.7788935423006147,55.34633638492895,2.0,0.5003583717482653,0.0,0.3515557127216104,166.03900915478684,18.448778794976317,19301.799504950493,32745.386988422168,9.867953609145,10.396547914013384,8.882128236180279,5.118227372892598,0.47011375646434717
89390cb01d7ffff,Transición,0.468488239741543,,10.088981241663754,0.32065641368550096,0.3213529477320851,0.33174523570712133,0.30887105761729633,0.0,0.0,0.0,0.6931471805599453,0.0,0.0,4.131523964648479,0.0,1.6492026961348702,0.0,0.0,,,,,0.0,0.0,
89390ca224bffff,Espontáneo,0.213925265243579,1.0,3.8561433594418353,0.8430290872617854,0.9130168282625655,0.7373788030758943,0.8786916304468962,470.65097587672483,0.4358974358974359,0.17094017094017094,3.7442390767527196,9.228450507386762,1.0,0.4606690843652699,1.0,0.37745963479322525,156.88365862557495,18.456901014773525,10958.924259467567,48743.37575574697,9.3019094041764,10.794345100657583,7.212448966441911,5.06185842398431,0.857877987483452
89390cb194fffff,Planificado,0.9477432974284787,0.0,2.0922883148471585,0.9327148110999666,0.8740666443775771,0.9618020728853227,0.9622757160369999,461.2700657692714,0.32051282051282054,0.25,3.928376220628163,212.18423025386485,2.0,0.36378378033808584,1.0,0.04477151356192213,258.311236830792,0.0,29365.457800511507,32263.39734711297,10.287574357840597,10.381719651971821,9.188271806397555,5.558029026857475,0.18925739795590624
89390ca06b7ffff,Espontáneo,0.2577117777804258,1.0,6.8484207880712855,0.4859300122589992,0.589825030647498,0.33174523570712133,0.5362197704223782,9.230999198142499,0.3333333333333333,0.0,1.0986122886681096,0.0,0.0,1.1654553943470178,0.0,0.7696412025913287,9.230999198142499,0.0,,,,,3.540773354321231,2.3254222485215186,
89390cb1533ffff,Espontáneo,0.11707245014453949,1.0,8.92131632054343,0.28490099929417884,0.24350830268583526,0.33174523570712133,0.27944945948957983,0.0,0.0,0.0,0.0,0.0,0.0,5.05888111993111,0.0,1.7533775908232014,0.0,0.0,,,,,6.096617544976447,0.0,
89390ca35a7ffff,Planificado,0.4224023384675056,0.0,2.5907092310466604,0.6894572606709016,0.5911066532932129,0.7689735874289535,0.7082915412905383,18.45537462703585,0.14285714285714285,0.21428571428571427,2.3046193848206715,18.45537462703585,1.0,0.7337951082904036,0.0,0.2990185359684883,36.9107492540717,0.0,34765.0,19064.18622191622,10.456366412533118,9.8556192399815,8.45284585033974,3.6352346933548767,0.09260137306496637
89390cb1117ffff,Espontáneo,0.40186745668842755,1.0,7.003447247288614,0.571195066681526,0.5821352947732085,0.630558341691742,0.5008915635796277,9.217528585860011,0.3333333333333333,0.3333333333333333,1.0986122886681096,0.0,2.0,4.2327408709658885,0.0,0.3348346585797094,0.0,0.0,34765.0,1601.4224965040357,10.456366412533118,7.379271823509197,7.962742434847285,0.0,0.08064116132684346
89390ca318bffff,Espontáneo,0.13854712913400885,1.0,3.8487082876540284,0.6683847839815744,0.7325309261116684,0.5547475760615179,0.7178758497715368,101.50175693109921,0.19298245614035087,0.12280701754385964,3.460876914632756,0.0,1.0,0.5179305961877863,0.0,0.346452334686705,101.50175693109921,9.227432448281746,9945.832013695699,41354.96224588892,9.204908849296507,10.629971879800879,8.296867117080302,4.629879939222773,0.8782508190868225
89390cb288fffff,Planificado,0.5679300827905619,0.0,14.690686942890334,0.24942419852149036,0.24350830268583526,0.33174523570712133,0.17301905717151453,0.0,0.0,0.0,0.0,0.0,0.0,7.802283361876579,0.0,3.92779070278036,0.0,0.0,,,,,5.349961647864205,0.0,
89390cb5363ffff,Planificado,0.6082391466257314,0.0,11.369039657325686,0.3881552063598202,0.5761172406107211,0.33174523570712133,0.25660314276161816,9.240693820595594,0.1111111111111111,0.2222222222222222,2.1972245773362196,0.0,0.0,5.603803106607646,0.0,1.9934526631475,55.444162923573565,0.0,,,,,7.690462533532576,4.033251882655341,
89390cb0eb3ffff,Planificado,0.5545503818360105,0.0,8.400117274800543,0.3937274787324938,0.31355176641034216,0.33174523570712133,0.5358854340800179,0.0,0.0,0.0,0.6365141682948128,0.0,0.0,1.7853484042347598,0.0,0.5647688279937112,0.0,0.0,,,,,7.2556690537487585,0.0,
89390ca2537ffff,Planificado,0.6474359353221707,0.0,7.779683831193225,0.4417790408261822,0.24350830268583526,0.5547475760615179,0.5270812437311936,0.0,0.0,1.0,0.0,0.0,1.0,2.852600472580624,0.0,0.40553881931297614,0.0,0.0,,,,,8.4861200703239,0.0,
89390cb1c3bffff,Planificado,0.8790526553327063,0.0,5.043950535365044,0.3393235261339574,0.24350830268583526,0.33174523570712133,0.4427170400089156,0.0,0.0,0.0,0.0,0.0,0.0,1.8744227444616226,0.0,1.0714713826230213,0.0,0.0,,,,,0.0,0.0,
89390cb00a7ffff,Espontáneo,0.14580889964954383,1.0,10.150322779049919,0.2895817080872246,0.24350830268583526,0.33174523570712133,0.29349158586871726,0.0,0.0,1.0,0.0,0.0,0.0,4.228129343916733,0.0,1.920869152676127,0.0,0.0,,,,,0.0,0.0,
89390ca211bffff,Planificado,0.6694345187417432,0.0,7.104208106445873,0.7023849325755043,0.7128050819124039,0.818455366098295,0.5758943497158141,73.87654614180173,0.32,0.24,2.754331703559254,36.93827307090086,1.0,2.736646804282093,0.0,0.26040337254113516,0.0,0.0,13358.0,40905.1540078936,9.499870735285581,10.619035795452884,8.621626970677085,0.0,0.46746127929549214
89390cbad27ffff,Planificado,0.6220045662694114,0.0,3.466623339040395,0.49900627809353987,0.6350718823136076,0.33174523570712133,0.5302017162598908,9.219039278395954,0.5,0.0,0.6931471805599453,0.0,0.0,1.488182155140359,0.0,0.6684947210763817,0.0,0.0,,,,,3.763779859662703,0.0,
89390ca0587ffff,Espontáneo,0.21569552430514582,1.0,8.10338573120014,0.8887217207177086,0.9541401983728965,0.803243062520896,0.9087819012593336,701.8850049020793,0.48717948717948717,0.11538461538461539,3.967121164546701,27.705987035608395,1.0,0.35376678095134956,1.0,0.31994364878995085,9.235329011869466,18.47065802373893,12155.0,30548.509186443356,9.405495886750224,10.327103898560482,7.912687646247044,2.325845364358139,0.7080525221414198
89390cba90bffff,Espontáneo,0.0869615048035889,1.0,4.066605349895935,0.8033916564508341,0.9235484230469186,0.80641925777332,0.6802072885322635,507.0331190577051,0.4583333333333333,0.15,3.751074934962052,36.87513593146946,1.0,0.6983039410630324,0.0,0.4069686456091546,73.75027186293892,9.218783982867365,10771.36784882216,50933.686047229254,9.28464676754759,10.838299425212675,8.040989545601192,4.314152849226575,0.8318904255866105
89390ca3477ffff,Espontáneo,0.4664985960421166,1.0,2.2792938502899016,0.6999424198521491,0.8250863702217764,0.5547475760615179,0.7199933132731527,156.79280907046987,0.3953488372093023,0.18604651162790697,3.3943981129939496,0.0,1.0,0.7944636477608822,0.0,0.23067960112508784,27.669319247729977,9.223106415909992,18358.0,31087.915309186676,9.817820725779036,10.344606613707818,8.895928624818454,3.3558275352021436,0.40820283872675056
89390ca0037ffff,Planificado,0.9461348716809748,0.0,9.388768954230743,0.6141201381923548,0.7450685389501839,0.5277499164159144,0.5695419592109662,64.64375739754459,0.4375,0.0625,2.4799555205445176,9.234822485363512,0.0,0.7683093624224844,0.0,0.8167649300863137,9.234822485363512,0.0,18863.0,12096.146790994244,9.844957610345725,9.400724901381906,6.263662068860396,2.3257958750804337,0.44906219780237583
89390cb2b7bffff,Transición,0.4686912179543642,,11.286293560550732,0.32829042683606374,0.34536944165830824,0.33174523570712133,0.3077566031427616,0.0,0.0,0.25,1.3862943611198906,0.0,0.0,4.102446248909044,0.0,1.687625700962616,0.0,0.0,,,,,8.192734460741557,0.0,
89390ca016bffff,Planificado,0.31431814362896643,0.0,11.255017214283287,0.4880567628812363,0.5675916638805304,0.5611835506519559,0.3353950741112226,9.236864688553034,0.1111111111111111,0.4444444444444444,2.0431918705451206,18.473729377106068,0.0,2.431673214722285,0.0,2.5390820321179763,0.0,0.0,,,,,7.113257484669561,0.0,
89390ca305bffff,Espontáneo,0.33594939493840315,1.0,4.455135993663784,0.36885656970912734,0.24350830268583526,0.33174523570712133,0.5313161707344255,0.0,0.0,0.0,0.0,0.0,0.0,1.2103809876847802,0.0,0.7723390698589673,0.0,0.0,,,,,8.649686654225123,0.0,
89390ca14c7ffff,Espontáneo,0.23470507256943574,1.0,7.835502024480331,0.7686299639659718,0.8044689624428841,0.8670177198261451,0.6344032096288866,147.57802964498578,0.6666666666666666,0.20833333333333334,2.3370521329038323,27.670880558434835,2.0,1.8583830375016612,0.0,0.20239767885926055,9.223626852811611,0.0,7693.422497785651,51098.124862016106,8.948121021720254,10.8415226500572,6.357077207196248,2.3247013997871777,0.9175537694045466
89390cb564fffff,Espontáneo,0.33399084976258037,1.0,8.020171842585473,0.6117983580370742,0.5581745235707122,0.7499164159144098,0.5273041346261005,9.234325227188023,0.14285714285714285,0.2857142857142857,1.7478680974667578,9.234325227188023,1.0,3.2606000201403718,0.0,0.35255992830330785,0.0,0.0,18926.69614299153,26470.078608620937,9.848328698754163,10.183808042733265,7.423261161946386,0.0,0.2528320354181836
89390cb0bcbffff,Planificado,0.7975815430835338,0.0,6.412200752491045,0.5084977153683271,0.3594115680374457,0.5547475760615179,0.611334002006018,0.0,0.0,0.42857142857142855,1.7478680974667578,0.0,1.0,1.2766368407707398,0.0,0.43350173857418633,18.459993893847667,0.0,,,,,8.52071872333719,2.968360762978142,
89390ca76c3ffff,Espontáneo,0.20152934024905916,1.0,14.230772630837297,0.25328764069987736,0.24350830268583526,0.33174523570712133,0.18460938370667557,0.0,0.0,0.0,0.0,0.0,0.0,6.189908170669441,0.0,6.018789719916007,0.0,0.0,,,,,5.329290105434146,0.0,
89390ca3343ffff,Planificado,0.615265233759938,0.0,6.611290861953871,0.3556317099446487,0.24350830268583526,0.33174523570712133,0.4916415914409897,0.0,0.0,0.0,0.0,0.0,0.0,2.4674474052176465,0.0,0.5904024398659923,0.0,0.0,,,,,8.060480792108544,0.0,
89390ca10abffff,Planificado,0.5748019031340569,0.0,10.211658523981416,0.29569263345592334,0.31355176641034216,0.33174523570712133,0.24178089825030646,0.0,0.0,0.0,0.6365141682948128,0.0,0.0,4.860513260239245,0.0,2.9614231107012836,0.0,0.0,,,,,0.0,0.0,
89390cb5233ffff,Planificado,0.4731739029805603,0.0,9.734588277900086,0.4689438686429659,0.24350830268583526,0.630558341691742,0.5327649615513206,0.0,0.0,1.0,0.0,0.0,2.0,4.836196528914864,0.0,0.15379127093177838,0.0,0.0,,,,,8.20215580505266,0.0,
89390ca2407ffff,Planificado,0.6036710618567871,0.0,5.0213527348643945,0.5231342174672164,0.6467179315724952,0.33174523570712133,0.5909394851220328,27.69072703575798,0.3,0.1,2.3025850929940455,0.0,0.0,1.1264023864370074,0.0,0.5525407032111225,83.07218110727393,27.69072703575798,26283.0,13484.797891670436,10.176677621334473,9.509392402653267,7.755505649344807,4.4316757287535,0.2711771445987305
89390cb1b0bffff,Espontáneo,0.13630033159722676,1.0,0.33718644812965093,0.702886437089045,0.861027527025521,0.6658308258107656,0.5818009584308482,765.6024292707289,0.31203007518796994,0.22556390977443608,3.6506556262651286,304.3961465775187,0.0,0.7055449794245339,0.0,0.7912993866033693,2241.4625338890014,18.44825130772841,18070.91304347826,11849.34077598012,9.802058910449132,9.380111903616466,3.472005211113588,7.715329886497508,0.8035883296064344
89390ca0457ffff,Espontáneo,0.2806044596310274,1.0,6.062456570381071,0.7898045989821316,0.8248077566031428,0.9373955198930124,0.6072105204502396,230.76858069591995,0.36764705882352944,0.25,3.3270921774931494,92.30743227836798,2.0,1.584852690971755,0.0,0.3639972018470489,27.692229683510394,0.0,11146.315187911661,45172.5599216191,9.31886424584842,10.71826723717964,8.459966552765028,3.356626343373315,0.7797885086122881
89390ca3347ffff,Espontáneo,0.5697393682913144,1.0,6.657385323919643,0.34069801998588356,0.24350830268583526,0.33174523570712133,0.44684052156469406,0.0,0.0,0.0,0.0,0.0,0.0,2.29956511202416,0.0,0.8475966629625155,0.0,0.0,,,,,2.374201368277191,0.0,
89390ca003bffff,Planificado,0.953766674602565,0.0,9.205512921502072,0.6680597347598352,0.8267023292098519,0.6161818789702441,0.5612949960994094,147.74493907569652,0.5,0.15625,2.9728457116721207,55.40435215338619,0.0,1.2137428393028902,0.0,0.6332535038038773,0.0,0.0,,,,,5.002692227764705,0.0,
89390cb0eb7ffff,Espontáneo,0.17476931293084116,1.0,8.48362385844056,0.5589732159441287,0.6333444778780787,0.5130391173520562,0.5305360526022512,27.68240494136816,0.23076923076923078,0.15384615384615385,2.564949357461537,9.227468313789387,0.0,1.6298565246737602,0.0,0.6234106375705488,36.90987325515755,9.227468313789387,13430.0,12321.958544218489,9.505246289517283,9.419219349834314,5.558187472764852,3.6352115862137007,0.7854311016310949
89390ca0453ffff,Transición,0.49757129450428267,,5.810836478703187,0.7154054756863181,0.6655522121921319,0.8373453694416583,0.6433188454251644,46.15116939892883,0.15151515151515152,0.30303030303030304,3.070859268091551,55.38140327871459,1.0,1.3414583479310374,0.0,0.30920249090911717,9.230233879785766,0.0,11239.0,19186.704784444595,9.327145151518268,9.86202497707753,7.790938894872661,2.3253474418513465,
89390cb0a9bffff,Espontáneo,0.1821912401574807,1.0,6.332342880603265,0.6934785838998478,0.821408670455812,0.5547475760615179,0.7042795051822134,258.3615996305209,0.25925925925925924,0.10185185185185185,3.799235728218271,0.0,1.0,0.8631676702653608,0.0,0.2611388045805513,387.5423994457814,147.6351997888691,14397.270440251572,33571.7437501684,9.57479391483639,10.421469818840572,7.427323302896128,5.9624023001353486,0.7674712155911119
89390ca2b0fffff,Espontáneo,0.3847723157249744,1.0,13.079963842811534,0.26346632490062777,0.24350830268583526,0.33174523570712133,0.21514543630892677,0.0,0.0,0.0,0.0,0.0,0.0,4.998717548241403,0.0,4.810974156372904,0.0,0.0,,,,,5.010435543709279,0.0,
89390cb2213ffff,Espontáneo,0.046393545445385535,1.0,14.977176589063095,0.26365206731305024,0.24350830268583526,0.33174523570712133,0.21570266354619413,0.0,0.0,0.0,0.0,0.0,0.0,9.395773537971913,0.0,1.949804313064988,0.0,0.0,,,,,0.0,0.0,
89390ca22d7ffff,Planificado,0.8699380522504899,0.0,3.245194641683461,0.7242096660351426,0.7848545636910732,0.7382146439317954,0.6495597904825589,110.74446905744986,0.34285714285714286,0.08571428571428572,3.3573060099008583,9.22870575478749,1.0,1.0475516258733515,0.0,0.3740339188013657,0.0,9.22870575478749,27391.088258471238,34315.2634613996,10.217972993431001,10.443374674172405,8.705515297903155,0.0,0.07401131075909347
89390cb19dbffff,Planificado,0.30721094726955234,0.0,3.1682154951951405,0.5092778335005015,0.3294327426724618,0.5547475760615179,0.6436531817675247,0.0,0.0,0.25,1.0397207708399179,0.0,1.0,0.7780967853125619,0.0,0.49708475276945246,18.448774226989855,0.0,24908.0,5866.686107138813,10.122944315992342,8.677215645524475,9.626833433173678,2.967784046329908,0.24941207000810667
89390ca3633ffff,Espontáneo,0.5556095554494637,1.0,4.049441492724744,0.7696794085961588,0.8270923882759389,0.8311601471079906,0.6507856904045469,193.65855699172445,0.3442622950819672,0.18032786885245902,3.589601015462124,55.33101628334984,1.0,1.0473755706978773,0.0,0.37100986619765325,18.443672094449948,9.221836047224974,9831.007772020725,54333.934350397816,9.193296727929193,10.902922657258397,7.96516521471088,2.9675216749415405,0.8279729657691407
89390cb11a3ffff,Espontáneo,0.4796622396406579,1.0,6.937368612360536,0.43000297187859876,0.24350830268583526,0.5547475760615179,0.4917530368884431,0.0,0.0,0.0,0.0,0.0,1.0,3.685138724136231,0.0,0.4218077249728107,0.0,0.0,,,,,2.185582182137516,0.0,
89390ca3217ffff,Espontáneo,0.6034151685988957,1.0,5.693087628816708,0.6128013670641553,0.8183439206508414,0.5060180541624875,0.5140421263791374,119.89713870182742,0.6190476190476191,0.09523809523809523,2.780466368938682,9.222856823217494,0.0,1.4132528812511824,0.0,0.7734577213962794,27.668570469652483,0.0,12489.19319562576,37707.60545249699,9.43261900500645,10.537643608727889,8.83039136431301,3.3558014171123,0.7104978680516081
89390cb0d87ffff,Transición,0.49551287229822016,,11.589289898764337,0.2818919722129351,0.24350830268583526,0.33174523570712133,0.27042237824584864,0.0,0.0,1.0,0.0,0.0,0.0,4.383564596781237,0.0,2.3751007627666167,0.0,0.0,,,,,6.655055761790917,0.0,
89390cb096bffff,Espontáneo,0.38402157863435404,1.0,8.615684147949207,0.5478008098369181,0.8402986737991753,0.33174523570712133,0.4713585200044578,166.19967363999046,0.45,0.15,3.268404894023626,0.0,0.0,3.4471170337279338,0.0,0.5197597545447256,9.233315202221691,0.0,17104.366084081248,36461.215037935224,9.747089036454932,10.504031798936257,6.503652094691486,2.3256485941536047,0.45220186256109624
89390cb054fffff,Espontáneo,0.13231830097304184,1.0,10.81974370480088,0.2746108696459749,0.24350830268583526,0.33174523570712133,0.24857907054496822,0.0,0.0,0.0,0.0,0.0,0.0,4.921542301770073,0.0,2.6375438985655655,0.0,0.0,,,,,0.0,0.0,
89390ca25c3ffff,Espontáneo,0.32440185478597316,1.0,6.207455712537951,0.5561313570340651,0.6228686058174524,0.5218990304246072,0.5236264348601359,27.69608133165181,0.2727272727272727,0.6363636363636364,1.9722469794234416,9.232027110550604,0.0,1.5611875305997605,0.0,0.6749844704789101,9.232027110550604,0.0,,,,,8.527702280079401,2.325522713857727,
89390cb1cc7ffff,Planificado,0.6303673751082102,0.0,6.0394224576887625,0.3188918607674876,0.24350830268583526,0.33174523570712133,0.38142204390950624,0.0,0.0,0.0,0.0,0.0,0.0,2.534240367182904,0.0,1.4047211554339738,0.0,0.0,,,,,9.733177195409104,0.0,
89390cb0133ffff,Planificado,0.6998915793824139,0.0,9.481950201257652,0.36837363943682894,0.36476094951521226,0.33174523570712133,0.4086147330881533,0.0,0.0,0.25,1.9061547465398496,0.0,0.0,3.4084746134944535,0.0,0.7929063136430403,0.0,0.0,,,,,6.1818734861338935,0.0,
89390ca21a7ffff,Espontáneo,0.5104635340768,1.0,8.547929793632592,0.6058731750807981,0.6382480775660314,0.630558341691742,0.5488131059846205,27.709829177363844,0.3333333333333333,0.3333333333333333,1.6769877743224173,0.0,2.0,3.8156571184913703,0.0,0.2067857905292639,120.07592643524332,0.0,12839.819083023543,29242.668540922386,9.460306487037485,10.28341836908972,4.725561900609539,4.796417840006814,0.8272549486760551
89390cbadb3ffff,Transición,0.4991607541220503,,4.440917392147156,0.30908466139158214,0.24350830268583526,0.33174523570712133,0.35200044578178985,0.0,0.0,0.0,0.0,0.0,0.0,2.59190369949943,0.0,1.9108289403242191,0.0,0.0,,,,,0.0,0.0,
89390cb18abffff,Planificado,0.90931632993002,0.0,3.2073170663197383,0.7624726029941676,0.7645714922545414,0.87094617184888,0.6519001448790817,166.02064659259275,0.27692307692307694,0.3384615384615385,3.2743236272339784,119.90380031687255,1.0,0.7646797571244731,0.0,0.4739153086260827,46.11684627572021,0.0,32189.23675417661,24785.624653754672,10.379387413361755,10.118059458185522,7.192032825227776,3.85263060747102,0.1261338817991506
89390ca0613ffff,Espontáneo,0.6400307389123409,1.0,6.706825597403632,0.49185519521527543,0.7330881533489357,0.33174523570712133,0.4107321965897693,46.14736268202059,0.5,0.1,2.163955656882057,0.0,0.0,1.9603916907996017,0.0,1.4316099726817422,0.0,0.0,,,,,8.874177465711101,0.0,
89390cba997ffff,Espontáneo,0.1352280360467981,1.0,3.4603187736445093,0.6671124484564807,0.9123481555778445,0.5981277164827817,0.4908614733088153,516.2661630334698,0.42105263157894735,0.21804511278195488,3.7829575343257025,46.09519312798837,0.0,1.5527687183688934,0.0,0.8532609255273833,27.65711587679302,9.219038625597674,11190.536005593101,42755.19602129059,9.322823700569248,10.663269400033215,8.207742622779625,3.3554017849842976,0.7806843675629068
89390cb148fffff,Espontáneo,0.17930996701335394,1.0,11.451894201680524,0.28934024295107547,0.35434080017831276,0.33174523570712133,0.18193469296779227,0.0,0.0,0.2,1.6094379124341005,0.0,0.0,8.2292733533084,0.0,3.153070467773922,0.0,0.0,,,,,7.321121394054783,0.0,
89390ca3503ffff,Planificado,0.8776812732193878,0.0,2.0792604776947776,0.548023700731825,0.704781009695754,0.33174523570712133,0.6075448567926001,64.58311748316605,0.22580645161290322,0.1935483870967742,3.2551105127277413,0.0,0.0,0.6720634199449509,0.0,0.6823157963947791,18.452319280904582,0.0,25050.695945945947,61140.48406581657,10.128656888400382,11.020945868388976,9.270031994207184,2.9679663061897146,0.15199193672229055
89390cb726fffff,Planificado,0.6839562619870144,0.0,11.26479518395404,0.28226345703778,0.24350830268583526,0.33174523570712133,0.27153683272038337,0.0,0.0,0.0,0.0,0.0,0.0,5.151188237162769,0.0,1.8947370930844745,0.0,0.0,,,,,0.0,0.0,
89390ca1553ffff,Espontáneo,0.3260847402173295,1.0,8.637101275178404,0.29147628069393366,0.24350830268583526,0.33174523570712133,0.2991753036888443,0.0,0.0,0.0,0.0,0.0,0.0,3.9720516554162297,0.0,1.963878216842333,0.0,0.0,,,,,0.0,0.0,
89390cb56dbffff,Espontáneo,0.08704310995535625,1.0,8.193246077879703,0.7653608975073368,0.902150897135852,0.8564861250417921,0.5374456703443664,276.9993507642227,0.4411764705882353,0.11764705882352941,3.7876716298417925,18.466623384281515,2.0,3.427339219346895,0.0,0.3014499719191255,27.69993507642227,0.0,19060.0,8858.386127410064,9.855347177208193,9.089232755353386,8.225429167007462,3.356894860617451,0.48136864521765577
89390cb0c57ffff,Planificado,0.5912464710917124,0.0,9.35633999140345,0.38674356402540955,0.3213529477320851,0.33174523570712133,0.5071325086370222,0.0,0.0,0.5,0.6931471805599453,0.0,0.0,2.5774248537188913,0.0,0.5130618514341055,0.0,0.0,,,,,8.235349341703001,0.0,
89390ca2ccbffff,Planificado,0.5317024300773532,0.0,8.822743014673309,0.37036108324974926,0.3213529477320851,0.33174523570712133,0.45798506631004127,0.0,0.0,0.0,0.6931471805599453,0.0,0.0,3.3015212771286246,0.0,0.5885284816187506,0.0,0.0,,,,,0.0,0.0,
89390cb1b07ffff,Espontáneo,0.10460702676772687,1.0,0.8326259622154167,0.7888108770756714,0.861027527025521,0.660481444332999,0.8449236598684943,1060.8622976136328,0.27380952380952384,0.4,3.7546556831207947,193.72268043379384,0.0,0.1029758907478681,1.0,0.5935350619802021,2739.792194706513,18.449779088932747,23313.754430379748,32531.38447641976,10.056798784284549,10.38999131762393,5.999873701812805,7.916002279750021,0.5333608634063597
89390cb083bffff,Planificado,0.8913510184949313,0.0,8.153358513175904,0.5936141758609161,0.7433411345146551,0.5188900033433634,0.5186113897247298,64.6136201318628,0.5,0.14285714285714285,2.106577333232116,9.230517161694685,0.0,1.5009858870973365,0.0,0.7204016288167808,18.46103432338937,0.0,29881.0,18692.00089109597,10.304978105888882,9.835904448882365,7.880259063397329,2.968414226598689,0.13607083857157157
89390ca2493ffff,Planificado,0.5326463154948387,0.0,5.3564065475954825,0.81725732753817,0.7871949180875961,0.9238548980274156,0.7407221664994985,166.126109549238,0.27692307692307694,0.2153846153846154,3.541127174116701,64.604598158037,2.0,0.5132470949039178,0.0,0.27430059841643095,64.604598158037,9.229228308291,22403.599227799226,28374.005660360363,10.016976904747978,10.25326395426775,7.893677667950141,4.183645787366098,0.32790410812486814
89390cb1b97ffff,Planificado,0.9485095750524867,0.0,1.915089458859013,0.9348322746015826,0.888888888888889,0.9641424272818455,0.9514655076340132,673.379983545016,0.3067226890756303,0.21008403361344538,4.147261878663669,276.73150008699287,2.0,0.3906796141603037,1.0,0.12691730940784662,424.3216334667224,0.0,25828.809822361545,36674.26015395596,10.159245807690374,10.509857696481756,9.389349237410288,6.052845667334907,0.27766409544774434
89390ca2403ffff,Planificado,0.9551371790432565,0.0,4.7413277060204715,0.7208105798878116,0.8931795386158475,0.6547977265128719,0.6144544745347152,323.0406499050388,0.4375,0.25,3.6174954234974335,138.4459928164452,0.0,0.7822094882623205,0.0,0.6019609918658199,64.60812998100775,0.0,30274.716285924835,44794.285455460595,10.318068197144513,10.709858177496264,7.8423407042875235,4.1836996209083415,0.13592358231274507
89390cb0003ffff,Espontáneo,0.14751471656319676,1.0,9.716232347501142,0.29392808053791003,0.24350830268583526,0.33174523570712133,0.3065307032207734,0.0,0.0,0.0,0.0,0.0,0.0,4.009845084844879,0.0,1.7724298188363272,0.0,0.0,,,,,0.0,0.0,
89390ca2077ffff,Espontáneo,0.28358376219593084,1.0,5.351792113541477,0.6460492588877744,0.5301459935361641,0.7447342026078234,0.6632675805193358,9.232018345914891,0.16666666666666666,0.5,1.0114042647073518,9.232018345914891,1.0,1.4420737521488278,0.0,0.20488117488239346,36.928073383659566,9.232018345914891,13186.0,17085.577445260336,9.486910939673246,9.746048489538719,8.73664122851401,3.6356915604128464,0.7305824132364653
89390cb038fffff,Transición,0.4800078468010358,,7.946497401045345,0.7272094059957651,0.8837066755823025,0.6557171514543632,0.6422043909506296,202.89783989204068,0.6666666666666666,0.06060606060606061,3.3126158769742347,0.0,3.0,2.0663409211564603,0.0,0.0820791823233406,0.0,0.0,25281.0,10523.824180500214,10.137808404440463,9.261491953470456,4.945421494333891,0.0,
89390cba867ffff,Espontáneo,0.5536352810154148,1.0,5.89205760833332,0.5857108362123408,0.5587317508079795,0.5547475760615179,0.6436531817675247,9.216243361883736,0.25,0.0,1.3862943611198906,0.0,1.0,1.019480414635492,0.0,0.409653988691819,0.0,0.0,19732.0,11791.964845744753,9.88999696235363,9.375258433142998,8.059842181760837,0.0,0.2546502078469952
89390ca0c8bffff,Espontáneo,0.42538140174743627,1.0,11.96031017309436,0.2846781083992718,0.24350830268583526,0.33174523570712133,0.278780786804859,0.0,0.0,0.0,0.0,0.0,0.0,3.414788501144554,0.0,3.2456225593218124,0.0,0.0,,,,,2.6125169181013304,0.0,
89390ca33d3ffff,Planificado,0.5746624256954863,0.0,5.328847472301556,0.5890263382740816,0.7790594004234928,0.5095285857572718,0.47849102864148,83.02172809707841,0.75,0.08333333333333333,2.253857589601352,9.224636455230934,0.0,1.870595492585254,0.0,0.790998285529652,0.0,0.0,11125.12487006237,32037.54743147034,9.316961331246718,10.374695064058152,4.581443877903109,0.0,0.7033127326698727
89390ca00c7ffff,Espontáneo,0.5265633373753842,1.0,8.022024811978557,0.7828949812400162,0.6097180430179426,0.821715145436309,0.9172517552657974,18.46505730244014,0.15384615384615385,0.15384615384615385,2.564949357461537,9.23252865122007,2.0,0.45855624850921245,1.0,0.255188211304767,18.46505730244014,0.0,,,,,7.705513844521342,2.9686209249286297,
89390ca1423ffff,Planificado,0.5974277070701581,0.0,8.523790448202455,0.309604740146365,0.24350830268583526,0.33174523570712133,0.3535606820461384,0.0,0.0,0.0,0.0,0.0,0.0,3.3674919685340408,0.0,1.3166031945824572,0.0,0.0,,,,,6.182487383558245,0.0,
89390cb0b27ffff,Espontáneo,0.5792603934943946,1.0,7.798540012599268,0.6452505665143579,0.6999888554552546,0.7479103978602474,0.4878524462275717,64.63315911985617,0.30434782608695654,0.17391304347826086,2.7511022893863717,9.233308445693739,1.0,3.2819219494530936,0.0,0.4814345502936199,27.69992533708122,18.466616891387478,23786.82205709816,30566.59042207227,10.076887011233929,10.327695590125437,5.677569155186808,3.3568945212667636,0.2801451688738436
89390ca2b9bffff,Espontáneo,0.3729774554732407,1.0,12.070781775500835,0.2746480181284594,0.24350830268583526,0.33174523570712133,0.24869051599242167,0.0,0.0,0.0,0.0,0.0,0.0,4.057773888646545,0.0,3.8644938333057075,0.0,0.0,,,,,6.87520614572945,0.0,
89390cb1e83ffff,Espontáneo,0.08922954711954428,1.0,5.253114779263888,0.31421115197444177,0.24350830268583526,0.33174523570712133,0.36737991753036886,0.0,0.0,0.0,0.0,0.0,0.0,3.2366115314500603,0.0,1.1879650799056194,0.0,0.0,,,,,0.0,0.0,
89390ca2363ffff,Planificado,0.8387923291580609,0.0,6.862282026044849,0.7057375831197296,0.6001894572606709,0.8238883316616517,0.6931349604368662,18.467089791252743,0.18181818181818182,0.18181818181818182,2.2718685126965625,9.233544895626371,2.0,1.3028089876385898,0.0,0.09659097674341258,0.0,0.0,,,,,3.828707146735769,0.0,
89390cb1a67ffff,Espontáneo,0.7471978055294163,1.0,1.7461719915022031,0.6896615773245663,0.8064749804970467,0.5987963891675026,0.6637133623091497,156.76687926401783,0.3617021276595745,0.1702127659574468,3.355951727977136,46.1079056658876,0.0,0.5362673527550678,0.0,0.5236731060802088,64.55106793224265,0.0,19080.85124468731,42573.43553497187,9.856440558508512,10.659009247309632,8.40737572758441,4.182829501949501,0.4134810831045479
89390cbab53ffff,Espontáneo,0.10483924515968297,1.0,6.842778266983509,0.5817916713102269,0.8409673464838961,0.33174523570712133,0.5726624317396635,184.31982846345488,0.4,0.18,3.473820341960758,0.0,0.0,1.2987623786608162,0.0,0.5629464894331861,0.0,9.215991423172744,12973.0,7917.63332926714,9.470625553571013,8.976973910482412,7.148712639666109,0.0,0.6270083315703149
89390ca03b3ffff,Planificado,0.9674225126011387,0.0,10.734003380125088,0.46310226977227975,0.6916304468962443,0.33174523570712133,0.3659311267134737,27.7075352147504,0.42857142857142855,0.14285714285714285,1.945910149055314,0.0,0.0,2.1279800461177363,0.0,2.1259611737478634,0.0,0.0,,,,,7.5140805123358305,0.0,
89390ca32a3ffff,Planificado,0.7083105654077712,0.0,5.3262927445641,0.5648241019354359,0.7012704781009695,0.5397860247408893,0.4534158029644489,55.34171409599739,0.375,0.1875,2.339371734389815,18.447238031999127,0.0,1.736361228784591,0.0,1.0404844520450196,9.223619015999564,0.0,12909.0,12501.618359672373,9.46568002150671,9.433693370128662,9.025199604940283,2.324700633247557,0.6927918210118427
89390cb0e13ffff,Planificado,0.9180296792899397,0.0,7.653039546955748,0.7166128013670642,0.8257550429064974,0.7674690738883316,0.5566142873063635,184.51872289646076,0.38461538461538464,0.1346153846153846,3.3410817512287267,18.451872289646076,1.0,1.8562487885056327,0.0,0.47476138724496947,0.0,0.0,23671.570887573966,39406.65994101887,10.072030066489836,10.581715491136599,8.535167065289318,0.0,0.11587279004205131
89390ca2e87ffff,Planificado,0.8275197111131447,0.0,8.82369018612447,0.5391916490211376,0.6118355065195588,0.581410899364761,0.42432854117909286,9.237115619055048,0.029411764705882353,0.14705882352941177,2.965527495731231,27.711346857165143,0.0,2.1608554639721835,0.0,1.089652122147168,0.0,0.0,18053.0,14139.712763008518,9.801067154936659,9.556813345747933,4.543214506623035,0.0,0.3723775584513394
89390cb547bffff,Espontáneo,0.26468631328350367,1.0,10.528984534422637,0.2883558081652364,0.24350830268583526,0.33174523570712133,0.2898138861027527,0.0,0.0,0.0,0.0,0.0,0.0,5.631747547786203,0.0,1.331761246115729,18.47326475961005,0.0,,,,,0.0,2.9690424868684784,
89390ca0ed7ffff,Planificado,0.5340226104728036,0.0,11.854475003453492,0.2906961625617593,0.24350830268583526,0.33174523570712133,0.2968349492923214,0.0,0.0,0.0,0.0,0.0,0.0,2.9913731507983425,0.0,3.1047731107348215,0.0,0.0,,,,,0.0,0.0,
89390cb522fffff,Planificado,0.7449214181860314,0.0,9.907511378133938,0.576953081466622,0.7110219547531482,0.6069876295553327,0.4128496600913853,64.66878809959412,0.3333333333333333,0.42857142857142855,2.6895357734679943,46.191991499710085,0.0,5.074940806791424,0.0,0.5636389189572948,27.715194899826052,0.0,,,,,7.603078072131217,3.3574264216805165,
89390ca264fffff,Planificado,0.8353592991196936,0.0,2.0953110478459736,0.8728778929380735,0.8814220439095063,0.8640922768304915,0.8731193580742227,258.36100724130813,0.509090909090909,0.2,3.3044260196335635,101.4989671305139,1.0,0.2962219942820543,1.0,0.45041228833470687,184.54357660093436,9.227178830046718,26860.0,59413.90516715306,10.198393470077228,10.992300402613337,8.347167286968483,5.2232897687502,0.20924086260072425
89390cb1d53ffff,Planificado,0.5607569424544856,0.0,4.7864530177365205,0.48175080797949404,0.24350830268583526,0.5547475760615179,0.6469965451911289,0.0,0.0,0.0,0.0,0.0,1.0,1.276528083082579,0.0,0.3187010586425459,0.0,0.0,,,,,0.0,0.0,
89390ca2233ffff,Planificado,0.44107896762731696,0.0,4.753350159693798,0.77415580073554,0.8779672350384486,0.6576395854229354,0.7868605817452358,387.69119274247026,0.3559322033898305,0.2796610169491525,3.8036892589801465,156.922625633857,0.0,0.4319858864914627,1.0,0.7442533295166791,0.0,0.0,18767.82154882155,43883.52991774732,9.839899062579807,10.689317143284839,9.017697371850904,0.0,0.2079145739582196
89390cb1937ffff,Planificado,0.4830488787392893,0.0,3.7316477844749976,0.6641591440989636,0.8090939485122033,0.6128385155466399,0.5705449682380475,203.00929806229485,0.3283582089552239,0.34328358208955223,3.4478042504352433,55.36617219880769,0.0,0.604213847867971,0.0,0.9479170082860854,92.27695366467948,0.0,34765.0,16011.986692503244,10.456366412533118,9.681155340278806,7.567182467898873,4.5355730641001974,0.1254872060674542
89392b4d377ffff,Espontáneo,0.25664206516497384,1.0,17.84253417734727,0.29147628069393366,0.24350830268583526,0.33174523570712133,0.2991753036888443,0.0,0.0,0.0,0.0,0.0,0.0,10.93776675554206,0.0,0.8197096592172984,0.0,0.0,,,,,0.0,0.0,
89390cbaa23ffff,Espontáneo,0.35600039021714663,1.0,7.410158035195311,0.4811935807422267,0.5757271815446338,0.33174523570712133,0.5361083249749248,9.214975529592701,0.07692307692307693,0.3076923076923077,2.564949357461537,0.0,0.0,1.0783591482364467,0.0,0.8195123674716729,0.0,0.0,,,,,6.745092468793384,0.0,
89390cb151bffff,Planificado,0.7556954597412265,0.0,9.562700528382996,0.3063913964114566,0.3213529477320851,0.33174523570712133,0.2660760057951633,0.0,0.0,0.5,0.6931471805599453,0.0,0.0,6.06615853805388,0.0,1.594452689407673,0.0,0.0,34765.0,2318.955034562545,10.456366412533118,7.749303082818454,7.96927500211073,0.0,0.07472131372167248
89390ca358fffff,Planificado,0.5607236038654932,0.0,1.6638187568739176,0.5242300977005089,0.31355176641034216,0.5547475760615179,0.7043909506296667,0.0,0.0,0.3333333333333333,0.6365141682948128,0.0,1.0,0.9286275731465263,0.0,0.2363438160013405,64.58312005649657,0.0,,,,,3.483800014498524,4.183318346626604,
89390ca3173ffff,Espontáneo,0.44557036494155267,1.0,5.091248883934021,0.6257847616924849,0.7948846539618857,0.513707790036777,0.5687618410787919,203.01474189674406,0.2857142857142857,0.12987012987012986,3.473059026890227,9.227942813488367,0.0,0.5724341082231379,0.0,0.9977258758359975,0.0,0.0,12644.0,11349.816837729188,9.444938073335509,9.337044988401837,6.905492508806423,0.0,0.6269603759705797
89390cb2877ffff,Planificado,0.6904713225813094,0.0,13.525371407472761,0.254699283034288,0.24350830268583526,0.33174523570712133,0.1888443107099075,0.0,0.0,0.0,0.0,0.0,0.0,6.541585042276761,0.0,4.1560760089811195,0.0,0.0,,,,,8.96555284799443,0.0,
89390cb534bffff,Planificado,0.3356034256055081,0.0,10.350833827608021,0.4888275938927895,0.8143876072662432,0.33174523570712133,0.3203499387050039,526.6322707108852,0.3,0.2,3.2284943339656604,0.0,0.0,5.0211034266877155,0.0,1.1290972674763151,0.0,0.0,,,,,8.081375632484791,0.0,
89390cb08c7ffff,Espontáneo,0.20477049546730336,1.0,8.231252724551265,0.5863609346558193,0.5600133734536944,0.5547475760615179,0.6443218544522457,9.22899244408437,0.2,0.0,1.6094379124341005,0.0,1.0,0.9918681921962751,0.0,0.41617322424157555,0.0,0.0,11105.0,1911.1337437194634,9.315150736328528,7.555975040809055,6.542066471277491,0.0,0.8138309738665986
89390cb04abffff,Espontáneo,0.12006117456777093,1.0,12.323755115302369,0.29002748987703847,0.24350830268583526,0.33174523570712133,0.2948289312381589,0.0,0.0,1.0,0.0,0.0,0.0,6.573231768373793,0.0,1.0473722705724133,0.0,0.0,,,,,0.0,0.0,
89390cb1c23ffff,Planificado,0.5545662268127568,0.0,4.93551338214635,0.3531056131357034,0.24350830268583526,0.33174523570712133,0.48406330101415357,0.0,0.0,0.0,0.0,0.0,0.0,1.626995230489932,0.0,0.8607203701801638,0.0,0.0,,,,,8.644001617587348,0.0,
89390cb008fffff,Espontáneo,0.1888843065212584,1.0,10.328561295372714,0.28122329952821423,0.24350830268583526,0.33174523570712133,0.2684163601916862,0.0,0.0,0.0,0.0,0.0,0.0,4.569054364690864,0.0,2.2868602948088723,0.0,0.0,,,,,0.0,0.0,
89390cb0bc7ffff,Espontáneo,0.24229821890932604,1.0,6.98104250708358,0.6461235558527435,0.8804190348824251,0.5758943497158141,0.4820572829599911,258.46136233297364,0.4745762711864407,0.11864406779661017,3.4076570994091897,27.692288821390033,0.0,1.878060330187237,0.0,0.7709381803744236,9.230762940463345,0.0,28773.418721690992,9982.228843576437,10.26720727888083,9.20866184840099,8.029380761356608,2.3253991559180993,0.15069330969939101
89390cb564bffff,Transición,0.5067432651172685,,7.725905191724586,0.6241688027044096,0.809985512091831,0.6156803744567034,0.44684052156469406,230.84538303262474,0.29069767441860467,0.3023255813953488,3.5581446689478904,55.402891927829934,0.0,3.027036203138743,0.0,0.6765955342744087,55.402891927829934,0.0,,,,,8.591490595158803,4.0325204325056125,
89390ca2103ffff,Espontáneo,0.24708284212030898,1.0,7.44772412310461,0.6641034213752368,0.7377688621419815,0.7514209294550318,0.5031204725286972,46.17539074820378,0.7142857142857143,0.2857142857142857,1.7478680974667578,9.235078149640756,1.0,3.0533620290898655,0.0,0.45901586018028134,18.470156299281513,0.0,9960.923998157532,30755.90726302864,9.20642511717504,10.333869874449878,7.978144573234985,2.968882847049961,0.8452787390915825
89390ca14c3ffff,Planificado,0.645828202527837,0.0,7.857116039512706,0.7346669638545266,0.891619302351499,0.7296890672016048,0.5826925220104758,295.13978474992854,0.6956521739130435,0.06521739130434782,3.1616430048627606,9.223118273435267,1.0,1.5292285732658153,0.0,0.461557448201863,0.0,0.0,7059.0,47811.80653473792,8.862058677395472,10.775048801732401,7.760426828606318,0.0,0.8854308344027639
89390cbad0fffff,Espontáneo,0.4080772329331751,1.0,4.498775562148339,0.32234666963854525,0.24350830268583526,0.33174523570712133,0.39178647052267906,0.0,0.0,0.0,0.0,0.0,0.0,2.5208869849510473,0.0,1.2607622124500486,0.0,0.0,,,,,0.0,0.0,
89390cb1807ffff,Planificado,0.9133872135965136,0.0,2.9338870563607164,0.8613247148853969,0.8235818566811545,0.8433634236041457,0.9170288643708905,267.47030016203274,0.27102803738317754,0.17757009345794392,3.7651744069024873,64.56179659083548,1.0,0.4733361170230442,1.0,0.25190073558493253,147.56982077905255,9.223113798690784,32500.95720290409,32585.74350688627,10.389024820281165,10.391660843760912,8.269779561723176,5.001055021342096,0.1355298686303769
89390ca056fffff,Planificado,0.6399539103722965,0.0,9.25095242292586,0.5309353987889595,0.34536944165830824,0.5547475760615179,0.6926891786470523,0.0,0.0,0.0,1.3862943611198906,0.0,1.0,0.5106052789139053,0.0,0.42911651988738186,0.0,0.0,,,,,0.0,0.0,
89390cb5e6fffff,Espontáneo,0.32563218370597286,1.0,13.886028880914518,0.2524703740852186,0.24350830268583526,0.33174523570712133,0.1821575838626992,0.0,0.0,0.0,0.0,0.0,0.0,7.321553682451681,0.0,3.5900422820357276,0.0,0.0,,,,,6.220548942299554,0.0,
89390ca0153ffff,Planificado,0.5688545141605013,0.0,9.989090537749309,0.35076525873918046,0.24350830268583526,0.33174523570712133,0.4770422378245849,0.0,0.0,0.0,0.0,0.0,0.0,1.184758053208333,0.0,1.279797319272568,0.0,0.0,,,,,6.60314829143836,0.0,
89390cb8957ffff,Planificado,0.71568804204984,0.0,8.888028995908758,0.5134663249006278,0.5758943497158141,0.5025075225677031,0.46199710241836617,9.220070533371262,0.058823529411764705,0.058823529411764705,2.5577938601077324,9.220070533371262,0.0,1.2973413632562723,0.0,1.3442848388779458,0.0,0.0,,,,,5.821447254599775,0.0,
89390ca3043ffff,Planificado,0.5636262765644673,0.0,4.402655593214932,0.38577770348081275,0.3213529477320851,0.33174523570712133,0.5042349270032319,0.0,0.0,0.5,0.6931471805599453,0.0,0.0,1.2674581881841478,0.0,0.9174838116145206,0.0,0.0,,,,,8.549217307632743,0.0,
89390cb8943ffff,Planificado,0.5554926562713927,0.0,9.239989866339101,0.3555016902559531,0.3213529477320851,0.33174523570712133,0.41340688732865266,0.0,0.0,0.5,0.6931471805599453,0.0,0.0,1.6553403315093242,0.0,1.701377100846645,0.0,0.0,,,,,5.015531787782915,0.0,
89390ca14afffff,Planificado,0.6768524150306321,0.0,7.900705851190498,0.3145826367992867,0.24350830268583526,0.33174523570712133,0.3684943720049036,0.0,0.0,0.0,0.0,0.0,0.0,3.2087431644885718,0.0,1.1933316410832768,0.0,0.0,,,,,4.32161174861392,0.0,
89390cb0bb3ffff,Espontáneo,0.3573786566939375,1.0,8.134010135066976,0.6266948995133549,0.5994093391284966,0.7455700434637245,0.5351053159478435,18.464591048362564,0.18181818181818182,0.09090909090909091,2.2718685126965625,9.232295524181282,1.0,2.774191615191384,0.0,0.3895309350628712,9.232295524181282,0.0,11017.0,23778.076472605255,9.307194813340065,10.076561333183022,6.829771269344453,2.325548946207117,0.7973429390022945
89390cb8527ffff,Espontáneo,0.6794393770125938,1.0,9.214215208420967,0.3153999034139455,0.24350830268583526,0.33174523570712133,0.37094617184888,0.0,0.0,0.0,0.0,0.0,0.0,2.3061106341389426,0.0,1.8081347845984248,0.0,0.0,,,,,0.0,0.0,
89390cb521bffff,Transición,0.5438385026831118,,8.750623369131647,0.4889576135814851,0.7227237267357628,0.33174523570712133,0.4124038783015714,55.41815966191949,0.35294117647058826,0.11764705882352941,2.833213344056216,0.0,0.0,3.833158782091429,0.0,0.7042521754035899,27.709079830959745,0.0,,,,,8.358028802166004,3.3572134431477236,
89390ca3057ffff,Transición,0.46900297309159034,,4.07331621493677,0.3843846353876444,0.24350830268583526,0.33174523570712133,0.5779003677699767,0.0,0.0,0.0,0.0,0.0,0.0,0.958725231888624,0.0,0.6721731026263567,9.223616679128224,0.0,,,,,8.020284851701726,2.324700404671785,
89390cb037bffff,Planificado,0.6447525963115392,0.0,6.423308997113786,0.37465173297670784,0.24350830268583526,0.33174523570712133,0.5487016605371671,0.0,0.0,0.0,0.0,0.0,0.0,0.9818873091572442,0.0,0.803568552971562,18.444730592359566,0.0,,,,,6.649814078338404,2.967576112657505,
89390cb326bffff,Espontáneo,0.35133957359541684,1.0,12.56131426629759,0.24608083509788622,0.24350830268583526,0.33174523570712133,0.1629889669007021,0.0,0.0,0.0,0.0,0.0,0.0,9.47964008608531,0.0,4.281641800239468,0.0,0.0,,,,,3.7007865372388538,0.0,
89390ca332fffff,Espontáneo,0.12022086893205156,1.0,7.010632543261955,0.4382313607489134,0.5464727515880976,0.33174523570712133,0.4364760949515212,9.22769302819528,0.0625,0.25,1.8080457195839967,0.0,0.0,2.1140176366125134,0.0,0.993659064695223,0.0,0.0,,,,,5.838086476188492,0.0,
89390ca0023ffff,Planificado,0.8833140021228925,0.0,9.461354115631542,0.6029755934470077,0.7002674690738884,0.5956201939150786,0.5130391173520562,55.40741001849575,0.3,0.25,2.857102837442002,36.93827334566384,0.0,1.1009449514195433,0.0,0.9720520751068453,0.0,0.0,,,,,8.396821670140108,0.0,
89390cba3a7ffff,Espontáneo,0.3426885933405988,1.0,9.706911675986404,0.2821520115903265,0.24350830268583526,0.33174523570712133,0.2712024963780229,0.0,0.0,0.0,0.0,0.0,0.0,4.004024312502774,0.0,2.70432187980302,0.0,0.0,,,,,0.0,0.0,
89390cb0a83ffff,Espontáneo,0.48503693813576715,1.0,6.452425664565571,0.7587577547457186,0.8070879304580408,0.8116014710799064,0.6575838626992088,184.55418653291068,0.3333333333333333,0.2,3.4257543965870716,36.91083730658213,1.0,0.7985522702030755,0.0,0.43716122544602215,175.32647720626514,9.227709326645533,21338.92087667162,26116.453973040854,9.968287955473649,10.170359104406707,8.25865890182548,5.172337260806294,0.4213355329936566
89390ca26dbffff,Planificado,0.9231288617249575,0.0,1.6845492032649982,0.8403822578847655,0.6892900924997214,0.8693580742226681,0.9624986069319069,166.0709284668463,0.20689655172413793,0.19540229885057472,2.4592462632524312,27.678488077807717,2.0,0.3638788194034565,1.0,0.04079594221037922,202.9755792372566,0.0,34765.0,5609.621830327673,10.456366412533118,8.632416835569753,9.312629923022428,5.318000277057156,0.16394686805772354
89390cb024bffff,Espontáneo,0.270225734266033,1.0,7.651710246264777,0.333008284111594,0.24350830268583526,0.33174523570712133,0.4237713139418255,0.0,0.0,0.0,0.0,0.0,0.0,4.038355205536122,0.0,0.6258250195191387,0.0,0.0,,,,,7.092848443155805,0.0,
89390cb19c3ffff,Planificado,0.8534153872302337,0.0,3.204739724771579,0.8086667409636316,0.8708904491251532,0.8828151120026746,0.672294661763067,415.12032512740933,0.3,0.22,4.0737668237431635,184.4979222788486,1.0,0.6175026794038541,0.0,0.4641027430752464,138.37344170913644,0.0,24240.037373475214,37882.78909152991,10.095760981992095,10.542278571112934,9.030416177360037,4.937156961589631,0.27237985531099385
89390cbaaafffff,Espontáneo,0.5252174786744377,1.0,7.087139174242104,0.6141758609160816,0.5727181544633901,0.533099297893681,0.7367101303911735,9.214974463114137,0.08333333333333333,0.25,2.484906649788001,18.429948926228274,0.0,0.45057717148939874,1.0,1.0976295821504316,0.0,0.0,,,,,7.51644206282768,0.0,
89390ca361bffff,Transición,0.4840159125003353,,4.545000131065667,0.3833816263605631,0.24350830268583526,0.33174523570712133,0.5748913406887328,0.0,0.0,0.0,0.0,0.0,0.0,1.2042982291186621,0.0,0.5883349330575249,0.0,0.0,17255.0,3173.4034085177527,9.755857235532103,8.06287499084179,0.0,0.0,
89390ca3473ffff,Espontáneo,0.14700279891664544,1.0,2.404955823007062,0.8385434080017831,0.9176418143318846,0.9270310932798396,0.6709573163936252,627.1366455517664,0.3695652173913043,0.15217391304347827,4.150936705437945,73.78078182961957,2.0,0.7924094013525323,0.0,0.3981798392505815,258.2327364036685,55.33558637221468,13963.31860816944,41663.65940573991,9.544189070713053,10.63740855219367,7.633052940522189,5.557726254356877,0.7505885571679489
89390cb118bffff,Espontáneo,0.5993308215216889,1.0,7.580449310212749,0.35843642037222784,0.3346149559790483,0.33174523570712133,0.4089490694305138,0.0,0.0,0.3333333333333333,1.0986122886681096,0.0,0.0,4.718913932290712,0.0,0.6142796379923733,0.0,0.0,34765.0,3982.0365218533943,10.456366412533118,8.289799752573046,6.844742849293251,0.0,0.07036971944215928
89390cb0d6fffff,Planificado,0.7346052395696319,0.0,9.765902593099138,0.5446339017051153,0.6744678479884096,0.6053159478435306,0.35411790928340575,55.39232906481689,0.2727272727272727,0.3181818181818182,2.649948793001987,46.16027422068074,0.0,2.9312337923776304,0.0,1.587367692856117,0.0,0.0,23747.0,4201.806771591571,10.075211485694803,8.34350786002289,6.02266666050973,0.0,0.2252734380959556
89390cb53d7ffff,Planificado,0.859699010191026,0.0,10.909440324591131,0.5777331995987964,0.8027415580073555,0.6394182547642929,0.29103978602474084,129.3519356420668,0.4,0.2857142857142857,3.1988723686300133,92.39423974433342,0.0,5.992963498429101,0.0,1.2203870917369504,9.239423974433342,0.0,,,,,7.816601851273206,2.3262453655323867,
89390cb0953ffff,Planificado,0.7400508708215315,0.0,8.74244100012028,0.66495783647238,0.7286303354507968,0.7450685389501839,0.5211746350161596,46.160231644003815,0.5,0.1,2.0253262207700677,9.232046328800763,1.0,2.526641909546419,0.0,0.47227376086278533,0.0,0.0,18928.0,16219.871315417211,9.848397586218168,9.694054044809672,7.626355152488014,0.0,0.27565835462404686
89390cb0537ffff,Espontáneo,0.16942556203781958,1.0,11.644253262007167,0.26588097626211965,0.24350830268583526,0.33174523570712133,0.22238939039340244,0.0,0.0,0.0,0.0,0.0,0.0,5.701469357664211,0.0,2.9356715907437203,0.0,0.0,,,,,0.0,0.0,
89390ca25abffff,Espontáneo,0.3189624277752666,1.0,7.427922824571522,0.38848954270218056,0.3213529477320851,0.33174523570712133,0.5123704446673353,0.0,0.0,0.0,0.6931471805599453,0.0,0.0,2.5333247685156115,0.0,0.5015855247966591,0.0,0.0,34765.0,2000.2122099290339,10.456366412533118,7.601508380899172,2.5226585730276017,0.0,0.11386978785579525
89390cba907ffff,Espontáneo,0.056302652841388884,1.0,3.463504251065959,0.5592611166833835,0.7727070099186447,0.33174523570712133,0.5733311044243843,129.0736507584009,0.32558139534883723,0.13953488372093023,3.305582182534209,0.0,0.0,0.9587847762647655,0.0,0.6966551191435709,46.09773241371461,0.0,10177.22560858731,40461.563089892305,9.227907719422909,10.608132457452124,7.286924207572652,3.852224855780916,0.8577361872715139
89390cb1cafffff,Planificado,0.485123426172158,0.0,5.541541313993373,0.36302425795906235,0.24350830268583526,0.33174523570712133,0.5138192354842305,0.0,0.0,0.0,0.0,0.0,0.0,1.2329742812756523,0.0,0.8758378713497792,0.0,0.0,,,,,8.592412473628253,0.0,
89390ca218fffff,Planificado,0.6049424671307467,0.0,7.526550408304165,0.6846279579479179,0.7455143207399978,0.8029087261785356,0.5054608269252201,110.82095691331685,0.3076923076923077,0.28205128205128205,3.0607698091706665,27.705239228329212,1.0,2.875455997975195,0.0,0.47530330528661724,27.705239228329212,0.0,21651.0,2749.2902918659697,9.982806921740384,7.919461745768015,7.950213957033943,3.357079657614805,0.4563392901158683
89390cbad9bffff,Transición,0.4577532602064128,,5.420697340014864,0.28768713548051555,0.24350830268583526,0.33174523570712133,0.2878078680485902,0.0,0.0,0.0,0.0,0.0,0.0,3.5069264879279163,0.0,2.6814805618976942,0.0,0.0,,,,,0.0,0.0,
89390cb1893ffff,Planificado,0.3975423447075513,0.0,4.335806537599855,0.3687636985029162,0.3346149559790483,0.33174523570712133,0.4399309038225789,0.0,0.0,1.0,1.0986122886681096,0.0,0.0,1.902614051223369,0.0,1.0773005138713727,0.0,0.0,,,,,8.314646775602762,0.0,
89390ca0583ffff,Planificado,0.3904220272337138,0.0,7.780707036872251,0.5205152494520598,0.3213529477320851,0.5547475760615179,0.6854452245625766,0.0,0.0,0.0,0.6931471805599453,0.0,1.0,0.5560304012150519,0.0,0.439994176155439,0.0,0.0,16120.999999999998,13771.34938358347,9.687878048875998,9.530418193261186,7.990221245558694,0.0,0.3968004794262368
89390ca1d73ffff,Espontáneo,0.49904881391907735,1.0,13.975639791386515,0.25536795571900883,0.24350830268583526,0.33174523570712133,0.19085032876406996,0.0,0.0,0.0,0.0,0.0,0.0,5.948202678242395,0.0,5.474290190086104,0.0,0.0,,,,,0.0,0.0,
89390ca30cfffff,Espontáneo,0.14402235859540227,1.0,3.7794838976064073,0.6373565139864037,0.7697537055611278,0.5678702774991642,0.574445558898919,110.68034289509377,0.41379310344827586,0.2413793103448276,2.7551837579171723,27.670085723773443,0.0,0.6407778805827463,0.0,0.8840060849764494,36.893447631697924,18.446723815848962,9771.092840880345,31755.102482857423,9.187183595575627,10.365840190036465,7.013121146594822,3.634778211434745,0.8775340635122112
89390cb7257ffff,Planificado,0.6974925266708136,0.0,11.42649637970766,0.27776849065715664,0.24350830268583526,0.33174523570712133,0.2580519335785133,0.0,0.0,0.0,0.0,0.0,0.0,4.743825364291911,0.0,2.4537473091225217,0.0,0.0,,,,,7.356847249408066,0.0,
89390cb89cfffff,Planificado,0.7081510621427847,0.0,8.646467073480016,0.4550039005906609,0.5445224562576619,0.33174523570712133,0.4887440098071994,9.219815005954715,0.16666666666666666,0.0,1.5607104090414068,0.0,0.0,1.1471577542452136,0.0,1.1640599507231257,0.0,0.0,,,,,6.489078490633757,0.0,
89390cb56c3ffff,Espontáneo,0.14190359189577698,1.0,8.457049139831257,0.7155540696162562,0.8533377911512314,0.7490805750585088,0.5442438426390281,221.61171804377443,0.4067796610169492,0.13559322033898305,3.4764818041139463,9.233821585157267,1.0,3.7555717585297717,0.0,0.23804015530123654,64.63675109610088,9.233821585157267,14368.0,30409.966681862523,9.57275879054198,10.322558568454976,8.066665530594276,4.184135769203223,0.6816795004469196
89390ca2cb3ffff,Planificado,0.5152672874825978,0.0,10.469037021653577,0.4765314461904231,0.7970021174635016,0.33174523570712133,0.3008469854006464,83.15475097833897,0.6923076923076923,0.15384615384615385,2.564949357461537,0.0,0.0,4.843199299477086,0.0,1.4780791138834743,36.957667101483985,0.0,17445.0,6378.31920405854,9.766808353620874,8.760816662817335,7.763424607327616,3.6364715150956486,0.6054344559282279
89390cb85b3ffff,Espontáneo,0.09086494769751179,1.0,9.39439873961626,0.31283665812251565,0.24350830268583526,0.33174523570712133,0.36325643597459045,0.0,0.0,0.0,0.0,0.0,0.0,2.7395406285964126,0.0,1.566859924099996,0.0,0.0,,,,,0.0,0.0,
89390cb52a7ffff,Planificado,0.4198142235277757,0.0,10.258179994770877,0.3091589583565511,0.24350830268583526,0.33174523570712133,0.35222333667669675,0.0,0.0,0.0,0.0,0.0,0.0,5.334587529618842,0.0,0.805326164772672,0.0,0.0,,,,,0.0,0.0,
89390cb0823ffff,Planificado,0.8331839040271545,0.0,8.34008449771559,0.5613414317025149,0.5583974144656191,0.5547475760615179,0.5708793045804079,9.231026836545196,0.125,0.125,1.9061547465398496,0.0,1.0,1.841726370663737,0.0,0.4269538475625287,9.231026836545196,0.0,,,,,8.853975696695603,2.325424949955155,
89390cb0407ffff,Espontáneo,0.21769314329294664,1.0,12.062798522097031,0.28917307477989523,0.24350830268583526,0.33174523570712133,0.2922656859467291,0.0,0.0,0.0,0.0,0.0,0.0,6.361863067995133,0.0,1.1162100555352552,0.0,0.0,,,,,0.0,0.0,
89390ca247bffff,Planificado,0.5965570724480571,0.0,4.0920138566963695,0.7982094431442476,0.8971358520004458,0.797559344700769,0.699933132731528,341.49057991888697,0.3854166666666667,0.07291666666666667,3.913519339528319,27.688425398828674,1.0,0.6378092544438598,0.0,0.36183461932620736,83.06527619648602,0.0,23802.123715753423,37291.47784460439,10.077530087432995,10.526546918930018,6.120840426226926,4.4315935946365395,0.31026543097787557
89390cb181bffff,Planificado,0.8579097992756559,0.0,3.1697024034046217,0.4168524090790891,0.3411345146550763,0.33174523570712133,0.5776774768750697,0.0,0.0,0.36363636363636365,1.3667110520552042,0.0,0.0,0.9363344796820384,0.0,0.6844296245551172,0.0,0.0,,,,,9.293721414180334,0.0,
89390ca04cbffff,Espontáneo,0.24765451212805667,1.0,5.46828479600165,0.7197518481370037,0.943274267246183,0.6310598462052825,0.5849214309595453,701.4783973095588,0.4444444444444444,0.1111111111111111,3.9679765664847415,73.83983129574302,0.0,0.9915495647436492,0.0,0.6280328183989454,9.229978911967878,9.229978911967878,10809.819928315412,46198.84868301956,9.288210252614345,10.74073180180515,6.840510480809102,2.325322518570196,0.7756404416912149
89390cba84fffff,Espontáneo,0.5775468246537626,1.0,6.845179122713866,0.5584252758274825,0.7070099186448234,0.33174523570712133,0.6365206731305026,64.5030357449213,0.3181818181818182,0.22727272727272727,2.8389889331547,0.0,0.0,0.5136771812545761,0.0,0.6329265920260444,0.0,0.0,14677.090973201692,27133.15327170417,9.594043119943265,10.208548481724817,6.519163569777405,0.0,0.4575120174784845
89390cbad23ffff,Planificado,0.5776011897997768,0.0,3.8104333552708187,0.3419610683903562,0.24350830268583526,0.33174523570712133,0.45062966677811217,0.0,0.0,0.0,0.0,0.0,0.0,1.8319992269048915,0.0,1.0118044150877519,0.0,0.0,,,,,0.0,0.0,
89390ca2117ffff,Planificado,0.8193151893739934,0.0,7.651691775274917,0.5934284334484936,0.8252535383929566,0.5289200936141759,0.42611166833834835,129.29467426914098,0.7777777777777778,0.05555555555555555,2.736339051105066,9.235333876367212,0.0,3.114928287064151,0.0,0.7579681013250908,36.94133550546885,0.0,22663.12278231484,17150.09832753719,10.028494335427485,9.749817492965452,5.044966735036371,3.63604116434778,0.3749190241535452
89390ca33bbffff,Transición,0.5260920394998704,,5.595523229293322,0.5274527285560385,0.24350830268583526,0.630558341691742,0.7082915412905383,0.0,0.0,0.0,0.0,0.0,2.0,0.8740816154522117,0.0,0.24006279176159107,0.0,0.0,,,,,0.0,0.0,
89390ca00afffff,Planificado,0.8019345933599228,0.0,9.056733515138822,0.6673910620751142,0.6361863367881422,0.527415580073554,0.8385712693636466,27.703701035294422,0.2727272727272727,0.2727272727272727,2.2718685126965625,9.234567011764808,0.0,0.49896203950587414,1.0,0.5046097617948693,9.234567011764808,0.0,,,,,7.741280794158309,2.325770913554468,
89390cb8cbbffff,Espontáneo,0.33698411309420684,1.0,7.652684333229022,0.34679037111334,0.24350830268583526,0.33174523570712133,0.46511757494706335,0.0,0.0,0.0,0.0,0.0,0.0,2.4455931723659776,0.0,0.7068810037206295,0.0,0.0,,,,,5.613023024449061,0.0,
89390ca140bffff,Espontáneo,0.5732000061753341,1.0,8.457233253068615,0.3877837215349753,0.3346149559790483,0.33174523570712133,0.49699097291875627,0.0,0.0,0.3333333333333333,1.0986122886681096,0.0,0.0,2.4180720556050863,0.0,0.5787274587325962,0.0,0.0,,,,,3.482822410352268,0.0,
89390cb0b0fffff,Espontáneo,0.3845578399728254,1.0,7.004420276697517,0.6323693302128608,0.7470745570043463,0.5547475760615179,0.5952858575727181,46.1588955208012,0.5555555555555556,0.1111111111111111,2.1972245773362196,0.0,1.0,2.262881835733309,0.0,0.2716209662047151,18.46355820832048,0.0,21540.0,5568.629829221751,9.977666950710379,8.625083872763486,8.57155516732286,2.9685439073362634,0.3796265637799645
89390ca2b83ffff,Espontáneo,0.3338231531218798,1.0,12.406342712943836,0.2704873880901965,0.24350830268583526,0.33174523570712133,0.2362086258776329,0.0,0.0,0.0,0.0,0.0,0.0,4.401380550621891,0.0,4.202524015471935,0.0,0.0,,,,,6.876688227729412,0.0,
89390cb2287ffff,Espontáneo,0.6157242317990936,1.0,15.468248219391969,0.2571510828782644,0.24350830268583526,0.33174523570712133,0.1961997102418366,0.0,0.0,0.0,0.0,0.0,0.0,9.796525578590254,0.0,2.3932106370130395,0.0,0.0,,,,,0.0,0.0,
89390cb1e6bffff,Espontáneo,0.2547886192452766,1.0,3.8043772578372383,0.32542999368475795,0.24350830268583526,0.33174523570712133,0.4010364426613173,0.0,0.0,0.0,0.0,0.0,0.0,2.047034641848079,0.0,1.5010077107242374,0.0,0.0,,,,,0.0,0.0,
89390ca234bffff,Planificado,0.3892801090764959,0.0,5.909868917818577,0.7587577547457186,0.802407221664995,0.8159478435305918,0.6579181990415691,120.01620904017709,0.41935483870967744,0.12903225806451613,3.120952993909688,36.92806432005449,1.0,0.9346033448281991,0.0,0.38942431371293684,0.0,0.0,15988.133514986375,13618.789215765015,9.679602070746206,9.519279103501884,8.64014344411783,0.0,0.3889009744481023
89390cb1a4fffff,Espontáneo,0.04912041831178285,1.0,2.77281249640866,0.764608640737026,0.9142984509082804,0.7251755265797393,0.654351944723058,451.7827188227706,0.47115384615384615,0.15384615384615385,3.632339554474031,9.220055486178993,1.0,0.9199976517653949,0.0,0.4094777215890279,82.98049937561093,9.220055486178993,12679.349411493191,40788.80379927923,9.447729918433042,10.616187422279914,5.44227343063346,4.430584621601918,0.792371784578794
89390cbab3bffff,Espontáneo,0.5208493563578206,1.0,5.789138250500619,0.6300011144544746,0.7863033545079684,0.6078234704112337,0.49587651844422154,147.48838048052312,0.37209302325581395,0.37209302325581395,3.078296554699762,55.30814268019617,0.0,1.6174701775525822,0.0,0.7902340305036277,0.0,0.0,,,,,8.513406334415025,0.0,
89390ca36a7ffff,Espontáneo,0.05438462242709548,1.0,3.3388773749717253,0.7959526728333147,0.9136297782235596,0.5547475760615179,0.9194806642148668,793.1215784522814,0.35833333333333334,0.1875,4.044272067900345,0.0,1.0,0.3768668953909454,1.0,0.2779773459259267,83.00109541942479,18.444687870983287,9244.59826170932,55481.72259831648,9.13179468822148,10.923826946734373,8.318590886452204,4.430829839465722,0.8900353731557463
89390cb1c37ffff,Planificado,0.7756025523722238,0.0,5.194537820059833,0.3767691964783238,0.24350830268583526,0.33174523570712133,0.5550540510420149,0.0,0.0,0.0,0.0,0.0,0.0,1.2809514578356616,0.0,0.6369538080971746,0.0,0.0,,,,,8.999925262361478,0.0,
89390ca039bffff,Espontáneo,0.5922684954547404,1.0,9.990825489061464,0.32806753594115673,0.24350830268583526,0.33174523570712133,0.40894906943051373,0.0,0.0,0.0,0.0,0.0,0.0,2.0579659244083848,0.0,1.346019695009754,0.0,0.0,,,,,7.739106018972532,0.0,
89390ca2533ffff,Espontáneo,0.44164407727486055,1.0,7.459821107385343,0.4570099186448234,0.24350830268583526,0.5547475760615179,0.5727738771871169,0.0,0.0,0.0,0.0,0.0,1.0,2.535296634617648,0.0,0.29869425987852216,0.0,0.0,,,,,0.0,0.0,
89390ca328bffff,Planificado,0.827070704093768,0.0,5.487796990723879,0.7376202682120435,0.7677476875069654,0.7283517218321631,0.7167613952970021,73.77674570801466,0.47058823529411764,0.11764705882352941,2.670119889806817,9.222093213501832,1.0,0.810983085938734,0.0,0.23714959966204988,9.222093213501832,0.0,12455.0,22951.88212195401,9.429877427696281,10.041198790259799,3.8688393374787937,2.324551379214884,0.7665406564090889
89390ca2e6fffff,Planificado,0.7221760290343192,0.0,9.409753968708413,0.4742096660351425,0.6170734425498718,0.33174523570712133,0.47381031984843425,27.71210618839149,0.16666666666666666,0.1111111111111111,2.4471513082779124,0.0,0.0,1.329586079026334,0.0,1.1507359076582429,0.0,0.0,,,,,5.431041797829956,0.0,
89390cb5463ffff,Espontáneo,0.30177564824338743,1.0,10.807147684675616,0.5257253241205097,0.7324194806642149,0.5815780675359412,0.263178424161373,64.65999825572597,0.3684210526315789,0.3157894736842105,2.7709738809556863,27.711427823882556,0.0,5.975905101764273,0.0,1.6657065726742306,18.474285215921704,0.0,,,,,8.263176302045062,2.969094888434817,
89390ca2a53ffff,Transición,0.5137384831957069,,9.860759330900533,0.3248356179650061,0.24350830268583526,0.33174523570712133,0.3992533155020617,0.0,0.0,0.0,0.0,0.0,0.0,2.020301771108945,0.0,1.5636906888149902,0.0,0.0,,,,,4.538755935756841,0.0,
89390cb5047ffff,Planificado,0.3598385807171019,0.0,10.454982968389755,0.2861640476986515,0.24350830268583526,0.33174523570712133,0.2832386047029979,0.0,0.0,0.0,0.0,0.0,0.0,5.546521930989147,0.0,1.4853755967774296,0.0,0.0,,,,,7.866518813585766,0.0,
89390ca2637ffff,Planificado,0.4484000884252277,0.0,3.6826306960201,0.7981722946617631,0.8231360748913407,0.8734536944165832,0.6979271146773655,258.4252177894782,0.2616822429906542,0.14953271028037382,3.803771407338212,18.458944127819873,3.0,0.7485486573801647,0.0,0.327029739165736,55.376832383459615,9.229472063909936,22047.14501953125,45338.14925821942,10.00093839491977,10.721926160282027,7.38736716626284,4.032058300770618,0.3113563497378587
89390cb1d3bffff,Espontáneo,0.10134050342994966,1.0,4.782425948923381,0.7763289869608827,0.9425498718377355,0.6221999331327316,0.764237155912181,793.3634935019819,0.42574257425742573,0.11386138613861387,4.035046696201971,64.57609830830086,0.0,0.45828395841708314,1.0,0.8606932593993042,156.8276673201592,18.450313802371674,14058.062471290767,48674.115877542325,9.5509513515509,10.792923210875314,8.308468028130694,5.061503724602937,0.7066036372780824
89390cb01a7ffff,Espontáneo,0.238837930253049,1.0,10.141691979254375,0.3013577770348081,0.24350830268583526,0.33174523570712133,0.3288197927114677,0.0,0.0,1.0,0.0,0.0,0.0,3.7754917316238585,0.0,1.5084350688618746,0.0,0.0,,,,,0.0,0.0,
89390ca221bffff,Planificado,0.4057554585260771,0.0,3.789670555479361,0.8484620528251421,0.7802853003454809,0.8148612504179205,0.9502396077120249,92.29214575318748,0.45454545454545453,0.22727272727272727,2.7521915465690436,9.229214575318748,2.0,0.4058931626064445,1.0,0.1264190497842411,9.229214575318748,0.0,14360.0,24668.461108731317,9.572201842602215,10.113321365293384,9.170188581203403,2.3252478004098776,0.5632889377825403
89390cbae27ffff,Espontáneo,0.48308637277978733,1.0,7.310163403735473,0.5257717597236152,0.7140309818343921,0.33174523570712133,0.5315390616293324,36.85481279484978,1.0,0.0,1.3862943611198906,0.0,0.0,1.3992639165875644,0.0,0.6998673959531796,0.0,0.0,10948.0,65997.99283920071,9.30091207016057,11.097394760880016,4.578322073633466,0.0,0.6766166597799523
89390cbaa0bffff,Espontáneo,0.1506764457640697,1.0,8.296467556813104,0.37361157546714213,0.3571826590883762,0.33174523570712133,0.4319068316059289,0.0,0.0,0.09090909090909091,1.6726254461503207,0.0,0.0,1.4718973142098244,0.0,1.6177969734341886,0.0,0.0,,,,,5.484934316287824,0.0,
89390cb1503ffff,Espontáneo,0.2754892676496388,1.0,9.341024510585038,0.28274638731007834,0.24350830268583526,0.33174523570712133,0.2729856235372785,0.0,0.0,0.0,0.0,0.0,0.0,5.729244008102667,0.0,1.5949775376408184,0.0,0.0,,,,,6.025545465994185,0.0,
89390ca3577ffff,Planificado,0.5980062745907975,0.0,2.783268006883522,0.4207715739812028,0.3213529477320851,0.33174523570712133,0.609216538504402,0.0,0.0,0.5,0.6931471805599453,0.0,0.0,0.6976922615357333,0.0,0.6630113679818639,378.2934108038527,0.0,,,,,4.302404266176842,5.938310076553061,
89390ca315bffff,Espontáneo,0.42863029308656164,1.0,4.6473628721514855,0.7840372970764143,0.6966454920316504,0.73386827148111,0.9215981277164828,46.1320786094418,0.3333333333333333,0.2,2.7080502011022105,9.22641572188836,1.0,0.4910519718893461,1.0,0.2249087252043378,36.90566288755344,0.0,10494.0,35425.43823866568,9.258558944246657,10.475213663273646,5.159236978929062,3.6351005174849766,0.864746495595712
89390cb0ccbffff,Espontáneo,0.38731332315644207,1.0,9.567074486655677,0.4229261859653033,0.5562799509640031,0.33174523570712133,0.3807533712247855,9.22645879563787,0.1,0.4,1.9730014063936128,0.0,0.0,3.05902331541359,0.0,1.1194934016793714,0.0,0.0,,,,,5.712984595166611,0.0,
89390cb08afffff,Planificado,0.7106912289146328,0.0,8.86777991417317,0.5682603365652513,0.7402763847096846,0.5198930123704447,0.4446116126156247,83.07927834831516,0.3333333333333333,0.25925925925925924,2.9877714524221317,9.231030927590574,0.0,2.0260732547410307,0.0,0.9693035644739971,110.77237113108689,9.231030927590574,19061.0,28108.13999470989,9.855399641729074,10.243850069149742,6.343604149484239,4.716464402551016,0.5254903443758651
89390cb08dbffff,Espontáneo,0.32207449780070635,1.0,7.983709088169108,0.7816783684386492,0.8908391842193245,0.7703109327983952,0.6838849882982281,267.6112311386688,0.453125,0.1875,3.601010344054573,18.455946975080607,1.0,0.9228924654883993,0.0,0.3089842464110366,46.139867437701525,9.227973487540304,14733.727484989993,36815.83985584689,9.597894531414727,10.513710624266334,5.492772007166119,3.8531190854060577,0.6794613398422669
89390cb0493ffff,Espontáneo,0.4800092642871739,1.0,13.461813725788437,0.4341636019168617,0.3404658419703555,0.5547475760615179,0.4072773877187117,0.0,0.0,0.2,1.3321790402101223,0.0,1.0,7.797014796921565,0.0,0.41714856024637154,0.0,0.0,,,,,0.0,0.0,
89390ca2507ffff,Espontáneo,0.13983408568295594,1.0,7.142278233460917,0.46952895724209665,0.24350830268583526,0.5547475760615179,0.6103309929789368,0.0,0.0,0.0,0.0,0.0,1.0,2.226207863196781,0.0,0.21390799422477144,0.0,0.0,,,,,0.0,0.0,
89390cb1c0bffff,Planificado,0.6932943135215771,0.0,5.321746575536652,0.3407723169508525,0.24350830268583526,0.33174523570712133,0.44706341245960096,0.0,0.0,0.0,0.0,0.0,0.0,2.441595895505418,0.0,0.7970445497645751,0.0,0.0,,,,,8.206584401945566,0.0,
89390cb0077ffff,Espontáneo,0.5327390847168929,1.0,9.026030121042659,0.34287120621122624,0.3213529477320851,0.33174523570712133,0.37551543519447234,0.0,0.0,1.0,0.6931471805599453,0.0,0.0,3.291842728224268,0.0,1.0794395605218348,0.0,0.0,,,,,0.0,0.0,
89390cba8dbffff,Espontáneo,0.3789451978361731,1.0,7.177959027744848,0.33252535383929566,0.24350830268583526,0.33174523570712133,0.42232252312493035,0.0,0.0,0.0,0.0,0.0,0.0,1.9405698988167532,0.0,1.2607450153945414,0.0,0.0,,,,,3.7453952855068215,0.0,
89390cb5e57ffff,Transición,0.5137056228576617,,13.175531491777395,0.262723355250938,0.24350830268583526,0.33174523570712133,0.21291652735985736,0.0,0.0,0.0,0.0,0.0,0.0,7.233864926577073,0.0,2.319639738079933,0.0,0.0,,,,,0.0,0.0,
89390ca3447ffff,Espontáneo,0.15070200831502167,1.0,2.5711480909734794,0.7640885619822431,0.7776663323303245,0.7890337679705783,0.7255655856458264,147.55342542474295,0.2962962962962963,0.18518518518518517,3.411110451035092,27.666267267139304,1.0,0.9289721658631234,0.0,0.13166405263720393,129.10924724665009,36.88835635618574,12508.0,17534.781845439906,9.434123718577732,9.771998749287143,8.086409033990561,4.8683744609837,0.8174836589603904
89390cb2b4bffff,Espontáneo,0.3870730520726225,1.0,11.086445276835573,0.2957112076971655,0.24350830268583526,0.33174523570712133,0.31188008469854006,0.0,0.0,0.0,0.0,0.0,0.0,4.0297704526310385,0.0,1.6564929486344526,0.0,0.0,,,,,3.5531570272756667,0.0,
89390ca013bffff,Espontáneo,0.2897611124731956,1.0,11.097901481947462,0.3111278279282291,0.24350830268583526,0.33174523570712133,0.35812994539173076,0.0,0.0,0.0,0.0,0.0,0.0,2.154317915313406,0.0,2.2848266886972777,0.0,0.0,,,,,6.810192236383907,0.0,
89390ca18b3ffff,Espontáneo,0.5905052791412789,1.0,14.072941008838212,0.25187599836546676,0.24350830268583526,0.33174523570712133,0.18037445670344365,0.0,0.0,0.0,0.0,0.0,0.0,6.453777019696764,0.0,5.784361770546157,0.0,0.0,,,,,0.0,0.0,
89390ca302bffff,Planificado,0.6451207369754217,0.0,4.461709939813581,0.3787752145324863,0.24350830268583526,0.33174523570712133,0.5610721052045023,0.0,0.0,0.0,0.0,0.0,0.0,1.1723718020500449,0.0,0.6506340148370486,0.0,0.0,,,,,7.689113805838674,0.0,
89390cb892bffff,Planificado,0.7850344665618704,0.0,8.902779077123158,0.5048757383260893,0.7594450016716817,0.33174523570712133,0.4234369775994651,55.33110689605725,0.5454545454545454,0.09090909090909091,2.3978952727983707,0.0,0.0,1.5624353974439376,0.0,1.6444398280206942,239.76812988291476,46.109255746714375,,,,,6.919181995381206,5.483834353690928,
89390ca1497ffff,Espontáneo,0.29162517338978433,1.0,6.889569153598549,0.7387161484453361,0.8740109216538504,0.8092611166833834,0.532876406998774,249.05843325080187,0.42857142857142855,0.2222222222222222,3.5483720159410868,36.89754566678546,1.0,2.3433675193420314,0.0,0.4616978328340264,9.224386416696365,9.224386416696365,13973.830347144456,36604.85202427251,9.544941598430745,10.50796339798176,5.709878053869207,2.32477569198125,0.6316488788047295
89390cb0b9bffff,Espontáneo,0.26550710302768604,1.0,7.472905239779675,0.6711337716854265,0.8246963111556892,0.5547475760615179,0.6339574278390728,147.6922618205019,0.8,0.0,2.6491586832740177,0.0,1.0,1.7891296263649825,0.0,0.22280590171524214,0.0,0.0,14779.0,16868.303920517294,9.600962533214572,9.733250913308614,7.227089212824034,0.0,0.4697943771622562
89390ca2c0fffff,Planificado,0.7139531431877647,0.0,10.012307340161808,0.2987945317433783,0.24350830268583526,0.33174523570712133,0.3211300568371782,0.0,0.0,0.0,0.0,0.0,0.0,3.6281438751925643,0.0,1.7174470035700335,0.0,0.0,,,,,0.0,0.0,
89390cb5203ffff,Planificado,0.7050147746418831,0.0,9.077374352034452,0.33910063523905043,0.24350830268583526,0.33174523570712133,0.44204836732419484,0.0,0.0,0.0,0.0,0.0,0.0,4.165805620683651,0.0,0.5412428283724574,0.0,0.0,,,,,7.568940394307521,0.0,
89390cb0363ffff,Planificado,0.6347679442570853,0.0,6.366319447972729,0.5495467885136892,0.6762509751476653,0.33174523570712133,0.640644154686281,18.445748386449896,0.5,0.0,1.3862943611198906,0.0,0.0,0.671833153063462,0.0,0.5501483233224089,0.0,0.0,28525.0,23632.756426318727,10.258536174730276,10.070431326074884,7.125734356835897,0.0,0.08182791103284133
89390ca23d7ffff,Espontáneo,0.11714022247456948,1.0,5.603267458405809,0.37216278465024705,0.24350830268583526,0.33174523570712133,0.5412348155577844,0.0,0.0,0.0,0.0,0.0,0.0,1.4128855518697174,0.0,0.649059685335229,0.0,0.0,,,,,9.293616247895924,0.0,
89390cb1adbffff,Espontáneo,0.36623912173996237,1.0,3.5847785843674926,0.34675322263085545,0.24350830268583526,0.33174523570712133,0.46500612949960995,0.0,0.0,0.0,0.0,0.0,0.0,1.6756410287458914,0.0,0.9773476986814342,0.0,0.0,,,,,0.0,0.0,
89390cbabc7ffff,Espontáneo,0.1444863603463937,1.0,6.20092526733952,0.7011218841710316,0.7880307589434973,0.630558341691742,0.6847765518778558,82.94848583792893,0.5625,0.1875,2.599301927099795,0.0,2.0,1.1587227374585543,0.0,0.2137209825690483,9.216498426436548,9.216498426436548,11358.030067895248,33883.537606385886,9.33768026772171,10.430714071509447,7.648775101509637,2.32400390634556,0.7493994488632215
89390ca0427ffff,Planificado,0.6724709376000013,0.0,7.433689322041455,0.415255024332256,0.3294327426724618,0.33174523570712133,0.5845870946171848,0.0,0.0,0.0,1.0397207708399179,0.0,0.0,1.1942172557861221,0.0,0.5518859503968632,0.0,0.0,,,,,8.787297088498205,0.0,
89390ca3317ffff,Transición,0.4794436408255489,,5.84621968160749,0.4704205208217244,0.24350830268583526,0.5547475760615179,0.6130056837178202,0.0,0.0,0.0,0.0,0.0,1.0,1.2291270336643498,0.0,0.4417998838150844,0.0,0.0,,,,,8.652458142961326,0.0,
89390cb2a1bffff,Espontáneo,0.23127361831521517,1.0,11.686365881692554,0.2688900033433634,0.24350830268583526,0.33174523570712133,0.2314164716371336,0.0,0.0,0.0,0.0,0.0,0.0,5.29330335652999,0.0,2.944943789640117,0.0,0.0,,,,,0.0,0.0,
89390ca000bffff,Planificado,0.6416052599923148,0.0,8.712249583242201,0.7815483487499536,0.8136074891340689,0.8286526245402875,0.7023849325755043,156.96167228974969,0.4473684210526316,0.21052631578947367,2.9467317827026274,46.16519773227932,1.0,1.0971286372868971,0.0,0.16449208364174805,0.0,0.0,15016.416286644951,18112.794794739893,9.616899300754007,9.804429070325947,7.737751493842667,0.0,0.4435374371344182
89390cba38fffff,Espontáneo,0.23200551613909962,1.0,10.739319539756094,0.26825847914112705,0.24350830268583526,0.33174523570712133,0.2295218990304246,0.0,0.0,0.0,0.0,0.0,0.0,4.921389505032545,0.0,3.605664302935039,0.0,0.0,,,,,0.0,0.0,
89390cb0e87ffff,Planificado,0.6031642083294778,0.0,8.33007825329777,0.5224098220587688,0.7036108324974926,0.33174523570712133,0.5318733979716929,46.13224803883023,0.35714285714285715,0.07142857142857142,2.6390573296152584,0.0,0.0,1.989148880318644,0.0,0.5310217592782172,0.0,0.0,,,,,7.7805381799048305,0.0,
89390cb0a6bffff,Planificado,0.5952955488117012,0.0,4.58546846852331,0.8305750585088599,0.8336119469519669,0.9228518890003343,0.7352613395742784,221.47088447625356,0.32432432432432434,0.14864864864864866,3.754894038043814,64.5956746389073,2.0,0.5972615299787958,0.0,0.2625789804645631,92.27953519843899,9.227953519843899,33088.87787787788,21893.39904213755,10.406952489125123,9.993986131594031,8.999953029849168,4.535600739725692,0.12256610619842163
89390cb50d3ffff,Planificado,0.6899366892899964,0.0,10.455257785465845,0.2817805267654816,0.24350830268583526,0.33174523570712133,0.27008804190348823,0.0,0.0,0.0,0.0,0.0,0.0,5.712087778378912,0.0,1.6461889736691977,0.0,0.0,,,,,0.0,0.0,
89390ca26c3ffff,Planificado,0.9164588696881885,0.0,1.977286523460772,0.8737880307589435,0.8487685278056393,0.8579070544968238,0.9146885099743676,848.8538054886303,0.3382352941176471,0.13602941176470587,3.2594981489886616,83.04004618910514,1.0,0.19356542543655217,1.0,0.3374170050112466,341.38685655521,0.0,34765.0,23893.915972437208,10.456366412533118,10.081420994472793,7.549307886734171,5.835941257301874,0.14876085304278377
89390cb1dc7ffff,Espontáneo,0.42419200726321965,1.0,5.374696239518604,0.646392882350756,0.6907388833166165,0.5547475760615179,0.6936921876741335,36.89453103275043,0.4,0.3,2.163955656882057,0.0,1.0,0.5887824148865772,0.0,0.4011695305202393,27.67089827456282,9.223632758187607,,,,,8.234407744117044,3.355882610920425,
89390cb0233ffff,Transición,0.5434811476193242,,7.7640023986214,0.3370946171848879,0.24350830268583526,0.33174523570712133,0.4360303131617074,0.0,0.0,0.0,0.0,0.0,0.0,2.7923110141793774,0.0,0.771060879082507,0.0,0.0,,,,,7.917337382637153,0.0,
89390cb288bffff,Espontáneo,0.3711786610789139,1.0,14.63516758731673,0.24912701066161444,0.24350830268583526,0.33174523570712133,0.17212749359188675,0.0,0.0,0.0,0.0,0.0,0.0,7.82219806193199,0.0,4.005728405066828,0.0,0.0,,,,,0.0,0.0,
89390ca22a7ffff,Planificado,0.5369294211276325,0.0,4.923960701775845,0.36707344254987184,0.24350830268583526,0.33174523570712133,0.525966789256659,0.0,0.0,0.0,0.0,0.0,0.0,1.0812284769214011,0.0,0.8842319202172902,0.0,0.0,,,,,9.67228326678062,0.0,
89390cb19abffff,Planificado,0.7686222943645992,0.0,3.685590176629456,0.5688918607674877,0.5784018722835172,0.587930458040789,0.5403432519781567,9.226932590948179,0.05555555555555555,0.2222222222222222,2.5532370029937144,36.907730363792716,0.0,1.181880400041362,0.0,0.7431472515686889,0.0,0.0,34765.0,10243.184542222356,10.456366412533118,9.234465461821577,8.808327862799098,0.0,0.046836586162966716
89390ca3187ffff,Espontáneo,0.37494783157624983,1.0,3.943525260401594,0.8866599799398194,0.8992533155020617,0.8259779338014042,0.9347486905159924,599.8327394080409,0.34759358288770054,0.16042780748663102,3.9919908108186184,46.14097995446468,1.0,0.2830324834582688,1.0,0.253302994259821,193.79211580875167,18.456391981785874,10664.53937947494,35631.837910539056,9.27467944005009,10.48102290489587,9.279715219144888,5.271932917128342,0.8649120762332616
89390cbaa97ffff,Espontáneo,0.29546163232985523,1.0,7.492908210962575,0.7578290426836064,0.8594115680374457,0.7556001337345369,0.6584754262788365,202.70148029093374,0.4888888888888889,0.2222222222222222,3.2848874318889183,18.427407299175794,1.0,0.9694675960210443,0.0,0.3728545165109338,9.213703649587897,0.0,13652.768531468531,44544.874010591215,9.521697602865546,10.704274813808397,5.657389961273173,2.3237303136658904,0.6394842853040865
89390ca3603ffff,Espontáneo,0.20402802597474065,1.0,4.358773043817127,0.3911828076823061,0.24350830268583526,0.33174523570712133,0.5982948846539619,0.0,0.0,0.0,0.0,0.0,0.0,1.077070701751252,0.0,0.546849243331879,0.0,0.0,,,,,7.10622580998754,0.0,
89390cb1113ffff,Espontáneo,0.18137786876598005,1.0,7.230405314348574,0.45141907203090753,0.34988298228017384,0.5547475760615179,0.44962665775103083,0.0,0.0,0.14285714285714285,1.475076311054695,0.0,1.0,4.574994267282791,0.0,0.4755940294301898,0.0,0.0,,,,,7.41877335772234,0.0,
89390cb1173ffff,Transición,0.4751132139023729,,6.432845574048964,0.4152550243322561,0.24350830268583526,0.5547475760615179,0.44750919424941493,0.0,0.0,0.0,0.0,0.0,1.0,4.44983172720137,0.0,0.49292530910371635,0.0,0.0,,,,,0.0,0.0,
89390cb0d57ffff,Planificado,0.8989128368995396,0.0,10.15989214336812,0.5274713027972807,0.6586983171737434,0.5526579739217653,0.3710576172963334,36.92314974044159,0.3333333333333333,0.4166666666666667,2.094729047527649,18.461574870220794,0.0,2.956723993178268,0.0,1.2908162854736507,9.230787435110397,0.0,20550.0,23819.83693207273,9.930616219924381,10.078315977979399,6.926007969126727,2.325401550130327,0.32735384555889696
89390ca2dcbffff,Planificado,0.5637407864909473,0.0,11.231172140474387,0.2751309484007578,0.24350830268583526,0.33174523570712133,0.25013930680931684,0.0,0.0,0.0,0.0,0.0,0.0,4.694693667561724,0.0,2.7564495698372355,0.0,0.0,,,,,6.354825857174907,0.0,
89390cb093bffff,Planificado,0.6753481570349874,0.0,9.645262988360834,0.442744901370779,0.24350830268583526,0.5547475760615179,0.5299788253649839,0.0,0.0,0.0,0.0,0.0,1.0,3.901664692106486,0.0,0.27379211512117296,0.0,0.0,,,,,0.0,0.0,
89390ca2593ffff,Espontáneo,0.18727124140380216,1.0,7.150936748151519,0.5987778149262603,0.8660425721609272,0.5235707121364093,0.4067201604814443,193.88870869735976,0.5,0.07142857142857142,3.3166689368317535,9.232795652255227,0.0,2.6343012832679,0.0,1.024143047368912,9.232795652255227,9.232795652255227,17382.241898527005,24410.6544085028,9.76320438351126,10.102815936940504,6.5278486663254895,2.3255978224197595,0.46238696904184023
89390ca0297ffff,Espontáneo,0.24157417323829114,1.0,8.52667526816498,0.36142687321222927,0.24350830268583526,0.33174523570712133,0.5090270812437312,0.0,0.0,0.0,0.0,0.0,0.0,1.879000745933495,0.0,0.6442932463303189,0.0,0.0,,,,,0.0,0.0,
89390cb0103ffff,Espontáneo,0.3381767230858952,1.0,9.446624137397878,0.32866191166090863,0.24350830268583526,0.33174523570712133,0.4107321965897693,0.0,0.0,0.0,0.0,0.0,0.0,3.5256460280667667,0.0,0.7616538828383463,0.0,0.0,,,,,6.5296160750241725,0.0,
89390ca2177ffff,Espontáneo,0.4325672956295739,1.0,7.766261925640199,0.3896411456591999,0.35434080017831276,0.33174523570712133,0.4828374010921654,0.0,0.0,0.0,1.6094379124341005,0.0,0.0,2.485577198853989,0.0,0.6201373658078387,9.235586732353116,0.0,12062.0,15394.438507553888,9.397815294010933,9.641826543717407,7.494544023846027,2.3258705435427816,0.7548550567806331
89390cbad83ffff,Espontáneo,0.22302097596957565,1.0,5.091619047067167,0.2935565957130651,0.24350830268583526,0.33174523570712133,0.30541624874623874,0.0,0.0,0.0,0.0,0.0,0.0,3.1937056764436553,0.0,2.4502254791845175,0.0,0.0,,,,,0.0,0.0,
89390cb187bffff,Planificado,0.9744074990146364,0.0,2.2598177253670353,0.8904305509119953,0.8988632564359745,0.875794048813106,0.8966343474869052,534.8961809831007,0.38666666666666666,0.19333333333333333,3.7723157592147434,138.33521921976745,1.0,0.3294666792915186,1.0,0.3652972187964526,119.89052332379845,27.66704384395349,31941.516057585824,40938.25909982947,10.371661886440465,10.61984476183192,7.856367863080181,4.794885370129987,0.13292071431238245
89390cba967ffff,Espontáneo,0.17386087336043313,1.0,3.8395459851857368,0.6914075560013374,0.8338905605706008,0.6476094951521231,0.5927226122812884,341.132635270377,0.25,0.22297297297297297,3.8807930244327755,119.85741239229462,0.0,0.6154061627010924,0.0,0.7893934455059397,64.53860667277402,9.219800953253433,10779.321125594868,39856.66096905322,9.285384867117699,10.593069910887257,8.58226309680207,4.18263938385601,0.8298997252620787
89390cb2ca7ffff,Planificado,0.7408892764160068,0.0,16.83402508597337,0.26417214606783307,0.24350830268583526,0.33174523570712133,0.21726289981054273,0.0,0.0,0.0,0.0,0.0,0.0,10.006177858389794,0.0,1.8927062961112728,0.0,0.0,,,,,0.0,0.0,
89390ca34d3ffff,Espontáneo,0.6833658670481322,1.0,2.2602432391143727,0.702589249229169,0.6895129833946282,0.760448010698763,0.6578067535941158,55.32643246982698,0.3,0.25,2.7616257121977803,18.442144156608993,1.0,1.1077408551735575,0.0,0.32981503493142583,27.66321623491349,0.0,17967.0,22608.85711943417,9.796292020932572,10.026141245899291,8.464515889953017,3.355614636442716,0.4550614152807334
89390ca35a3ffff,Planificado,0.9314003449179018,0.0,2.2713760312857847,0.7951725547011406,0.8356179650061296,0.8111835506519559,0.7387161484453361,175.31638511978812,0.41304347826086957,0.06521739130434782,3.3597210682330383,9.227178164199374,2.0,0.6389337209094839,0.0,0.2266002866076691,46.13589082099687,9.227178164199374,29593.391513982642,50896.32699877518,10.295306355723255,10.83756568640083,9.2360489992048,3.853034724022379,0.11776232897917581
89390cb2bd7ffff,Planificado,0.7043778567582056,0.0,12.648024982198022,0.3797967978008098,0.5882647943831495,0.33174523570712133,0.2193803633121587,9.228776187824797,0.3333333333333333,0.3333333333333333,1.0986122886681096,0.0,0.0,5.6046188689621275,0.0,3.2062177415648345,0.0,0.0,,,,,0.0,0.0,
89390ca01c7ffff,Transición,0.46995895597729087,,9.888097120868148,0.3647702366358334,0.24350830268583526,0.33174523570712133,0.5190571715145437,0.0,0.0,0.0,0.0,0.0,0.0,0.9429823310832307,0.0,1.0741269749660598,0.0,0.0,,,,,0.0,0.0,
89390cb5ac7ffff,Planificado,0.7911138582792064,0.0,14.17406538428145,0.27830714365318177,0.32803967457929345,0.33174523570712133,0.17513652067313049,0.0,0.0,0.2,0.9502705392332347,0.0,0.0,7.29784050545623,0.0,4.300692899824884,0.0,0.0,,,,,7.608760574596831,0.0,
89390ca30b7ffff,Planificado,0.48024192006882205,0.0,2.9930457896542237,0.5291894201121884,0.24350830268583526,0.6557171514543632,0.6883428061963669,0.0,0.0,0.0,0.0,0.0,3.0,1.0429662850177714,0.0,0.2526706577610544,0.0,0.0,,,,,0.0,0.0,
89390cb152fffff,Espontáneo,0.38764934975124404,1.0,8.208550826438584,0.33869200193172105,0.34536944165830824,0.33174523570712133,0.33896132842973364,0.0,0.0,0.0,1.3862943611198906,0.0,0.0,4.590947008841759,0.0,1.0360524613786415,0.0,0.0,34765.0,1689.44026487312,10.456366412533118,7.432744285749066,6.896934570450703,0.0,0.08670357620313542
89390cb89b7ffff,Transición,0.4745189468027764,,7.327397164462007,0.7293733051004866,0.7542627883650953,0.7286860581745236,0.705171068761841,156.77568046549055,0.27419354838709675,0.03225806451612903,3.205715103034843,9.222098850911209,1.0,0.7599221926369191,0.0,0.29901581795078486,0.0,0.0,10048.0,47887.82927198871,9.21512888870798,10.776637546848423,7.552617666870929,0.0,
89390cbaa37ffff,Espontáneo,0.4764744270888547,1.0,7.096388170338337,0.5857386975742042,0.7133065864259445,0.49732530926111673,0.5465841970355511,46.07614461645182,0.4166666666666667,0.08333333333333333,2.3693821196946763,9.215228923290363,0.0,0.7908230604094638,0.0,0.970749047652731,0.0,0.0,11965.0,16454.242579081532,9.389741000342473,9.708399403236662,7.239438548764896,0.0,0.6437833302465635
89390cb0c27ffff,Planificado,0.7576950191282568,0.0,9.87687458437096,0.38772799881124853,0.35116460492588875,0.33174523570712133,0.4802741558007355,0.0,0.0,0.16666666666666666,1.5607104090414068,0.0,0.0,2.6366691803899993,0.0,0.6026222953591066,0.0,0.0,,,,,3.7746748751526535,0.0,
89390ca2c9bffff,Planificado,0.6218136892764747,0.0,9.447982986136989,0.31023626434860135,0.24350830268583526,0.33174523570712133,0.3554552546528475,0.0,0.0,1.0,0.0,0.0,0.0,4.364146355295183,0.0,0.956186143650516,0.0,0.0,,,,,6.315141041975745,0.0,
89390cb528fffff,Planificado,0.5651670991424004,0.0,9.291581299352913,0.42970578401872284,0.24350830268583526,0.5547475760615179,0.4908614733088153,0.0,0.0,0.0,0.0,0.0,1.0,4.365052767918759,0.0,0.35674538313927606,0.0,0.0,,,,,0.0,0.0,
89390cb080bffff,Planificado,0.7719481477790556,0.0,7.8122745445722765,0.5280378171551692,0.6705672573275381,0.33174523570712133,0.581800958430848,27.688493863726176,0.375,0.25,2.0794415416798357,0.0,0.0,0.8300983241328839,0.0,0.714938729482223,9.229497954575393,0.0,30406.0,35573.02888706472,10.322395236340782,10.47937112496255,8.185549790227835,2.325275502960197,0.09463701963313689
89390ca2463ffff,Planificado,0.8671085172113806,0.0,4.400197706455073,0.8155577844645047,0.786414799955422,0.8993647609495152,0.7608937924885768,101.52983031425933,0.3793103448275862,0.13793103448275862,3.223886068491313,27.689953722070726,3.0,0.6306832440198888,0.0,0.11969723031328655,18.45996914804715,0.0,26547.58897876643,27267.22063012649,10.186694211953952,10.213477223623718,7.942565384157759,2.9683594913530644,0.17092884169178943
89390cb1b67ffff,Espontáneo,0.14999039321160604,1.0,0.7530367048168681,0.8838181210297561,0.7561573609718044,0.9531929120695419,0.9421040900479216,221.4034233300319,0.18461538461538463,0.43846153846153846,3.338552561102328,73.80114111001063,3.0,0.44369608345414663,1.0,0.15177106740773624,756.461696377609,0.0,23881.276586237713,20311.038174022793,10.080850024462853,9.918969002765516,9.510958380041489,6.6299729702668895,0.39779010094742684
89390ca2047ffff,Espontáneo,0.6255406578601401,1.0,4.6618327909011095,0.49640588431962557,0.5669787139195365,0.33174523570712133,0.5904937033322188,9.230999234836439,0.25,0.25,1.3862943611198906,0.0,0.0,1.0431950067770588,0.0,0.5881895361237345,9.230999234836439,0.0,13476.0,31573.73305413508,9.508665604526444,10.360112492840438,4.50566448737216,2.325422252108064,0.6864694020715468
89390ca04b3ffff,Planificado,0.6969889504386422,0.0,6.203110734219385,0.42207177086816,0.36158475426278835,0.33174523570712133,0.5728853226345704,0.0,0.0,0.16666666666666666,1.791759469228055,0.0,0.0,1.2640742827304656,0.0,0.5733086161014888,0.0,0.0,,,,,7.603954786483685,0.0,
89390cba837ffff,Planificado,0.5736992666308607,0.0,5.067235395099376,0.7652587391805045,0.9408224674022065,0.7571046472751588,0.5978491028641479,580.6713211609629,0.4772727272727273,0.17424242424242425,3.861430762643329,18.434010195586122,1.0,1.6372792181647364,0.0,0.3795050684107357,46.08502548896531,0.0,17460.207700955594,37126.83695973638,9.76767972513931,10.52212228960929,7.072988775029999,3.851955020301273,0.5083060774455708
89390ca33a3ffff,Transición,0.5491712673309157,,5.712585396597415,0.5247037408521862,0.24350830268583526,0.630558341691742,0.7000445781789814,0.0,0.0,0.0,0.0,0.0,2.0,0.8220747270681544,0.0,0.2913327442181683,0.0,0.0,,,,,0.0,0.0,
89390ca0097ffff,Espontáneo,0.3329847244747647,1.0,7.796016156745845,0.5199022994910658,0.24350830268583526,0.5547475760615179,0.7614510197258442,0.0,0.0,0.0,0.0,0.0,1.0,0.6389061239912829,0.0,0.10635959062321569,0.0,0.0,,,,,6.648839962572347,0.0,
89390ca2b6bffff,Espontáneo,0.14534827713837326,1.0,13.245183219819468,0.26380066124298823,0.24350830268583526,0.33174523570712133,0.21614844533600805,0.0,0.0,0.0,0.0,0.0,0.0,4.965377674914063,0.0,4.739948333133286,0.0,0.0,,,,,6.098866031518009,0.0,
89390cb194bffff,Planificado,0.930094915918597,0.0,1.9757273513187126,0.8828894089676438,0.8755154351944724,0.9896355733868272,0.7835172183216316,691.8669226505334,0.2952755905511811,0.2952755905511811,3.9502948039723593,295.1965536642276,3.0,0.5032509409559958,0.0,0.027182769802715535,618.0677842344766,36.89956920802845,25252.248262164845,40648.56849442729,10.13667047082541,10.612743499776375,6.625410725985704,6.428214772722328,0.3556359849215467
89390cb226fffff,Espontáneo,0.5573353357658454,1.0,13.321254676829087,0.39441472565845687,0.24350830268583526,0.5547475760615179,0.38498829822801744,0.0,0.0,1.0,0.0,0.0,1.0,7.774384613743179,0.0,0.48919940503875153,0.0,0.0,,,,,0.0,0.0,
89390ca2247ffff,Planificado,0.7438808466396414,0.0,4.088274963910538,0.7446413314016124,0.827705338236933,0.5488131059846205,0.8574055499832832,156.89664424878265,0.6296296296296297,0.14814814814814814,2.6922911526766296,18.4584287351509,0.0,0.2603739274001299,1.0,0.5215655493002418,18.4584287351509,0.0,15452.0,28701.42261635409,9.645493723786172,10.264736809904898,5.017100600176958,2.9682803301860665,0.6127755699135431
89390cb1e53ffff,Transición,0.523952174285704,,5.010298887070548,0.29337085330064266,0.24350830268583526,0.33174523570712133,0.3048590215089714,0.0,0.0,0.0,0.0,0.0,0.0,3.325500248123262,0.0,2.3335258065223554,0.0,0.0,,,,,0.0,0.0,
89390ca2333ffff,Espontáneo,0.3331662116766891,1.0,7.080304537569168,0.5063523905048478,0.24350830268583526,0.630558341691742,0.6449905271369665,0.0,0.0,0.0,0.0,0.0,2.0,1.207601968807677,0.0,0.34213910500053785,0.0,0.0,,,,,8.243486752812348,0.0,
89390cb01d3ffff,Espontáneo,0.15645706660093228,1.0,10.11380859165348,0.29225639882610793,0.24350830268583526,0.33174523570712133,0.30151565808536723,0.0,0.0,0.0,0.0,0.0,0.0,4.165827033150139,0.0,1.756597097566686,0.0,0.0,,,,,0.0,0.0,
89390cb1a37ffff,Espontáneo,0.29764037724382564,1.0,1.3716053298191884,0.5174412125264682,0.24350830268583526,0.6618187897024406,0.6469965451911289,0.0,0.0,0.0,0.0,0.0,4.0,0.8943201092890519,0.0,0.4388235668399701,18.444690727028686,0.0,26032.0,1766.1369102486192,10.16708182945882,7.477115951066086,0.0,2.9675740624685574,0.4579979029726716
89390cbab23ffff,Espontáneo,0.5850587491309739,1.0,5.548269681091069,0.6027434154314796,0.6667781121141201,0.5547475760615179,0.5867045581188008,27.65559596398533,0.375,0.0,2.0794415416798357,0.0,1.0,1.5254040463262954,0.0,0.4456622401294181,0.0,0.0,15651.0,13455.504401798178,9.658290091690503,9.50721786678055,9.136140733015909,0.0,0.39667945097037727
89390ca368fffff,Espontáneo,0.20071391905912161,1.0,3.833511079918641,0.7139381106281809,0.6968683829265575,0.7265128719491809,0.7184330770088042,46.10409154009506,0.35714285714285715,0.14285714285714285,2.5400363038209806,9.220818308019012,1.0,0.9864701997579215,0.0,0.13731599968367744,0.0,0.0,10346.0,28384.038163613925,9.24435525056346,10.253617460103268,8.585888780315276,0.0,0.6915535080714705
89390ca0383ffff,Planificado,0.7919790841959317,0.0,10.23293466090221,0.5522493406144359,0.679037111334002,0.5795720494817787,0.398138861027527,46.17412822380418,0.29411764705882354,0.23529411764705882,2.670119889806817,27.70447693428251,0.0,2.0236131684185956,0.0,1.5737027928760796,0.0,0.0,18034.0,26044.239472347108,9.800014144059851,10.167590284698248,6.67531207693873,0.0,0.30088100016214114
89390ca3273ffff,Espontáneo,0.11680522101063187,1.0,6.650189574582731,0.7653237490248523,0.8076451576953082,0.8655132062855233,0.6228128830937256,138.3390784059753,0.5,0.13333333333333333,2.7655866155925657,27.667815681195062,2.0,1.3254547015109772,0.0,0.3770129334329037,9.22260522706502,0.0,12063.163846471316,38350.33183576971,9.39791177803729,10.55454453463488,6.717426032079009,2.3246014668759742,0.7187407232341346
89390ca2e57ffff,Espontáneo,0.14884517934756009,1.0,8.327974727778697,0.5346223856755451,0.24350830268583526,0.630558341691742,0.7298005126490583,0.0,0.0,0.0,0.0,0.0,2.0,0.7330869732428877,0.0,0.2196026168051558,0.0,0.0,,,,,0.0,0.0,
89390cb544bffff,Planificado,0.7406721052612673,0.0,9.985119370966311,0.45442809911215126,0.6464393179538616,0.33174523570712133,0.38509974367547084,9.235612066177513,0.5,0.0,0.6931471805599453,0.0,0.0,4.9436843421168515,0.0,0.696486812770267,0.0,0.0,,,,,7.18989395793482,0.0,
89390cb09c7ffff,Planificado,0.8659960232921197,0.0,9.44980695048671,0.624205951186894,0.8779672350384486,0.6150117017719826,0.37963891675025074,212.34888665749924,0.5348837209302325,0.18604651162790697,3.317750744017105,55.39536173673893,0.0,2.9908066239903572,0.0,1.1630841740940143,0.0,0.0,19386.0,15323.69512417995,9.872306435052554,9.637220866588901,7.79839893890611,0.0,0.26098245230555445
89390cb502fffff,Espontáneo,0.09991201553146223,1.0,11.71934477116782,0.5578030387458671,0.7789479549760392,0.5621865596790371,0.33227460158252536,101.64213552322555,0.3793103448275862,0.10344827586206896,3.0921934819475583,18.480388276950098,0.0,6.793016598643238,0.0,0.761481599970046,55.4411648308503,27.72058241542515,14146.0,22928.09937244139,9.557187177595935,10.040162097821154,6.7750030822626695,4.033198765163748,0.7263922887381064
89390cb05abffff,Espontáneo,0.1068063346349592,1.0,11.971476743887404,0.2609773765741669,0.24350830268583526,0.33174523570712133,0.20767859132954417,0.0,0.0,0.0,0.0,0.0,0.0,6.014190016183123,0.0,3.363265660248165,0.0,0.0,,,,,0.0,0.0,
89390cb1d23ffff,Espontáneo,0.1757509699643408,1.0,4.8433046839462675,0.8026301125599019,0.9402652401649393,0.6345703778000669,0.8330547197146997,857.9869395122737,0.4170403587443946,0.17040358744394618,4.0399466533819925,83.03099414634907,0.0,0.2608631814483375,2.0,0.6783065921715276,258.3186484553082,18.451332032522014,16849.0,32214.87028031808,9.732046586838385,10.38021447596241,9.289965178696471,5.558057608413328,0.6035925827747468
89390cb1d67ffff,Espontáneo,0.2788816046021108,1.0,4.161914947031475,0.7781121141201383,0.9071659422712582,0.6220327649615514,0.805137635127605,774.9129524497932,0.36363636363636365,0.15151515151515152,3.9191578337195168,64.5760793708161,0.0,0.34416549595994766,1.0,0.7010993203059553,424.35709300822015,73.80123356664699,13907.792877225867,50301.15076760704,9.540204600668993,10.825803113973043,9.289753446008922,6.052929034981034,0.7430126082167056
89390ca2203ffff,Planificado,0.467883537342956,0.0,4.1070506205493285,0.7183030573201085,0.7414465619079461,0.740387830157138,0.6730747798952413,83.06751507729854,0.34615384615384615,0.07692307692307693,2.9180575260797954,9.229723897477616,1.0,0.5979562271100288,0.0,0.4680299464492749,18.45944779495523,9.229723897477616,15066.393734425063,32101.04876191915,9.620221962016346,10.37667513144027,6.26813849405269,2.968332699939785,0.6019647237913611
89390ca2663ffff,Planificado,0.9209850159997622,0.0,2.78043196987323,0.7359300122589992,0.9262788365095287,0.6601471079906386,0.6213640922768304,609.061015915418,0.44594594594594594,0.20270270270270271,3.7588614759008423,184.56394421679335,0.0,0.6322636915705809,0.0,0.6437683483076014,73.82557768671734,9.228197210839667,24251.70501707381,61629.78043118129,10.096242203876423,11.028916707046342,9.43474311750804,4.315159774213034,0.2145738636399245
89390cb1907ffff,Planificado,0.8412333088639876,0.0,3.3280890384756625,0.5919610683903563,0.4075002786136186,0.7342026078234705,0.6341803187339797,0.0,0.0,0.1111111111111111,2.736339051105066,9.226676907640329,1.0,1.033844820945513,0.0,0.4325665804340247,18.453353815280657,0.0,34765.0,3810.7750319420857,10.456366412533118,8.245850247277632,8.511966386531753,2.968019487861897,0.11744838695114937
89390ca3143ffff,Espontáneo,0.42743806211411206,1.0,4.775018298208414,0.8496600913852669,0.821185779560905,0.8462052825142092,0.8815892120806864,156.85771998305063,0.4473684210526316,0.2631578947368421,3.0628253254019793,64.58847293419733,1.0,0.1783346007000952,1.0,0.4476027794970576,9.226924704885333,0.0,10792.66999002991,28052.725940680546,9.286622478061199,10.241876734239263,6.60277858419362,2.3250239194114535,0.8010027400704529
89390cb2847ffff,Espontáneo,0.33037559128782235,1.0,13.395255648574034,0.25414205579702065,0.24350830268583526,0.33174523570712133,0.1871726289981054,0.0,0.0,0.0,0.0,0.0,0.0,6.570289920578839,0.0,4.2586187852205315,0.0,0.0,,,,,0.0,0.0,
89390cb0cb3ffff,Transición,0.49156564828027827,,10.83155309034619,0.3052583676956796,0.24350830268583526,0.33174523570712133,0.34052156469408223,0.0,0.0,0.0,0.0,0.0,0.0,3.7237565268287116,0.0,1.3238485425717366,0.0,0.0,29077.0,7133.795407436237,10.277702762639334,8.872738854998937,6.3312772771251415,0.0,
89390cb531bffff,Planificado,0.612379281278621,0.0,11.060734738338352,0.6003937739143356,0.8823136074891341,0.6367435640254095,0.28212415022846316,230.9982926351585,0.5,0.26,3.3988230711462193,83.15938534865705,0.0,6.093795451424654,0.0,1.3081924504117348,0.0,0.0,19971.018563603164,15531.963792116523,9.902037429796355,9.650719740955545,7.026460974125398,0.0,0.25498075580708823
89390cb0897ffff,Espontáneo,0.2228982702353733,1.0,9.30029321742772,0.34567591663880526,0.24350830268583526,0.33174523570712133,0.46177421152345927,0.0,0.0,0.0,0.0,0.0,0.0,2.06463398299119,0.0,0.8244861315457831,0.0,0.0,,,,,4.198498804443547,0.0,
89390cb047bffff,Espontáneo,0.07264942987804422,1.0,11.311746736226471,0.2785486087893309,0.24350830268583526,0.33174523570712133,0.2603922879750362,0.0,0.0,0.0,0.0,0.0,0.0,5.814420854133996,0.0,1.7970745277247044,0.0,0.0,,,,,0.0,0.0,
89390ca20d3ffff,Planificado,0.9139647100645913,0.0,4.1686238619392295,0.8711969241056502,0.7782792822913184,0.9240220661985958,0.9112894238270366,175.36967491710965,0.25,0.3157894736842105,3.515161975691779,64.60988023261935,2.0,0.2552248764195856,2.0,0.39155161413497314,110.7597946844903,46.14991445187096,18573.0,27194.999543679736,9.829464192187341,10.210825165867403,9.105248100029138,4.716351877836159,0.4866373873556746
89390cba8c3ffff,Transición,0.5164099401006749,,6.837933805742362,0.34459861064675507,0.24350830268583526,0.33174523570712133,0.45854229354730863,0.0,0.0,0.0,0.0,0.0,0.0,1.8181284358098846,0.0,0.9503305875276489,0.0,0.0,,,,,6.664629087194959,0.0,
89390ca342fffff,Planificado,0.9019154475983778,0.0,2.1755195977368196,0.9163787659274117,0.9228797503621977,0.8794717485790705,0.9467847988409673,636.4645513551638,0.3988439306358382,0.1791907514450867,3.9763464675995843,156.81010685562006,1.0,0.1700462662116495,1.0,0.23159190351623823,304.39608977855664,18.44824786536707,17182.425653508308,67078.19672036676,9.75164237611361,11.113629240915635,8.481757247886694,5.721609589096006,0.5618028656139707
89390ca0123ffff,Transición,0.4708922669752988,,11.384323349672682,0.30288086481667226,0.24350830268583526,0.33174523570712133,0.3333890560570601,0.0,0.0,0.0,0.0,0.0,0.0,2.4586450434725884,0.0,2.54519625766007,0.0,0.0,,,,,4.355110545144571,0.0,
89390cb8d2fffff,Espontáneo,0.4478046186144749,1.0,6.994853456757486,0.48788030758943496,0.24350830268583526,0.5547475760615179,0.6653850440209518,0.0,0.0,0.0,0.0,0.0,1.0,0.8021827549155596,0.0,0.4132524182488895,0.0,0.0,8007.999999999998,427.0974477622144,8.988196320995057,6.059350851353672,7.53051859423906,0.0,0.9469599918802358
89390ca3013ffff,Planificado,0.8345201305469188,0.0,3.431862476576622,0.6042014933689958,0.6193023514989412,0.5687061183550652,0.6245960102529812,27.672373960839966,0.2727272727272727,0.36363636363636365,1.9722469794234416,27.672373960839966,0.0,0.5596098301690062,0.0,0.6636874988621515,18.448249307226643,9.224124653613321,19643.0,10671.66653640128,9.885476319734277,9.275441222764416,7.673810234117496,2.9677570561020934,0.4247098068676454
89390cb8913ffff,Transición,0.5179501322450595,,8.185698328366247,0.6112968535235336,0.667223893903934,0.5369441658308258,0.6297225008358409,64.54403262312438,0.21875,0.34375,2.790756554783609,18.441152178035537,0.0,0.5813719221003046,0.0,0.6332073733246741,36.882304356071074,0.0,10805.0,22569.349343102807,9.287764268940986,10.024392347897502,4.616538036803406,3.634484099521241,
89390cb5607ffff,Transición,0.45090620272578813,,9.2475223207688,0.3194119395222705,0.24350830268583526,0.33174523570712133,0.38298228017385494,0.0,0.0,0.0,0.0,0.0,0.0,4.534357000705644,0.0,0.7484596833166872,0.0,0.0,,,,,7.97296763577389,0.0,
89390cb0b83ffff,Espontáneo,0.24766818542691296,1.0,7.684118458165565,0.7520896021397526,0.8384041011924662,0.8000668672684721,0.6177978379583194,166.16296865509017,0.6206896551724138,0.20689655172413793,2.832747226140456,27.69382810918169,1.0,2.1122010453597317,0.0,0.21231784613767027,9.231276036393897,0.0,16222.999999999998,15744.490872728487,9.694185267410399,9.66430930946887,6.4480326755251465,2.3254493069251656,0.5515226412045805
89390ca767bffff,Planificado,0.5691162004763323,0.0,15.242645205030698,0.24745532894981237,0.24350830268583526,0.33174523570712133,0.16711244845648054,0.0,0.0,0.0,0.0,0.0,0.0,7.161103496957024,0.0,6.966336161051587,0.0,0.0,,,,,0.0,0.0,
89390cb0a0bffff,Planificado,0.8733547966226278,0.0,5.308801015839689,0.7905382815112003,0.7602808425275828,0.8726178535606821,0.7387161484453361,156.87095017883217,0.2361111111111111,0.2916666666666667,3.415200242467845,119.96013837204814,1.0,0.7247225439066258,0.0,0.18444943092609278,110.73243542035213,0.0,34747.181929555896,32406.98869234707,10.455853752152168,10.386160235966983,7.956869505034054,4.716107043693495,0.10865268753643952
89390cb548fffff,Planificado,0.747056569545595,0.0,11.659934935578425,0.27015305174783605,0.24350830268583526,0.33174523570712133,0.23520561685055164,0.0,0.0,0.0,0.0,0.0,0.0,5.9098943080699184,0.0,2.3472996205328034,0.0,0.0,,,,,6.262529708506572,0.0,
89390cb1ac3ffff,Espontáneo,0.25311829849619777,1.0,3.2535761566724783,0.36339574278390724,0.24350830268583526,0.33174523570712133,0.5149336899587652,0.0,0.0,0.0,0.0,0.0,0.0,1.379578805021444,0.0,0.7844273536437598,0.0,0.0,,,,,0.0,0.0,
89390cbabafffff,Transición,0.5080267939366968,,5.107967462090597,0.640709164530629,0.6921876741335117,0.5547475760615179,0.6751922433968572,46.09265521113814,0.35714285714285715,0.07142857142857142,2.4410152780267027,0.0,1.0,0.9115594561429868,0.0,0.34113617779616145,9.218531042227626,0.0,,,,,7.270648215426668,2.3242028408076707,
89390ca040fffff,Transición,0.4730702570954128,,6.5910764439206515,0.48449979568334633,0.24350830268583526,0.5547475760615179,0.6552435083026859,0.0,0.0,0.0,0.0,0.0,1.0,1.2931898110200175,0.0,0.28487060726121777,0.0,0.0,,,,,7.649560093010757,0.0,
89390cb2a03ffff,Espontáneo,0.32819137707617113,1.0,11.72071211172624,0.26941008209814626,0.24350830268583526,0.33174523570712133,0.2329767079014822,0.0,0.0,0.0,0.0,0.0,0.0,5.1848573925326615,0.0,2.995377448303115,0.0,0.0,,,,,0.0,0.0,
89390cb0e6fffff,Espontáneo,0.14892549282636283,1.0,6.229081750306446,0.7168542665032134,0.7470188342806195,0.7343697759946506,0.6691741892343698,101.49359763957308,0.275,0.15,3.329224660239851,9.226690694506644,1.0,0.7293715054551385,0.0,0.42831303699047535,55.36014416703986,0.0,13184.0,33140.25011208153,9.486759252149254,10.408534012420013,7.532980289716223,4.0317622449945585,0.7350251345914935
89390cb54d7ffff,Transición,0.5141490773680495,,11.161024423075176,0.28315502061740777,0.24350830268583526,0.33174523570712133,0.2742115234592667,0.0,0.0,0.0,0.0,0.0,0.0,5.236480261990389,0.0,1.7849317158726135,0.0,0.0,,,,,8.261124234508703,0.0,
89390cb0a53ffff,Espontáneo,0.44421196946930525,1.0,5.034300828148837,0.8437163341877484,0.7901482224451132,0.7938816449348044,0.9471191351833278,175.3070033894309,0.25675675675675674,0.28378378378378377,3.6612255001303087,27.68005316675225,1.0,0.4882635724049272,1.0,0.08028748407302952,359.8406911677792,9.226684388917416,30490.29005389515,32638.328680254017,10.32516355301987,10.393273241472354,8.921418646651485,5.888436562227739,0.18767867654456316
89390ca2ac7ffff,Planificado,0.6026909037340309,0.0,9.940313524795961,0.3245012816226457,0.24350830268583526,0.33174523570712133,0.3982503064749805,0.0,0.0,0.0,0.0,0.0,0.0,1.8978870228576505,0.0,1.6970516582896298,0.0,0.0,,,,,6.4090608215512175,0.0,
89390cb50bbffff,Espontáneo,0.4119252786897135,1.0,11.637652119577341,0.27111891229243285,0.24350830268583526,0.33174523570712133,0.23810319848434192,0.0,0.0,0.0,0.0,0.0,0.0,6.789306564231512,0.0,1.9036075682645142,0.0,0.0,,,,,6.222024825781828,0.0,
89390ca26abffff,Planificado,0.8421905857394789,0.0,3.2524938118009903,0.8380511906088636,0.8797503621977042,0.8869943162821798,0.7474088933467068,544.4938132277464,0.3352272727272727,0.26704545454545453,3.795820951074152,221.4890087706087,1.0,0.6538800322623036,0.0,0.1791646216216613,166.11675657795655,0.0,24394.882009035344,35272.436952102806,10.102128635551844,10.47088546538075,9.717157078295184,5.118692709316779,0.26963579628240103
89390cb1dafffff,Espontáneo,0.11987402975968592,1.0,5.458489289407522,0.7315836398083139,0.8187339797169285,0.5872617853560682,0.7887551543519447,184.5133800513753,0.35714285714285715,0.17857142857142858,3.417369827344834,36.90267601027506,0.0,0.4640145029391009,1.0,0.7164254424235257,313.672746087338,36.90267601027506,15137.27102066572,37155.698524664665,9.624915261118746,10.522899344111748,7.471192027271496,5.75153319748357,0.7189583579089266
89390ca228fffff,Planificado,0.7988750690637458,0.0,3.911902229967626,0.6945466027712768,0.6705672573275381,0.7729856235372785,0.6400869274490136,46.14862193066014,0.2777777777777778,0.2222222222222222,2.659322697709517,18.459448772264054,1.0,1.1144329454543471,0.0,0.3836958855640221,0.0,0.0,21016.0,21019.29166440861,9.953039331365376,9.953243519901214,5.74818731582293,0.0,0.22015811327549542
89390cb1993ffff,Espontáneo,0.4048741580267714,1.0,4.231927069223939,0.8848397042980795,0.9104535829711357,0.8336676696756937,0.9103978602474089,498.1858178527778,0.39705882352941174,0.19852941176470587,3.8982063971530216,55.35397976141976,1.0,0.3706641170375666,2.0,0.36063327047177157,387.47785832993833,18.45132658713992,21095.298090806995,42569.75883013265,9.956805455333546,10.658922884130384,7.655991028825463,5.962236175467824,0.4542787205261191
89390ca2e9bffff,Planificado,0.8857647421250961,0.0,8.13573738331765,0.6745978676771053,0.9010364426613173,0.6365763958542293,0.4861807645157696,286.318963339864,0.5,0.1774193548387097,3.5163913308575663,83.12486032447666,0.0,1.9026821253494564,0.0,0.7438968702056399,0.0,0.0,18215.0,29099.30144851652,9.810000709442663,10.27850381216148,7.443379105047231,0.0,0.2727372450686515
89390cb1577ffff,Planificado,0.7013039494457393,0.0,8.635057449713727,0.328309001077306,0.3346149559790483,0.33174523570712133,0.31856681154574834,0.0,0.0,0.3333333333333333,1.0986122886681096,0.0,0.0,5.27523496093648,0.0,1.0904996393574389,0.0,0.0,,,,,8.079405033315169,0.0,
89390cb115bffff,Espontáneo,0.14611420586098656,1.0,7.220756206544001,0.29597124707455696,0.24350830268583526,0.33174523570712133,0.31266020283071433,0.0,0.0,0.0,0.0,0.0,0.0,5.354399177052536,0.0,1.126949799778793,0.0,0.0,,,,,0.0,0.0,
89390ca31cfffff,Espontáneo,0.2373889953271629,1.0,4.206301609029655,0.803168765555927,0.8066421486682268,0.8689401537947175,0.7339239942048367,230.67309780581124,0.3048780487804878,0.24390243902439024,3.4598694762381865,110.7230869467894,1.0,0.761058562142841,0.0,0.18490985858858833,83.04231521009204,18.453847824464898,11213.355658198614,32302.111393732823,9.324860816338191,10.38291883255085,7.467092997368376,4.431320424503714,0.8402003535249172
89390cb0e27ffff,Planificado,0.7661381441811821,0.0,7.392449666503835,0.7282031279022253,0.6729076117240611,0.630558341691742,0.8811434302908726,36.911878002252,0.36363636363636365,0.18181818181818182,2.0982737395252498,0.0,2.0,0.35897227469832177,1.0,0.409724787992583,0.0,0.0,,,,,6.437689703789009,0.0,
89390cba32fffff,Espontáneo,0.39350112921640207,1.0,9.901210294292413,0.2926278836509528,0.24350830268583526,0.33174523570712133,0.30263011255990196,0.0,0.0,0.0,0.0,0.0,0.0,3.5205783113249214,0.0,2.2383825528252896,0.0,0.0,,,,,0.0,0.0,
89390ca2db3ffff,Transición,0.4882193782715859,,12.859367684215458,0.29834874995356436,0.3594115680374457,0.33174523570712133,0.20388944611612614,0.0,0.0,0.14285714285714285,1.7478680974667578,0.0,0.0,6.4858607131085835,0.0,3.0743350039909703,0.0,0.0,,,,,6.790937587190326,0.0,
89390cb53a7ffff,Transición,0.5341583542914123,,12.555304778092909,0.28560682046138414,0.24350830268583526,0.33174523570712133,0.2815669229911958,0.0,0.0,0.0,0.0,0.0,0.0,7.370366341466753,0.0,1.0687843697068005,0.0,0.0,,,,,4.884204945811661,0.0,
89390cb0923ffff,Planificado,0.6622670241951735,0.0,9.888164426180136,0.33880344737917456,0.24350830268583526,0.33174523570712133,0.44115680374456706,0.0,0.0,0.0,0.0,0.0,0.0,4.245871271096388,0.0,0.5365360867229129,0.0,0.0,,,,,0.0,0.0,
89390cb0507ffff,Transición,0.4866839092506834,,11.667261363410702,0.264543630892678,0.24350830268583526,0.33174523570712133,0.21837735428507743,0.0,0.0,0.0,0.0,0.0,0.0,5.71038654264096,0.0,3.1262171546513295,0.0,0.0,,,,,0.0,0.0,
89390ca257bffff,Transición,0.5193641636813483,,6.329404627125891,0.5915152866005424,0.7689735874289535,0.5244065529923103,0.4811657193803633,110.79650662600946,0.35294117647058826,0.20588235294117646,3.1032372377054718,9.233042218834122,0.0,1.451212249003465,0.0,0.9816378486248125,36.93216887533649,0.0,19946.0,30302.44385547112,9.900783900961812,10.319016643635218,6.664250910529075,3.6357995350662073,
89390cb8bb7ffff,Espontáneo,0.20861590728808022,1.0,9.741496374530453,0.3387477246554478,0.3213529477320851,0.33174523570712133,0.36314499052713695,0.0,0.0,0.5,0.6931471805599453,0.0,0.0,2.1266531460608826,0.0,2.2016056220758005,0.0,0.0,,,,,0.0,0.0,
89390cbad6bffff,Espontáneo,0.4947517966379496,1.0,4.694772597985547,0.5426836063746796,0.5926111668338349,0.5344366432631227,0.5010030090270812,18.43451875903288,0.15384615384615385,0.46153846153846156,2.351673301904631,18.43451875903288,0.0,2.249387007897169,0.0,0.5940821967967914,0.0,0.0,19066.0,6566.169892249528,9.855661923053523,8.789838256459278,8.433747373436345,0.0,0.30128119178638024
89390cb1863ffff,Planificado,0.957274516415489,0.0,2.0951090321901056,0.8218916007281103,0.9676808202384932,0.6375794048813106,0.860414577064527,1051.4056665121066,0.4730290456431535,0.11618257261410789,4.158355166731414,92.22856723790409,0.0,0.14327879919361375,1.0,0.527570005550028,129.11999413306572,0.0,26335.34855152182,35817.90475275427,10.178667367125968,10.486231098730547,9.204531203684336,4.868457056516506,0.21693553070114052
89390ca05cbffff,Planificado,0.399292852073939,0.0,7.414430589853586,0.48316245031390465,0.24350830268583526,0.5547475760615179,0.6512314721943608,0.0,0.0,0.0,0.0,0.0,1.0,1.548461347431154,0.0,0.22196449120205947,0.0,0.0,,,,,9.20794251773466,0.0,
89390cba94fffff,Espontáneo,0.09857987855167528,1.0,4.6766402022458085,0.9078717634384635,0.9490694305137635,0.8664326312270143,0.9081132285746127,977.1372545510037,0.4380165289256198,0.17768595041322313,3.976520393049485,110.61931183596269,1.0,0.42895529062297344,1.0,0.2977556723614737,36.87310394532089,18.436551972660446,11073.293141945773,52890.705462067664,9.312291464927187,10.876001808994259,6.579368525444225,3.6342412017268337,0.8106678602772145
89390ca1d43ffff,Espontáneo,0.7059215080629642,1.0,13.559107374432633,0.25648241019354356,0.24350830268583526,0.33174523570712133,0.19419369218767413,0.0,0.0,0.0,0.0,0.0,0.0,5.829441968984324,0.0,5.192216084738815,0.0,0.0,,,,,0.0,0.0,
89390ca34bbffff,Planificado,0.8695756631831922,0.0,1.1457582993266613,0.7790594004234928,0.8706675582302462,0.6440989635573386,0.8224116794828932,304.3625204451665,0.38823529411764707,0.2,3.616581076354899,110.67728016187874,0.0,0.47856557963018365,1.0,0.5695207534162446,193.68524028328778,0.0,24428.754775747508,44193.22252427138,10.103516191841274,10.696349347401659,8.524842397380606,5.271384102022792,0.28067998164908503
89390ca32b7ffff,Planificado,0.5845940468217857,0.0,5.004618246069083,0.5329971395668486,0.826646606486125,0.33174523570712133,0.4405995765072997,184.47745358542483,0.4878048780487805,0.36585365853658536,2.9042077220091302,0.0,0.0,1.839362457269623,0.0,1.1093393368037734,36.89549071708497,0.0,10884.0,23533.240339437387,9.295049099903137,10.066211675406391,9.336848865929037,3.634832126568855,0.8185690462901883
89390cb5693ffff,Planificado,0.8472345806895895,0.0,9.460257407021052,0.4276626174820759,0.24350830268583526,0.5547475760615179,0.48473197369887444,0.0,0.0,0.0,0.0,0.0,1.0,4.256113241222992,0.0,0.3848241794550243,9.234591942843087,0.0,21883.0,2937.024549649801,9.99346535865436,7.9854927126042226,5.647544205268627,2.3257733495195545,0.43075060241012275
89390cb0c0fffff,Espontáneo,0.3544483187269835,1.0,9.53055772576182,0.7674319254058471,0.8292655745012816,0.9130725509862923,0.5599576507299676,184.56478702668872,0.4,0.16,3.322441370950842,36.91295740533774,3.0,2.4601382342133418,0.0,0.35415237287454465,0.0,0.0,21074.0,15425.97638287924,9.955795332159473,9.643872969115534,6.007515983010569,0.0,0.2353437011729116
89390ca2c83ffff,Planificado,0.58616094093783,0.0,9.78803495600948,0.5248151862996396,0.7085144321854452,0.5304246071547978,0.335506519558676,27.715188595935036,0.5,0.16666666666666666,1.791759469228055,9.238396198645011,0.0,4.503144290676305,0.0,1.1049479537377422,0.0,0.0,13897.0,16834.375920766033,9.539428268486581,9.731237661061703,6.382983806337988,0.0,0.5420284335941574
89390cb5277ffff,Planificado,0.6136572431499604,0.0,9.236718300660444,0.5701827705338237,0.6475537724283963,0.5547475760615179,0.5082469631115569,9.237377878818531,0.5,0.0,0.6931471805599453,0.0,1.0,4.398041472281906,0.0,0.2982919462359882,9.237377878818531,0.0,,,,,7.788192651101001,2.3260455202991044,
89390cb03d7ffff,Transición,0.4649925639649452,,8.067854791824676,0.3903098183439206,0.3213529477320851,0.33174523570712133,0.5178312715925554,0.0,0.0,0.5,0.6931471805599453,0.0,0.0,2.4042149482116724,0.0,0.5047054751688049,0.0,0.0,,,,,5.508535436225056,0.0,
89390ca244bffff,Planificado,0.42184827859179513,0.0,3.4963259133792053,0.7675805193357851,0.8409673464838961,0.6245402875292544,0.8372339239942047,359.9097993437966,0.26,0.14,3.8813477769223605,64.59919475401477,0.0,0.31508942223695735,1.0,0.5722746169418379,359.9097993437966,64.59919475401477,22239.994632143986,45787.209495013456,10.009647507004058,10.731781902353607,5.671875976568864,5.88862806379826,0.43963670174566155
89390cb1b4fffff,Espontáneo,0.05550306381356328,1.0,0.44823315973520195,0.8873658011070247,0.9007021063189568,0.886325643597459,0.8750696534046584,1254.4117752032707,0.3417085427135678,0.16834170854271358,3.8682152585574556,221.36678385940073,1.0,0.30846315444368166,2.0,0.49919408605761095,2352.0220785061324,36.89446397656678,19256.373573421253,45398.364807693935,9.86559737963935,10.723253392911607,9.119175436654215,7.763455771813869,0.5980978705968372
89390ca202fffff,Espontáneo,0.47373112559193287,1.0,6.04170256616833,0.7282309892640887,0.7788365095285857,0.8230524908057506,0.5828039674579294,83.09733882487278,0.42857142857142855,0.14285714285714285,2.912494403331052,9.233037647208086,2.0,2.005698917522574,0.0,0.35600197454038823,0.0,9.233037647208086,17654.0,29219.618513132107,9.778717665580178,10.282629852538983,6.769714649009819,0.0,0.30249375095621234
89390ca049bffff,Planificado,0.5612670901672997,0.0,5.300585907820626,0.5070117760689475,0.6199710241836621,0.33174523570712133,0.5693190683160593,18.461484857639075,0.3333333333333333,0.0,1.5607104090414068,0.0,0.0,0.8374433417364182,0.0,0.7726850549668158,0.0,0.0,11798.47191011236,15983.1938816353,9.375725302924998,9.679355630546707,8.739486479738742,0.0,0.6259147087508744
89390ca338bffff,Planificado,0.5748547514348025,0.0,5.420041243276939,0.3629871094765778,0.24350830268583526,0.33174523570712133,0.513707790036777,0.0,0.0,0.0,0.0,0.0,0.0,1.2864946387866176,0.0,0.8472039244936052,0.0,0.0,,,,,8.334108573658588,0.0,
89390cb2a8fffff,Espontáneo,0.2240986363105665,1.0,12.344665325571258,0.2615346038114343,0.24350830268583526,0.33174523570712133,0.20935027304134626,0.0,0.0,0.0,0.0,0.0,0.0,5.790460607660846,0.0,3.584633853338125,0.0,0.0,,,,,0.0,0.0,
89390ca2b53ffff,Espontáneo,0.2776940935534368,1.0,12.101113926118016,0.2753166908131803,0.24350830268583526,0.33174523570712133,0.25069653404658415,0.0,0.0,0.0,0.0,0.0,0.0,4.032266195445905,0.0,3.8383510936559078,0.0,0.0,,,,,6.112169505746056,0.0,
89390cb5147ffff,Espontáneo,0.5456170156755961,1.0,12.683205580660536,0.6010995950815409,0.5970689847319738,0.7552657973921766,0.4509640031204725,18.483451617107843,0.16666666666666666,0.08333333333333333,2.210253577620973,9.241725808553921,1.0,7.757290156890734,0.0,0.2747445572038649,55.45035485132353,0.0,14904.0,13932.54341121582,9.609384912281424,9.542054407091063,5.20858475878301,4.033361576693248,0.743639664547906
89390ca36d3ffff,Espontáneo,0.38418846269743784,1.0,4.5154796210891135,0.5302295776217542,0.6373565139864037,0.33174523570712133,0.6215869831717374,36.87717243186697,0.21052631578947367,0.2631578947368421,2.6250481587325396,0.0,0.0,0.6237786360718777,0.0,0.6485251815204912,9.219293107966742,0.0,8810.215526802218,62631.357292338485,9.083667182513194,11.045037313200718,5.918634947430968,2.324277414865444,0.8715932835230639
89390cb1e3bffff,Espontáneo,0.3624315556114262,1.0,3.88250895236774,0.3310022660574315,0.24350830268583526,0.33174523570712133,0.417753259779338,0.0,0.0,0.0,0.0,0.0,0.0,2.087366836316516,0.0,1.2149765249258573,0.0,0.0,,,,,0.0,0.0,
89390cb02a7ffff,Espontáneo,0.2176154619867875,1.0,8.245446499555026,0.35113674356402536,0.24350830268583526,0.33174523570712133,0.47815669229911956,0.0,0.0,0.0,0.0,0.0,0.0,2.8712973112276243,0.0,0.5708710999037095,0.0,0.0,,,,,6.636854946802126,0.0,
89390ca231bffff,Planificado,0.8138411705121451,0.0,6.074730264595137,0.7220086184479363,0.6325086370221776,0.8553159478435306,0.678201270478101,27.698342485822348,0.13043478260869565,0.21739130434782608,2.8341258765552606,18.4655616572149,2.0,1.358952787447648,0.0,0.16734004453470613,0.0,0.0,17286.0,29750.846021073176,9.757652204312583,10.300646460177195,8.606043510833553,0.0,0.28554559092455434
89390cbab0bffff,Espontáneo,0.41351172556225535,1.0,6.300125186401223,0.509853634979011,0.7266800401203609,0.33174523570712133,0.4711356291095508,82.95306755994598,0.3,0.26666666666666666,3.042845487816544,0.0,0.0,1.779008355892851,0.0,0.8807536105473397,46.08503753330332,0.0,,,,,6.327766882659628,3.8519552761009956,
89390ca3677ffff,Transición,0.5087085792508329,,4.7616162492714915,0.6347189717300049,0.35434080017831276,0.630558341691742,0.91925777331996,0.0,0.0,0.0,1.6094379124341005,0.0,2.0,0.4315959628338442,1.0,0.2595718626090779,0.0,0.0,11199.0,27584.381176756113,9.323579767582693,10.225041243873019,8.057086961091757,0.0,
89390cbab67ffff,Espontáneo,0.13866960775313072,1.0,6.244544598471881,0.36907946060403424,0.34536944165830824,0.33174523570712133,0.4301237044466733,0.0,0.0,0.5,1.3862943611198906,0.0,0.0,2.146381103243683,0.0,1.0319328767546772,0.0,0.0,,,,,7.8789464911823135,0.0,
89390ca325bffff,Planificado,0.720434088688368,0.0,6.884374291062285,0.43971730004829307,0.35434080017831276,0.33174523570712133,0.633065864259445,0.0,0.0,0.2,1.6094379124341005,0.0,0.0,0.7511873533989887,0.0,0.5487896851835659,0.0,0.0,15739.0,3557.775756297727,9.6638969875516,8.17717187602239,8.129110051648759,0.0,0.5007799764636858
89390cb0dcbffff,Planificado,0.6007750068878589,0.0,10.232548832724198,0.5773802890151938,0.7671347375459713,0.550819124038783,0.414187005460827,64.61017739240295,0.6363636363636364,0.09090909090909091,2.2718685126965625,18.4600506835437,0.0,2.991714573801803,0.0,0.8583379604284876,9.23002534177185,0.0,17603.811252268602,19844.15808747317,9.77587070600737,9.895715331296456,6.658825314975326,2.325327057162016,0.4675218601840097
89390cb5433ffff,Espontáneo,0.24587227462784797,1.0,11.78302810792153,0.37503250492217394,0.34536944165830824,0.5616850551654965,0.21804301794271705,0.0,0.0,0.75,1.3862943611198906,18.47582846194612,0.0,6.503745260812712,0.0,2.508694256577444,0.0,0.0,,,,,7.37771386185861,0.0,
89390cb09afffff,Planificado,0.635528750343505,0.0,10.336523802822754,0.3091961068390356,0.24350830268583526,0.33174523570712133,0.35233478212415026,0.0,0.0,0.0,0.0,0.0,0.0,4.327695428806348,0.0,0.9890402700173312,0.0,0.0,,,,,0.0,0.0,
89390ca2607ffff,Planificado,0.9592790805007496,0.0,3.005893120095333,0.7235967160741484,0.9124038783015713,0.6466064861250418,0.611779783795832,738.2762714867906,0.3686635944700461,0.19815668202764977,3.9665254742290594,110.7414407230186,0.0,0.9728913968782202,0.0,0.5353248170705388,544.4787502215081,18.456906787169768,24500.16617033949,38603.37723038166,10.106435178972653,10.561120948774477,9.676783834422276,6.301663849833361,0.32106421752121916
89390cb1d0bffff,Planificado,0.7208579529360473,0.0,4.734374735882711,0.7839072773877187,0.8562910955087485,0.8321631561350719,0.6632675805193359,230.60347034295248,0.35714285714285715,0.18571428571428572,3.790377808107483,55.344832882308594,1.0,1.0994377316352923,0.0,0.31505132726293966,27.672416441154297,9.224138813718099,21540.101040118872,20434.86328314583,9.977671641512696,9.925046640427617,8.706755016593226,3.3559355610018553,0.3171387983609497
89390cb0177ffff,Planificado,0.6305366822565847,0.0,8.830876517335424,0.5689011478881087,0.5515435194472306,0.5547475760615179,0.6004123481555778,9.224926315194848,0.1111111111111111,0.4444444444444444,1.8891591637540213,0.0,1.0,2.9779430271252982,0.0,0.0773535863465907,9.224926315194848,0.0,22135.0,16459.94582652809,10.004915345166241,9.708745934702174,6.315025863854669,2.3248284955649874,0.30341188638859434
89390ca0657ffff,Espontáneo,0.1586643703291996,1.0,7.075699134087964,0.32494706341245955,0.24350830268583526,0.33174523570712133,0.39958765184442213,0.0,0.0,0.0,0.0,0.0,0.0,2.164255758159133,0.0,1.4138377671295959,0.0,0.0,,,,,4.326136556630152,0.0,
89390cba9dbffff,Planificado,0.5840083822687364,0.0,4.814194249381837,0.6115104572978195,0.7173743452579963,0.5547475760615179,0.562409450573944,64.52081427826192,0.3684210526315789,0.3684210526315789,2.6250481587325396,0.0,1.0,1.7317910451364626,0.0,0.48173377978674187,0.0,0.0,19948.0,24140.831710235045,9.900884166666014,10.09170137040731,8.155172564720793,0.0,0.2117452708341906
89390cb14d3ffff,Espontáneo,0.3650236537433539,1.0,12.225183129237124,0.24723243805490544,0.24350830268583526,0.33174523570712133,0.16644377577175973,0.0,0.0,0.0,0.0,0.0,0.0,9.24013894599847,0.0,3.958593669268263,0.0,0.0,,,,,0.0,0.0,
89390ca3547ffff,Planificado,0.7556670187796888,0.0,2.4138089443532134,0.7551729261859652,0.6983728964671793,0.867769976596456,0.6993759054942604,36.90260225692563,0.4,0.4,2.3025850929940455,18.451301128462816,3.0,0.8900412184448998,0.0,0.27043659165318534,27.67695169269422,0.0,22856.0,9541.51125296257,10.036968943910608,9.163511963865487,4.650930851858621,3.3560937232169574,0.3888104979067209
89390cb1a7bffff,Espontáneo,0.11353837322936478,1.0,2.4297278500247725,0.7342769047884395,0.7119692410565029,0.72584419926446,0.7650172740443554,73.76451190126555,0.25,0.1875,3.1894542055971042,9.220563987658194,1.0,0.6493999076848426,0.0,0.06450662237158528,73.76451190126555,0.0,12547.0,39335.49737770661,9.4372368721597,10.579908053350524,7.564743512712626,4.3143433325755955,0.7655194586274846
89390cb10b7ffff,Espontáneo,0.08911005844329116,1.0,8.64582707576921,0.4161465879118838,0.24350830268583526,0.5547475760615179,0.4501838849882982,0.0,0.0,0.0,0.0,0.0,1.0,5.921131250628995,0.0,0.3679286708532426,9.21499008518087,0.0,34765.0,5680.261572248343,10.456366412533118,8.644928594843115,6.502568826050916,2.3238562576553963,0.11080084051810232
89390ca2377ffff,Espontáneo,0.39649804355552265,1.0,6.917243566921252,0.515750956573424,0.24350830268583526,0.630558341691742,0.6731862253426947,0.0,0.0,0.0,0.0,0.0,2.0,1.1669198340671763,0.0,0.2614246474092589,0.0,0.0,,,,,9.448608696356349,0.0,
89390ca312bffff,Espontáneo,0.2990517445741403,1.0,5.476601314408584,0.6343103384226754,0.7959433857126936,0.6036442661317285,0.5033433634236041,138.43441668357346,0.36585365853658536,0.1951219512195122,3.282303075948997,46.14480556119115,0.0,1.255427257632512,0.0,0.9329194778811474,18.45792222447646,0.0,13358.12386648659,32978.42402461634,9.499880008074344,10.403639131577107,7.233624882954474,2.9682542994477275,0.6773141843994673
89390ca1597ffff,Espontáneo,0.36840526278302566,1.0,7.365606594551623,0.3210464727515881,0.24350830268583526,0.33174523570712133,0.38788587986180767,0.0,0.0,0.0,0.0,0.0,0.0,2.4574206170262443,0.0,1.3519352274520047,0.0,0.0,,,,,2.99290903634031,0.0,
89390cb0303ffff,Transición,0.4650893595809323,,7.324069700835247,0.483719677551172,0.5610163824807756,0.33174523570712133,0.5583974144656191,9.222625149415643,0.125,0.25,2.0794415416798357,0.0,0.0,1.4970204810475543,0.0,0.5577292353239576,9.222625149415643,0.0,,,,,6.188668455946725,2.3246034157266604,
89390cb0c9bffff,Transición,0.4527132287472426,,10.584954223786998,0.2996489468405215,0.24350830268583526,0.33174523570712133,0.3236933021286081,0.0,0.0,0.0,0.0,0.0,0.0,3.7955159700576315,0.0,1.577182030407758,0.0,0.0,,,,,0.0,0.0,
89390cb5303ffff,Planificado,0.7387143060982467,0.0,11.394209153565829,0.48150005572272364,0.6551877855789591,0.5312604480106987,0.2580519335785133,36.961768589499876,0.26666666666666666,0.4,2.5232109529528914,9.240442147374969,0.0,6.27012332739585,0.0,1.651553106646052,0.0,0.0,,,,,7.177121943113625,0.0,
89390cb0463ffff,Espontáneo,0.08506155608658665,1.0,11.204667935406011,0.27884579664920683,0.24350830268583526,0.33174523570712133,0.261283851554664,0.0,0.0,0.0,0.0,0.0,0.0,5.622599166172444,0.0,1.8708957620077162,0.0,0.0,,,,,0.0,0.0,
89390ca24d7ffff,Planificado,0.3624443971046233,0.0,4.656942104002106,0.7671068761841079,0.6805416248746239,0.8723671013039118,0.7484119023737881,55.37229788862293,0.21428571428571427,0.10714285714285714,3.0351414327923707,27.686148944311466,2.0,0.6985284768245053,0.0,0.15447353916107717,36.91486525908196,0.0,28268.0,13071.888552441955,10.249485701810745,9.478295788507696,8.459336717356742,3.6353432583837453,0.18614758775103982
89390cb1bdbffff,Planificado,0.8710052749254461,0.0,1.4157643957724133,0.8196162561759351,0.8032430625208961,0.9146606486125042,0.7409450573944053,230.56500699414775,0.25,0.19,3.7168675697993336,36.89040111906364,4.0,0.7099618047238033,0.0,0.17991517376327426,442.6848134287637,18.44520055953182,21673.807491556647,46679.96612944287,9.983859782444632,10.751091783046702,9.30467716046057,6.095114430683402,0.3972675480058523
89390cb0047ffff,Espontáneo,0.24878126625835287,1.0,9.198386824988319,0.3031780526765481,0.24350830268583526,0.33174523570712133,0.33428061963668787,0.0,0.0,1.0,0.0,0.0,0.0,3.6802032278448795,0.0,1.4691601245379404,0.0,0.0,,,,,8.192129448923417,0.0,
89390ca20bbffff,Espontáneo,0.16064663274060628,1.0,5.498341090670574,0.7140124075931499,0.9089490694305139,0.6559679037111334,0.5771202496378023,987.8262535087368,0.34516129032258064,0.1870967741935484,3.9837106445705075,147.71233697326906,0.0,0.9180168795639904,0.0,0.6988781027478289,55.3921263649759,9.232021060829316,13497.265251095383,46179.99989930524,9.510242369912703,10.740323734889438,9.69555755819787,4.032329545300669,0.6626407054529493
89390ca0527ffff,Planificado,0.6100590281637107,0.0,9.547557226472508,0.33694602325495,0.24350830268583526,0.33174523570712133,0.4355845313718934,0.0,0.0,0.0,0.0,0.0,0.0,1.7433145278094144,0.0,1.2510251719550711,0.0,0.0,,,,,4.785401251204244,0.0,
89390cba8abffff,Planificado,0.5542442296250617,0.0,5.484701154097768,0.7439912329581336,0.8881644934804415,0.7216649949849548,0.6221442104090048,470.028387707339,0.36428571428571427,0.09285714285714286,3.8275495851518744,9.216242896222333,1.0,1.962338651447591,0.0,0.2326363078639633,9.216242896222333,0.0,14687.8769307424,30435.196119790013,9.594777733926911,10.323387840953863,5.18323256026535,2.3239788945069435,0.6116570750398923
89390cb13a3ffff,Transición,0.4929979400663196,,6.246005396111141,0.2938909320554255,0.24350830268583526,0.33174523570712133,0.30641925777331996,0.0,0.0,0.0,0.0,0.0,0.0,4.510620075234763,0.0,1.5170075387708548,0.0,0.0,,,,,0.0,0.0,
89390ca3417ffff,Planificado,0.7806588790569742,0.0,1.5009857912069464,0.8432612652773134,0.8714476763624206,0.9499331327315279,0.7084029867379917,313.57697319498834,0.4146341463414634,0.2804878048780488,3.4759313407757224,129.11993013911285,2.0,0.7849061714797866,0.0,0.2785149496219226,9.222852152793775,0.0,27825.309297912714,27419.42568300921,10.233701291909915,10.219043477540264,8.016193112750738,2.3246256214570318,0.12820846648674944
89390cb2b1bffff,Planificado,0.6549903280621089,0.0,12.132582321144186,0.30826739477692333,0.34536944165830824,0.33174523570712133,0.24768750696534048,0.0,0.0,0.5,1.3862943611198906,0.0,0.0,5.006709195385804,0.0,2.5880286163029154,0.0,0.0,,,,,7.303454282377856,0.0,
89390ca010bffff,Espontáneo,0.4249237092379291,1.0,10.53553026968213,0.33066792971507114,0.24350830268583526,0.33174523570712133,0.41675025075225675,0.0,0.0,0.0,0.0,0.0,0.0,1.5958456532846912,0.0,1.7185802584527663,0.0,0.0,,,,,7.271240936909248,0.0,
89390cb1e97ffff,Planificado,0.7721175000344189,0.0,5.372035470774926,0.3188547122850031,0.24350830268583526,0.33174523570712133,0.38131059846205284,0.0,0.0,0.0,0.0,0.0,0.0,3.281470744458318,0.0,1.0214397287615649,0.0,0.0,,,,,0.0,0.0,
89390cb0b6bffff,Planificado,0.6750814477101161,0.0,6.269991131799294,0.5212953675842341,0.7279059400423492,0.33174523570712133,0.5042349270032319,64.62063979879503,0.3684210526315789,0.05263157894736842,2.7255503958317213,0.0,0.0,2.0365908919464886,0.0,0.6270846137630289,18.463039942512864,0.0,,,,,7.7296870397922355,2.968517279486296,
89390ca7663ffff,Transición,0.463399901249488,,15.570929365926833,0.24596938965043277,0.24350830268583526,0.33174523570712133,0.1626546305583417,0.0,0.0,0.0,0.0,0.0,0.0,7.489445790530868,0.0,7.303491348897296,0.0,0.0,,,,,0.0,0.0,
89390cb51d3ffff,Planificado,0.6265590712994586,0.0,12.550728209809346,0.27810282699951705,0.24350830268583526,0.33174523570712133,0.2590549426055946,0.0,0.0,0.0,0.0,0.0,0.0,7.660932481942317,0.0,1.29745385941419,0.0,0.0,,,,,0.0,0.0,
89390cb1ec7ffff,Espontáneo,0.1932016006159225,1.0,5.0829824444097556,0.3029923102641257,0.24350830268583526,0.33174523570712133,0.3337233923994205,0.0,0.0,0.0,0.0,0.0,0.0,3.2648910358279797,0.0,1.7075698733424856,0.0,0.0,,,,,0.0,0.0,
89390cb0333ffff,Planificado,0.5705777543587516,0.0,7.256417926242859,0.5857015490917196,0.6694528028530035,0.5078569040454698,0.5797949403766857,46.11821545281876,0.17857142857142858,0.17857142857142858,3.0846519456895094,9.223643090563751,0.0,1.2989761362120325,0.0,0.5328823714729136,0.0,0.0,17408.135364989368,19703.332117020356,9.764692925647344,9.888593794967925,7.424789491817589,0.0,0.3253416185821997
89390ca23a7ffff,Planificado,0.3949947905350488,0.0,7.31004515410127,0.6528845796649208,0.7909283405772873,0.6166833834837847,0.55104201493369,147.75712632139317,0.35555555555555557,0.13333333333333333,3.23490208570058,55.40892237052244,0.0,1.605792182395203,0.0,0.5540468517575109,9.234820395087073,0.0,,,,,8.084653485719445,2.3257956708485916,
89390cb1aabffff,Planificado,0.6955473931075882,0.0,1.9776582411979549,0.4965730524908058,0.24350830268583526,0.5547475760615179,0.6914632787250641,0.0,0.0,0.0,0.0,0.0,1.0,0.8182250998714184,0.0,0.3211669753983997,9.221582875130892,0.0,,,,,9.4142869444602,2.32450145293266,
89390cbab97ffff,Espontáneo,0.4190143326320366,1.0,5.274124388279272,0.6230357739886325,0.7921542404992756,0.49983283182881977,0.5771202496378023,82.95533621234716,0.47368421052631576,0.10526315789473684,2.9444389791664403,9.217259579149685,0.0,1.1165123777315829,0.0,0.6070674401783914,9.217259579149685,0.0,13975.0,28580.762766996628,9.5450252980233,10.260524127923206,7.492141283899951,2.3240784058784683,0.6108417915066765
89390cb0e57ffff,Espontáneo,0.4273903523218289,1.0,6.983658267188938,0.6955681860396002,0.8673799175303688,0.6568037445670344,0.5625208960213975,387.4677671668312,0.3181818181818182,0.16666666666666666,3.9194022117625895,156.83219147228883,0.0,1.5159115522084847,0.0,0.5380527329825858,73.80338422225356,0.0,14450.911256117455,66438.92794176943,9.5785127542593,11.104053479165676,6.432938638418976,4.314863127569986,0.665800432213646
89390ca2ecbffff,Planificado,0.7504050742189099,0.0,7.7548982739615635,0.4913722649429771,0.24350830268583526,0.5547475760615179,0.6758609160815782,0.0,0.0,0.0,0.0,0.0,1.0,0.9201401472203182,0.0,0.33551067308948634,0.0,0.0,,,,,9.724299815589598,0.0,
89390cb0a3bffff,Planificado,0.851065498807126,0.0,5.654638902580434,0.7910026375422564,0.6335673687729856,0.8129388164493481,0.9265017274044355,18.457443409121268,0.08,0.24,3.107972275978608,36.914886818242536,1.0,0.4955491133407677,1.0,0.1995323366596113,0.0,0.0,34765.0,9400.369406327987,10.456366412533118,9.148610639171826,8.666494989444653,0.0,0.04894649923926258
89390cb50a3ffff,Transición,0.5260500540844727,,11.93982482880729,0.2732363757940488,0.24350830268583526,0.33174523570712133,0.24445558898918981,0.0,0.0,0.0,0.0,0.0,0.0,7.074990800818506,0.0,1.6550456366783963,0.0,0.0,,,,,5.957216752050766,0.0,
89390ca2693ffff,Planificado,0.956193763611606,0.0,2.942149442259526,0.9018722835172183,0.9054385378357295,0.8691073219658977,0.9310709907500279,784.3322167370568,0.3953488372093023,0.15348837209302327,3.6990146688284287,110.72925412758448,1.0,0.13128128200765832,1.0,0.29514795187043846,286.0505731629266,0.0,30328.0161384406,37701.23251268674,10.319827189326094,10.537474589525944,7.931558599286377,5.659658413347157,0.18640336208586955
89390cb1d97ffff,Transición,0.5365343190563633,,6.306613204541997,0.7192317693822208,0.6583082581076564,0.8233032430625209,0.676083806976485,46.12200584713541,0.17857142857142858,0.25,2.9361204069980924,46.12200584713541,1.0,0.5857079888909844,0.0,0.46161003620832897,0.0,0.0,18352.397855694002,19962.656900477854,9.817515518280523,9.901668744531074,8.903414179437934,0.0,
89390ca2277ffff,Planificado,0.7034773678965379,0.0,4.686924866444819,0.7468702403506816,0.8677142538727293,0.5909394851220328,0.781956982057283,193.83489352125594,0.4883720930232558,0.09302325581395349,3.394398112993949,36.920932099286844,0.0,0.4776667896328918,1.0,0.7444908457000772,27.690699074465133,9.230233024821711,15387.0,33477.529943333895,9.641278276057378,10.418659615136834,8.27765640308143,3.356572996181781,0.5663199159490162
89390cb197bffff,Planificado,0.8909359096987257,0.0,2.2561154552946325,0.8129202422081058,0.8634793268694975,0.8684386492811769,0.7068427504736432,359.8105046741403,0.325,0.24166666666666667,3.8584149727114756,110.7109245151201,1.0,0.4996520273187452,0.0,0.38956776610750593,424.3918773079604,9.225910376260009,34765.0,32586.260158093814,10.456366412533118,10.391676698278925,8.334035924948768,6.05301080833833,0.13755223145878245
89390cb22b3ffff,Espontáneo,0.30403150225351744,1.0,15.370292590921913,0.2581540919053456,0.24350830268583526,0.33174523570712133,0.19920873732308034,0.0,0.0,0.0,0.0,0.0,0.0,9.652418905086725,0.0,2.3217652142045107,0.0,0.0,,,,,0.0,0.0,
89390cbaa67ffff,Espontáneo,0.5031049110661377,1.0,8.04880859921753,0.4576414428470597,0.5768416360191687,0.33174523570712133,0.4643374568148892,9.214469001237862,1.0,0.0,0.0,0.0,0.0,1.7340708638903863,0.0,0.9483022781483692,0.0,0.0,,,,,5.240247989600475,0.0,
89390ca35d3ffff,Espontáneo,0.2342705674113512,1.0,0.9840663812989003,0.7516252461086964,0.8294884653961886,0.6451019725844199,0.7802853003454809,276.73899390955086,0.2727272727272727,0.21818181818181817,3.8097342751904772,110.69559756382036,0.0,0.4673381138110948,1.0,0.758796349204937,525.8040884281467,18.449266260636726,20700.468034493013,33985.06496753931,9.937911589359832,10.433705865689332,8.133103610724651,6.2668287307124855,0.4886017448046171
89390cb1143ffff,Espontáneo,0.30571532924644657,1.0,6.9508778939696665,0.31023626434860135,0.24350830268583526,0.33174523570712133,0.3554552546528475,0.0,0.0,0.0,0.0,0.0,0.0,5.047250764259294,0.0,0.8301268236640984,0.0,0.0,,,,,0.0,0.0,
89390ca31b7ffff,Transición,0.4544781921250309,,4.4559277679468625,0.6850273041346261,0.5503176195252424,0.5547475760615179,0.950016716817118,9.229214423483883,0.16666666666666666,0.3333333333333333,1.5607104090414068,0.0,1.0,0.28050457464818845,1.0,0.18706735516724227,0.0,0.0,11697.0,8453.824127158034,9.367087677650707,9.042492460070568,7.777991690776643,0.0,
89390cb28bbffff,Planificado,0.7753577552021114,0.0,14.754067932163682,0.2800902708124373,0.3346149559790483,0.33174523570712133,0.1739106207511423,0.0,0.0,0.3333333333333333,1.0986122886681096,0.0,0.0,7.797603773323917,0.0,3.879096019504698,0.0,0.0,,,,,6.612117189247722,0.0,
89390cb0b3bffff,Espontáneo,0.5625945757926882,1.0,7.262402580115855,0.48721163490471414,0.6431516772539841,0.33174523570712133,0.48673799175303695,27.696866511245716,0.09090909090909091,0.15151515151515152,3.0529056434610515,0.0,0.0,2.6011854817964863,0.0,0.5864525107688787,92.32288837081906,9.232288837081905,18701.0,20644.08644689782,9.83633227734872,9.93523262561575,5.874905514427202,4.536065397926061,0.5578074686338663
89390ca2d9bffff,Planificado,0.40666909315945904,0.0,11.833878669332337,0.30406961625617596,0.3496043686615402,0.33174523570712133,0.23085924439986624,0.0,0.0,0.3333333333333333,1.4648163848908131,0.0,0.0,5.715347057404219,0.0,2.5955877981682245,0.0,0.0,,,,,7.331316019088674,0.0,
89390cb538fffff,Planificado,0.47464973205676236,0.0,11.565098406065953,0.28694416583082577,0.24350830268583526,0.33174523570712133,0.2855789590995208,0.0,0.0,0.0,0.0,0.0,0.0,6.657615495417454,0.0,1.1327766487551323,0.0,0.0,,,,,7.036746880436641,0.0,
89390ca1437ffff,Planificado,0.7104648126642551,0.0,8.236260126846703,0.3073015342323266,0.24350830268583526,0.33174523570712133,0.3466510643040232,0.0,0.0,0.0,0.0,0.0,0.0,3.441358848633525,0.0,1.3861147852905806,0.0,0.0,,,,,7.197673276772797,0.0,
89390cb090bffff,Planificado,0.8496631337758079,0.0,9.179054453036164,0.3744474163230432,0.3346149559790483,0.33174523570712133,0.45698205728296,0.0,0.0,0.0,1.0986122886681096,0.0,0.0,3.213668657131277,0.0,0.6024775857710342,9.233066011326052,0.0,20154.0,19506.48908609269,9.911158058840348,9.878553726518387,8.172788267388986,2.3256242429121174,0.3299653174978487
89390ca2563ffff,Espontáneo,0.21464853650727297,1.0,6.6591163553244455,0.35173111928377726,0.24350830268583526,0.33174523570712133,0.4799398194583751,0.0,0.0,0.0,0.0,0.0,0.0,1.7953225216573172,0.0,0.8077152874405437,9.233551992693961,0.0,25119.40932642487,18854.813852553678,10.131396106230232,9.844576572513445,5.995199246747605,2.3256717330609935,0.2176604811341342
89390cb1c67ffff,Planificado,0.7569913685226465,0.0,4.45866504825283,0.3508395557041495,0.24350830268583526,0.33174523570712133,0.47726512871949184,0.0,0.0,0.0,0.0,0.0,0.0,2.0784458459971344,0.0,0.7382933769891509,0.0,0.0,27517.0,179.59465874452687,10.222559274477174,5.196255065487543,6.833724186948386,0.0,0.26984918086148907
89390cb00d3ffff,Espontáneo,0.08807348067932586,1.0,10.605440372203416,0.27464801812845946,0.24350830268583526,0.33174523570712133,0.24869051599242173,0.0,0.0,0.0,0.0,0.0,0.0,5.101119931658249,0.0,2.477700952771064,0.0,0.0,,,,,0.0,0.0,
89390ca2147ffff,Espontáneo,0.1787907752028918,1.0,7.076475529429706,0.7568074594152829,0.8671570266354619,0.8548980274155801,0.5483673241948066,240.09874084642283,0.45614035087719296,0.15789473684210525,3.346447927563165,73.87653564505318,1.0,2.561102859593813,0.0,0.3716763360867419,9.234566955631648,0.0,9259.348629504158,34616.156282210024,9.133388982779923,10.452104684461306,6.642913737827891,2.325770908069804,0.8656254633076798
89390cbad53ffff,Espontáneo,0.3146923673797479,1.0,5.532455686700453,0.301803558824622,0.24350830268583526,0.33174523570712133,0.3301571380809094,0.0,0.0,0.0,0.0,0.0,0.0,3.395861857454181,0.0,1.7022616097244827,0.0,0.0,,,,,0.0,0.0,
89390cb184bffff,Planificado,0.6759026335160433,0.0,2.693790278244177,0.7530090270812438,0.7267914855678145,0.8033266466064861,0.7289089490694306,82.99197485065392,0.28125,0.125,3.146132506812108,9.221330538961547,2.0,0.9998295529458034,0.0,0.01136273966119838,27.66399161688464,9.221330538961547,,,,,9.230335285475173,3.3556416875411474,
89390ca05b3ffff,Espontáneo,0.07141667030134886,1.0,8.427812432871653,0.8905048478769642,0.8731750807979495,0.8702774991641591,0.928061963668784,360.19771592880323,0.36792452830188677,0.16981132075471697,3.703534956637792,110.83006643963176,1.0,0.42312006380404527,1.0,0.22590493494918554,9.235838869969314,0.0,11813.419279226488,30672.788183224886,9.376991391353998,10.331163763769425,7.243999866541165,2.3258951766700595,0.7381699719391632
89390cba937ffff,Espontáneo,0.10113373479016322,1.0,2.8623844784143126,0.5354860878933095,0.3213529477320851,0.5547475760615179,0.7303577398863256,0.0,0.0,0.0,0.6931471805599453,0.0,1.0,0.5941794909747303,0.0,0.2806875299681742,18.441126738158392,0.0,,,,,5.979540585420535,2.9673907571345,
89390ca34a3ffff,Espontáneo,0.5765824378552338,1.0,0.9796290860977009,0.7400720680560199,0.7996768082023848,0.6208625877632898,0.7996768082023848,202.9195398861104,0.2222222222222222,0.20202020202020202,3.843271659301174,64.56530814558059,0.0,0.1966013759002266,1.0,0.7733737456357642,562.6405424114879,18.44723089873731,18177.999371464488,37999.56894389247,9.807967316102001,10.545356410804137,8.701889711619225,6.334416712163195,0.5821904692266707
89390cb2ba7ffff,Espontáneo,0.23039753479290737,1.0,13.17214689770922,0.26038300085441507,0.24350830268583526,0.33174523570712133,0.20589546417028862,0.0,0.0,0.0,0.0,0.0,0.0,5.936916881001975,0.0,3.5914605714537733,0.0,0.0,,,,,0.0,0.0,
89390ca3087ffff,Planificado,0.6966228095862808,0.0,2.826361368079204,0.8254950035291059,0.9151900144879082,0.8716148445336007,0.6896801515658085,544.253345453379,0.4041095890410959,0.2054794520547945,3.890040477053499,119.92022865921909,1.0,0.5812787740827018,0.0,0.41908281886411786,73.79706379028868,0.0,16032.0,47863.37153327391,9.68234200388459,10.776126697309378,8.236675612486932,4.3147786300694415,0.5637389176212224
89390cb8987ffff,Espontáneo,0.09260516937219793,1.0,7.4859802941261595,0.9384171031613359,0.96500612949961,0.8827315279170846,0.967513652067313,599.3703293641433,0.5603448275862069,0.13793103448275862,3.923297211753118,36.88432796087036,2.0,0.13471892882162992,1.0,0.14163675417710814,0.0,0.0,11587.400208986415,34559.06736617089,9.35767359788332,10.450454172168723,6.564741375425603,0.0,0.6364330803126139
89390cb567bffff,Espontáneo,0.4073822478628195,1.0,8.318320675822765,0.7392362272001188,0.8681600356625432,0.7823470411233702,0.5672016048144434,175.46186843054284,0.475,0.125,3.480935299945953,18.46967036110977,1.0,3.5125417897895357,0.0,0.16957127555619878,0.0,0.0,,,,,7.028517500138431,0.0,
89390ca284fffff,Transición,0.5280002220082342,,10.823257036739843,0.29630558341691743,0.24350830268583526,0.33174523570712133,0.3136632118577956,0.0,0.0,0.0,0.0,0.0,0.0,2.8358824192020236,0.0,2.6188376874298926,0.0,0.0,,,,,6.446636081443228,0.0,
89390ca2433ffff,Planificado,0.7505436345251497,0.0,5.309024812018987,0.5207752888294513,0.38064192577733197,0.5547475760615179,0.6269363646495041,0.0,0.0,0.25,2.253857589601352,0.0,1.0,1.0594484861833986,0.0,0.44726043859492653,0.0,0.0,19977.0,8085.656617602533,9.902336890778733,8.99797065115841,7.69802697454569,0.0,0.2709042108640493
89390cb1b37ffff,Planificado,0.8946477128954543,0.0,1.3732880075107052,0.7903525390987779,0.7330881533489357,0.925777331995988,0.7121921319514097,156.8404283406895,0.20481927710843373,0.4939759036144578,3.2002439884566654,46.129537747261615,3.0,0.6199778841371482,0.0,0.3290928552314666,479.74719257152077,0.0,34765.0,9167.44959403714,10.456366412533118,9.123523477241342,9.572416235413442,6.175341544767014,0.17136674813962047
89390ca2017ffff,Espontáneo,0.16036721317340738,1.0,5.265273894829354,0.6788327946803374,0.8342806196366879,0.6258776328986961,0.576340131505628,332.3435570867757,0.24324324324324326,0.16891891891891891,3.930581951434566,64.62235832242861,0.0,0.8882762950673124,0.0,0.7124130875147776,138.47648211948987,27.695296423897975,14722.47225501771,43086.60619932329,9.597130330287673,10.670990675558336,7.842501461385782,4.93789600009198,0.6828474512003686
89390cbac23ffff,Espontáneo,0.2002446543064274,1.0,6.222076645679628,0.2986087893309558,0.24350830268583526,0.33174523570712133,0.32057282959991085,0.0,0.0,0.0,0.0,0.0,0.0,3.3208834464101353,0.0,1.979884841444122,0.0,0.0,,,,,0.0,0.0,
89390ca0483ffff,Planificado,0.447612586404407,0.0,5.596346774249306,0.6641034213752368,0.8129388164493481,0.5533266466064861,0.6260448010698764,129.23752602610412,0.4827586206896552,0.1724137931034483,2.948783720452397,18.462503718014876,0.0,0.8730111842897863,0.0,0.5191863293146526,18.462503718014876,0.0,13151.85815602837,19461.5453648202,9.48431833226429,9.876247147023042,6.592950280473644,2.9684897281949025,0.7282316859787162
89390cba807ffff,Transición,0.5255692074946516,,5.728840846380361,0.7041680597347599,0.8936810431293881,0.630558341691742,0.5882647943831495,294.91164404071867,0.47761194029850745,0.14925373134328357,3.511343184601493,0.0,2.0,1.6045347678992503,0.0,0.42257877786559345,0.0,0.0,13558.930172966047,35660.45777811454,9.514800662582985,10.481825770506262,6.75815790278069,0.0,
89390ca00dbffff,Planificado,0.8563124717598233,0.0,7.546130818644045,0.3850533080723652,0.24350830268583526,0.33174523570712133,0.5799063858241391,0.0,0.0,0.0,0.0,0.0,0.0,0.9184735400494863,0.0,0.6840858425011508,18.46301951227361,0.0,,,,,5.333192303556944,2.968516229791591,
89390ca3373ffff,Espontáneo,0.5223226547544448,1.0,6.720907076765808,0.333082581076563,0.24350830268583526,0.33174523570712133,0.42399420483673245,0.0,0.0,1.0,0.0,0.0,0.0,2.1739261143988737,0.0,1.0849137522840264,0.0,0.0,,,,,0.0,0.0,
89390ca0067ffff,Planificado,0.9141320661349274,0.0,9.644776418436926,0.45223633864556634,0.5699877410007801,0.33174523570712133,0.45497603922879754,9.234060297792691,0.25,0.5,1.3862943611198906,0.0,0.0,1.7954400125337444,0.0,0.9910827857217752,0.0,0.0,,,,,7.041632304982001,0.0,
89390cb554bffff,Espontáneo,0.34963414084223476,1.0,11.95449777009968,0.2625376128385155,0.24350830268583526,0.33174523570712133,0.21235930012259,0.0,0.0,0.0,0.0,0.0,0.0,7.164838739034874,0.0,2.359169146952334,0.0,0.0,,,,,6.232540461346409,0.0,
89390cb0ac7ffff,Espontáneo,0.5011621359265187,1.0,5.7425715857910955,0.7345369441658308,0.7912626769196477,0.623370110330993,0.7889780452468518,193.77113038197703,0.2876712328767123,0.3150684931506849,3.4382814523587353,64.59037679399235,0.0,0.4916087728678902,1.0,0.706767337420168,36.9087867394242,0.0,23277.778839815426,21798.313735450607,10.055254486632638,9.989633768256473,9.116652505361216,3.6351829253079684,0.2680848630476803
89390ca2b3bffff,Espontáneo,0.29333456739630276,1.0,13.408069544528113,0.3782365615364612,0.5970689847319737,0.33174523570712133,0.20589546417028867,9.24298184635378,0.3333333333333333,0.6666666666666666,1.0986122886681096,0.0,0.0,5.326500889912503,0.0,5.140501621715933,18.48596369270756,0.0,,,,,5.541652267860981,2.969694395751263,
89390cb1e23ffff,Transición,0.5149247370238437,,3.6280701463308964,0.4550596233143876,0.5606263234146885,0.33174523570712133,0.4728073108213529,9.220314938237467,0.25,0.0,1.3862943611198906,0.0,0.0,1.7537262490615453,0.0,0.8811493763892527,0.0,0.0,,,,,8.689244357494005,0.0,
89390ca2303ffff,Planificado,0.7728886105751943,0.0,6.408900273717264,0.5182306177792637,0.24350830268583526,0.6557171514543632,0.6554663991975928,0.0,0.0,0.0,0.0,0.0,3.0,1.690186447856683,0.0,0.15831544423300759,0.0,0.0,,,,,9.841263578736866,0.0,
89390cb1a07ffff,Planificado,0.7115025417789859,0.0,2.0062235003888857,0.6121326943794346,0.3213529477320851,0.630558341691742,0.8844867937144767,0.0,0.0,0.0,0.6931471805599453,0.0,2.0,0.47249662713844465,1.0,0.35837448056442817,9.221328023653161,0.0,,,,,8.711684282580219,2.3244765199396036,
89390cb1373ffff,Espontáneo,0.22169922058890768,1.0,6.280268441265821,0.27639399680523047,0.24350830268583526,0.33174523570712133,0.2539284520227349,0.0,0.0,0.0,0.0,0.0,0.0,4.403964373352309,0.0,2.938352908064403,0.0,0.0,,,,,0.0,0.0,
89390cb11cfffff,Espontáneo,0.12285085651283943,1.0,7.368093303595256,0.31896615773245657,0.24350830268583526,0.33174523570712133,0.38164493480441325,0.0,0.0,0.0,0.0,0.0,0.0,5.133762324271117,0.0,0.6842152818623456,0.0,0.0,,,,,4.968193482597224,0.0,
89390ca3243ffff,Planificado,0.74974977150153,0.0,6.7896744694190065,0.519846576767339,0.6367435640254095,0.33174523570712133,0.5910509305694862,9.221588236907994,0.5,0.0,0.6931471805599453,0.0,0.0,0.8505589141777073,0.0,0.6615469388882859,0.0,0.0,,,,,7.764360485538982,0.0,
89390cba87bffff,Espontáneo,0.2395638045623337,1.0,6.524648439864753,0.8071529403023886,0.8554552546528473,0.8320795720494818,0.7339239942048367,230.38068336393283,0.4098360655737705,0.16393442622950818,3.490118628769597,18.430454669114624,2.0,0.5327147365478603,0.0,0.2905500095254676,9.215227334557312,0.0,15075.634937516617,25289.098544868957,9.620835139283324,10.138168236250683,7.705499018586226,2.323879482995742,0.5545450339810193
89390cb2947ffff,Espontáneo,0.18763531547305431,1.0,13.994936194225115,0.2525075225677031,0.24350830268583526,0.33174523570712133,0.18226902931015268,0.0,0.0,0.0,0.0,0.0,0.0,6.783672117811965,0.0,4.391214559786252,0.0,0.0,,,,,0.0,0.0,
89390cb0db3ffff,Planificado,0.6372191110025324,0.0,11.746315143098965,0.4057450128162265,0.630112559901928,0.33174523570712133,0.25537724283963,27.69698170267117,0.21428571428571427,0.21428571428571427,2.5400363038209806,0.0,0.0,4.576045747522806,0.0,2.6687511271318005,0.0,0.0,,,,,1.3270502570253786,0.0,
89390cb541bffff,Transición,0.4967002112068253,,10.9857434421959,0.28222630855529546,0.24350830268583526,0.33174523570712133,0.2714253872729299,0.0,0.0,0.0,0.0,0.0,0.0,5.4740201202385235,0.0,1.7150117566426142,0.0,0.0,26121.0,968.4840495457385,10.170494867496725,6.876764022299547,5.8318021787896965,0.0,
89390cb0997ffff,Planificado,0.6432641882053628,0.0,10.512834993821762,0.29433671384523935,0.24350830268583526,0.33174523570712133,0.3077566031427616,0.0,0.0,0.0,0.0,0.0,0.0,3.8347267945705688,0.0,1.8483970868488329,0.0,0.0,,,,,6.660615099423317,0.0,
89390ca2a0bffff,Planificado,0.5754833175811176,0.0,10.493083261723582,0.3054069616256176,0.24350830268583526,0.33174523570712133,0.3409673464838961,0.0,0.0,0.0,0.0,0.0,0.0,2.542646986811739,0.0,2.2177919118414984,0.0,0.0,,,,,7.063330622212496,0.0,
89390ca21d3ffff,Planificado,0.882796099679969,0.0,6.509245416948858,0.5129833946283294,0.5699877410007802,0.5252423938482113,0.44372004903599693,9.23355018784516,0.043478260869565216,0.391304347826087,2.2954509758724813,9.23355018784516,0.0,1.8667880543324706,0.0,1.0637568210219956,36.93420075138064,0.0,,,,,5.332767614747323,3.6358530996707783,
89390cb18d7ffff,Planificado,0.8656100363034916,0.0,3.886810275362689,0.38451465507634014,0.3346149559790483,0.33174523570712133,0.48718377354285075,0.0,0.0,0.3333333333333333,1.0986122886681096,0.0,0.0,1.6015814009680969,0.0,0.85524857156796,0.0,0.0,,,,,8.07851627933073,0.0,
89390cba9c3ffff,Espontáneo,0.4223332067315166,1.0,4.481259682390531,0.7007503993461867,0.7455143207399977,0.7577733199598796,0.5989635573386828,64.52437177901162,0.5384615384615384,0.3076923076923077,2.031759218569271,18.43553479400332,1.0,1.5315552811699154,0.0,0.4071925993854235,0.0,0.0,11497.0,24664.128607275576,9.34984141075374,10.113145727815022,8.02114418892591,0.0,0.6317387756868453
89390cb14bbffff,Transición,0.5473572568050579,,11.203600301513804,0.25455068910435,0.24350830268583526,0.33174523570712133,0.1883985289200936,0.0,0.0,0.0,0.0,0.0,0.0,7.893818281021063,0.0,2.917166819608613,0.0,0.0,,,,,5.721486372467964,0.0,
89390ca352fffff,Planificado,0.8081744869809858,0.0,3.258724068287858,0.8431683940711022,0.8712805081912404,0.88707790036777,0.7711467736542962,341.4244093111573,0.3557692307692308,0.18269230769230768,3.7760862595801177,36.910746952557545,2.0,0.5066253223868249,0.0,0.1440450811882414,378.33515626371485,27.68306021441816,19801.0,46732.65548259729,9.893487720457795,10.752219858241627,10.037061868809577,5.938420131622739,0.45045302557117756
89390cb2c33ffff,Planificado,0.5704495493532367,0.0,16.166268033685256,0.25499647089416394,0.24350830268583526,0.33174523570712133,0.18973587428953528,0.0,0.0,0.0,0.0,0.0,0.0,9.401855291275432,0.0,2.6080708952797695,0.0,0.0,,,,,5.596412850469256,0.0,
89390ca3113ffff,Espontáneo,0.0833301994064621,1.0,4.205089882649182,0.7977079386307069,0.8324974924774322,0.8114343029087261,0.7491920205059622,276.8306165173474,0.32608695652173914,0.14130434782608695,3.5713106720734333,36.91074886897965,1.0,0.7642853765162276,0.0,0.08972248138199544,101.50455938969404,9.227687217244913,8991.16832129964,47529.01232913843,9.10399807689725,10.769116629005001,7.344980212770572,4.629907279439848,0.9134874232114204
89390cb0c83ffff,Planificado,0.7019797295057416,0.0,10.656622142621126,0.5035476800772688,0.634960436866154,0.5463055834169174,0.3293770199487351,36.91095977079539,0.16,0.16,2.730632919046993,18.455479885397693,0.0,3.740043042022575,0.0,1.51529064434326,0.0,0.0,,,,,3.692890153084381,0.0,
89390cb0867ffff,Planificado,0.7779246529954563,0.0,7.62782936366171,0.7571046472751588,0.8941268249192019,0.774991641591441,0.6021954753148334,304.6069405995654,0.55,0.06666666666666667,3.2927882617015953,18.461026703003967,1.0,1.525494417040269,0.0,0.39672223928109623,0.0,0.0,27165.939099735217,20083.826995162774,10.209719228597372,9.907719933122367,7.873767934324585,0.0,0.09421853231630643
89390cb1bc3ffff,Espontáneo,0.4397644187829282,1.0,1.1868310704881555,0.8827965377614325,0.7445113117129166,0.9692410565028419,0.9346372450685388,138.34663580021635,0.2054794520547945,0.3287671232876712,3.405903792364118,92.23109053347757,5.0,0.36788542695801635,1.0,0.21830826131725659,783.9642695345593,18.446218106695515,29182.0,19284.116463162973,10.281307359823968,9.867088909678435,9.350292635217794,6.665638200230015,0.25919687002648906
89390ca208bffff,Espontáneo,0.11572830709624597,1.0,4.829983041314453,0.8488056762881236,0.8213529477320852,0.7759946506185222,0.9490694305137636,230.77504701198706,0.26595744680851063,0.1702127659574468,3.852001357760594,18.462003760958964,1.0,0.44259360486260585,2.0,0.19413152197025288,230.77504701198706,36.92400752191793,16748.13704164077,38096.86832494448,9.726042309673074,10.547913610073039,9.26335200914414,5.445767276327615,0.591781499539399
89390ca20a3ffff,Espontáneo,0.18423047196123551,1.0,5.834388473326355,0.5747334596381738,0.8983617519224341,0.33174523570712133,0.49409339128496593,563.184374056023,0.35260115606936415,0.15606936416184972,3.983017179847535,0.0,0.0,1.2188165265260762,0.0,1.034796771170625,101.55783794452874,27.697592166689656,14332.966132309777,41425.534556215796,9.570317487003363,10.631676885814215,9.25754095624503,4.630426912066075,0.6644214081874801
89390cb0017ffff,Espontáneo,0.06807314817566318,1.0,9.984318474100439,0.28965600505219363,0.24350830268583526,0.33174523570712133,0.2937144767636242,0.0,0.0,0.0,0.0,0.0,0.0,4.210755212064557,0.0,1.9279850738261484,0.0,0.0,,,,,0.0,0.0,
89390cbacafffff,Espontáneo,0.06866822865113248,1.0,6.2896241305036815,0.2842694750919425,0.24350830268583526,0.33174523570712133,0.27755488688287083,0.0,0.0,1.0,0.0,0.0,0.0,3.9492432356889333,0.0,2.529922643769306,0.0,0.0,,,,,0.0,0.0,
89390ca050fffff,Espontáneo,0.15562175173330042,1.0,8.622385244816194,0.38416174449273743,0.24350830268583526,0.33174523570712133,0.5772316950852557,0.0,0.0,0.0,0.0,0.0,0.0,1.1570173760757956,0.0,0.5931867249462309,0.0,0.0,,,,,4.350364819536298,0.0,
89390cba893ffff,Planificado,0.5856024385322326,0.0,6.217622003148437,0.31565994279133697,0.24350830268583526,0.33174523570712133,0.3717262899810543,0.0,0.0,0.0,0.0,0.0,0.0,2.6925340186472875,0.0,1.454074878227341,0.0,0.0,,,,,0.0,0.0,
89390ca144fffff,Espontáneo,0.25068340442867276,1.0,9.090835511417096,0.32401835135034734,0.24350830268583526,0.33174523570712133,0.39680151565808536,0.0,0.0,0.0,0.0,0.0,0.0,2.514093198223797,0.0,1.1994992687299588,0.0,0.0,,,,,4.56173971365279,0.0,
89390cb0b53ffff,Planificado,0.6231575189391391,0.0,6.280730279187686,0.6208533006426687,0.6079906385824139,0.5547475760615179,0.6998216872840745,27.690750571132416,0.21428571428571427,0.07142857142857142,2.1439522006438696,0.0,1.0,1.2696132423843134,0.0,0.07611830871776641,0.0,0.0,30030.0,6312.571159480731,10.309952160977376,8.750456747818738,9.048357054032564,0.0,0.08343684608985655
89390ca2bc7ffff,Transición,0.47272178206076226,,12.23379130949277,0.47960548311601475,0.6630446896244289,0.5317619525242394,0.2440098071993759,36.965801409494716,0.3076923076923077,0.23076923076923078,2.351673301904631,9.241450352373679,0.0,4.159822774466556,0.0,3.9806908647515673,0.0,0.0,,,,,7.207559346232888,0.0,
89390cb031bffff,Espontáneo,0.3834892794384545,1.0,7.381918507913318,0.3663676213826665,0.24350830268583526,0.33174523570712133,0.5238493257550428,0.0,0.0,0.0,0.0,0.0,0.0,1.695715052589864,0.0,0.6335909530164078,0.0,0.0,,,,,6.8008927045386525,0.0,
89390ca238fffff,Espontáneo,0.3151426287138862,1.0,6.284844287236747,0.49973067350198735,0.34536944165830824,0.5547475760615179,0.5990750027861361,0.0,0.0,0.0,1.3862943611198906,0.0,1.0,1.9430245265300963,0.0,0.3153824456704121,0.0,0.0,22676.0,8296.134280407307,10.029062375444195,9.023665466745364,0.0,0.0,0.3107418317431186
89390cb1babffff,Espontáneo,0.1232070898404474,1.0,1.1867376457413432,0.9001170177198262,0.852390504847877,0.928201270478101,0.9197592778335005,857.9384499212714,0.2719298245614035,0.29239766081871343,3.694906102542369,73.80115698247496,2.0,0.26156511586524545,2.0,0.3621187051253709,1623.625453614449,18.45028924561874,23539.487238493723,38642.895742322646,10.06643459801516,10.56214410473299,8.124502542387622,7.3930325781135,0.440577974540636
89390cb1a93ffff,Espontáneo,0.2332481538598586,1.0,3.2186848506657646,0.3615383186596827,0.24350830268583526,0.33174523570712133,0.5093614175860915,0.0,0.0,0.0,0.0,0.0,0.0,1.6865270820834164,0.0,0.70185600213128,0.0,0.0,,,,,0.0,0.0,
89390ca24a7ffff,Espontáneo,0.3838645916606077,1.0,5.945410352349314,0.6089286377651474,0.6424272818455367,0.5547475760615179,0.6296110553883875,36.92505542247676,0.2,0.15,2.6923109941417858,0.0,1.0,1.698045994843121,0.0,0.2700025355899945,9.23126385561919,0.0,30952.0,14136.153383918172,10.34019289638035,9.556561602629081,9.851532410175452,2.3254481163813945,0.09801277843003345
89390cb29d3ffff,Transición,0.47371247707335923,,14.99031296458734,0.3892882350755971,0.6635461941379696,0.33174523570712133,0.17257327538170064,18.46014722272753,0.5,0.0,1.0397207708399179,0.0,0.0,7.874788540241568,0.0,3.916077216630645,0.0,0.0,,,,,4.680098605334713,0.0,
89390cb0433ffff,Espontáneo,0.08478028631945012,1.0,11.977265664185794,0.28356365392473715,0.24350830268583526,0.33174523570712133,0.2754374233812549,0.0,0.0,0.0,0.0,0.0,0.0,6.215661224739371,0.0,1.368138508377066,0.0,0.0,,,,,0.0,0.0,
89390cb54a7ffff,Transición,0.4623315851541122,,12.442453223707039,0.25689104350087294,0.24350830268583526,0.33174523570712133,0.19541959210966234,0.0,0.0,0.0,0.0,0.0,0.0,6.925944225499473,0.0,3.1493028728346872,0.0,0.0,,,,,4.98945444345672,0.0,
89390cb0a23ffff,Planificado,0.5926448209878618,0.0,5.850453675431782,0.7626490582859691,0.6930235149894127,0.8479605483116015,0.746963111556893,55.37538691384775,0.375,0.25,2.1546193098639694,18.458462304615917,2.0,0.6803926028688759,0.0,0.16763328867892166,18.458462304615917,0.0,25176.0,22283.288071623865,10.133646438744243,10.01163713834237,7.692117553654311,2.9682820553734657,0.2110909410260891
89390cb508bffff,Planificado,0.6599923427549957,0.0,11.040768044085885,0.2679612912812511,0.24350830268583526,0.33174523570712133,0.2286303354507968,0.0,0.0,0.0,0.0,0.0,0.0,6.235860908935323,0.0,2.3299088362086913,0.0,0.0,14174.0,553.5272877340096,9.5591645793702,6.318116017002501,3.913723800107152,0.0,0.7706396525488053
89390ca267bffff,Planificado,0.9472984079084974,0.0,2.4375226852704057,0.8977302277201976,0.9539730302017162,0.8821464393179539,0.8570712136409228,830.4919197009549,0.44554455445544555,0.12376237623762376,4.07153532505055,166.09838394019098,1.0,0.35309542218942563,1.0,0.4893688496713083,424.4736478471547,83.04919197009549,25054.662141194724,59174.19794647121,10.128815202617004,10.98825777947961,6.878374666792039,6.053203013891449,0.31540915895596466
89390cbae6bffff,Espontáneo,0.3650203403364849,1.0,8.737356679746721,0.3419610683903562,0.24350830268583526,0.33174523570712133,0.45062966677811217,0.0,0.0,0.0,0.0,0.0,0.0,2.0505483427783093,0.0,0.9062584437817893,0.0,0.0,,,,,0.0,0.0,
89390cb1963ffff,Planificado,0.9497356809041891,0.0,2.4577697343995575,0.5437609123667299,0.3909506296667781,0.5874289535272484,0.652903153906163,0.0,0.0,0.48148148148148145,2.441953348719974,36.90567793870537,0.0,0.5658827597076928,0.0,0.5535037785413593,73.81135587741073,0.0,32236.83735909823,11804.266051501945,10.380865095006595,9.376300986453451,9.33282763064262,4.314969690000391,0.14061422969953138
89390ca06cbffff,Espontáneo,0.1463251920183953,1.0,6.563452915170051,0.3812455886177049,0.3213529477320851,0.33174523570712133,0.49063858241390834,0.0,0.0,0.0,0.6931471805599453,0.0,0.0,1.6255284864283996,0.0,0.8150873753671483,0.0,0.0,,,,,8.644525296758216,0.0,
89390cb1547ffff,Espontáneo,0.21258923484314776,1.0,9.09411488277032,0.33103941453991603,0.34536944165830824,0.33174523570712133,0.3160035662543185,0.0,0.0,0.25,1.3862943611198906,0.0,0.0,5.961055134666837,0.0,0.9715773433925581,0.0,0.0,,,,,7.01511538920178,0.0,
89390ca35bbffff,Planificado,0.3190914122740987,0.0,1.9607770227993322,0.6199338757011775,0.377688621419815,0.7340354396522901,0.7480775660314275,0.0,0.0,0.1111111111111111,2.1972245773362196,9.226669062394771,1.0,0.7184651805111011,0.0,0.14284368426343336,27.680007187184316,9.226669062394771,28418.0,47277.36942653279,10.254778026198021,10.763808163890785,2.8208818625708405,3.3562002663305623,0.18803268859892025
89390cb112bffff,Espontáneo,0.3956492406925416,1.0,5.950028223184748,0.33698317173743453,0.24350830268583526,0.33174523570712133,0.4356959768193469,0.0,0.0,0.0,0.0,0.0,0.0,3.8835173433214307,0.0,0.5977800661037037,0.0,0.0,,,,,9.637532576672,0.0,
89390cb28a3ffff,Planificado,0.7862490760672567,0.0,14.825208842168585,0.351861138972473,0.5498161150117018,0.33174523570712133,0.1740220661985958,9.229054082241385,0.25,0.5,1.0397207708399179,0.0,0.0,7.808185012303204,0.0,3.8607476281857918,0.0,0.0,,,,,6.223218178000533,0.0,
89390cb0d0fffff,Planificado,0.7232557755362974,0.0,10.48074083768368,0.2978286711987815,0.24350830268583526,0.33174523570712133,0.31823247520338793,0.0,0.0,0.0,0.0,0.0,0.0,3.388872268471132,0.0,1.9802375914315247,9.23180700142258,0.0,,,,,7.803470780924308,2.325501201845185,
89390ca2d83ffff,Planificado,0.7979039310292059,0.0,12.175558017962759,0.3818028158549723,0.5955087484676251,0.33174523570712133,0.2181544633901705,9.241969049807592,0.03571428571428571,0.14285714285714285,2.6820160542919065,0.0,0.0,5.9633358037880155,0.0,2.889338032587611,0.0,0.0,,,,,6.769447774179544,0.0,
89390cb5377ffff,Transición,0.4880660105933947,,11.593961705257046,0.2739050484787696,0.24350830268583526,0.33174523570712133,0.24646160704335227,0.0,0.0,0.0,0.0,0.0,0.0,5.956112273410736,0.0,2.053754132897227,0.0,0.0,,,,,7.583132120600001,0.0,
89390cb04d7ffff,Espontáneo,0.1422236364974638,1.0,12.967608857874069,0.4071195066681526,0.24350830268583526,0.5547475760615179,0.4231026412571047,0.0,0.0,0.0,0.0,0.0,1.0,7.41563130610706,0.0,0.3716873230924774,0.0,0.0,,,,,2.491520302836188,0.0,
89390ca254bffff,Planificado,0.5535046370112156,0.0,5.675378442248075,0.6902745272855605,0.9037668561239274,0.5932798395185557,0.5737768862141982,396.9769809900205,0.42574257425742573,0.0594059405940594,3.742164372910296,36.92809125488562,0.0,0.7651964582617742,0.0,0.7982254276050783,55.39213688232844,27.69606844116422,15869.294828419526,41505.25516090438,9.672141378281147,10.633599421629432,7.199955240693598,4.0323297318045705,0.589408232694134
89390cb084fffff,Planificado,0.6601372367270878,0.0,7.096973839314917,0.3810412719640402,0.24350830268583526,0.33174523570712133,0.5678702774991642,0.0,0.0,0.0,0.0,0.0,0.0,0.5775401725976086,0.0,0.9995522977272114,0.0,0.0,,,,,0.0,0.0,
89390cb52d3ffff,Planificado,0.7267023279863962,0.0,8.341183684285951,0.6775511720346223,0.747130279728073,0.7520896021397525,0.5334336342360415,64.6473967518946,0.4666666666666667,0.13333333333333333,2.338371704803573,9.235342393127802,1.0,3.4335442770903666,0.0,0.3112969336553665,0.0,0.0,34765.0,4256.090877414151,10.456366412533118,8.356341313360252,6.838983792340162,0.0,0.06955936709976664
89390cb00bbffff,Espontáneo,0.025124633944500284,1.0,10.257877628939601,0.2846781083992718,0.24350830268583526,0.33174523570712133,0.278780786804859,0.0,0.0,0.0,0.0,0.0,0.0,4.431492190540862,0.0,2.1327980674259295,0.0,0.0,,,,,0.0,0.0,
89390cbad3bffff,Planificado,0.6416270910113172,0.0,4.154502982111301,0.3294048813105984,0.24350830268583526,0.33174523570712133,0.4129611055388387,0.0,0.0,0.0,0.0,0.0,0.0,2.1762982639587105,0.0,1.207740242183958,0.0,0.0,,,,,0.0,0.0,
89390ca212fffff,Planificado,0.7778832759355976,0.0,8.455998303415711,0.7602065455626138,0.8784687395519893,0.8555667001003009,0.5465841970355511,249.38838088032435,0.42857142857142855,0.19047619047619047,3.5984115366390492,73.89285359417018,1.0,2.597784423187535,0.0,0.37249282658608235,9.236606699271272,0.0,20628.0,22370.91288797628,9.93440465517085,10.015561562137021,6.835787287249416,2.325970187669573,0.327524665421459
89390cb1833ffff,Planificado,0.9251138760519851,0.0,2.871505742386249,0.9050856272521267,0.911623760169397,0.8811434302908726,0.9224896912961106,608.759096334353,0.37714285714285717,0.17142857142857143,3.940646188335901,166.02520809118718,1.0,0.4921622339954989,1.0,0.21875095159874672,129.1307174042567,18.44724534346524,26356.958114123838,49812.72959806154,10.179487584162606,10.816045919756125,8.44661080007877,4.868539463754771,0.21285398756672194
89390ca059bffff,Planificado,0.8369265178255838,0.0,7.460004934344815,0.5078290426836064,0.24350830268583526,0.5547475760615179,0.7252312493034659,0.0,0.0,0.0,0.0,0.0,1.0,0.8550516705017783,0.0,0.1709249477474504,0.0,0.0,11328.0,13722.421954987847,9.3350328159335,9.52685928381032,8.573286995899661,0.0,0.6722707266299442
89390ca1d13ffff,Espontáneo,0.4658563318761607,1.0,13.135485626942621,0.26402355213789513,0.24350830268583526,0.33174523570712133,0.21681711802072887,0.0,0.0,0.0,0.0,0.0,0.0,4.991491094206222,0.0,4.566491765337608,0.0,0.0,,,,,0.0,0.0,
89390cb1417ffff,Transición,0.5402510726598004,,11.110070574754861,0.40383186596827514,0.6892343697759946,0.33174523570712133,0.19051599242170958,138.1830594741716,0.25862068965517243,0.15517241379310345,2.357918978555397,0.0,0.0,7.991028761210931,0.0,2.8104503854124743,0.0,0.0,,,,,6.630844303511935,0.0,
89390ca348bffff,Planificado,0.7634117551008749,0.0,1.653469723924591,0.8240833611946953,0.8414688509974368,0.9436643263122702,0.6871169062743787,212.10805353722336,0.38333333333333336,0.18333333333333332,3.4731178997751004,64.55462498958971,3.0,0.9841299029922789,0.0,0.278228506783736,64.55462498958971,0.0,26611.0,9868.17034358421,10.189079943122826,9.197171070493633,8.805535359461825,4.182883764388739,0.24735149124142108
89390cb2b8fffff,Planificado,0.594870940880061,0.0,12.83244906685363,0.2639121066904417,0.24350830268583526,0.33174523570712133,0.21648278167836843,0.0,0.0,0.0,0.0,0.0,0.0,5.677294984023946,0.0,3.2577818439336306,0.0,0.0,,,,,0.0,0.0,
89390ca306fffff,Planificado,0.5542695266938515,0.0,5.030951104856674,0.34727330138563833,0.24350830268583526,0.33174523570712133,0.4665663657639585,0.0,0.0,0.0,0.0,0.0,0.0,1.5920794592395857,0.0,1.0119883328831074,18.449780366343553,0.0,,,,,0.0,2.967835777781857,
89390ca14dbffff,Planificado,0.7072043875016059,0.0,7.893781321221242,0.4821037185630967,0.5618522233366767,0.33174523570712133,0.5527136966454921,9.222609741599772,0.25,0.0,1.3862943611198906,0.0,0.0,1.2090369649035806,0.0,0.6722584538902833,0.0,0.0,,,,,6.87771214379966,0.0,
89390cb5663ffff,Planificado,0.8435906064936929,0.0,8.619947349524928,0.5398696088264795,0.5735539953192913,0.5547475760615179,0.49130725509862927,9.235345181567684,0.1111111111111111,0.2222222222222222,2.1972245773362196,0.0,1.0,3.7791843051294207,0.0,0.41367027620245217,0.0,0.0,,,,,8.01228432502089,0.0,
89390ca76d7ffff,Espontáneo,0.40375915203174373,1.0,14.32553138159388,0.2524703740852186,0.24350830268583526,0.33174523570712133,0.1821575838626992,0.0,0.0,0.0,0.0,0.0,0.0,6.318978822881467,0.0,6.124697259390392,0.0,0.0,,,,,4.760509717803314,0.0,
89390ca2c53ffff,Planificado,0.6826796107955596,0.0,8.97850457749064,0.33958356551134883,0.24350830268583526,0.33174523570712133,0.44349715814109,0.0,0.0,0.0,0.0,0.0,0.0,3.0751361472755154,0.0,0.6831521335322421,0.0,0.0,,,,,7.0805700164852,0.0,
89390cb5247ffff,Espontáneo,0.2686469322317856,1.0,8.568870858958471,0.6105910323563282,0.788699431628218,0.6268806419257773,0.4161930235149894,166.2544376639467,0.28125,0.203125,3.5239040508305113,64.65450353597927,0.0,3.7121813990297245,0.0,0.7058304398578138,46.181788239985195,0.0,16459.14506769826,26781.135153755626,9.708636532888102,10.195490345482762,8.638849238559164,3.854007975761993,0.5532946318897384
89390cb03a7ffff,Planificado,0.5533732910622229,0.0,7.8752308657344114,0.7382889408967644,0.8192354842304693,0.7922099632230023,0.6034213752368216,147.58649793655144,0.45714285714285713,0.22857142857142856,3.0404387273591684,27.672468363103395,1.0,1.9472046671954892,0.0,0.29908479309945357,9.224156121034465,0.0,16205.488584474886,40390.753214592696,9.693105265350999,10.606380914760548,6.48553685965299,2.324753167572825,0.4897911016288313
89390ca241bffff,Planificado,0.8358348523521325,0.0,4.470389916341647,0.7847245440023776,0.92198818678257,0.6544633901705116,0.777722055054051,812.171660177349,0.3651452282157676,0.14937759336099585,4.223202916024185,138.43835116659358,0.0,0.4393055843690375,1.0,0.7812864213530726,101.52145752216863,0.0,22193.412959912137,56474.099748658664,10.007550810314735,10.941555107579154,8.637751601577841,4.630072118349245,0.3044334711062155
89390cb0c6bffff,Espontáneo,0.32534479995756604,1.0,8.580203270322231,0.7040008915635796,0.7638470968460939,0.7704781009695754,0.5776774768750697,101.50775511986207,0.36666666666666664,0.13333333333333333,3.014077280571366,18.45595547633856,1.0,1.537392987482333,0.0,0.47648876714475363,46.1398886908464,9.22797773816928,10417.0,45485.89551549983,9.251194365984448,10.725179552807655,6.429416707289551,3.8531195362588333,0.8567098170889866
89390ca335bffff,Planificado,0.7262461041939378,0.0,6.582991768494248,0.6689884468219472,0.7212749359188676,0.765295887662989,0.5203945168839853,73.79711821985394,0.3333333333333333,0.16666666666666666,2.8314802400679735,18.449279554963486,1.0,2.585156036345225,0.0,0.4657955014334833,55.34783866489045,0.0,16095.465011882758,21759.461179289596,9.686292835013766,9.987849894646468,7.815149937913582,4.031543884202552,0.6084321206333345
89390ca004fffff,Espontáneo,0.6500355314122358,1.0,8.950848286918124,0.3563003826293696,0.24350830268583526,0.33174523570712133,0.49364760949515213,0.0,0.0,0.0,0.0,0.0,0.0,1.7036757879157844,0.0,0.7716355821484302,9.23253170222386,0.0,,,,,8.023668606899385,2.3255720275691023,
89390cb0ecbffff,Transición,0.5118774719768407,,7.254132154641027,0.645640625580445,0.8538392956647721,0.5426278836509528,0.5404546974256101,258.2905142108735,0.3373493975903614,0.060240963855421686,3.7881118533343208,18.449322443633818,0.0,1.444576998472658,0.0,0.6406609858376999,9.224661221816909,0.0,16861.198216389028,45524.62631582586,9.732770297618318,10.726030662125025,7.916405174271608,2.3248025690393326,
89390cb0aafffff,Planificado,0.8636251814093276,0.0,6.368157851879296,0.49217095731639365,0.5987406664437759,0.33174523570712133,0.5460269697982837,18.45846851999437,0.25,0.0,1.9061547465398496,0.0,0.0,1.2047207633494759,0.0,0.7073445553313005,0.0,0.0,,,,,9.505517786063292,0.0,
89390ca2b23ffff,Espontáneo,0.22056664758565772,1.0,13.736976189684478,0.25733682529068685,0.24350830268583526,0.33174523570712133,0.19675693747910397,0.0,0.0,0.0,0.0,0.0,0.0,5.656284319341267,0.0,5.4718873660982155,0.0,0.0,,,,,5.398885638331586,0.0,
89390cb2227ffff,Espontáneo,0.21097173799149108,1.0,13.975189928652874,0.28181767524796614,0.24350830268583526,0.33174523570712133,0.27019948735094174,0.0,0.0,0.0,0.0,0.0,0.0,8.223108912011792,0.0,1.1110017203010976,0.0,0.0,,,,,0.0,0.0,
89390cb1e0bffff,Espontáneo,0.23321489440963522,1.0,4.428473259431639,0.3079330584345629,0.24350830268583526,0.33174523570712133,0.3485456369107322,0.0,0.0,0.0,0.0,0.0,0.0,2.763268731111103,0.0,1.8292034976448908,0.0,0.0,,,,,0.0,0.0,
89390ca3647ffff,Espontáneo,0.46834128970001615,1.0,5.074271244241229,0.38977116534789547,0.24350830268583526,0.33174523570712133,0.5940599576507299,0.0,0.0,0.0,0.0,0.0,0.0,0.724982194778237,0.0,0.7201033583210072,0.0,0.0,,,,,2.103571783536569,0.0,
89390cb2d4bffff,Espontáneo,0.3167445418991724,1.0,15.370079772379837,0.25154166202310635,0.24350830268583526,0.33174523570712133,0.17937144767636246,0.0,0.0,0.0,0.0,0.0,0.0,8.42562622115606,0.0,3.2549054421255175,0.0,0.0,,,,,0.0,0.0,
89390cb11b7ffff,Planificado,0.5271289723953612,0.0,7.103092578777954,0.33531149002563243,0.24350830268583526,0.33174523570712133,0.43068093168394067,0.0,0.0,1.0,0.0,0.0,0.0,3.5037831224093456,0.0,0.6680959990507409,0.0,0.0,,,,,8.563810912835537,0.0,
89390ca322bffff,Espontáneo,0.12489122016512598,1.0,6.580561643401521,0.7760225119803855,0.8629220996322299,0.8845703778000669,0.5805750585088599,230.59056018149687,0.5102040816326531,0.12244897959183673,3.1283092229085065,36.8944896290395,2.0,1.9347937896222216,0.0,0.3740716874582265,27.670867221779623,0.0,9707.029927760577,69024.39432470748,9.18060563681869,11.142229749563022,8.561604825338076,3.3558815278430933,0.8336217353279415
89390ca1697ffff,Transición,0.5296196539624364,,9.140879306223278,0.3482577361714774,0.31221442104090047,0.33174523570712133,0.40081355176641037,0.0,0.0,0.0,0.5623351446188083,0.0,0.0,2.079388914264519,0.0,1.4737442165232248,0.0,0.0,,,,,7.574831015062053,0.0,
89390cb0d9bffff,Planificado,0.7420045642075965,0.0,11.300299737137944,0.4022716297039266,0.5736654407667446,0.33174523570712133,0.3014042126379138,9.23079770916916,0.05263157894736842,0.15789473684210525,2.374976964197478,0.0,0.0,4.059609630212101,0.0,1.841948982957491,27.69239312750748,0.0,,,,,0.0,3.3566320398121547,
89390cb5403ffff,Transición,0.46975399500497683,,11.247222110799605,0.547940116646235,0.8290984063301013,0.561350718823136,0.25337122478546753,129.31651078455937,0.6086956521739131,0.13043478260869565,2.8716496251359276,18.473787254937054,0.0,5.817084870739949,0.0,1.9547107392876102,9.236893627468527,0.0,,,,,6.825896515468761,2.325998216896886,
89390ca25d7ffff,Espontáneo,0.31878711196323317,1.0,6.517499792722559,0.50446710501876,0.717207177086816,0.33174523570712133,0.4644489022623426,55.39369922827931,0.375,0.125,2.599301927099795,0.0,0.0,1.9188982468458786,0.0,0.869757421665701,18.464566409426435,0.0,,,,,8.456111093520013,2.9685957054188106,
89390cb0147ffff,Planificado,0.8056870714004558,0.0,8.819775916367774,0.48078494743489725,0.34536944165830824,0.5547475760615179,0.5422378245848657,0.0,0.0,0.5,1.3862943611198906,0.0,1.0,2.8703474305999657,0.0,0.35378306947867033,0.0,0.0,,,,,6.228879188009878,0.0,
89390ca21bbffff,Planificado,0.40838125572991424,0.0,7.866637951791183,0.5241929492180244,0.764237155912181,0.33174523570712133,0.4765964560347709,73.88471751659361,0.38095238095238093,0.09523809523809523,3.0445224377234217,0.0,0.0,3.215338040742038,0.0,0.5269063874177113,36.942358758296805,0.0,,,,,8.615617289011716,3.6360681333254488,
89390cbadc7ffff,Espontáneo,0.11879645908904064,1.0,5.268176513481497,0.2966770682417623,0.24350830268583526,0.33174523570712133,0.31477766633233034,0.0,0.0,0.0,0.0,0.0,0.0,3.3027791391757892,0.0,2.1174943459168722,0.0,0.0,,,,,0.0,0.0,
89390ca0627ffff,Espontáneo,0.44606248191843806,1.0,8.026814534319604,0.5123054348229875,0.31355176641034216,0.5547475760615179,0.6686169619971024,0.0,0.0,0.6666666666666666,0.6365141682948128,0.0,1.0,1.338929500589394,0.0,0.21715583668181243,0.0,0.0,,,,,8.20592034725499,0.0,
89390cba9abffff,Espontáneo,0.25335603477260077,1.0,3.176221271163777,0.6450741112225565,0.760448010698763,0.5547475760615179,0.6200267469073888,92.19800729285431,0.35714285714285715,0.10714285714285714,3.065964511983633,0.0,1.0,1.0766949244027806,0.0,0.4695813337216732,64.53860510499801,9.219800729285431,,,,,9.16824659911713,4.182639359934599,
89390cb14a3ffff,Espontáneo,0.35137809660495023,1.0,10.960580341501235,0.25733682529068685,0.24350830268583526,0.33174523570712133,0.19675693747910397,0.0,0.0,0.0,0.0,0.0,0.0,7.559277000319178,0.0,2.7049215066949848,0.0,0.0,,,,,3.6981613311949273,0.0,
89390ca3517ffff,Planificado,0.645432714123519,0.0,1.9889528332414856,0.8257736171477394,0.9051599242170957,0.8767970578401871,0.6953638693859355,433.64147248729904,0.3821138211382114,0.17073170731707318,3.976115754820031,138.39621462360608,1.0,0.596558162986186,0.0,0.39290873377877383,212.20752908952932,0.0,22379.611637704056,52736.25203094206,10.015905628619016,10.873077354472112,9.232788872212817,5.362266006346984,0.3266163957894096
