CUSEC,cv_pob,cambio_pct
2807901001,0.03202186029507311,10.582959641255606
2807901002,0.03841985671070077,4.2792792792792795
2807901003,0.05834087009604954,20.79806529625151
2807901004,0.0406679859785199,12.189054726368159
2807901006,0.019816506464365686,6.662665066026411
2807901007,0.026528704383186243,9.923664122137405
2807901008,0.022919917549754098,0.38167938931297707
2807901009,0.05922183842719709,15.76
2807901011,0.04017628639892991,7.942583732057416
2807901012,0.0276823582252396,-5.066344993968637
2807901013,0.058429606065807084,13.873873873873874
2807901014,0.024947964147463572,5.389221556886228
2807901015,0.04490405567484001,0.62266500622665
2807901016,0.04610550326560745,12.585365853658537
2807901018,0.018247225779224614,1.497695852534562
2807901019,0.04048313715936959,11.435726210350584
2807901020,0.04220861538133866,12.149532710280374
2807901021,0.02364055640627135,6.740331491712707
2807901022,0.036440524686873685,11.6751269035533
2807901023,0.0396690186960217,6.8245125348189415
2807901024,0.01545216354801625,1.932367149758454
2807901025,0.07776471244336171,21.168687982359426
2807901026,0.06270370218919112,15.843023255813954
2807901027,0.03300840452930058,12.576956904133684
2807901028,0.09580340879347375,27.28624535315985
2807901029,0.027608691250880432,11.136712749615976
2807901030,0.0348435734350534,12.857142857142856
2807901031,0.03642825156082747,10.256410256410255
2807901032,0.09060825437342747,29.24107142857143
2807901033,0.02738203825428109,9.586776859504132
2807901034,0.046799242506442254,12.515802781289507
2807901035,0.01657686824106379,1.425793907971484
2807901036,0.05447474293447496,9.875444839857652
2807901037,0.03357122038115872,-6.548672566371681
2807901038,0.1677020928313568,48.18339100346021
2807901039,0.041788248503520614,9.418837675350701
2807901040,0.04249779253107588,12.452830188679245
2807901041,0.03023207164253804,5.436893203883495
2807901042,0.025433546844776146,6.488549618320611
2807901043,0.028888053258722634,9.663503019844693
2807901045,0.032196484947302276,10.876369327073553
2807901046,0.032034709768824714,9.01749663526245
2807901047,0.036013707149144654,12.97246850209986
2807901048,0.017138902353588493,4.792332268370607
2807901049,0.04065919653626607,14.262948207171315
2807901050,0.03648631664810872,4.288777698355969
2807901051,0.06381136725574936,21.187683284457478
2807901053,0.03186232996108005,10.038314176245212
2807901054,0.02169928492894502,5.83058305830583
2807901055,0.02672571693731316,7.925636007827788
2807901056,0.052916359777968,17.163289630512516
2807901057,0.021733477972934304,1.2405237767057202
2807901058,0.04751816182163006,12.068965517241379
2807901059,0.05701922195270054,15.909090909090908
2807901061,0.05319813117026602,15.17509727626459
2807901062,0.016273296356227478,-0.10080645161290322
2807901063,0.02909589673805367,7.238605898123325
2807901064,0.05549750624109312,9.201623815967523
2807901065,0.025027234627128987,5.491698595146871
2807901066,0.06252432732199585,-7.942973523421588
2807901067,0.07638050376483965,18.30065359477124
2807901068,0.02024055657752942,3.975903614457831
2807901069,0.04700183856281533,12.391304347826088
2807901071,0.05193056100172587,12.587412587412588
2807901072,0.016644268661224523,4.956463496316142
2807901073,0.09631925793917002,27.491166077738516
2807901074,0.07024621187121774,21.79930795847751
2807901075,0.03870861381831555,13.972809667673717
2807901076,0.05496378670850831,13.414634146341465
2807901077,0.04953924608098187,11.373209772535803
2807901079,0.05983636510779244,15.96820809248555
2807901081,0.02663800122349078,4.761904761904762
2807901082,0.05792265110695839,21.096774193548388
2807901084,0.06599026334721628,17.62984637893197
2807901087,0.06871861414469274,20.37489812550937
2807901088,0.10879114222643953,29.980657640232106
2807901089,0.03781927108182445,9.287709497206704
2807901090,0.05611438822839378,17.135549872122763
2807901091,0.0388284011516474,0.46728971962616817
2807901092,0.05422001837165463,17.48942172073343
2807901093,0.056754672917784604,16.956521739130434
2807901094,0.07144585141785004,20.379839298758217
2807901095,0.028684432408231347,4.632152588555858
2807901096,0.033159632807679376,6.517690875232775
2807901097,0.03227316062001367,4.4649184975194895
2807901098,0.023195113342590685,4.777870913663034
2807901099,0.06876672140652076,18.8135593220339
2807901100,0.04466311516765961,10.64773735581189
2807901101,0.03808475936638377,10.79734219269103
2807901102,0.03916720908200738,8.843537414965986
2807901103,0.05425533605327553,14.104595879556259
2807901104,0.04863940557244631,12.335958005249344
2807901105,0.06749072824005407,21.435059037238872
2807901106,0.044019017150266786,9.58904109589041
2807901107,0.04547407149217585,14.022140221402212
2807901108,0.05244670560082164,14.826498422712934
2807901109,0.04250032101651613,11.01123595505618
2807901110,0.031980053306229606,1.0135135135135136
2807901111,0.03910685707130952,11.513157894736842
2807901112,0.0877594089707337,26.3265306122449
2807901113,0.037776832823269366,2.1108179419525066
2807901114,0.059233685537995906,12.418300653594772
2807901115,0.040209585082723806,9.145129224652088
2807901116,0.065522156287223,15.247964470762398
2807901117,0.02929734390086683,4.024024024024024
2807901118,0.0666771117104862,13.908872901678656
2807901119,0.10740880241944542,22.24264705882353
2807901120,0.05564146618334674,18.908122503328894
2807901121,0.0856658723343026,27.33630006357279
2807901123,0.33689459691188967,130.13513513513513
2807902001,0.029376091283151908,7.671232876712329
2807902002,0.01924721702655744,5.775922059846903
2807902003,0.01463328720779281,1.1016949152542372
2807902004,0.020722683384772726,2.991026919242273
2807902005,0.019332234247564892,3.8157894736842106
2807902006,0.01899857521616437,-4.4424297370806896
2807902007,0.011787774869218915,1.9946808510638299
2807902008,0.0191348265080299,-1.6776512881965249
2807902009,0.023001211759493004,-2.1213616181549084
2807902010,0.020173668504025806,6.046065259117082
2807902011,0.08851856547215592,29.460580912863072
2807902013,0.019357623236867457,-3.919933277731443
2807902014,0.0293383534530082,9.537037037037036
2807902015,0.008154464558939041,-1.1771995043370507
2807902016,0.050058819031350274,12.297372833985467
2807902017,0.01729045336762468,-2.733734281027884
2807902018,0.020271226822311736,-4.275862068965517
2807902019,0.03829724342338526,-7.894736842105263
2807902020,0.011979526650435815,2.93040293040293
2807902021,0.02769233034122446,-1.584507042253521
2807902022,0.029759553818826036,7.654075546719683
2807902023,0.01753960684334823,0.7311129163281885
2807902024,0.017708241509611092,2.137767220902613
2807902025,0.02820196750217078,9.768637532133676
2807902026,0.019595587945322738,2.076923076923077
2807902027,0.014886999962517404,0.6269592476489028
2807902028,0.0560072722057347,18.06375442739079
2807902029,0.02944789891877013,11.016949152542372
2807902030,0.029364954473174654,0.0
2807902031,0.01816618514774308,-3.8427947598253276
2807902032,0.02300393706452327,-2.108433734939759
2807902033,0.017919849447831832,-0.2403846153846154
2807902034,0.019582898129368934,7.674418604651163
2807902035,0.013516174835302252,4.166666666666666
2807902036,0.0151937981556661,-0.7299270072992701
2807902037,0.022548196296528274,6.6170388751033915
2807902038,0.024487392303350043,5.544747081712062
2807902039,0.032306289605612104,9.784172661870503
2807902040,0.014932061768265998,2.6744186046511627
2807902041,0.024956534950516418,7.395993836671804
2807902042,0.019375497508127636,4.507042253521127
2807902043,0.0205503864252003,-3.5852713178294575
2807902044,0.028267354719961234,10.535714285714286
2807902045,0.02583419581238919,4.257246376811595
2807902046,0.037057108839941795,-5.427974947807933
2807902047,0.03015852791993036,6.636885768985322
2807902048,0.025377014351334857,7.467811158798283
2807902049,0.01030697259323907,-0.11841326228537595
2807902050,0.019987419929718957,4.625
2807902051,0.07215400480929406,19.421965317919074
2807902052,0.07722217004975289,18.754277891854894
2807902053,0.016857432432188915,3.4587378640776696
2807902054,0.0201318681304584,1.452991452991453
2807902055,0.02752698078745208,8.476027397260275
2807902056,0.020943224100653024,5.253104106972302
2807902057,0.03360155362635812,10.87257617728532
2807902058,0.025246743378223285,5.980707395498392
2807902059,0.02007424825954476,0.8310249307479225
2807902060,0.037315389266262905,13.654618473895583
2807902061,0.02693532371745929,6.0786650774731825
2807902062,0.02515911089963929,3.1884057971014492
2807902063,0.04416468749168601,13.550488599348535
2807902064,0.020137285770149983,4.542737597130903
2807902065,0.07638593075898499,-2.690863579474343
2807902066,0.02556658988147705,-2.693208430913349
2807902067,0.029164840718255116,8.031272210376688
2807902068,0.058198418263906065,-8.419380460683081
2807902069,0.030960482730096012,8.778173190984578
2807902070,0.015520148234124878,1.098901098901099
2807902071,0.022286086608914235,0.5629838142153413
2807902072,0.031380468797729245,6.555269922879177
2807902073,0.028028236240056268,8.921036769138036
2807902074,0.019048449249360208,-0.6060606060606061
2807902075,0.018957607503634778,-0.8483033932135728
2807902077,0.021180163266602128,3.304347826086956
2807902078,0.03111700020408227,6.009615384615385
2807902079,0.01785821929066117,1.1336032388663968
2807902080,0.025513726908166997,6.813186813186813
2807902081,0.025271675367121164,8.068902991840435
2807902082,0.026803284089889048,0.1606425702811245
2807902083,0.28816954819105095,102.28728270814274
2807902085,0.028664472204257125,-7.153846153846153
2807902086,0.015349714887545366,-0.30840400925212025
2807902087,0.01880640052208799,-0.13812154696132595
2807902088,0.01420065749850457,-0.28612303290414876
2807902089,0.028344722725280894,-7.766990291262135
2807902090,0.024240891876120108,-6.181246726034574
2807902091,0.0267794872685041,-6.3741721854304645
2807902092,0.010929443269090995,-1.369141653501843
2807902093,0.018653144631587546,-4.577691811734365
2807902094,0.023761475834728884,-4.7779651489600905
2807902095,0.023281757507982153,6.238643246517262
2807902096,0.007516685954273548,-0.5813953488372093
2807902097,0.46876578491976306,-58.38323353293413
2807902098,0.053341885982030456,20.502092050209207
2807902099,0.1881428623662336,-20.98312545854732
2807902100,0.09796092020860275,32.227829848594084
2807902101,0.03519991646577086,9.641873278236915
2807902102,0.020296263295624145,-0.5773672055427251
2807902103,0.05214988114255624,18.255761409850884
2807902104,0.23767737444008855,-40.80882352941176
2807902105,0.22333308160307253,-22.62582056892779
2807902106,0.015512545639125316,1.3937282229965158
2807902107,0.13074532158481672,44.596651445966515
2807902108,0.015069645376059934,1.4447884416924663
2807902109,0.025839251267553796,-4.0082930200414655
2807902110,0.02292535670984759,7.356770833333333
2807903001,0.017490751830406517,-3.976945244956772
2807903002,0.01853787665281937,-0.8255933952528379
2807903003,0.013312812738448023,-1.6181229773462782
2807903004,0.02655866935215245,-2.2058823529411766
2807903005,0.02530579703973978,5.196629213483146
2807903006,0.029279120841594623,-7.445323406235459
2807903007,0.05168482509040253,16.255605381165918
2807903008,0.013957993182238821,1.276207839562443
2807903009,0.02571372054678145,6.256306760847628
2807903010,0.009269920419288813,2.152641878669276
2807903011,0.021188271700856035,-3.3707865168539324
2807903012,0.013487520781112877,1.6748768472906401
2807903013,0.02516387269924468,5.019305019305019
2807903014,0.01958004662019697,2.4390243902439024
2807903015,0.026060161367933824,4.680038204393505
2807903016,0.023946500219989376,4.040404040404041
2807903017,0.018460276788304038,2.618657937806874
2807903018,0.014787071148274267,2.841823056300268
2807903019,0.021670646408829045,-4.9299429164504405
2807903020,0.05124429171768186,12.993039443155451
2807903021,0.09060009409925326,25.702331141661684
2807903022,0.027975986572346127,-0.6294964028776978
2807903023,0.020096308920224532,1.8867924528301887
2807903024,0.012717391572509956,-0.7389162561576355
2807903025,0.24159880789626642,-29.027504911591357
2807903026,0.013822213480808901,4.342790966994789
2807903027,0.02646071609307802,6.214227309893704
2807903028,0.016190027706092174,4.75206611570248
2807903029,0.045526743954832784,9.286675639300135
2807903030,0.014816353705327611,-0.997506234413965
2807903031,0.013409912771513096,1.5817223198594026
2807903032,0.033041856207987934,8.936970837253057
2807903033,0.02908697764547328,-4.478566858605246
2807903034,0.01749180784350304,-2.5377229080932784
2807903035,0.022318460114172173,3.8112522686025407
2807903036,0.030107375122633857,-4.831932773109244
2807903037,0.025947617634235847,-7.294617563739377
2807903038,0.03519380100308036,-9.587813620071685
2807903039,0.01622361376209241,-2.73972602739726
2807903040,0.010706440006379636,1.673101673101673
2807903041,0.02184263243558298,-1.761744966442953
2807903042,0.024046260428650178,1.981981981981982
2807903044,0.034092706245958115,11.819887429643527
2807903045,0.030687736163656287,-4.855275443510738
2807903046,0.008602140543662021,-0.43668122270742354
2807903047,0.023653367948046927,7.2864321608040195
2807903048,0.017853752464259787,0.5123825789923143
2807903049,0.010325755580706577,0.2185792349726776
2807903050,0.02449575492696022,2.372393961179008
2807903051,0.02871660586208053,-6.763698630136987
2807903052,0.026972088451274225,3.2978723404255317
2807903053,0.02585282693725737,7.736804049168475
2807903054,0.015543544926845778,-0.5351681957186544
2807903055,0.03473048620977301,6.145833333333333
2807903056,0.01500124175506295,3.887884267631103
2807903057,0.032960143659056085,10.298363811357074
2807903058,0.019056687222536225,-2.476038338658147
2807903059,0.015094175837685827,3.3628318584070795
2807903060,0.040541752213759844,5.398110661268556
2807903061,0.0331806625913033,-2.3681377825618943
2807903063,0.016337113047239105,4.731457800511509
2807903064,0.016637181306622863,0.6243496357960457
2807903065,0.2776411878467356,114.92329149232914
2807903066,0.011663759361781777,3.8238702201622248
2807903067,0.030415511256475573,4.7372954349698535
2807903069,0.21856670731572012,89.50819672131148
2807903071,0.030975633342941115,-4.517869184086312
2807903073,0.01659296896966522,4.049844236760125
2807903074,0.017853516538671045,-0.9649122807017544
2807903076,0.026373728554032246,-6.413730803974707
2807903077,0.011064571824552054,-1.2121212121212122
2807903078,0.013522867675319,0.6016042780748663
2807903079,0.014642648637199827,1.1128775834658187
2807903080,0.01306606500934625,2.994350282485876
2807903081,0.009817873817619949,-2.388535031847134
2807903082,0.019149224017558072,-1.411290322580645
2807903084,0.016410382160467113,1.3583441138421735
2807903085,0.015923339646309147,2.0606060606060606
2807903086,0.02422753134407026,5.284552845528456
2807903087,0.11027050667365823,39.50325251330574
2807903089,0.04125708490234454,-9.768637532133676
2807903090,0.03586152498349898,-9.037162162162163
2807903091,0.02826373376455773,-7.620709714950552
2807903092,0.040546489807100544,16.051948051948052
2807903093,0.0187521669523339,-4.9916805324459235
2807903094,0.013888288863654317,0.5102040816326531
2807903095,0.01935809262448527,-2.4377593360995853
2807903096,0.014400897021616003,-1.2607160867372669
2807903097,0.3636921922223166,-50.0
2807903098,0.027892818069695666,6.813063063063063
2807903099,0.03557127522879317,12.051868802440884
2807904001,0.05389663212586327,8.844953173777315
2807904002,0.018955963973126665,3.0274361400189216
2807904003,0.017813582054543736,1.9975031210986267
2807904004,0.046060822328821215,9.050772626931568
2807904005,0.03992528147045285,-3.3047735618115053
2807904006,0.047498211765648654,7.468879668049793
2807904007,0.032195077565524935,10.208816705336426
2807904008,0.02793669414955034,-2.3767605633802815
2807904009,0.01704873263312262,-1.5864332603938731
2807904010,0.024966769631478408,3.684210526315789
2807904011,0.01764744571253249,-2.412129565816678
2807904012,0.02128601118515949,4.493464052287582
2807904013,0.04186891147851869,-7.525773195876289
2807904014,0.019168239034579888,0.0
2807904015,0.01933038243399877,0.7751937984496124
2807904016,0.028365843153842028,8.682406702208683
2807904017,0.02283836249647779,6.4742589703588145
2807904018,0.018559231675380265,5.693069306930694
2807904019,0.03296158535120694,10.271041369472183
2807904020,0.04715144215315749,14.185393258426968
2807904021,0.015108398720955095,3.5294117647058822
2807904023,0.034214147998703606,7.985697258641239
2807904024,0.020400041294357466,4.300234558248632
2807904025,0.03310237154381613,7.486033519553073
2807904026,0.021268460237053283,-1.160092807424594
2807904027,0.03567511438199773,7.531106745252128
2807904028,0.031061975827059312,5.216752387950037
2807904029,0.03127054990821641,10.159651669085632
2807904030,0.027328397115905644,9.07715582450832
2807904031,0.03164268873932798,12.362301101591187
2807904032,0.02806762531051439,7.233502538071066
2807904033,0.027967646252011678,4.263206672845228
2807904034,0.02878097155489124,7.964033397559408
2807904035,0.02197364073171583,7.611731843575418
2807904036,0.04069668382172052,-7.780612244897959
2807904037,0.020506969607336733,4.481434058898848
2807904038,0.027598366874140697,6.55893536121673
2807904039,0.03208237156159545,-0.12121212121212122
2807904040,0.01740127965057944,-3.0534351145038165
2807904041,0.02364541219179062,0.20429009193054137
2807904042,0.027919555512192436,7.920792079207921
2807904043,0.0176772968367353,5.087209302325581
2807904044,0.03990624727484244,11.951384199864956
2807904045,0.017212606842701737,4.33546552949538
2807904046,0.04276207438306119,-5.065123010130246
2807904047,0.02808422701565151,-6.602953953084274
2807904048,0.022509782243053538,3.6511156186612577
2807904049,0.024672862889370307,-0.4908835904628331
2807904050,0.05906933807026494,20.030349013657055
2807904051,0.04536159853584361,10.396825396825397
2807904052,0.008403916598265742,0.36101083032490977
2807904053,0.025643437355779702,5.92274678111588
2807904054,0.01448621894786371,1.4960629921259843
2807904055,0.02041399982883878,5.7356608478802995
2807904056,0.03811116159822266,13.17449194113525
2807904057,0.028899593076057543,7.631578947368421
2807904058,0.023935745768679413,0.6955177743431221
2807904060,0.014804434568858113,0.43923865300146414
2807904061,0.021982504413756435,4.657933042212519
2807904062,0.03687472241305311,10.350194552529182
2807904063,0.02578113311188636,1.0897435897435896
2807904064,0.04492991933336185,12.51231527093596
2807904065,0.02557017657767508,7.592592592592593
2807904067,0.03826935461732122,11.70313986679353
2807904068,0.01817727891936419,-1.2871287128712872
2807904069,0.03135240924973195,11.215580926796507
2807904070,0.032046536614292215,10.90764331210191
2807904071,0.033543767133932534,-6.325060048038431
2807904072,0.02140870248062744,2.391629297458894
2807904073,0.014634407559240427,3.6764705882352944
2807904074,0.014703384856738666,3.3882783882783882
2807904075,0.03050414391500504,9.846827133479213
2807904076,0.02860198217893226,-4.670912951167728
2807904077,0.010386399509449385,1.8604651162790697
2807904078,0.018703739852492216,-5.523255813953488
2807904079,0.01990793337363166,1.090909090909091
2807904080,0.020191252764181565,-1.5523932729624839
2807904081,0.014834290391556856,-2.447869446962829
2807904082,0.0241601145243396,4.337631887456038
2807904083,0.02551447982615102,4.697986577181208
2807904084,0.026429969450507584,-4.875148632580261
2807904085,0.09723171526288471,26.475279106858054
2807904086,0.26108195863503064,-36.160892074870574
2807904087,0.03899058477048611,12.579685507862305
2807904088,0.03998421367524162,14.428121720881427
2807904089,0.03405980525560043,6.964520367936925
2807904090,0.018222525563282126,3.2948929159802307
2807904091,0.041611034257481,12.093987560469937
2807904092,0.041266751419255045,11.995637949836423
2807904093,0.08107153668562532,22.263450834879407
2807904094,0.04346018773526463,11.390532544378699
2807904096,0.3683903898408935,114.26701570680629
2807904097,0.03397180459830303,10.15544041450777
2807904098,0.014343060655764394,0.15117157974300832
2807904099,0.03067810879609612,3.119584055459272
2807904100,0.019905641585001715,-2.030456852791878
2807904101,0.03048453872744719,4.3478260869565215
2807904102,0.028767127456021526,8.161512027491408
2807904103,0.031137688774580136,10.441426146010187
2807904104,0.03654943660109958,14.21889616463985
2807904105,0.022381043439522855,4.8713235294117645
2807904106,0.025083470811825968,3.7418147801683816
2807904107,0.04984988958868916,16.873065015479877
2807904108,0.03564989981442452,8.51063829787234
2807904109,0.023982252727855577,0.9962640099626401
2807904110,0.028433139244829892,10.152740341419586
2807904111,0.008537785516875245,-1.9412090959511925
2807904112,0.019190814397959673,7.485281749369217
2807904113,0.03321337896617387,10.328638497652582
2807904114,0.01856748118652418,1.5540540540540542
2807904115,0.02633041424408935,-2.8938906752411575
2807904116,0.021026312435468236,3.1782065834279227
2807904117,0.017988664188885863,-4.312354312354312
2807904118,0.03375833480423868,8.756345177664974
2807904119,0.026634639676758703,3.6075036075036073
2807904120,0.03128951560621999,2.0169851380042463
2807904121,0.012873878105786595,1.6992353440951573
2807904123,0.03511157607978483,6.172839506172839
2807904124,0.07269548101560976,25.910064239828696
2807904126,0.018039032820571312,0.8141112618724559
2807904127,0.09689055953072669,34.375
2807904128,0.29708268281567873,89.45812807881774
2807904130,0.0414483152214644,3.75
2807905001,0.01553301192930838,1.9163763066202089
2807905002,0.013815699368296972,2.0195838433292534
2807905003,0.029666225654853325,8.759894459102902
2807905004,0.03055925397894314,7.748538011695906
2807905005,0.03214223372305134,10.714285714285714
2807905006,0.026224507294564617,6.521739130434782
2807905007,0.016541710481111336,-0.48543689320388345
2807905008,0.012848047693786755,2.380952380952381
2807905009,0.013315672793192847,4.130808950086059
2807905010,0.025352154777371596,7.191011235955057
2807905011,0.04882590619653179,8.953341740226985
2807905012,0.01623796612106074,1.8115942028985508
2807905013,0.03363663903466359,9.00900900900901
2807905014,0.02798422589991673,-1.0128913443830572
2807905015,0.041416871558832655,11.747572815533982
2807905016,0.0145575943597188,3.762135922330097
2807905017,0.014769271637651944,2.0316027088036117
2807905018,0.026028741352027394,6.151419558359621
2807905019,0.02070305641042139,4.575892857142857
2807905020,0.017754077964495928,2.2690437601296596
2807905021,0.048849187324957556,-11.82033096926714
2807905022,0.020180737099682024,3.9090262970859984
2807905023,0.02054110791400686,6.646751306945482
2807905024,0.02676303915782025,-4.031354983202688
2807905025,0.016258993335322457,3.272727272727273
2807905026,0.03504291092678404,12.30964467005076
2807905027,0.017301879537592123,4.91504854368932
2807905028,0.01589192892865561,0.4610655737704918
2807905029,0.022578050147990237,4.885057471264368
2807905030,0.02224736853541427,2.7955271565495208
2807905031,0.03291380950309553,9.989594172736732
2807905032,0.041585023802330076,13.453237410071942
2807905033,0.02089959778177638,7.31457800511509
2807905034,0.08078569239836861,25.65916398713826
2807905035,0.026337599307889027,-4.455051710421639
2807905036,0.016274423037570387,-0.7155635062611807
2807905037,0.02145295659789538,-1.664025356576862
2807905038,0.021196268353460935,3.5483870967741935
2807905039,0.09775194728853022,40.899932840832776
2807905040,0.03986403394231625,5.9679767103347885
2807905041,0.027177655532749274,10.341726618705035
2807905042,0.013796375194743568,0.7007708479327259
2807905043,0.027571559707827605,9.650582362728786
2807905044,0.03870093421216975,14.531548757170173
2807905045,0.0182016464368532,3.38389731621937
2807905046,0.018052386957681105,3.1717534410532613
2807905047,0.015516368067150805,-1.7533252720677146
2807905048,0.024515147696340497,-5.831157528285465
2807905049,0.022032904052711827,-3.5383319292333613
2807905051,0.011158202448105569,1.2082444918265813
2807905052,0.021657070838482985,3.414634146341464
2807905053,0.013842559379133635,2.254579614842649
2807905054,0.01211430706006686,-2.2655758338577723
2807905055,0.023416672403001364,7.451763140385895
2807905056,0.016944102438531228,2.6188835286009646
2807905057,0.01988472795344524,2.555066079295154
2807905058,0.01568503204128972,0.8269018743109152
2807905059,0.025943850817516823,7.162921348314606
2807905060,0.014382736058990863,-0.21613832853025938
2807905061,0.012955842923936438,0.9442870632672332
2807905062,0.007782981066490778,1.0216346153846154
2807905063,0.01698126270616506,2.375296912114014
2807905064,0.048650813542338744,18.082463984103327
2807905065,0.026929665288043074,6.095406360424029
2807905066,0.02938492555769211,11.788953009068425
2807905067,0.025323652252880746,2.838709677419355
2807905068,0.02538831365558016,9.40623162845385
2807905069,0.030413230394851536,8.362369337979095
2807905070,0.038087749888325445,-1.929737753587333
2807905072,0.026288121565602677,9.961928934010151
2807905073,0.010626767654689976,1.498800959232614
2807905074,0.041761366760956424,13.850415512465375
2807905075,0.03018433987673446,10.1288056206089
2807905076,0.03604165494147776,11.45413870246085
2807905077,0.029869036308855342,8.912280701754385
2807905078,0.022316557610938585,2.0247469066366706
2807905079,0.04494213974161182,13.482501434308663
2807905080,0.0347153643002004,-10.328185328185329
2807905081,0.11980450275645266,41.12759643916914
2807905082,0.010878736301401666,1.2749681257968553
2807905083,0.04477565499872813,12.841091492776885
2807905084,0.014702534006968963,-1.3395457192778102
2807905085,0.022795118518896058,4.243743199129488
2807905086,0.02369293408296086,7.021791767554479
2807905087,0.021355648450068154,3.58945597307908
2807905088,0.057873988581267334,20.522875816993462
2807905089,0.03229671874004726,9.88857938718663
2807905090,0.025973036431816903,3.5787321063394684
2807905091,0.013996519490363105,2.237926972909305
2807905092,0.05966558381729734,15.367483296213807
2807905094,0.3292978785043128,-43.52290679304897
2807905095,0.025242582928737087,-4.631578947368421
2807905096,0.013499788322590491,1.2564671101256468
2807905097,0.03586032569783319,12.119160460392688
2807905098,0.02196425219123717,6.071757129714812
2807905099,0.0112513730060935,-2.108108108108108
2807905100,0.07221210227489873,20.482546201232033
2807905101,0.33819489041985445,-47.26674886970818
2807905102,0.014201257521322149,1.7462165308498252
2807906001,0.02411176010232096,5.153846153846154
2807906002,0.05481724610790591,17.640807651434645
2807906003,0.04601413120190571,15.39528432732316
2807906004,0.02434626071359925,5.857740585774058
2807906005,0.052853689638410764,16.92913385826772
2807906006,0.06754115539677057,22.559652928416483
2807906007,0.03531409172231728,8.604206500956023
2807906008,0.04258542752535926,11.431226765799256
2807906009,0.029475831442147646,11.11111111111111
2807906010,0.020642588687570667,-3.9792387543252596
2807906011,0.056250233846493074,16.417910447761194
2807906012,0.03523395756365333,0.9671179883945842
2807906013,0.026770060902229543,6.423777564717162
2807906014,0.029423966916345985,4.922279792746114
2807906015,0.05686964028241742,18.491260349586017
2807906016,0.04701446012364448,14.285714285714285
2807906017,0.06706421605275494,15.959409594095941
2807906018,0.04006838223371641,11.549707602339181
2807906019,0.04659063125137306,17.47986736144008
2807906021,0.06498085835788306,20.32171581769437
2807906023,0.029706881632830882,8.413672217353199
2807906024,0.02630616979832841,7.193229901269394
2807906025,0.0406392545740284,7.162790697674419
2807906026,0.02097926155063447,3.7773359840954273
2807906027,0.03835275940327534,12.414965986394558
2807906028,0.04778715340153803,15.285171102661597
2807906029,0.0417972131010948,14.895057549085985
2807906031,0.013510681621577442,-3.51027397260274
2807906032,0.0354746214814373,6.641366223908918
2807906033,0.05740838477236038,20.49645390070922
2807906034,0.022038977217889402,3.372093023255814
2807906035,0.02173720269108603,6.0012634238787115
2807906036,0.037157652652489354,11.553784860557768
2807906037,0.027047754368096023,7.726864330637915
2807906038,0.01994300260191675,3.56718192627824
2807906039,0.033583652431655696,10.487804878048781
2807906040,0.01467388770520762,2.7409372236958442
2807906041,0.027703304214357544,8.901734104046243
2807906042,0.035260791771942426,11.56936261381896
2807906043,0.03444495690282855,10.01410437235543
2807906044,0.01486143443050515,5.2114060963618485
2807906045,0.0142102651544563,0.8733624454148471
2807906046,0.027310659665613506,6.441119063109954
2807906048,0.017489296134779835,2.158273381294964
2807906049,0.027647391520997096,5.6356487549148095
2807906050,0.018258050886626385,-5.038167938931298
2807906051,0.019459185293186756,2.7187765505522514
2807906052,0.02913108843954554,2.8028028028028027
2807906053,0.028972978677267943,10.118577075098814
2807906054,0.1252714933910131,38.35616438356164
2807906056,0.03812200444838545,12.600178094390028
2807906057,0.02093034262857618,4.548587181254307
2807906058,0.02371807646642839,-0.49261083743842365
2807906059,0.07020417177320247,27.95477903391572
2807906060,0.019992273440108517,5.038335158817087
2807906061,0.028196311244442798,-8.39231547017189
2807906062,0.047319160944591855,17.055947854426943
2807906063,0.029752512672930782,7.894736842105263
2807906064,0.02280169788256172,-1.0810810810810811
2807906065,0.023129255360240398,7.450523864959255
2807906066,0.03367459556896533,10.952380952380953
2807906067,0.032712308971423805,8.226221079691516
2807906068,0.024509651443871624,5.7708161582852435
2807906069,0.052736501858201994,15.159755268524814
2807906070,0.051112820739540606,18.045705279747835
2807906071,0.04154793362245889,14.223669923995658
2807906072,0.052153452316945646,17.970721857647654
2807906073,0.038698130181841595,12.303829252981794
2807906074,0.02261879605816155,-1.5184381778741864
2807906075,0.032246449525247536,10.9251968503937
2807906076,0.038474198877082304,3.5049288061336252
2807906077,0.09699101700187902,31.976744186046513
2807906078,0.027792428099274093,5.118110236220472
2807906079,0.038139362269017825,10.090817356205854
2807906080,0.12457400250956363,42.87305122494432
2807906081,0.039414642636584035,13.654781199351701
2807906084,0.08316764933294224,30.802738021157438
2807906085,0.03815201478766025,8.51581508515815
2807906089,0.0303029576302734,7.247557003257329
2807906090,0.08197165189772902,26.798082045817793
2807906091,0.04222520601074034,11.717171717171718
2807906092,0.03364885007207051,10.422282120395328
2807906093,0.04426811567991344,15.012106537530268
2807906094,0.060505950836583215,21.710161021654635
2807906095,0.03840778809782653,15.27647610121837
2807906096,0.07068358206807007,23.43324250681199
2807906097,0.036519860772807014,10.430342815463165
2807906099,0.12285622359500695,44.13931681178835
2807906101,0.24723401499242123,65.28735632183908
2807906102,0.05847436997453218,22.386144964720973
2807906103,0.03357263765241907,9.551656920077972
2807906104,0.03644297401469298,12.224938875305623
2807906105,0.04413480257902305,16.988416988416986
2807906106,0.021890804005712597,9.263854425144748
2807906107,0.04137694700363229,14.137675795706883
2807906108,0.06032425962217491,22.762951334379906
2807906109,0.06316889959675254,24.82758620689655
2807906110,0.03261644330056448,8.210059171597633
2807906111,0.06020964946229842,21.916299559471366
2807906112,0.03581348659605685,13.420787083753785
2807906113,0.045880868844655046,13.340122199592669
2807906114,0.06963968726443849,22.757475083056477
2807906115,0.061853326887418285,21.217887725975263
2807906116,0.029723128053991868,8.802980903586398
2807906117,0.04991510844750972,17.57894736842105
2807906118,0.031626205532541654,4.414784394250513
2807906119,0.05546842201986233,16.901408450704224
2807906120,0.05459654343675856,19.563636363636363
2807906121,0.024571933049371938,6.3209076175040515
2807906122,0.03537363961642623,9.557522123893806
2807906123,0.046156097007058916,16.329704510108865
2807906124,0.05652164182230041,18.367346938775512
2807906125,0.02074389096217283,3.2701111837802483
2807906126,0.039230395241946665,13.358778625954198
2807906127,0.026429645758047814,-5.375647668393782
2807906128,0.026906828838696804,3.597122302158273
2807906129,0.08205274358066805,29.674306393244876
2807907001,0.047416264234428074,12.991765782250686
2807907002,0.02676240100148239,-0.3464203233256351
2807907003,0.022045437333574846,1.6976556184316896
2807907004,0.3085987549715856,95.06726457399103
2807907006,0.036143928852513114,10.85549964054637
2807907007,0.018088286012393835,-0.9060022650056626
2807907008,0.015601899270450364,2.8169014084507045
2807907009,0.043898788522409825,5.555555555555555
2807907010,0.015960226380522177,4.413145539906103
2807907011,0.03569643274534083,3.228547153780799
2807907012,0.023080537992821105,0.40595399188092013
2807907013,0.02312104790253182,3.2520325203252036
2807907014,0.02314034988714052,-0.17605633802816903
2807907016,0.047488529890556005,14.809688581314878
2807907017,0.03039915143766409,8.425720620842572
2807907018,0.017419815648356478,4.500330906684315
2807907019,0.017268028699700788,4.411764705882353
2807907021,0.0385696395806727,10.578512396694215
2807907023,0.01939549264024918,4.41025641025641
2807907024,0.025340863961327068,2.4251069900142657
2807907025,0.028651284332129226,-2.901023890784983
2807907026,0.016529725277091806,3.0320366132723113
2807907028,0.017097160349284844,0.5059021922428331
2807907030,0.022663730527713193,3.7686240140227865
2807907031,0.03728438876197311,0.7434944237918215
2807907032,0.05538319709799328,-8.128262490678598
2807907034,0.029757544685978975,5.377094972067039
2807907035,0.027816765455728584,5.825242718446602
2807907036,0.017993285688349337,2.7232425585813806
2807907038,0.013049982201251982,-1.874414245548266
2807907039,0.038598282754626935,9.652928416485901
2807907040,0.034523482514621465,8.16326530612245
2807907041,0.07339903113135021,21.202531645569618
2807907042,0.023133109817249278,-3.6659877800407332
2807907043,0.01466880582779641,1.3404825737265416
2807907044,0.026220276441286595,5.598243688254665
2807907045,0.06045166666644017,15.70964247020585
2807907046,0.01938986828319709,-2.176696542893726
2807907047,0.018134428877841273,5.355493998153278
2807907048,0.03312421475380582,10.92190252495596
2807907049,0.0566702252767516,18.714285714285715
2807907050,0.024951589646759715,4.0650406504065035
2807907051,0.04269487299654079,15.826330532212884
2807907052,0.02538247187561968,5.673758865248227
2807907053,0.04929841145134625,17.871017871017873
2807907055,0.035350898455109865,-0.6868131868131868
2807907056,0.017173695883090114,4.570637119113574
2807907057,0.024870233142432894,6.494413407821228
2807907058,0.019015684865296086,2.679343128781331
2807907059,0.025605240596745165,2.1683673469387754
2807907060,0.023318723119819865,0.4434589800443459
2807907061,0.015710805529280707,4.904405652535329
2807907062,0.030996455352251734,9.470468431771895
2807907063,0.014289027851561768,-1.8138801261829656
2807907064,0.03071992648974528,0.6300630063006301
2807907065,0.03253157151239235,10.27027027027027
2807907066,0.013017667403844418,0.5529953917050692
2807907067,0.05393453477924455,16.89119170984456
2807907068,0.026847699042273125,1.4571948998178506
2807907069,0.024992969283522928,-2.7327935222672064
2807907070,0.029210594935410002,9.306122448979593
2807907071,0.022975688044470723,5.666003976143141
2807907072,0.022484385183350403,-2.8115015974440896
2807907073,0.04657705077144466,10.849772382397573
2807907075,0.029391017198551007,5.728643216080402
2807907076,0.047718667079897144,-10.526315789473683
2807907078,0.023742858175254865,7.388663967611336
2807907079,0.03223724030287832,2.7472527472527473
2807907080,0.02389611637371295,-3.349282296650718
2807907081,0.03780535452029229,11.773818745158792
2807907082,0.02326016864257855,7.613741875580315
2807907083,0.020673161580185916,1.1363636363636365
2807907084,0.0163883477201522,-2.7703306523681857
2807907085,0.024480778745397756,4.25531914893617
2807907086,0.027178774813535304,7.936507936507936
2807907087,0.028978936984224143,9.698996655518394
2807907088,0.02463594815276669,1.17011701170117
2807907089,0.03868462734061119,-5.237430167597766
2807907090,0.021955428274181732,-2.586206896551724
2807907091,0.03507654129556841,4.761904761904762
2807907092,0.024646849459643197,6.070549630844955
2807907093,0.015046698445514298,4.631083202511774
2807907094,0.027192444724392993,9.213917525773196
2807907095,0.011440476058277079,-1.1724137931034484
2807907096,0.061267958897988375,18.054256314312443
2807907097,0.06145308914929902,15.432873274780427
2807907098,0.023927749455668234,5.245901639344262
2807907099,0.016145479191556605,-1.3888888888888888
2807907100,0.04283640224730867,0.6976744186046512
2807907101,0.02082082289261074,-0.7751937984496124
2807907102,0.03307357938113672,3.510028653295129
2807907103,0.03132195201227689,-2.2479126525369297
2807907105,0.033663596324731544,9.840674789128398
2807907106,0.025849993389971175,-3.2379518072289155
2807907107,0.02028936389519242,-3.5547240411599623
2807907108,0.030464918657729136,9.489795918367347
2807907109,0.026537401086487604,2.1756021756021755
2807907110,0.022719344456365632,2.1547502448579823
2807907111,0.02417965418003537,-2.686108979278588
2807907113,0.3922175597256281,219.97019374068554
2807907114,0.019983770036762626,-1.481888035126235
2807907115,0.019459412457645573,0.9852216748768473
2807907116,0.045978914964067086,13.443830570902392
2807907117,0.022918230714181774,0.8088235294117648
2807907118,0.03776214172607198,12.231759656652361
2807907119,0.02564055723695726,8.04416403785489
2807907120,0.18588573695553817,45.625
2807907121,0.017324719125800237,3.505747126436782
2807907122,0.02693293678594204,4.63871543264942
2807907123,0.009354172522899688,-0.1774622892635315
2807907124,0.024245590748473482,3.278688524590164
2807907125,0.022449290399365985,5.864509605662286
2807907126,0.020119869526258674,-0.1936108422071636
2807907127,0.022086116158556525,3.0555555555555554
2807907128,0.03126804243645273,2.6888604353393086
2807907129,0.02399438308802192,6.60377358490566
2807907130,0.07316441638177835,26.99203187250996
2807907131,0.013935461588419117,2.82258064516129
2807907132,0.02122044099386493,0.08771929824561403
2807907133,0.02257983153368502,-3.8994800693240896
2807907135,0.025092714608386416,4.633920296570899
2807908001,0.02419083816666859,6.443914081145586
2807908002,0.039350501166021824,12.816901408450704
2807908003,0.018624823265676077,-1.8867924528301887
2807908004,0.030034959431752647,-7.927677329624479
2807908005,0.08338764761964548,20.375865479723046
2807908006,0.026446757919071577,8.859470468431772
2807908007,0.013079425147328008,2.5203252032520327
2807908008,0.08093868474365196,29.712683952347586
2807908009,0.02175020454380308,2.870533099004101
2807908010,0.015764880516121595,5.011933174224343
2807908011,0.03235341903263391,3.537414965986395
2807908012,0.05725833396440571,20.86038961038961
2807908013,0.4821757228889907,-55.45454545454545
2807908014,0.021068431625003027,-1.1065006915629323
2807908015,0.021781072824619743,-5.0495049504950495
2807908016,0.07409605846687754,20.6401766004415
2807908017,0.01104887224418288,0.3302146395156852
2807908018,0.024910959581761084,4.904306220095694
2807908019,0.029722992345572553,10.76555023923445
2807908020,0.025619535719231992,-3.7162162162162162
2807908021,0.028414800198336247,7.862903225806452
2807908022,0.022577628293146614,-1.2422360248447204
2807908023,0.03209685867919232,-5.380710659898477
2807908024,0.025571708702546582,-2.729658792650919
2807908025,0.024388528221220267,-0.4667444574095682
2807908026,0.03256407206699218,-6.619718309859154
2807908027,0.023971244455232788,-4.938271604938271
2807908028,0.028375198265949766,-4.841402337228715
2807908029,0.026284478900385072,3.024193548387097
2807908030,0.0080576008940715,-1.4483212639894667
2807908031,0.011514492686030102,0.5387205387205387
2807908032,0.023419859243907225,6.911764705882353
2807908033,0.025083209001276453,8.962264150943396
2807908034,0.00842698409934171,-2.9815146094215863
2807908035,0.02972649010610777,-6.791406791406791
2807908036,0.019997678592544026,-2.506265664160401
2807908037,0.02403262809527153,-6.440281030444965
2807908038,0.019711190657612506,-2.72189349112426
2807908039,0.017268297022146103,-5.0412465627864345
2807908040,0.0504094967043818,-14.420600858369099
2807908041,0.019076500068523548,-1.3175230566534915
2807908042,0.01938463300321411,-3.3816425120772946
2807908043,0.03846595610384053,-9.019886363636363
2807908044,0.03726997751012958,-10.265700483091788
2807908045,0.017409578491727386,5.193370165745857
2807908046,0.02683090933807025,9.35513169845595
2807908047,0.038178644389720164,13.481363996827914
2807908048,0.022856472842300732,5.669144981412639
2807908049,0.012022319302606544,2.7927927927927927
2807908050,0.04154526446877172,-9.864300626304802
2807908051,0.03562742330747738,-10.354815351194786
2807908052,0.042905098243355866,12.245989304812834
2807908053,0.04011458214714585,11.538461538461538
2807908054,0.028382929248432727,-6.84575389948007
2807908055,0.020166332201136138,-3.606557377049181
2807908056,0.007587429824111857,0.0846740050804403
2807908057,0.018116018371018408,-2.4456521739130435
2807908058,0.03113399943801538,-3.728813559322034
2807908059,0.0454277375763174,-11.589403973509933
2807908060,0.04284683180598634,-10.74800290486565
2807908061,0.025947292670427165,2.0325203252032518
2807908062,0.037894294444290925,5.832147937411095
2807908063,0.025056431992325545,6.310679611650485
2807908064,0.03099329056271381,8.090075062552128
2807908065,0.027773623617512552,8.47107438016529
2807908066,0.04197699852555529,9.693877551020408
2807908067,0.06219772080452309,19.775596072931275
2807908068,0.020131003972951995,4.790419161676647
2807908069,0.03375703438004376,5.800464037122969
2807908071,0.019065179352915063,-1.0298661174047374
2807908072,0.01910190479009029,-3.0181086519114686
2807908073,0.02693864964669675,7.26643598615917
2807908074,0.02622525518497179,5.9734513274336285
2807908075,0.01757642090871552,6.013363028953229
2807908076,0.04331770771282046,6.385404789053592
2807908077,0.021749978307045732,1.461988304093567
2807908078,0.026613227833100207,-2.781136638452237
2807908079,0.01129752074687251,0.7099391480730223
2807908080,0.032034624533313544,7.5535512965050735
2807908081,0.023094645100801506,2.067464635473341
2807908082,0.02233741853522043,4.9695740365111565
2807908083,0.030066022213171898,0.5830903790087464
2807908084,0.02973673160143894,7.379679144385026
2807908085,0.028193840149083646,1.7523364485981308
2807908086,0.04798060944617373,12.578616352201259
2807908088,0.25151354420280375,106.71641791044777
2807908089,0.025788330453850313,-3.551912568306011
2807908090,0.024931451079881664,-5.695687550854353
2807908091,0.02949523809968294,0.7255139056831923
2807908092,0.01478370039364452,2.0181634712411705
2807908093,0.03883915848846034,1.956745623069001
2807908094,0.017561800637871935,-0.9425878320479864
2807908095,0.024472025916260864,-5.137614678899083
2807908096,0.03969453491626394,-10.647851186658114
2807908097,0.019041239732673028,-2.860548271752086
2807908098,0.022184464478611877,-4.867256637168142
2807908099,0.030525949800010686,-6.903103229892336
2807908100,0.0388437522720173,-9.27617709065355
2807908102,0.029939480576358583,-4.8548310328415045
2807908103,0.018630410815949013,-6.2154696132596685
2807908104,0.08532767334488589,23.55889724310777
2807908105,0.05602477754814505,16.276202219482123
2807908106,0.0789269138232291,24.050632911392405
2807908107,0.058566723357152094,19.525801952580196
2807908108,0.05510092264574475,16.43059490084986
2807908109,0.04707194336733415,16.30971993410214
2807908110,0.03734016822721499,2.385321100917431
2807908111,0.06238283131073608,23.41244387427838
2807908112,0.014635578268009614,-2.230151650312221
2807908113,0.04273683716469127,12.416851441241686
2807908114,0.030225879865598184,-0.8213552361396305
2807908115,0.04521270307330125,13.276026743075453
2807908116,0.06842928378091653,16.51728553137004
2807908117,0.030534982107499536,10.46119235095613
2807908119,0.04324026347451065,11.495673671199011
2807908120,0.0525608081277411,19.658976930792377
2807908121,0.019745511390368006,-0.6872852233676976
2807908122,0.021814301238503895,-1.1350737797956867
2807908123,0.060807039308416966,17.46499631540162
2807908124,0.044485202671528765,14.44509688784498
2807908125,0.076662730467244,25.60553633217993
2807908126,0.041092218180680186,11.873713109128346
2807908128,0.22627108878453783,-24.261036468330136
2807908129,0.23683110724211376,61.143410852713174
2807908131,0.3461542874988533,-38.66708582206853
2807908132,0.08911531384074672,31.76470588235294
2807908133,0.019023579823378413,4.884318766066838
2807908134,0.043583370351560194,16.311535635562084
2807908135,0.018415116451616635,-2.6803310997240835
2807908136,0.016683667286417198,-3.9879608728367195
2807908137,0.027155282129130067,8.940600122473974
2807908138,0.03844403436723481,13.513513513513514
2807908139,0.3333668712225414,79.7573919636088
2807908140,0.018996366003308382,-6.0364464692482915
2807908141,0.025354472973924024,-4.702495201535509
2807908142,0.016312941454689284,-4.776820673453407
2807908143,0.041335025092087335,8.78594249201278
2807908144,0.02542144876454238,-5.389980976537729
2807908145,0.02061706733573699,0.6051437216338881
2807908146,0.035462254044849324,-8.749189889825017
2807908147,0.01855711300811398,-3.481012658227848
2807908148,0.022010016797059342,-0.5005005005005005
2807908149,0.0410038705363789,-11.523687580025609
2807908150,0.03172766193814801,-0.9672619047619048
2807908151,0.030637556853879543,-6.2983425414364635
2807908152,0.01905261758239481,-1.7813267813267815
2807908153,0.014115997599267816,-1.8034825870646767
2807908154,0.03309426477987618,-2.2927689594356258
2807908155,0.042262398207083725,11.768901569186877
2807908156,0.03815775062788179,-9.86887508626639
2807908157,0.1297080370716536,43.381389252948885
2807908158,0.02267759430332014,-0.7853403141361256
2807908159,0.010873946706339845,-1.8401937046004841
2807908160,0.15991103502099363,-36.793941306405806
2807908161,0.34260302439806783,-41.02913150013613
2807908162,0.025464302809696155,-0.8327550312283136
2807908163,0.021385328652279705,-4.37044745057232
2807908164,0.05012659278114459,18.280824581874757
2807908165,0.16266683813472477,57.74473358116481
2807908166,0.23228041662523452,86.04868913857679
2807908167,0.25042493671624616,-34.14020748192392
2807908168,0.43369587149042477,-52.8270324523252
2807908169,0.0539571601429936,22.21791392012408
2807908170,0.03584823894391552,12.16320246343341
2807908171,0.3286154898036402,-43.29130294212739
2807908172,0.06159129189361297,23.112244897959183
2807908173,0.25544581519310877,-33.12480450422271
2807908174,0.020974125319009967,4.173531026908292
2807908175,0.0868617496201932,18.156424581005588
2807908176,0.16564530282711248,-21.00494233937397
2807908177,0.008527606844388214,-0.5912786400591279
2807908178,0.0380873829996747,13.036730470770822
2807908179,0.054176474572330977,23.828125
2807908180,0.028372502787523745,-6.48236415633937
2807909001,0.014648073568518246,4.076322636600174
2807909002,0.07478337567078978,27.87162162162162
2807909004,0.017836747313031125,1.7205781142463867
2807909005,0.036541044400110606,11.152416356877323
2807909006,0.03457921339549694,11.126564673157164
2807909007,0.016009783348132526,-3.322949117341641
2807909008,0.025036308394934505,7.83289817232376
2807909009,0.022581156993691436,7.007007007007007
2807909010,0.2992332202048448,-54.01839264294283
2807909011,0.047785097332272514,15.333333333333332
2807909012,0.020851601794239644,4.92040520984081
2807909013,0.02957112877791832,6.116207951070336
2807909014,0.05895483103317732,17.24879097259538
2807909015,0.017940653630384336,2.078239608801956
2807909016,0.02410815761910185,5.843439911797133
2807909017,0.023616630187591345,0.0
2807909018,0.017071766111762608,5.185185185185185
2807909019,0.015849194124492767,4.464285714285714
2807909020,0.02089149698664594,6.779661016949152
2807909021,0.02850735982152479,4.885057471264368
2807909022,0.015763096791997812,-1.9315188762071993
2807909023,0.049032084106157406,14.659977703455965
2807909024,0.03960758424091936,8.30945558739255
2807909025,0.024797039788006715,7.822410147991543
2807909026,0.017329428880223794,-0.07930214115781126
2807909028,0.0076544719360537765,1.1090573012939002
2807909029,0.02362240580222517,5.416248746238716
2807909030,0.013855458038648955,3.9768019884009944
2807909031,0.038707474155739524,-6.427503736920777
2807909033,0.05287295492933321,-0.5344021376085505
2807909034,0.04023540538924736,13.709677419354838
2807909035,0.020339144019109304,2.983293556085919
2807909036,0.03518588814547925,12.01923076923077
2807909037,0.04101776417167377,15.186915887850466
2807909038,0.01933452915099485,2.125919869174162
2807909039,0.014522315611424648,5.0691244239631335
2807909040,0.02179433999313399,7.1012805587892895
2807909041,0.04020730273767888,13.304455445544555
2807909043,0.04762621429352133,12.228260869565217
2807909044,0.02935225733022385,9.042553191489363
2807909045,0.013514656956358949,2.4505183788878417
2807909046,0.058175701113803234,16.295353278166772
2807909047,0.037796464223877196,7.064821558630735
2807909049,0.025238683987046654,1.2302284710017575
2807909050,0.03316917036971266,1.1494252873563218
2807909051,0.019056658842155433,-2.794117647058824
2807909052,0.025079456849175903,-5.693069306930694
2807909053,0.02134165477587273,5.5045871559633035
2807909054,0.03343335007059762,8.682170542635658
2807909055,0.036763121583190034,-9.481316229782486
2807909056,0.010788055896513039,-0.7593735168485999
2807909057,0.026552999977214227,5.511811023622047
2807909058,0.03346226417339927,8.86214442013129
2807909060,0.016367981657731616,3.122923588039867
2807909061,0.04738179938016458,10.323253388946819
2807909063,0.05111506195548651,15.238095238095239
2807909064,0.0575288776697705,13.739468567725211
2807909065,0.05363594141840374,13.093289689034371
2807909066,0.04847404715843793,14.885496183206106
2807909067,0.03954295312978635,12.454212454212454
2807909068,0.061010381337903416,16.17195496417605
2807909069,0.03313692689580407,0.4932182490752158
2807909070,0.2557346904131668,83.0393487109905
2807909071,0.2489644791367713,-43.79562043795621
2807909072,0.22426821114846346,-33.26563769293258
2807909073,0.32231427246334904,-19.4585448392555
2807909074,0.024518701520874847,-1.4906832298136645
2807909075,0.0631073524180531,19.58011996572408
2807909076,0.021680914476044717,2.1967526265520534
2807909077,0.031288146160235494,6.015693112467306
2807909078,0.037289850130250136,11.233797407585215
2807909079,0.03452213558922551,-9.78622327790974
2807909080,0.25820169408158916,-40.22703086200781
2807909081,0.015549826026125674,0.9248554913294799
2807909082,0.014104134089391238,-1.873536299765808
2807909083,0.2591088211791156,-42.33885170834801
2807909084,0.035286066608027494,12.031782065834278
2807909085,0.016886577086962073,-3.3813400125234816
2807909086,0.11618265699182934,40.44073853484217
2807909087,0.035478155627003474,8.88785481619358
2807909088,0.05595485058604157,11.511387163561077
2807909089,0.024513108898947356,6.373486297004462
2807909090,0.07178166881874942,22.172949002217297
2807909091,0.06153751640462814,20.18507807981492
2807910001,0.051986826964009705,18.35506519558676
2807910002,0.03661541215758851,-3.003003003003003
2807910003,0.31379190094028336,120.70135746606334
2807910005,0.05617468034989625,16.43499591169256
2807910006,0.04082658873273046,13.616838487972508
2807910007,0.0855736942223318,25.949367088607595
2807910008,0.07992301651152565,30.17241379310345
2807910009,0.047181835435843686,15.04424778761062
2807910010,0.032470631206666364,7.454128440366972
2807910011,0.031352915234098146,9.663865546218489
2807910012,0.028863918177561718,4.867724867724868
2807910013,0.03311232739522889,-0.40595399188092013
2807910014,0.013738043335871149,-3.0162412993039442
2807910015,0.027937320724399254,5.242255758538523
2807910016,0.03866562672521866,9.97586484312148
2807910017,0.04798415349338819,14.733178654292342
2807910018,0.045992585130663975,13.30049261083744
2807910020,0.040964238719626705,-2.8761061946902653
2807910021,0.04011576599209259,9.391435011269722
2807910022,0.052321187387996446,10.375494071146244
2807910023,0.06648514808652713,12.282734646581691
2807910024,0.050349209146077885,14.884868421052634
2807910025,0.038957994103857044,8.673894912427023
2807910026,0.0296177056971693,8.738938053097344
2807910027,0.07837047427319467,22.062552831783602
2807910028,0.05005380547493794,17.298187808896213
2807910029,0.05056830922816159,19.817073170731707
2807910030,0.040690818883922356,12.752721617418352
2807910031,0.06592941891380788,20.35623409669211
2807910032,0.2704721899369373,73.02873986735446
2807910033,0.06572360935399826,23.101604278074866
2807910035,0.03745939016646653,4.568527918781726
2807910036,0.034345760093014516,7.0128118678354685
2807910037,0.05875677065216331,19.6875
2807910038,0.0670607211899382,22.22222222222222
2807910039,0.06802860732894105,16.177703269069575
2807910040,0.05454262861962005,3.592814371257485
2807910041,0.06886231004766756,20.274914089347078
2807910042,0.05767435148561889,15.929878048780488
2807910043,0.04242683563470043,12.215320910973086
2807910044,0.016927989323013808,4.540162980209546
2807910046,0.045097144094647455,13.172252533125487
2807910047,0.0919644679833577,31.857451403887687
2807910048,0.09791605406817899,31.390507910074938
2807910049,0.060659007950825156,19.74137931034483
2807910050,0.06000355234867197,20.6794682422452
2807910051,0.04285618554317938,13.655030800821354
2807910052,0.06397724840416545,24.29481346678799
2807910053,0.04148779069721835,13.489208633093524
2807910054,0.05278992327107362,7.738542449286251
2807910055,0.013427630730183803,1.6867469879518073
2807910056,0.048793433104061,15.682656826568268
2807910057,0.04302911762148883,13.302448709463931
2807910058,0.04554145020863831,9.519572953736654
2807910059,0.039285892361004805,13.72226787181594
2807910060,0.015231875968238832,-1.05
2807910061,0.0665791563231753,20.601407549584135
2807910062,0.04805037317721703,11.050328227571116
2807910063,0.06989901372220307,19.059561128526646
2807910065,0.024259596685094555,8.415841584158416
2807910067,0.027813681863449256,9.659090909090908
2807910068,0.01976201410971542,2.1151586368977675
2807910069,0.05696767213782285,15.616045845272206
2807910070,0.029461138660182302,7.023705004389816
2807910072,0.044989789367967215,12.127045235803656
2807910073,0.034458654522272265,10.608695652173914
2807910074,0.03044627512588264,4.523809523809524
2807910075,0.055104789789605625,18.4964200477327
2807910076,0.022657774052822974,5.047318611987381
2807910077,0.04992100141150332,12.163892445582587
2807910078,0.051449790250806614,17.110266159695815
2807910081,0.25240099301021607,88.13291139240506
2807910082,0.07079116585665804,22.23476297968397
2807910083,0.04636447552515533,11.169513797634691
2807910084,0.08171170548005581,27.613806903451728
2807910086,0.06978077726670222,23.870532703978423
2807910087,0.05747238667243086,-13.102119460500964
2807910088,0.02650524058665216,0.7955449482895784
2807910089,0.023918418544823277,2.2429906542056073
2807910090,0.03249666909326216,-4.646017699115045
2807910091,0.028695044017318063,-7.471264367816093
2807910092,0.037698618729463645,3.4602076124567476
2807910093,0.046925225681704874,9.544950055493896
2807910094,0.037827989430484626,8.673026886383347
2807910095,0.03282903474039419,8.963815789473683
2807910096,0.04673752461847522,11.929107021131562
2807910098,0.03842743243020773,12.360594795539033
2807910099,0.038431019194800686,12.107208872458411
2807910100,0.02558710621332968,4.620123203285421
2807910101,0.023239652222711432,-6.120612061206121
2807910102,0.022333823475722405,0.8620689655172413
2807910103,0.04282447680656687,14.415231187669992
2807910106,0.02482702759351492,-1.8672199170124482
2807910107,0.04137662146246875,-8.394160583941606
2807910108,0.022181277117027734,-1.5990159901599015
2807910109,0.020814017909736998,-2.9005524861878453
2807910110,0.35430676947555073,99.30232558139535
2807910112,0.032869044181540484,5.147759771210677
2807910113,0.03139975007509965,6.538049303322616
2807910114,0.040443975823711203,14.439024390243901
2807910115,0.030512436868366133,-0.6611570247933884
2807910116,0.02527352333977728,-5.263157894736842
2807910117,0.03748081358279028,-6.396761133603239
2807910118,0.00902625139721438,-0.44326241134751776
2807910119,0.041240207706370394,-10.910224438902743
2807910120,0.029921026048182628,9.229466553767992
2807910121,0.021326352950943525,1.2605042016806722
2807910122,0.029806268697353366,7.3873873873873865
2807910123,0.03224792320613727,-4.964539007092199
2807910124,0.03176032151255696,8.432055749128919
2807910125,0.03537676924490654,2.051282051282051
2807910126,0.026378774041976912,5.54290053151101
2807910127,0.029982847451057327,2.876984126984127
2807910128,0.017900850195518892,5.130228887134964
2807910129,0.37371993919033925,95.99383667180277
2807910130,0.012351379002467352,3.4739454094292808
2807910131,0.13713711136438575,36.228070175438596
2807910132,0.13538780616808208,45.07575757575758
2807910133,0.01854729392860252,2.961672473867596
2807910135,0.01912479851174967,1.1056511056511056
2807910136,0.026906908224176487,2.579034941763727
2807910137,0.07701475612079854,24.329896907216494
2807910138,0.014374004860437082,-3.351206434316354
2807910139,0.04569481228489072,11.001788908765652
2807910140,0.02609999853209765,-2.1814006888633752
2807910142,0.0581383284278662,16.62721893491124
2807910143,0.04296452838720591,11.54446177847114
2807910144,0.12161517376976004,43.56206630686199
2807910145,0.04666539855142312,14.34108527131783
2807910146,0.07656209832775394,20.76502732240437
2807910147,0.08385902564544633,25.940860215053764
2807910148,0.06384069674698964,19.37544357700497
2807910149,0.36235676022975505,114.19939577039275
2807910151,0.04338013397491496,12.534511319712866
2807910152,0.028931443163252777,6.2095730918499354
2807910153,0.04261489952030659,12.98648095043015
2807910154,0.042978841183386615,11.30952380952381
2807910156,0.04343096385877804,-10.82529474812433
2807910157,0.02034083279723284,-4.1184041184041185
2807910158,0.04234958987720806,-11.387329591018444
2807910159,0.03559543033990754,-10.806451612903226
2807910161,0.0204800683941196,1.5448603683897801
2807910162,0.014507890329318146,3.036876355748373
2807910163,0.021252205133356933,2.0486555697823303
2807910164,0.040107369461439286,12.51808972503618
2807910165,0.020239638503197217,-3.539094650205761
2807910167,0.013108620649900664,-4.340277777777778
2807910168,0.02138074463173885,6.502775574940524
2807910169,0.057832127803433483,16.091954022988507
2807910170,0.020239235034197715,-2.859545836837679
2807910171,0.018704314681442534,2.142857142857143
2807910172,0.015358794743283973,-0.13404825737265416
2807910173,0.01732528834562676,-0.3115264797507788
2807910174,0.02568313626088544,-5.858170606372045
2807910175,0.019645964678783927,-1.7899761336515514
2807910176,0.013486271007920523,-2.292490118577075
2807910178,0.01980871417911941,-0.37209302325581395
2807910179,0.019636877223738722,3.829029385574354
2807910180,0.013393589634081252,-0.9531374106433679
2807910181,0.020422333703297997,1.446808510638298
2807910182,0.0448296791824521,17.077798861480076
2807910183,0.024014711540436457,5.053449951409135
2807910184,0.023590681842098837,4.209445585215605
2807910185,0.02075142023745084,5.208333333333334
2807910187,0.0464562312410798,11.386522075910147
2807910188,0.025945458505579274,5.1
2807910189,0.02137114501786559,0.32615786040443573
2807910190,0.05267696553636657,16.338028169014084
2807910191,0.015355773436019403,-0.1229256299938537
2807910192,0.011146617631457767,0.34944670937682004
2807910193,0.022608484182914647,6.127770534550195
2807910194,0.02484242912243968,5.431309904153355
2807910197,0.13820857635501554,46.2738301559792
2807910198,0.17892280209614123,56.19834710743802
2807910199,0.022992047669864565,4.047322540473226
2807910201,0.01629720202630313,3.7107516650808754
2807910202,0.03898463058581127,6.982872200263504
2807910203,0.017529579528876515,4.177545691906006
2807910204,0.03808902568233192,11.325028312570781
2807910205,0.024753018381789095,-5.9620596205962055
2807910206,0.02284022535108801,2.366412213740458
2807910207,0.020453025519284535,-2.9227557411273484
2807910209,0.02809103874561938,6.595092024539877
2807910210,0.02658803192239923,-1.2755102040816326
2807910211,0.029939385804837664,7.860696517412935
2807910212,0.03278609744985774,-7.377866400797608
2807910213,0.008689306924299126,-1.8932874354561102
2807910214,0.032924561934779106,-9.730848861283643
2807910215,0.01429777335157654,-2.4161073825503356
2807910216,0.41386851355491105,-51.811196487376506
2807910217,0.036391925686371514,5.741127348643007
2807910218,0.011356628230388455,3.2562125107112254
2807910219,0.027223622344096265,-7.875084860828243
2807910220,0.19722249556382743,-1.8768046198267565
2807911001,0.02085265630841712,6.84575389948007
2807911002,0.014772913318509934,0.24242424242424243
2807911003,0.014348256085064145,-2.655367231638418
2807911004,0.015757179899990495,0.06675567423230974
2807911005,0.025630044800466614,-3.7165082108902334
2807911006,0.029241876192961605,4.196357878068092
2807911007,0.04241675763218057,12.852822580645162
2807911010,0.023806628955574716,8.25242718446602
2807911011,0.032503085479472095,2.267303102625298
2807911012,0.036956470678024725,11.72962226640159
2807911013,0.03592011379947047,9.220779220779221
2807911015,0.02355987968160606,3.604193971166448
2807911016,0.05865250210599002,13.259668508287293
2807911017,0.03001609876542045,8.566433566433567
2807911018,0.02371177620373056,-0.49813200498132004
2807911019,0.048423465042333365,16.400580551523948
2807911021,0.06841252870795562,21.898928024502297
2807911022,0.031290110525075306,10.803511141120865
2807911023,0.04007044221713823,14.455917394757744
2807911024,0.05095542145515271,18.059701492537314
2807911025,0.028813493124072356,5.891126025354213
2807911026,0.044427590809930126,11.835973904939422
2807911028,0.03499140503760913,13.10272536687631
2807911029,0.03977034579283176,10.942956926658907
2807911030,0.06345614523564512,22.1656050955414
2807911031,0.04195087167343913,-10.184287099903006
2807911032,0.07120373062272857,19.379844961240313
2807911033,0.07346091840728101,23.756906077348066
2807911034,0.05805368454461119,17.058823529411764
2807911035,0.06543176333471491,20.66420664206642
2807911036,0.049667993652881985,17.266775777414075
2807911037,0.07267282572689923,20.906994619523445
2807911038,0.08231602022979785,27.35294117647059
2807911039,0.14260652605323074,61.16564417177914
2807911040,0.0572483663641734,19.13929784824462
2807911041,0.06109049332674864,22.98181818181818
2807911042,0.06100750501284972,20.528109028960817
2807911043,0.04297037786266566,17.909002904162634
2807911044,0.015109698246016339,-0.2788622420524261
2807911045,0.029728779629488732,-5.927835051546391
2807911046,0.02815481342087228,4.16156670746634
2807911047,0.05514432921906085,16.235294117647058
2807911048,0.013619706019303618,0.06430868167202572
2807911049,0.027277943945837515,7.962283918281823
2807911050,0.02762054083998781,4.949664429530201
2807911051,0.025669129607305392,8.356940509915015
2807911054,0.016202999827044016,0.7395234182415776
2807911055,0.09811564933086082,36.28526645768025
2807911056,0.08033016572472342,26.976744186046513
2807911057,0.11642372798664655,39.45233265720081
2807911058,0.03582052322030613,10.34928848641656
2807911059,0.06731393348711268,21.94732641660016
2807911060,0.01568192204218656,-1.4411529223378703
2807911061,0.0801519952274898,23.732251521298174
2807911062,0.10444843994704063,34.16493416493417
2807911063,0.056957231887091446,18.819011041766682
2807911065,0.01668182937248552,4.6835443037974684
2807911067,0.23567193302705394,-32.67429760665973
2807911068,0.035799074007152154,11.385350318471337
2807911069,0.04004969768098911,11.85254316378908
2807911070,0.07073375232856793,20.52313883299799
2807911071,0.05840070597932092,16.67631731325999
2807911072,0.06535213247446571,22.323943661971832
2807911073,0.09693722036079548,35.697583787996884
2807911074,0.06708842833479087,20.378619153674833
2807911075,0.025189749204437038,0.12360939431396785
2807911078,0.06473075352931867,24.89239598278336
2807911079,0.05181845665335608,18.220338983050848
2807911080,0.07711595102819355,27.314548591144334
2807911081,0.07900270743255379,26.872770511296075
2807911082,0.05051997767206438,15.497835497835496
2807911083,0.10655038969663168,30.184331797235025
2807911085,0.24935286103952148,102.73224043715847
2807911086,0.10038556652577776,36.7827868852459
2807911087,0.06301581367596881,21.73913043478261
2807911088,0.05362730008998014,18.164676304211188
2807911089,0.06613883422325899,21.253985122210413
2807911091,0.060379117596244716,20.68463219227968
2807911092,0.05936164362239881,21.686746987951807
2807911093,0.023586143614077352,3.6918138041733553
2807911094,0.03743625664774232,-10.2880658436214
2807911095,0.043101449855407765,-8.075040783034257
2807911096,0.013710099936153929,-2.6726057906458798
2807911097,0.028981370174389374,7.433628318584071
2807911098,0.028977584020922494,5.206847360912981
2807911099,0.017425189482425243,4.128902316213495
2807911100,0.05200969778580202,13.542193026781202
2807911101,0.032276016788823525,9.603469640644361
2807911102,0.04148717664989664,10.754985754985755
2807911103,0.061894159914190956,22.038216560509554
2807911104,0.0482392575102409,14.23324150596878
2807911105,0.09298378019580292,29.020556227327692
2807911106,0.07271041827977992,21.238938053097346
2807911107,0.04789358383409818,12.844036697247708
2807911108,0.07786850566961641,26.35593220338983
2807911109,0.07322224828578248,25.718849840255594
2807911110,0.05873242774473489,13.67595818815331
2807911111,0.11157466376840895,34.357541899441344
2807911112,0.053119297706694275,15.541090317331163
2807911113,0.05950627619340246,20.286085825747723
2807911114,0.05936150048307738,16.875
2807911115,0.07460110279172864,26.15638766519824
2807911116,0.08618996096629333,32.69230769230769
2807911117,0.09583562613752054,33.619105939987755
2807911118,0.05166033356729715,17.40306582506763
2807911119,0.07611068193313465,24.488188976377952
2807911120,0.07205883113818802,24.904942965779465
2807911121,0.11242888493482134,36.765772298767224
2807911122,0.10830569660361028,38.295788442703234
2807911123,0.06088386134249138,15.931108719052745
2807911124,0.06308166986091762,21.26984126984127
2807911125,0.04018598307216636,16.306620209059233
2807911126,0.28580822432815567,-46.84287812041116
2807911128,0.07453995442744647,24.622222222222224
2807911129,0.02244160535765155,4.822834645669291
2807911130,0.08811534020695048,26.871980676328505
2807911131,0.10405608187278804,31.127197518097212
2807911132,0.12139233213394635,38.65450399087799
2807911133,0.06012917820278774,19.328585961342828
2807911134,0.0741355228645454,19.72361809045226
2807911135,0.04953339793938693,18.874172185430464
2807911136,0.042756532913407364,14.27364864864865
2807911137,0.043217549217005186,11.996114618746963
2807911138,0.06347399834831681,19.1705069124424
2807911139,0.030202861153453657,7.576840600428877
2807911140,0.07684484363470752,29.781771501925547
2807911141,0.07046728555755133,22.895622895622896
2807911142,0.04826962584598577,16.500711237553343
2807911143,0.056183261074004856,17.142857142857142
2807911145,0.044359731967203914,10.215946843853821
2807911146,0.0395980048740714,10.541516245487365
2807911147,0.02452404029695858,-7.1382219338092145
2807911148,0.06442347465897193,22.832369942196532
2807911149,0.04290365162658652,11.299435028248588
2807911150,0.03288327786649614,8.382229673093043
2807911151,0.057461445344716464,16.91588785046729
2807911152,0.04276009029277869,15.199615199615199
2807911153,0.04878895683584486,15.622982569399612
2807911154,0.058586836546393586,17.428087986463623
2807911155,0.02877836714179302,8.854385228703315
2807911156,0.17588441630835627,-9.415439535921463
2807911157,0.044467243895798994,13.978494623655912
2807911158,0.046206324694808704,10.56782334384858
2807911160,0.28593763769154207,124.15458937198068
2807911161,0.107226506411193,37.68971332209106
2807911162,0.10588942189567915,35.80080753701211
2807911163,0.02975205842677756,9.131075110456553
2807911165,0.05089179069127668,14.477524810274373
2807911167,0.056497837692549395,16.856060606060606
2807911168,0.019905710912162554,-0.9025270758122743
2807911169,0.07348809227994248,23.579545454545457
2807911170,0.08038602150478347,26.182618261826185
2807911171,0.08220269861155131,27.850877192982455
2807911173,0.10836009160477947,32.9734219269103
2807911174,0.05911239224514649,19.28020565552699
2807911175,0.06106594790624039,20.73170731707317
2807911176,0.06957489713550052,21.723189734188818
2807911177,0.0751075270676911,24.254928931682716
2807911178,0.0940391583061957,30.96446700507614
2807911179,0.03945312275674097,9.032943676939425
2807911180,0.01385467909674511,-1.688951442646024
2807911181,0.016663067669971367,1.4227642276422763
2807911182,0.15864527076862073,-48.438661710037174
2807911183,0.018230759754572518,4.808475957620212
2807911184,0.02218362516335978,-0.08710801393728224
2807911185,0.06453953412340684,17.96116504854369
2807911186,0.07097885902040561,25.676488274203248
2807911187,0.2832863849277881,-32.142857142857146
2807911188,0.018442480324377557,5.621621621621622
2807911189,0.03815185291747139,14.021978021978022
2807911190,0.3460093674442119,-47.512195121951216
2807911191,0.14510042323255778,47.06730769230769
2807911192,0.2640307447491825,-26.286966046002192
2807911193,0.11668413743248703,51.05882352941177
2807911194,0.020345718328052494,7.839562443026436
2807912001,0.029887472996102112,4.511278195488721
2807912002,0.05279894381425997,15.977961432506888
2807912003,0.043516054986651606,12.760416666666666
2807912005,0.05776647173408526,13.850687622789785
2807912006,0.03992516034094112,13.186813186813188
2807912007,0.03918881630222334,12.074074074074074
2807912008,0.03831681792923999,8.79864636209814
2807912009,0.024763714776202733,3.856502242152467
2807912010,0.0398980605591894,14.25364758698092
2807912011,0.04034048284382275,11.385606874328678
2807912012,0.03299084119745197,10.337768679631525
2807912013,0.03663224575963545,15.04907306434024
2807912014,0.023118634145143622,-5.314437555358724
2807912015,0.02192625474307818,3.064798598949212
2807912016,0.012082409752957164,1.4125956444967627
2807912018,0.032738912362952864,8.686210640608035
2807912019,0.044231651447010224,12.773109243697478
2807912020,0.08034401025499702,26.359143327841846
2807912022,0.29200615514864153,127.28380024360536
2807912023,0.03395478159295021,10.252904989747096
2807912024,0.019002491057588333,6.267942583732057
2807912027,0.02689912604464098,9.844868735083532
2807912028,0.05279664391560387,14.543404735062007
2807912029,0.05113536350351108,15.636918382913805
2807912030,0.06052496319705666,19.96658312447786
2807912031,0.05435866930482659,20.64102564102564
2807912032,0.02599209323316177,7.371192177510342
2807912033,0.03953429244936925,12.293729372937294
2807912034,0.19899461414577352,75.19884309472162
2807912037,0.025598748455078063,4.598540145985401
2807912039,0.05464803802807912,15.502392344497606
2807912041,0.0609237863893134,18.199608610567513
2807912042,0.07950754340839317,31.11111111111111
2807912043,0.038940934737626276,12.310030395136778
2807912044,0.0515644541769041,14.915040906230335
2807912045,0.06996485644243493,25.622775800711743
2807912046,0.07039210211165604,26.869300911854104
2807912047,0.05116513006258542,16.651904340124005
2807912048,0.0636063324104899,22.162883845126835
2807912049,0.0442828191413312,15.72897761645493
2807912050,0.05116970903527913,17.781043350477592
2807912051,0.04392404736304036,14.99605367008682
2807912052,0.32348092697161207,107.73809523809523
2807912053,0.01889231254490725,-0.9150991357397051
2807912054,0.026600000743390292,-1.3669064748201438
2807912055,0.02847059307693569,7.361268403171008
2807912056,0.05297974936426188,17.79953917050691
2807912057,0.0880017924522113,34.32727272727273
2807912059,0.02579178468838064,-0.345821325648415
2807912061,0.02794094977244259,8.890884598114054
2807912062,0.07721313565177208,24.759793052475978
2807912064,0.048375461380072045,18.174726989079563
2807912065,0.06912964718104526,27.303465765004226
2807912066,0.09462715526863796,32.01634877384196
2807912067,0.07906755084700662,28.652555498193085
2807912069,0.03720449486785376,12.743506493506493
2807912070,0.033550453023752626,10.338517840805125
2807912071,0.07048853687942408,27.130774235523745
2807912073,0.13868535717902009,50.52754982415005
2807912074,0.09277117378736693,32.28643216080402
2807912075,0.07123811787055073,24.983563445101904
2807912077,0.03633587366205099,11.050102951269732
2807912078,0.07016995278058558,21.465201465201464
2807912079,0.0827934918079306,29.961832061068705
2807912080,0.07006067262921684,24.393624393624393
2807912081,0.08268625551442622,26.063418406805877
2807912082,0.05010410617716299,12.79847182425979
2807912083,0.06509479158243096,19.516129032258064
2807912084,0.07317137165236849,27.25450901803607
2807912086,0.03061264955332608,9.148550724637682
2807912087,0.0643434140804049,21.72701949860724
2807912088,0.08084966842880957,31.667571971754484
2807912089,0.05170383360343272,14.910858995137763
2807912090,0.08388713765206451,20.43369474562135
2807912091,0.04323079864346993,15.306122448979592
2807912092,0.05799239256998238,22.078907435508345
2807912093,0.05857190809220704,22.31270358306189
2807912094,0.09383374938868794,37.00787401574803
2807912096,0.08170249707181805,33.97913561847988
2807912097,0.07588625604995992,27.144120247568527
2807912098,0.013023230654362951,-3.53887399463807
2807912099,0.03180669893246747,8.874281018898932
2807912100,0.028869110950553733,10.076045627376425
2807912101,0.014976698064607665,2.3178807947019866
2807912102,0.012530796061185729,2.865101472343812
2807912103,0.02204579849326917,5.602716468590832
2807912104,0.030875123954248247,10.852272727272727
2807912105,0.02400436456632598,6.375
2807912106,0.021968680449796364,6.296135475466783
2807912107,0.028379053927679844,9.202714164546226
2807912108,0.2734232397359804,-43.77043225572103
2807912109,0.026760371720192508,10.162213740458014
2807913002,0.022176631980921846,6.296603148301575
2807913003,0.10670803321110285,25.50761421319797
2807913004,0.030760340867475623,9.361702127659575
2807913005,0.05441546317963431,18.627450980392158
2807913006,0.02764057071809028,5.748373101952278
2807913007,0.018405368219132596,3.5576923076923075
2807913008,0.06921041889775194,23.837981407702525
2807913010,0.030369194612645145,7.0046082949308754
2807913011,0.06395608334327277,19.803198031980322
2807913012,0.048461080108767554,15.095913261050875
2807913013,0.028810213476598425,7.418397626112759
2807913014,0.286013518302716,81.89723320158103
2807913016,0.0582950804836426,20.294882914137034
2807913017,0.028179399572920507,9.232365145228217
2807913018,0.030688060535455093,6.779661016949152
2807913019,0.027311228833541742,8.064516129032258
2807913021,0.019617607995835284,7.267144319344933
2807913022,0.038625703441380235,7.63819095477387
2807913023,0.025431635074842415,5.861244019138756
2807913024,0.030488016713098125,9.142857142857142
2807913026,0.046749649238821245,12.761276127612762
2807913028,0.038640049583980825,12.049689440993788
2807913029,0.05911864094950552,16.91542288557214
2807913030,0.03286673410871051,9.251101321585903
2807913031,0.04900603266189778,20.5607476635514
2807913032,0.06291025189911939,19.25531914893617
2807913033,0.06449072088409179,25.30612244897959
2807913034,0.07430869193116059,26.079593564775617
2807913035,0.03947506939394011,15.017737485218763
2807913036,0.11539033847396928,38.963531669865645
2807913037,0.09437350051165916,31.911532385466035
2807913038,0.12453643119550822,40.989010989010985
2807913039,0.057884561500152,19.037871033776867
2807913040,0.07847618359409325,23.795620437956206
2807913041,0.09792567403145425,37.7533294730747
2807913042,0.04726147013418702,14.14768806073154
2807913043,0.08513701532524313,31.313868613138684
2807913044,0.08664482749400576,31.295336787564764
2807913045,0.09470167139461412,30.296127562642365
2807913046,0.10897806897279923,34.94318181818182
2807913047,0.09029431784819088,30.50729673384295
2807913048,0.10386971980791623,34.30099312452254
2807913049,0.05779669182681571,18.90909090909091
2807913050,0.0749158385492099,23.576512455516013
2807913052,0.08067814310217716,28.585365853658534
2807913053,0.04942218825020466,18.345864661654137
2807913054,0.07847888567319558,29.931584948688712
2807913055,0.08133327676376041,28.942953020134226
2807913056,0.4165840090162237,116.85296646603611
2807913057,0.0687103193904588,18.205461638491546
2807913058,0.11084299455922753,37.77555110220441
2807913059,0.08659324078399613,27.75768535262206
2807913060,0.07124276131525178,22.093023255813954
2807913061,0.09985222928971861,38.85778275475924
2807913062,0.09596331810698736,28.819762122598352
2807913063,0.09404167268804275,28.125
2807913065,0.3003015302458945,150.16685205784205
2807913066,0.05592830145535511,15.15729265967588
2807913069,0.03659808478102223,11.259079903147699
2807913074,0.0127106301079075,-2.0398481973434532
2807913077,0.02465666043650186,-3.6152796725784446
2807913078,0.020727459508781455,0.5803830528148578
2807913079,0.09332470887097821,31.550802139037433
2807913080,0.08222303048219447,30.714285714285715
2807913083,0.07692661954069997,26.059564719358537
2807913084,0.1082394893545865,33.73626373626374
2807913086,0.07902409814572278,26.17554858934169
2807913087,0.03043730864267934,1.6518424396442184
2807913088,0.04817103925356632,9.950248756218906
2807913089,0.08698681722091921,32.28454172366621
2807913090,0.09751615101488109,31.438515081206496
2807913091,0.0289268957458628,9.814814814814815
2807913092,0.030852311420940796,4.239963915200722
2807913094,0.01712825484161482,2.0466444550214185
2807913103,0.06421463146870912,20.79589216944801
2807913104,0.020999215653465138,6.7330210772833725
2807913108,0.02045619287134443,5.115511551155116
2807913109,0.017029678795887963,-0.6363636363636364
2807913110,0.06084834233857424,18.170426065162907
2807913111,0.022005317381438613,4.594921402660217
2807913112,0.022203992810400093,5.381165919282512
2807913115,0.22296260549583394,65.234375
2807913116,0.03406927952992323,5.972045743329097
2807913117,0.42017202241179924,127.28380024360536
2807913118,0.021264755876253365,-3.985507246376811
2807913119,0.03840681394215366,13.090627420604184
2807913120,0.024648140069513665,5.0
2807913121,0.03543371671425221,1.0848126232741617
2807913122,0.04107703924014751,13.027744270205066
2807913123,0.022087371658329597,3.5937499999999996
2807913124,0.04820925588632871,12.250712250712251
2807913125,0.038344947211482634,12.26252158894646
2807913127,0.020810767423137252,7.9776625448743514
2807913128,0.012445323106374646,1.4738393515106853
2807913129,0.017300188122874424,-1.9813519813519813
2807913131,0.019168241325942904,4.489795918367347
2807913132,0.015181154136194527,1.9591141396933562
2807913133,0.03536850100417582,12.448132780082988
2807913134,0.029330623204659102,10.516066212268745
2807913135,0.02439680816262382,-2.085747392815759
2807913136,0.01911666334511118,2.6387625113739763
2807913137,0.02377494016738319,-1.6821345707656612
2807913138,0.0391892036045651,10.267379679144385
2807913139,0.04145687883142242,13.736791546589819
2807913140,0.01745759778092968,5.533333333333333
2807913142,0.04197857748976831,13.76863023420866
2807913143,0.022159049072987675,2.204928664072633
2807913144,0.025875114938334717,6.62568306010929
2807913145,0.07792993396803892,26.659412404787812
2807913146,0.06975485813060323,24.928639391056137
2807913147,0.03188185852927322,10.874704491725769
2807913148,0.0852113157866845,27.506426735218508
2807913150,0.06400681219245073,19.875776397515526
2807913153,0.046555343525997835,17.59776536312849
2807913154,0.0241403801612987,5.396290050590219
2807913155,0.06305053969928129,22.100547536087607
2807913156,0.04952243791518554,20.2970297029703
2807913157,0.06916958031149517,23.93526405451448
2807913158,0.028818305437775957,8.324924318869828
2807913160,0.0200301429660204,4.111936036550542
2807913161,0.028354425345670543,-4.081632653061225
2807913162,0.01821061246380771,-0.9421265141318977
2807913163,0.016757886887912753,4.51045104510451
2807913164,0.01722031617137158,1.7647058823529411
2807913166,0.03847217108299886,12.31527093596059
2807913168,0.057236441338126255,18.42913558578324
2807913169,0.06289156476749519,20.88323353293413
2807913170,0.04325950495354786,10.758885686839577
2807913171,0.04173017570850776,14.495592556317336
2807913172,0.09170316003385598,32.02911737943585
2807913173,0.056035361877056836,18.365384615384617
2807913174,0.06979135392515869,22.89586305278174
2807913175,0.06978535236918965,23.32826747720365
2807913176,0.06779395435439672,22.727272727272727
2807913177,0.05891637552765979,18.963922294172065
2807913178,0.0231543935978625,-3.8461538461538463
2807913179,0.016909248145711625,-2.0710059171597637
2807913180,0.024573703530329186,8.49150849150849
2807913181,0.045724929766097454,11.330049261083744
2807913182,0.027130619686431396,-4.933110367892977
2807913183,0.015320145102481102,0.39032006245121
2807913184,0.06475418508585096,16.24923640806353
2807913185,0.05474337420594201,21.50101419878296
2807913186,0.05937243386678319,16.40363462458154
2807913187,0.052650258740919116,20.588235294117645
2807913189,0.0756663238136406,28.853383458646615
2807913190,0.2024197480206387,-24.32969215491559
2807913191,0.02229794615195417,4.1767848470131135
2807913192,0.048452269747397754,16.322008862629247
2807913193,0.047931147882253416,16.323417238749048
2807913194,0.06967477703906359,23.419827012641385
2807913195,0.07017254093271898,18.075801749271136
2807913196,0.06628880955272468,16.85214626391097
2807913197,0.07418822361183842,25.52770448548813
2807913198,0.02105019186526239,3.1758326878388843
2807913199,0.03233586742715641,-7.627118644067797
2807913200,0.018824913850977454,-1.112565445026178
2807913201,0.014661790764123257,1.0175763182238668
2807913202,0.047898548638861775,-9.594755661501788
2807913203,0.03725685238698653,-7.7631578947368425
2807913204,0.03045575989210114,-8.036890645586297
2807913205,0.010802344384036613,-2.5620496397117694
2807913206,0.10690532831688761,-14.654061022776107
2807913207,0.027093170951906533,-4.98876404494382
2807913208,0.02260689261284031,-5.178173719376392
2807913209,0.02856141694665147,-6.377551020408164
2807913210,0.01790177020151245,-2.5752773375594296
2807913211,0.025328473986042703,-8.55085508550855
2807913212,0.033155516962764045,-4.8025613660619
2807913213,0.021873238660866053,4.709576138147567
2807913214,0.020354834913303237,4.601226993865031
2807913215,0.0611506730555777,21.73507462686567
2807913216,0.1950170655590392,83.22454308093995
2807914002,0.02497422406895601,5.48048048048048
2807914003,0.2729399710564155,103.52422907488987
2807914004,0.023477397337619815,-3.543307086614173
2807914005,0.24308760613930738,91.28571428571428
2807914010,0.039040304458057645,-7.441860465116279
2807914012,0.013956260692125898,1.1651816312542838
2807914013,0.022342736998749578,-5.776515151515151
2807914014,0.027379015105789984,-5.389221556886228
2807914015,0.03238889723316655,-3.160270880361174
2807914016,0.02983961997300656,-3.9030955585464335
2807914017,0.016015021936072765,4.580152671755725
2807914018,0.015947158341976703,-1.059135039717564
2807914020,0.24474245993590538,50.78864353312302
2807914021,0.0210411508296812,-3.059071729957806
2807914022,0.022228874396934117,-1.3937282229965158
2807914024,0.19507635224242537,58.70535714285714
2807914025,0.03368029150648446,10.95636025998143
2807914026,0.022621804689628176,5.0732807215332585
2807914027,0.041552318570966966,-0.5277044854881267
2807914028,0.026137083518503773,6.653019447287615
2807914029,0.02660765783450427,-2.1505376344086025
2807914030,0.026416973298344828,-6.145251396648044
2807914031,0.01016116066648927,-1.3528748590755355
2807914032,0.03154453103576831,-7.093596059113301
2807914033,0.01674793450508218,0.0
2807914034,0.014491681152637086,-0.8879023307436182
2807914035,0.026367024060862512,4.1208791208791204
2807914036,0.05553856794218042,19.39571150097466
2807914037,0.03650297870764315,9.768907563025211
2807914038,0.050337845945843056,16.838046272493575
2807914039,0.02279873389766177,3.1616982836495033
2807914040,0.028633230214826638,-6.25986322987901
2807914041,0.05241473945779456,-11.050328227571116
2807914042,0.023728053032714795,-5.400696864111499
2807914043,0.024553654743916985,6.305170239596469
2807914044,0.016610255932765793,4.361702127659575
2807914045,0.024874886377998576,4.324894514767933
2807914046,0.03682535015043857,10.299625468164795
2807914047,0.042755494530174326,11.96043165467626
2807914048,0.031050336809024352,7.431192660550459
2807914049,0.026687196204960854,8.963093145869948
2807914050,0.05092524923548156,17.208413001912046
2807914051,0.026768339869001876,5.930470347648262
2807914052,0.04795198081756567,8.025343189017951
2807914053,0.06040948142315684,20.489690721649485
2807914054,0.048374351998058944,12.744186046511627
2807914055,0.03384142198660582,8.938547486033519
2807914056,0.033115310156652464,6.563706563706563
2807914057,0.03958017692381247,11.651469098277609
2807914058,0.0336875197732114,12.514619883040936
2807914059,0.04177359625543102,11.933534743202417
2807914060,0.020458053893538986,-3.0789825970548863
2807914061,0.02930543747981029,-6.765799256505576
2807914062,0.017041903823933113,1.3793103448275863
2807914063,0.019943679273369225,3.910614525139665
2807914064,0.2562896181686669,67.13286713286713
2807914065,0.02178137902534081,-0.31678986272439286
2807914067,0.30862746607748565,92.92123629112662
2807914069,0.4029697451701158,116.64233576642336
2807914070,0.022274318879109634,2.6460859977949283
2807914071,0.029314535540807256,7.304526748971194
2807914072,0.01663682785891567,-0.8695652173913043
2807914073,0.016613871712317107,-0.18744142455482662
2807914075,0.028206856209743773,4.561003420752566
2807914076,0.022866649950390654,4.393063583815029
2807914077,0.250604109720685,95.44303797468355
2807914079,0.10634335871623381,36.90572119258662
2807914080,0.04499626708559415,-11.23244929797192
2807914081,0.604720085280823,-67.54760979401478
2807914082,0.016278403665161516,0.456968773800457
2807914083,0.022331324856119918,-6.449738524113887
2807914084,0.029617752668326846,-6.942003514938488
2807914085,0.2694136890408049,-43.7842393594606
2807914086,0.029315842864499914,-8.109318996415771
2807914087,0.04462806305495526,-9.257950530035336
2807914088,0.0600208661870478,-14.856646394439618
2807914089,0.030838088335134153,6.299212598425196
2807914090,0.03108585296288205,7.712944332662643
2807914091,0.025672537653080772,-5.990783410138248
2807914092,0.016561897066445324,-4.8606147248034315
2807914093,0.013433571409477296,-3.197278911564626
2807915001,0.05018178065969415,16.05316973415133
2807915002,0.026985048913046476,6.50319829424307
2807915003,0.03600418387647768,8.3
2807915005,0.021157475543118608,0.47114252061248524
2807915006,0.053491222714564086,15.122723673792557
2807915008,0.030122123882865805,7.005708354955891
2807915009,0.03629780749489397,11.085972850678733
2807915010,0.06252520720655641,18.376550169109358
2807915011,0.06847323199907973,21.532567049808428
2807915012,0.028953228106467874,2.436323366555925
2807915013,0.03580984841336011,5.654761904761905
2807915014,0.02889907787310794,7.370054305663305
2807915015,0.04147695164872368,7.317073170731707
2807915016,0.06134207887178275,17.024793388429753
2807915017,0.025247890105752183,-0.8092485549132947
2807915018,0.018216330081380894,3.864168618266979
2807915019,0.044667453244215304,14.26872770511296
2807915020,0.052274703383508044,17.62414800389484
2807915021,0.033131051144161795,5.32994923857868
2807915022,0.03374520517882477,9.840201850294365
2807915023,0.03594883416973866,9.830729166666668
2807915024,0.04437308774375471,14.380321665089877
2807915025,0.03566398200027967,9.619860356865788
2807915026,0.05026039867026908,18.43003412969283
2807915027,0.046049189360573305,10.233592880978867
2807915028,0.050004219000032296,15.801614763552479
2807915029,0.039338451326060626,9.163701067615659
2807915030,0.03318025357236219,8.681135225375627
2807915031,0.026293637055845278,5.616942909760589
2807915032,0.06038832005798509,12.271973466003317
2807915033,0.0673457163393559,18.83954154727794
2807915034,0.045212155637041326,15.185601799775029
2807915035,0.059477057102575635,14.173913043478262
2807915036,0.05186976465002658,14.798206278026907
2807915037,0.04314222255106213,9.873617693522906
2807915038,0.05034322949973263,15.082159624413146
2807915039,0.06548347918532109,21.98083067092652
2807915040,0.0783725806687081,25.16254876462939
2807915041,0.07378815074822632,19.97571341833637
2807915042,0.034956070782064814,9.658762290341237
2807915043,0.048655992961166426,20.015515903801393
2807915044,0.039812548056139034,12.3991195891416
2807915045,0.02770581194353678,5.795918367346939
2807915046,0.040547519005779506,8.963210702341136
2807915047,0.041203885762515706,8.826479438314944
2807915048,0.058844506901965764,17.8516228748068
2807915049,0.057531428076924705,17.429193899782135
2807915050,0.04857595554511931,14.029850746268657
2807915051,0.041185841461078086,11.648223645894001
2807915052,0.05141376234263154,15.508021390374333
2807915053,0.04511306321953614,13.346482577251809
2807915054,0.059373988320769865,19.20152091254753
2807915056,0.042736422096864186,13.224755700325733
2807915057,0.04514147519939524,14.285714285714285
2807915058,0.04821343024878819,14.95480690221857
2807915059,0.036594486192704036,10.264550264550266
2807915060,0.023150942818727763,4.3478260869565215
2807915061,0.023964393274046807,5.678670360110803
2807915062,0.0345995879306965,11.774891774891776
2807915065,0.008746719477296133,1.4502762430939227
2807915066,0.02744146808338871,7.267441860465117
2807915067,0.05583736630924676,17.816683831101958
2807915068,0.019865046144673063,-5.92
2807915069,0.012442314435337267,0.8835758835758836
2807915070,0.05129915427366443,18.409843823946996
2807915071,0.07262357575820852,18.581341557440247
2807915073,0.056510654908036195,19.94750656167979
2807915074,0.05819820347916249,20.146726862302483
2807915075,0.027063927987078077,7.8071961982348945
2807915076,0.015430260121293227,4.273504273504273
2807915077,0.034960009798189196,7.323943661971831
2807915078,0.06239444667068552,21.215733015494635
2807915079,0.060389387214798244,17.27891156462585
2807915080,0.05911459194234414,15.550239234449762
2807915081,0.06565104391276896,23.710073710073708
2807915082,0.029321687889352258,9.69597370583402
2807915083,0.05519191791137941,21.0752688172043
2807915084,0.06475929123305996,24.015748031496063
2807915085,0.033484494074625205,7.578806170355466
2807915086,0.052005672945666354,13.942307692307693
2807915087,0.0866266979509301,26.477935054121566
2807915088,0.05947894542841494,18.99392888117953
2807915089,0.05959708524900516,17.162276975361088
2807915090,0.01120506818822677,0.31965903036760784
2807915092,0.023274530980674116,8.33859759949463
2807915093,0.026030082640664427,8.64575363427697
2807915094,0.04001900654204136,10.89036055923473
2807915095,0.04749121548984987,15.595238095238095
2807915096,0.05148059737581968,10.746951219512194
2807915097,0.03282633508575687,7.296137339055794
2807915098,0.07255657469206789,23.791102514506772
2807915099,0.053541123718346094,13.57615894039735
2807915100,0.054659139872695266,14.727722772277227
2807915101,0.06304533739032593,23.402163225172075
2807915102,0.042495910210888894,13.960396039603962
2807915103,0.06382676177286378,16.016260162601625
2807915105,0.041511102789560994,12.138728323699421
2807915106,0.10006969728890439,22.816679779701023
2807915108,0.05470294057964394,14.634146341463413
2807915109,0.0339390617270789,12.345679012345679
2807915110,0.3253179900740667,95.27896995708154
2807915111,0.06257381768787866,16.82926829268293
2807915112,0.050556514895278654,16.43330876934414
2807915113,0.0629232295275314,16.246290801186944
2807915114,0.054643008959725375,14.957780458383596
2807915115,0.030043909299006615,9.641873278236915
2807915116,0.03152732545483633,6.338028169014084
2807915117,0.03693650195558434,11.626195732155997
2807915118,0.06576590936180463,20.42175360710322
2807915119,0.0419302381760437,13.419117647058822
2807915120,0.041611059681197674,13.363533408833522
2807915121,0.03910712036504548,10.070921985815604
2807915122,0.04068429865504393,12.362637362637363
2807915123,0.05419059189262632,13.721973094170403
2807915124,0.06313438915127272,19.850586979722518
2807915125,0.02415374393011085,5.220417633410673
2807915126,0.04531409689548173,13.213981244671782
2807915127,0.020736603464054326,0.9944064636420136
2807915128,0.023450071125398018,-0.09328358208955223
2807915129,0.10048936301706773,32.0
2807915130,0.04177568916547601,16.348195329087048
2807915131,0.07344728247586346,25.657894736842106
2807915132,0.017028638350465298,-0.9202453987730062
2807915133,0.030683188741089978,5.7413249211356465
2807915134,0.03181022237131755,7.208872458410351
2807915135,0.030871643873780826,0.8104457451598379
2807915136,0.050471342585606,13.64562118126273
2807915138,0.04809680699434429,16.455696202531644
2807915140,0.2858741854721831,125.28409090909092
2807915141,0.0385922920032973,11.191335740072201
2807915142,0.025284962125917715,0.34275921165381323
2807915143,0.037306799084841205,13.32271762208068
2807915144,0.03228393586384006,5.445263754963131
2807915146,0.04027072123996161,10.56268509378085
2807915147,0.34024628785957484,88.80105401844533
2807915148,0.028336144514484376,6.619144602851323
2807915149,0.020718232044198908,3.436426116838488
2807915150,0.047585867159240146,15.845070422535212
2807915151,0.04653991295149438,17.194570135746606
2807915153,0.025805892950234225,-0.8241758241758242
2807915154,0.05311784695969775,13.49056603773585
2807915155,0.038153004066840183,14.523974982626825
2807915156,0.05108763687446183,18.893280632411066
2807915157,0.04283628568948769,13.793103448275861
2807915158,0.06015381501693651,19.233838786911413
2807915159,0.029983558360258986,6.316447779862414
2807915160,0.043523436357742966,12.879581151832461
2807915161,0.029250447459562498,6.344950848972298
2807915162,0.009934335973082601,-0.5753138075313807
2807915163,0.012976651302532933,1.7142857142857144
2807915164,0.019908674680811467,-2.59391771019678
2807915165,0.01122810155419494,-0.9718172983479106
2807915166,0.016452988407566847,-2.3890784982935154
2807915167,0.00873154585770836,-0.7590132827324478
2807915168,0.014556894672753715,3.7654320987654324
2807915170,0.025577723059182527,-4.567845947156292
2807915171,0.028932959393288927,5.801526717557252
2807915172,0.01983151090554122,-4.86048604860486
2807915173,0.022835234761197348,4.92845786963434
2807915174,0.03675682798374082,8.686288585786073
2807915175,0.023362481900982376,5.206463195691203
2807915176,0.026352901691838,6.379498364231188
2807915177,0.03153752980090605,4.226475279106858
2807915178,0.03210774485925661,5.735849056603773
2807915179,0.02079811824825848,-2.430555555555556
2807915180,0.030982119813891495,10.816125860373647
2807915181,0.026306065177144337,-5.665024630541872
2807915182,0.0529910907375294,-12.645161290322582
2807916001,0.06005652726590043,17.24137931034483
2807916002,0.03136220272725015,9.630911188004614
2807916003,0.02435690789763776,2.73972602739726
2807916004,0.06253812757924311,17.543084401237298
2807916005,0.03810437543019468,13.403693931398417
2807916006,0.029518142940951304,10.138740661686233
2807916007,0.0314954839004071,9.471153846153847
2807916008,0.06873948881151376,14.587525150905433
2807916009,0.03737030584413312,11.579980372914623
2807916011,0.040257204981451376,12.898089171974522
2807916012,0.018309106765330183,2.7510316368638237
2807916013,0.038690455177203605,-6.5740740740740735
2807916014,0.023748190808827296,-6.228373702422145
2807916015,0.024422302976016195,0.873015873015873
2807916016,0.01060549662385676,-0.19212295869356388
2807916017,0.031013972394359133,-4.234841193455245
2807916018,0.015552747064061102,-0.9650180940892641
2807916019,0.01744406121944484,0.7438894792773645
2807916020,0.030902514982353118,-8.240887480190175
2807916021,0.030771056914435335,-6.169665809768637
2807916022,0.02985105694790438,-8.132956152758133
2807916024,0.02557907763436786,7.766990291262135
2807916025,0.02074639157451401,-3.48993288590604
2807916026,0.01846608565464825,2.284263959390863
2807916027,0.034215834667165754,0.2635046113306983
2807916028,0.02502057770545699,-1.6494845360824744
2807916029,0.025302565811781415,-5.470635559131135
2807916030,0.013182302978784985,0.6004366812227074
2807916031,0.0427587027636762,-10.263929618768328
2807916032,0.03713191016680717,-10.579796772265391
2807916033,0.03610708905218593,12.949640287769784
2807916034,0.049004657870670834,15.74074074074074
2807916035,0.01663811344464545,2.4803387779794313
2807916036,0.01731374544536251,-0.7140172867343104
2807916037,0.04193010310492904,5.560882070949185
2807916038,0.02820919045767669,9.520000000000001
2807916039,0.03812826551796176,8.820709491850431
2807916040,0.3026747624295105,84.89535941765241
2807916042,0.3047870430153629,92.01570680628272
2807916043,0.02624858186176193,4.324894514767933
2807916044,0.013641795540363695,2.7777777777777777
2807916045,0.00913719590291021,0.7453416149068323
2807916046,0.026612757407767477,-3.1790295593976574
2807916048,0.015582106907425035,0.9021199819576003
2807916049,0.03442791843794473,-10.464201416207711
2807916050,0.010562164466213348,1.845748187211602
2807916051,0.02226439858785124,-0.3838771593090211
2807916052,0.018287631991420677,0.08389261744966443
2807916053,0.030864746536504808,8.26086956521739
2807916054,0.0267657955624707,3.4739454094292808
2807916055,0.36164508278962876,102.43277848911652
2807916057,0.015935403269762553,1.1988011988011988
2807916058,0.02423722771140145,6.058446186742694
2807916059,0.021424147110381504,1.0281385281385282
2807916060,0.015458058333679822,-1.992287917737789
2807916061,0.014016228265496773,-1.5558698727015559
2807916063,0.17372044016030355,45.794392523364486
2807916064,0.037620386667371865,9.620253164556962
2807916065,0.0813627667088211,24.695459579180508
2807916066,0.07040146273625345,20.912951167728238
2807916067,0.12516538489112544,48.44903988183161
2807916069,0.030200324923642993,8.529155787641427
2807916070,0.031497195998560414,-6.935483870967742
2807916071,0.09967535653798978,2.4282560706401766
2807916073,0.08347542054802418,23.83879781420765
2807916074,0.024516447233299054,6.511627906976744
2807916075,0.03395725354181242,7.960199004975125
2807916076,0.08081263207565105,26.87447346251053
2807916077,0.0465848255391661,15.932452276064609
2807916078,0.025390255712410062,7.331042382588775
2807916079,0.019813976770994078,6.447309915518009
2807916080,0.028453879335223413,2.9885057471264367
2807916081,0.04110929158367015,12.465627864344638
2807916082,0.01620238967041016,4.029304029304029
2807916083,0.022017290394338956,6.58682634730539
2807916085,0.024766065413206008,6.037735849056604
2807916086,0.013148524252928125,4.037558685446009
2807916087,0.015010538689386699,-2.0524515393386547
2807916088,0.02289339596527112,5.902777777777778
2807916089,0.025877822301618794,3.75
2807916090,0.02441538769368624,7.346938775510205
2807916091,0.012850033471227425,3.6827195467422094
2807916092,0.012769911371681793,-0.16142050040355124
2807916093,0.02975320559417045,-3.177570093457944
2807916096,0.05048010387929724,13.849287169042771
2807916097,0.022210405281601585,-5.113636363636364
2807916098,0.037993840539270095,-8.47343644922663
2807916099,0.018442371128883743,-3.225806451612903
2807916100,0.035734334790662875,-9.794776119402986
2807916101,0.0422065435692432,-10.193050193050194
2807916102,0.021354784837176774,7.213396307428082
2807916103,0.04369427165682058,12.926957435627957
2807916104,0.02522518890675142,-5.796418473138549
2807916105,0.02389676607761315,-3.3432392273402676
2807916106,0.13307437593233812,52.55952380952381
2807916107,0.15985271307488116,44.68524251805985
2807916108,0.2412582085500565,-35.050625372245385
2807916109,0.014014133412369886,1.5353535353535352
2807916110,0.05076879132636012,21.238552115133015
2807916111,0.24775700891361413,-41.75486514168658
2807916112,0.02635043148925491,-7.129094412331407
2807916113,0.08030096760954479,24.543849323131255
2807916114,0.15920484510597235,-38.07499033629687
2807916115,0.039309840720613276,14.031862745098039
2807916116,0.11264243946461795,41.03299856527977
2807916117,0.0442169249484978,14.183801930339907
2807916118,0.01778422054578654,5.780113177041229
2807916119,0.230650751404605,106.11683848797252
2807916120,0.062420823710193765,22.78481012658228
2807916121,0.023172580461128845,4.3657817109144545
2807916122,0.10295217607436126,39.5902181097158
2807916123,0.18567356381374517,69.0159574468085
2807916124,0.31935698668023876,-17.240015816528274
2807916125,0.06861074960834922,24.247144340602283
2807917002,0.03545091349230143,12.13292117465224
2807917003,0.06459831865213628,20.754716981132077
2807917004,0.10237501952990045,38.43586075345732
2807917006,0.06971855764397852,24.276315789473685
2807917007,0.08312038974231689,27.17023675310034
2807917008,0.058263248973286955,18.620689655172416
2807917009,0.08787046730645615,29.894736842105264
2807917010,0.06351859164543712,19.37046004842615
2807917011,0.09888297844706365,34.775374376039935
2807917012,0.11251840964784084,37.5
2807917013,0.07028161303613324,25.65947242206235
2807917014,0.09320359107524186,34.73389355742297
2807917015,0.0939208348305194,33.853354134165365
2807917016,0.0727747990853732,23.404255319148938
2807917017,0.060935643922703966,16.94915254237288
2807917018,0.10674345599501812,34.58128078817734
2807917019,0.08303881592021402,24.715261958997722
2807917020,0.06392303520013777,19.179734620024124
2807917021,0.028116793026030377,1.5767634854771784
2807917022,0.0718687907190376,21.570576540755468
2807917023,0.039620760971458474,12.801678908709338
2807917024,0.06248374553708013,20.622568093385212
2807917025,0.08412023776174486,20.75242718446602
2807917026,0.05424703741731965,20.047169811320757
2807917027,0.015860720056823905,4.981646565285789
2807917028,0.054928967544100066,16.883116883116884
2807917029,0.057859975282629414,22.4345364472753
2807917031,0.06274900130332807,17.590987868284227
2807917032,0.0900780236817542,30.640958832725378
2807917033,0.11511540821632028,39.53846153846154
2807917035,0.06640288492578277,21.333333333333336
2807917036,0.09488298023213732,35.42600896860987
2807917037,0.12168187960091222,39.075249320036264
2807917038,0.12789921850858735,52.181069958847736
2807917039,0.09391979623996,31.23899001761597
2807917041,0.09480275762065854,32.7768014059754
2807917042,0.1134686604064199,33.773087071240106
2807917043,0.09074951437944823,33.12169312169313
2807917045,0.18277129075344323,-27.41466957153232
2807917046,0.03877071336259476,12.464907355418305
2807917047,0.0642765013549162,21.433311214333113
2807917048,0.015608015925364567,-2.7461139896373057
2807917049,0.06696274846952095,20.260223048327138
2807917050,0.053156454249835096,13.14655172413793
2807917051,0.05251940979441902,20.471698113207548
2807917052,0.03689256525981832,11.387900355871885
2807917053,0.028048013968389462,9.664292980671414
2807917054,0.07937517290359587,21.092436974789916
2807917055,0.025642160136140322,7.76283618581907
2807917057,0.06889655848708856,21.83828610919143
2807917058,0.07128176608567738,21.013412816691503
2807917059,0.05002886660614386,16.86046511627907
2807917060,0.09640678000287498,30.744680851063833
2807917061,0.07358196179426542,23.820572312451663
2807917062,0.07143649267917662,21.45305003427005
2807917063,0.06393328372324238,22.66260162601626
2807917064,0.10630737318485897,36.73929376408715
2807917065,0.06793239129348672,22.5609756097561
2807917066,0.0886871831097048,33.80656610470275
2807917068,0.15803890966788647,52.730696798493405
2807917069,0.06222503322725498,16.850068775790923
2807917070,0.03352502964440607,-7.309941520467836
2807917071,0.0430817293797132,11.093585699263933
2807917072,0.09658391414537403,29.609929078014186
2807917073,0.03900384652098233,9.388185654008439
2807917074,0.03744018965329372,11.459589867310012
2807917075,0.020631083015909497,2.0381328073635765
2807917076,0.016875271446322705,4.296545914069082
2807917078,0.03270633062690629,4.576144036009002
2807917079,0.05314429971044142,17.746113989637305
2807917080,0.3026363257332223,88.5593220338983
2807917082,0.031053452040488247,9.248170326014638
2807917083,0.04265049540263232,16.079295154185022
2807917084,0.060420417211203024,16.07843137254902
2807917085,0.016452624463320086,1.8469656992084433
2807917086,0.03622505235635578,9.271523178807946
2807917087,0.03404455315538967,9.138042773817238
2807917089,0.029826440315008054,5.445116681071737
2807917090,0.02169918416107351,5.44464609800363
2807917091,0.03138060239477337,9.747292418772563
2807917092,0.028094646841302723,9.789343246592317
2807917093,0.01538197719281264,-0.995732574679943
2807917094,0.02703659414789707,5.294825511432009
2807917095,0.025266507157527658,4.637336504161712
2807917096,0.38488496144006945,-52.06225680933853
2807917097,0.03739034994614045,-9.617755856966708
2807917098,0.02266920924807532,-7.53370340999207
2807917099,0.0353169263445016,-10.023310023310025
2807917100,0.059590774411989435,21.17758784425451
2807917101,0.08541485389681973,29.359430604982208
2807917102,0.04218351287251471,-12.118780096308186
2807917103,0.02609759672722419,-4.916593503072871
2807917104,0.014609197689262934,0.24975024975024976
2807917105,0.014153018873403833,-2.8517110266159698
2807917106,0.12605827793715063,-35.1921115266916
2807917107,0.01914759872374246,6.943883730318934
2807917108,0.01246211159597634,0.12944983818770225
2807917109,0.018043356294536225,2.365415986949429
2807917110,0.011686291014671795,4.2797975149562815
2807917111,0.2825877306477146,26.17893345085941
2807917112,0.03176812554071956,9.458023379383635
2807917113,0.1747898632049311,-20.417124039517017
2807917114,0.02882079875598317,10.415375077495352
2807918002,0.01590512363577841,-0.27816411682892905
2807918003,0.025268592267790647,6.292906178489703
2807918004,0.027764015045222436,7.986111111111111
2807918005,0.058908385831757885,17.82178217821782
2807918006,0.051238032152656834,20.730671197960916
2807918007,0.06195264059717094,18.57451403887689
2807918008,0.03816991390009075,9.586631486367635
2807918009,0.02906459284548259,8.506493506493506
2807918010,0.052690901645941424,13.100848256361921
2807918011,0.05502144333670244,17.174280879864636
2807918012,0.02331668161831697,4.07503234152652
2807918013,0.04955733394429067,13.109243697478993
2807918014,0.06157669715533722,19.257012888551934
2807918015,0.09409119930036298,29.626168224299064
2807918016,0.07453627030289378,23.8556338028169
2807918017,0.04567925073519391,14.776951672862454
2807918018,0.032738333863277284,13.344407530454042
2807918019,0.024258464401798994,6.674542232722977
2807918020,0.02353933428023351,-0.20161290322580644
2807918021,0.01886404915780349,-1.7707362534948743
2807918022,0.051948291231599546,18.19526627218935
2807918023,0.20434983335034404,73.98692810457517
2807918024,0.02057900591211991,-0.09950248756218905
2807918025,0.01550349600531328,-0.5672149744753261
2807918026,0.01977182618650663,3.587161736941473
2807918027,0.023520209790154435,5.592841163310962
2807918028,0.03987089547146379,-8.906322104291647
2807918029,0.0327512965878214,-6.081081081081082
2807918030,0.017804299876126053,-2.083333333333333
2807918031,0.02178946496217888,-2.645051194539249
2807918032,0.01068339822536701,-0.14652014652014653
2807918033,0.011330921764623598,-0.913937547600914
2807918034,0.030733365597060646,-7.169253510716925
2807918035,0.01573369618473162,-2.0042194092827006
2807918036,0.024436923272562448,-2.1449704142011834
2807918037,0.030191412078972198,8.617424242424242
2807918038,0.020264434225617883,2.2794846382556986
2807918039,0.047767885323927825,-13.442389758179232
2807918040,0.09403270352415045,22.998932764140875
2807918041,0.024042094888670935,-3.547169811320755
2807918042,0.014672813061470892,-2.7253668763102725
2807918043,0.018325719238232886,2.4777006937561943
2807918044,0.03998947896960405,-10.99290780141844
2807918045,0.08203018612572116,-17.029651010233536
2807918046,0.26114744678474355,75.32249018508132
2807918047,0.03772896530296988,10.86780210867802
2807918048,0.024319619290537272,-5.604075691411936
2807918049,0.25893731378643076,-39.43606036536934
2807918050,0.2569308579963463,106.89149560117302
2807918051,0.08827961302844274,-2.7431421446384037
2807918052,0.17277380956513708,-13.88888888888889
2807918053,0.10822818303795577,45.00264410364886
2807918054,0.18815876616604665,-11.66059344091619
2807918055,0.221253615027417,-22.015334063526833
2807918056,0.14276414087439265,56.39777468706537
2807918057,0.23194833734283601,-16.243354991139988
2807918058,0.22110475264395837,5.5
2807918059,0.18116150118371124,71.05263157894737
2807918060,0.19171400235856847,-12.25444340505145
2807918061,0.28487215069477545,-3.7187681580476464
2807918062,0.1773322217327259,9.038031319910514
2807918063,0.24325402645242228,-28.993288590604028
2807918064,0.125635733488277,2.472836268265268
2807918065,0.1856535693239643,88.47850055126791
2807919001,0.06711043715065212,27.629382303839733
2807919002,0.19495856274189602,-11.641025641025642
2807919003,0.03604980224637239,5.723204994797086
2807919004,0.1572727617659244,52.99043062200957
2807919005,0.11677596137430993,34.63901689708141
2807919006,0.04304124913648136,14.162348877374784
2807919007,0.04547817878505926,10.26086956521739
2807919008,0.036959566431051374,9.602400600150037
2807919009,0.03393533315743677,9.257998638529612
2807919011,0.017060594554030153,4.702194357366771
2807919012,0.02255426178808108,4.057971014492753
2807919014,0.01792899947664214,4.090909090909091
2807919015,0.027380082205210786,-4.6918123275068995
2807919016,0.019424689304147338,2.20125786163522
2807919018,0.03330080669825994,0.30721966205837176
2807919019,0.0359970296590009,5.8350100603621735
2807919020,0.015962231298595364,-1.8709073900841908
2807919021,0.01968574901843332,-2.391629297458894
2807919022,0.03843418052427977,-0.1694915254237288
2807919023,0.02704740813553458,9.049360146252285
2807919024,0.04828010681873977,12.143742255266417
2807919025,0.06148279550662721,20.80745341614907
2807919026,0.04049289121022818,5.408271474019088
2807919027,0.04404443247102489,12.567132116004295
2807919028,0.05030978977825234,13.53868194842407
2807919029,0.026725171789155854,6.871035940803383
2807919032,0.033504354015185624,13.978494623655912
2807919033,0.011353241863805694,-1.5850815850815851
2807919034,0.014860292033118866,-3.728813559322034
2807919035,0.012039503216810072,-0.24600246002460024
2807919036,0.013008450000216375,-2.785646836638338
2807919037,0.01913004224384221,-3.293135435992579
2807919038,0.01971674200086304,-5.774016923842708
2807919039,0.044702964332887125,14.788732394366196
2807919040,0.01294391035862265,2.5316455696202533
2807919041,0.010742704222127824,0.1997336884154461
2807919042,0.009220493375489726,3.3502968617472435
2807919043,0.020334847168101383,-5.183585313174946
2807919044,0.04730478241532988,12.49302844394869
2807919045,0.026012038122530074,-2.5042686397268072
2807919046,0.028359138274893166,10.529311326124075
2807919047,0.013707845850875793,4.4160132067684685
2807919048,0.09951031774669779,-18.15856777493606
2807919049,0.06096006643860507,-9.573542210617928
2807919050,0.023069537900134263,-2.5231286795626575
2807919051,0.01408690180520019,3.022269353128314
2807920001,0.0359808639244033,12.122711528946066
2807920002,0.01817360142038114,-0.6642512077294686
2807920003,0.022105428611692936,6.415094339622642
2807920006,0.06570831332743297,20.955882352941178
2807920007,0.058474924626703915,19.515477792732167
2807920008,0.050752768968987345,19.2090395480226
2807920009,0.02154453882326833,5.25
2807920010,0.031442733500595475,0.8857395925597875
2807920011,0.050573845347452316,14.330708661417324
2807920012,0.10393534580356963,32.80507131537242
2807920013,0.09476646357961295,24.906600249066003
2807920015,0.39282676739665606,127.21962616822431
2807920017,0.25081089849879457,102.70812437311936
2807920018,0.10168919361795181,36.486486486486484
2807920020,0.3849145319167568,125.78397212543555
2807920021,0.0664502987756647,26.77725118483412
2807920022,0.08121562798216315,27.996070726915523
2807920023,0.34432892429213885,99.68619246861925
2807920025,0.10226298024455698,30.254777070063692
2807920026,0.05180986212541396,17.779565567176185
2807920027,0.0325357516864131,5.47945205479452
2807920028,0.021337381832748303,-3.4805890227576977
2807920029,0.05500400991747802,21.816770186335404
2807920031,0.11249326537662305,42.7255985267035
2807920032,0.1739315120628485,61.91011235955056
2807920033,0.09177597337341338,31.661442006269592
2807920034,0.061144967062370936,22.492970946579195
2807920035,0.09652322629371618,30.880929332042594
2807920036,0.0968061655363742,37.6458112407211
2807920037,0.02741477706848405,4.320203303684879
2807920038,0.030885296357902423,7.250755287009064
2807920039,0.02541832675206069,4.378531073446328
2807920040,0.01859676463854774,-5.70221752903907
2807920041,0.02253968895167173,-1.810436634717785
2807920042,0.025145469305398033,2.2253129346314324
2807920043,0.028432227636737438,-4.032258064516129
2807920044,0.030646126627520108,6.787330316742081
2807920046,0.10590589226489801,34.06214039125432
2807920047,0.08009376524388616,25.667655786350146
2807920048,0.081681516273407,19.504310344827587
2807920049,0.023271155465346426,3.128153380423814
2807920050,0.05121659613689077,15.739769150052465
2807920051,0.05767721460153055,20.0859291084855
2807920053,0.08023725668273214,26.24338624338624
2807920055,0.0464304818244757,14.565826330532214
2807920056,0.022991293151608753,6.003159557661927
2807920058,0.015247848255178482,1.4204545454545454
2807920059,0.014715642142407942,-1.834862385321101
2807920062,0.013311809893759243,-0.9040333796940195
2807920063,0.027442670615580717,-6.957928802588997
2807920064,0.01698484089438591,1.0183299389002036
2807920065,0.01582470670435242,-5.359001040582726
2807920066,0.02391521823143023,-5.860415556739478
2807920067,0.013768951569419116,-3.981164383561644
2807920068,0.04067888417043094,17.85570334542523
2807920069,0.038258062542696605,11.143695014662756
2807920070,0.04498513589697694,8.36864406779661
2807920071,0.22072701424329155,-31.2874251497006
2807920072,0.0227236794362025,4.258943781942079
2807920073,0.021951847192450698,2.8328611898017
2807920074,0.043633259171392054,14.68298109010011
2807920075,0.07054830174741457,23.692307692307693
2807920076,0.032809613591782416,7.042253521126761
2807920077,0.029790955025448134,7.722685388328214
2807920078,0.046955408014858736,14.185393258426968
2807920079,0.016360348395494606,2.4555461473327687
2807920080,0.02184144466233982,-2.0346646571213265
2807920082,0.023751597897855792,6.935483870967742
2807920083,0.01877108036956723,-2.5210084033613445
2807920085,0.17683291781719304,59.7233523189585
2807920086,0.025380357285943064,3.571428571428571
2807920087,0.024719540579883407,5.125977410947002
2807920088,0.03665168458750975,10.922693266832919
2807920090,0.022696683312928366,-3.5330261136712746
2807920091,0.04489586595316757,12.389380530973451
2807920092,0.04747840327128384,14.739364889155182
2807920093,0.0421051242960396,14.127861089187055
2807920095,0.04336628596058032,14.239482200647249
2807920096,0.4557766329662378,-56.15744349181606
2807920097,0.029708038647242592,4.566635601118359
2807920098,0.015270293747635966,-1.9588638589618024
2807920099,0.022308472624795385,-3.606557377049181
2807920100,0.0638363855861621,21.783526208304966
2807920101,0.01719447503054816,4.323570432357044
2807920102,0.0262817956741312,-4.613095238095238
2807920103,0.021260531186285618,-2.3720349563046192
2807920104,0.009865974854419408,-1.01667344448963
2807920105,0.012555974490015815,-2.80561122244489
2807920106,0.24443388206982983,-38.80952380952381
2807920107,0.01676479043263324,-2.7647610121836927
2807920108,0.015269831064634644,1.9086176980913823
2807920109,0.025422280670329707,-5.007587253414264
2807920110,0.029940779814564937,-7.589079130032392
2807920111,0.014308627545140758,-0.8740359897172237
2807920112,0.21996360403941523,-18.597857838364167
2807920113,0.011309346726142951,-0.44984255510571297
2807920114,0.014411408833874201,3.2848680667743673
2807920115,0.01972302973432993,-2.269503546099291
2807920116,0.04163127005946251,13.689482470784641
2807920117,0.01421191228813391,-3.2239493379389748
2807920118,0.026986917942531927,8.938244853737812
2807920119,0.218590092328414,-26.29573170731707
2807920120,0.11606453492087448,6.975249116039858
2807920121,0.12499867674696859,-24.597056762438683
2807920122,0.06469121318528503,22.73936170212766
2807921001,0.013502204604839455,1.7710309930423784
2807921002,0.021209459261586433,-3.4597471723220226
2807921003,0.03211456577572489,-3.6682615629984054
2807921004,0.015431440463981679,-3.6881810561609383
2807921005,0.11087042214879787,30.267997898055704
2807921006,0.01598056611630729,-0.8403361344537815
2807921007,0.012197695372886204,-2.876984126984127
2807921008,0.025069273197445955,-2.1929824561403506
2807921009,0.02803759981437581,0.1519756838905775
2807921010,0.010826469507119896,-1.0670731707317074
2807921011,0.012193354475577964,3.0427150380339376
2807921012,0.014889725451497669,-2.526315789473684
2807921013,0.03610587580924086,-6.622516556291391
2807921014,0.06298005439698154,15.28724440116845
2807921015,0.038543287952453806,10.123042505592842
2807921017,0.018885433231266582,1.3486176668914363
2807921018,0.026875864235310434,8.361429534726906
2807921019,0.11298545864852047,43.71212121212121
2807921020,0.031269916238911406,9.622960045019695
2807921021,0.04160548995328864,10.33912324234905
2807921022,0.020760887915924422,4.404761904761905
2807921023,0.01962715144249116,3.2432432432432434
2807921025,0.04527821934983236,12.203876525484565
2807921026,0.01800085607068149,2.613565650280025
2807921027,0.009314645425532316,0.49561570720548986
2807921028,0.16352853491217142,50.30075187969925
2807921029,0.014595386977460025,3.7864680322780884
2807921030,0.014660213490084357,1.65710643722116
2807921031,0.27717004576448706,-39.2142597308112
2807921032,0.0687609724532149,18.996865203761757
