hex_id,nocturno_km2,cultura_km2,restauracion_km2
89390ca0497ffff,0.0,0.0,27.694519709717532
89390ca3387ffff,0.0,0.0,0.0
89390ca007bffff,0.0,0.0,0.0
89390cb8c87ffff,0.0,0.0,119.80461333038897
89390cb0adbffff,9.226178182517428,18.452356365034856,175.29738546783113
89390cb5143ffff,0.0,0.0,184.82430408666903
89390cb1e37ffff,0.0,0.0,0.0
89390cbac37ffff,0.0,0.0,0.0
89390ca202bffff,0.0,9.232527972731226,46.16263986365613
89390cb02a3ffff,0.0,0.0,9.220084977828593
89390ca2317ffff,0.0,0.0,0.0
89390cb1a1bffff,0.0,0.0,18.440621747502117
89390cbab07ffff,9.217769175192462,0.0,92.17769175192461
89390ca3673ffff,0.0,0.0,0.0
89390ca3257ffff,0.0,0.0,0.0
89390cb0dc7ffff,9.230792440348463,0.0,36.92316976139385
89390cb542fffff,0.0,0.0,0.0
89390cb09abffff,0.0,0.0,0.0
89390cb1b4bffff,175.23903694542798,73.78485766123283,830.0796486888694
89390ca2603ffff,55.36766477822802,0.0,544.4487036525755
89390cb1d07ffff,0.0,0.0,55.34942285233095
89390cb0173ffff,0.0,0.0,0.0
89390ca2447ffff,0.0,0.0,9.229221358038114
89390ca0653ffff,0.0,0.0,18.45691148701163
89390cba9d7ffff,0.0,0.0,18.436043200913968
89390cb03d3ffff,0.0,0.0,0.0
89390ca1dcbffff,0.0,0.0,0.0
89390ca3543ffff,0.0,0.0,46.125708197845924
89390ca0237ffff,0.0,0.0,0.0
89390cb10b3ffff,0.0,0.0,0.0
89390ca3127ffff,9.229724579175095,0.0,156.9053178459766
89390cb282bffff,0.0,0.0,0.0
89390ca1593ffff,0.0,0.0,0.0
89390cb0c97ffff,0.0,0.0,0.0
89390cb087bffff,0.0,9.229494179158575,36.9179767166343
89390ca24d3ffff,18.4564138985719,9.22820694928595,193.79234593500496
89390cb1bd7ffff,119.90373314932353,36.89345635363801,765.5392193379887
89390cb0043ffff,0.0,0.0,0.0
89390ca20b7ffff,36.93114570932558,0.0,286.2163792472732
89390cba8a7ffff,0.0,0.0,0.0
89390ca3413ffff,18.444686926879392,0.0,156.77983887847483
89390cb2b17ffff,0.0,0.0,0.0
89390ca0107ffff,0.0,0.0,0.0
89390ca1463ffff,0.0,0.0,0.0
89390cb0b67ffff,0.0,0.0,64.62600122311348
89390ca2bdbffff,0.0,0.0,9.240429671986321
89390cb5273ffff,27.71060321877542,0.0,120.0792806146935
89390cb51cfffff,0.0,0.0,9.241218587750232
89390cb1ec3ffff,0.0,0.0,0.0
89390cb032fffff,0.0,0.0,46.12074203668788
89390ca23a3ffff,0.0,0.0,175.45190102557416
89390cb1aa7ffff,0.0,9.22234652394772,9.22234652394772
89390cbab93ffff,0.0,0.0,36.867005787461444
89390cb0e53ffff,18.449827751656922,0.0,304.4221579023392
89390ca2ec7ffff,0.0,0.0,0.0
89390cb54bbffff,0.0,0.0,0.0
89390cb0a37ffff,0.0,0.0,9.229487419240265
89390ca268fffff,0.0,0.0,406.0296011431138
89390cb1d93ffff,0.0,0.0,9.223892129776353
89390ca2273ffff,0.0,0.0,36.91889468984941
89390cb1977ffff,9.226674941072979,9.226674941072979,313.7069479964813
89390cbaa63ffff,0.0,0.0,0.0
89390cb155bffff,0.0,0.0,0.0
89390ca35cfffff,27.675425126956746,9.225141708985582,239.85368443362515
89390cb0c0bffff,0.0,0.0,0.0
89390cb568fffff,0.0,0.0,0.0
89390ca31b3ffff,27.68611555020225,0.0,286.0898606854232
89390cb0d23ffff,9.232826758048905,0.0,27.698480274146714
89390ca2d97ffff,0.0,0.0,0.0
89390cb538bffff,0.0,0.0,9.239934386144595
89390cb0907ffff,0.0,0.0,0.0
89390cb899bffff,0.0,0.0,0.0
89390cb1c63ffff,0.0,0.0,0.0
89390cb00cfffff,0.0,0.0,9.2198413882653
89390ca2143ffff,0.0,0.0,46.17028569287155
89390cbad4fffff,0.0,0.0,0.0
89390cb1847ffff,0.0,0.0,73.77675507572744
89390ca05afffff,0.0,0.0,0.0
89390cba933ffff,9.22005490217578,9.22005490217578,55.32032941305469
89390ca309bffff,18.44723079296847,0.0,304.37930808397977
89390cb2ba3ffff,0.0,0.0,0.0
89390ca0193ffff,0.0,0.0,0.0
89390cb1027ffff,0.0,0.0,0.0
89390ca3083ffff,0.0,0.0,18.44824832265791
89390cb720bffff,0.0,0.0,0.0
89390cb8983ffff,27.66172089312885,0.0,46.10286815521476
89390cb5677ffff,0.0,0.0,0.0
89390ca2c67ffff,0.0,0.0,0.0
89390cb236bffff,0.0,0.0,0.0
89390cb525bffff,0.0,0.0,0.0
89390ca284bffff,0.0,0.0,0.0
89390cb03bbffff,0.0,0.0,18.44627610028334
89390ca242fffff,9.231259347100492,9.231259347100492,55.387556082602956
89390cb1b33ffff,18.450797046464274,73.8031881858571,304.43815126666055
89390ca2013ffff,36.925023572478864,0.0,221.55014143487318
89390cb2bbbffff,0.0,0.0,0.0
89390cba803ffff,9.215480836697504,9.215480836697504,46.077404183487516
89390ca336fffff,0.0,0.0,0.0
89390ca34b7ffff,27.671610286738154,27.671610286738154,442.74576458781047
89390ca0063ffff,0.0,0.0,0.0
89390cb5547ffff,0.0,0.0,73.91961396692787
89390cb0ac3ffff,27.68006222965423,9.226687409884743,341.3874341657355
89390ca2b37ffff,0.0,0.0,0.0
89390cb223bffff,0.0,0.0,0.0
89390cba94bffff,18.435535518039746,0.0,82.95990983117885
89390cb1a03ffff,0.0,0.0,9.220819424962924
89390ca365bffff,0.0,0.0,9.219294947621465
89390ca05c7ffff,0.0,0.0,0.0
89390cb11cbffff,0.0,0.0,0.0
89390cb2943ffff,0.0,0.0,0.0
89390ca2e23ffff,0.0,0.0,0.0
89390cb5417ffff,0.0,0.0,9.237150943172983
89390cb0993ffff,0.0,0.0,0.0
89390ca0e73ffff,0.0,0.0,0.0
89390cb015bffff,0.0,0.0,0.0
89390ca21cfffff,0.0,0.0,92.34058433429666
89390cbaddbffff,0.0,0.0,0.0
89390cb18d3ffff,0.0,9.221080821377203,0.0
89390ca063bffff,0.0,0.0,0.0
89390cbad67ffff,0.0,9.21802195509462,64.52615368566235
89390ca215bffff,0.0,0.0,73.86837895260301
89390ca352bffff,0.0,0.0,92.27177623432183
89390cb2c2fffff,0.0,0.0,0.0
89390ca310fffff,0.0,0.0,9.228196962679696
89390ca157bffff,0.0,0.0,0.0
89390cb0863ffff,9.230003741580148,0.0,101.53004115738163
89390cb0447ffff,0.0,0.0,0.0
89390ca24bbffff,0.0,0.0,0.0
89390cba88fffff,9.21548084143498,0.0,165.87865514582964
89390ca144bffff,0.0,0.0,0.0
89390cb55d3ffff,0.0,0.0,0.0
89390cb0b4fffff,9.230756884735726,0.0,101.53832573209297
89390cb1c7bffff,0.0,0.0,0.0
89390ca2bc3ffff,0.0,0.0,55.445639930359576
89390ca2577ffff,0.0,0.0,0.0
89390cb1eabffff,0.0,0.0,0.0
89390cb0317ffff,0.0,0.0,9.222881556591032
89390ca238bffff,0.0,0.0,0.0
89390cb1a8fffff,0.0,0.0,0.0
89390cbab7bffff,0.0,0.0,9.217008767640758
89390ca32cbffff,0.0,0.0,0.0
89390cb29cfffff,0.0,0.0,18.461152946901393
89390cb0e3bffff,9.226950768886393,0.0,0.0
89390ca2eafffff,0.0,0.0,0.0
89390cb54a3ffff,0.0,0.0,0.0
89390ca2a93ffff,0.0,0.0,0.0
89390cb5087ffff,0.0,0.0,0.0
89390ca2677ffff,27.68535686724054,0.0,46.1422614454009
89390cb1d7bffff,0.0,0.0,27.672408428788774
89390ca225bffff,9.228195900425336,0.0,119.96654670552937
89390cbae67ffff,0.0,0.0,9.212688096970366
89390cb1543ffff,0.0,0.0,0.0
89390ca35b7ffff,9.22743303718265,0.0,101.50176340900914
89390ca02abffff,0.0,0.0,0.0
89390ca319bffff,0.0,9.227177748447785,0.0
89390cb0d0bffff,0.0,0.0,18.462594389002042
89390cb53a3ffff,0.0,0.0,0.0
89390cb5373ffff,0.0,0.0,0.0
89390ca2547ffff,0.0,0.0,18.465576676216173
89390cb1c4bffff,0.0,0.0,0.0
89390cb00b7ffff,0.0,0.0,0.0
89390cbad37ffff,0.0,0.0,0.0
89390ca212bffff,0.0,0.0,18.47219338402963
89390cb182fffff,18.448259424426375,18.448259424426375,221.37911309311647
89390ca0597ffff,0.0,0.0,36.94029655659776
89390cba91bffff,9.218529786308235,0.0,73.74823829046588
89390cb1413ffff,0.0,0.0,0.0
89390ca3487ffff,83.00567285839958,36.891410159288704,313.57698635395394
89390cb2b8bffff,0.0,0.0,0.0
89390ca017bffff,0.0,0.0,9.236608907943678
89390cb8d87ffff,0.0,0.0,0.0
89390cb0d3bffff,0.0,0.0,0.0
89390ca306bffff,0.0,0.0,55.34628844528714
89390ca14d7ffff,0.0,0.0,9.223371342673573
89390cb0bdbffff,0.0,0.0,27.689231317720076
89390ca10bbffff,0.0,0.0,0.0
89390cb5243ffff,0.0,0.0,0.0
89390cb03a3ffff,0.0,0.0,0.0
89390ca2417ffff,9.229988732254826,9.229988732254826,46.149943661274136
89390cb1b1bffff,101.46258902539951,9.223871729581774,1060.745248901904
89390ca0467ffff,9.232272300484645,0.0,27.696816901453936
89390cb2a5bffff,0.0,0.0,0.0
89390ca004bffff,0.0,0.0,0.0
89390cb0ec7ffff,0.0,9.225426927952029,9.225426927952029
89390ca31cbffff,0.0,0.0,0.0
89390cb0aabffff,18.457449589856044,18.457449589856044,27.686174384784067
89390cb2223ffff,0.0,0.0,0.0
89390cb1157ffff,0.0,0.0,0.0
89390cb1e07ffff,0.0,0.0,0.0
89390cb15cfffff,9.214488460719604,0.0,64.50141922503722
89390ca3643ffff,0.0,0.0,9.219803265638244
89390cb2d47ffff,0.0,0.0,0.0
89390ca0337ffff,0.0,0.0,0.0
89390cb11b3ffff,0.0,0.0,0.0
89390ca3227ffff,0.0,0.0,46.12192241691352
89390ca1693ffff,0.0,0.0,0.0
89390ca02dbffff,0.0,0.0,0.0
89390cb0d97ffff,0.0,0.0,18.463130329156286
89390cb097bffff,0.0,18.466124228951813,36.932248457903626
89390ca25d3ffff,0.0,0.0,0.0
89390cb1cd7ffff,0.0,0.0,0.0
89390cb0143ffff,0.0,0.0,0.0
89390ca21b7ffff,0.0,0.0,110.83626739205282
89390cbadc3ffff,0.0,0.0,0.0
89390cb18bbffff,0.0,0.0,18.446231815198683
89390ca0623ffff,0.0,0.0,0.0
89390cba9a7ffff,0.0,0.0,0.0
89390cb1573ffff,0.0,0.0,92.15501451646219
89390ca1d9bffff,0.0,0.0,0.0
89390ca3513ffff,0.0,0.0,27.677715859103717
89390cb0c67ffff,0.0,0.0,18.4574884018662
89390ca2cdbffff,0.0,0.0,0.0
89390cb52cfffff,0.0,0.0,18.47169976451643
89390cb084bffff,0.0,0.0,0.0
89390cb042fffff,0.0,0.0,0.0
89390ca24a3ffff,9.230754252345175,18.46150850469035,46.15377126172588
89390cb1ba7ffff,0.0,92.25908831056226,249.09953843851812
89390cb0013ffff,0.0,0.0,0.0
89390ca2087ffff,9.231767087063169,9.231767087063169,147.7082733930107
89390cba877ffff,36.863956470977726,0.0,202.7517605903775
89390cb136fffff,0.0,0.0,0.0
89390ca00d7ffff,0.0,0.0,64.62591315095173
89390ca1433ffff,9.225408500640418,0.0,46.127042503202084
89390cb0b37ffff,0.0,0.0,120.02971645114609
89390ca2babffff,0.0,0.0,0.0
89390cb22afffff,0.0,0.0,9.218611555327488
89390cb198fffff,55.357019774178156,0.0,230.65424905907565
89390cb1e93ffff,0.0,0.0,0.0
89390ca2373ffff,0.0,0.0,9.233290137475104
89390ca228bffff,0.0,0.0,55.375290280226245
89390cb1a77ffff,9.221327161279111,18.442654322558223,276.6398148383733
89390cbab63ffff,0.0,0.0,0.0
89390ca36cfffff,0.0,0.0,0.0
89390ca32b3ffff,0.0,0.0,46.11681999285981
89390cba32bffff,0.0,0.0,0.0
89390cb0e23ffff,0.0,9.227460110976725,0.0
89390ca2e97ffff,36.947444498326114,0.0,101.60547237039681
89390cb548bffff,0.0,0.0,0.0
89390cb0a07ffff,0.0,0.0,18.456937012855143
89390ca2a7bffff,0.0,0.0,0.0
89390cb506fffff,0.0,0.0,27.717510638066354
89390cb1d63ffff,9.224645145618062,9.224645145618062,147.594322329889
89390ca2243ffff,9.228705110209113,0.0,36.91482044083645
89390cbae4fffff,0.0,0.0,0.0
89390cb1947ffff,18.45131341405046,55.35394024215138,230.64141767563075
89390ca06afffff,0.0,0.0,9.231000379946206
89390cbaa33ffff,0.0,0.0,0.0
89390cb1dabffff,0.0,0.0,46.12579935106457
89390cb152bffff,0.0,0.0,0.0
89390cb2ca3ffff,0.0,0.0,0.0
89390ca26a7ffff,0.0,0.0,64.60631426633721
89390cb110fffff,0.0,0.0,0.0
89390ca3183ffff,27.683060537793317,0.0,304.51366591572645
89390cb2887ffff,0.0,0.0,0.0
89390cb535bffff,0.0,0.0,9.238908581851597
89390cb08d7ffff,0.0,0.0,27.68621937728747
89390cb04bbffff,0.0,0.0,0.0
89390ca252fffff,0.0,0.0,0.0
89390cb1c33ffff,0.0,0.0,0.0
89390ca2113ffff,0.0,0.0,55.408943772321756
89390cb1817ffff,0.0,0.0,46.11430198626758
89390cba903ffff,0.0,0.0,110.62845732938702
89390ca346fffff,9.223106679072998,9.223106679072998,101.454173469803
89390ca0163ffff,0.0,0.0,0.0
89390cb8d6fffff,0.0,0.0,0.0
89390ca2ac3ffff,0.0,0.0,0.0
89390ca3053ffff,0.0,0.0,9.223107996236948
89390cb8953ffff,0.0,0.0,0.0
89390cb5647ffff,9.234581677990404,0.0,138.51872516985605
89390cb0bc3ffff,0.0,0.0,9.230253332812365
89390cb0a4fffff,18.4543817436302,9.2271908718151,249.13415353900774
89390ca76bbffff,0.0,0.0,0.0
89390cb54d3ffff,0.0,0.0,0.0
89390cb522bffff,0.0,0.0,0.0
89390ca0c87ffff,0.0,0.0,0.0
89390cb038bffff,0.0,0.0,0.0
89390cb1b03ffff,110.69256735928411,46.12190306636838,802.5211133548098
89390cb327bffff,0.0,0.0,0.0
89390ca044fffff,0.0,0.0,0.0
89390cb2a43ffff,0.0,0.0,0.0
89390ca0033ffff,9.234312808761652,0.0,0.0
89390cb0eafffff,0.0,0.0,55.36478448319973
89390cb0a93ffff,0.0,0.0,18.4549128098225
89390ca2b07ffff,0.0,0.0,0.0
89390cb025bffff,0.0,0.0,0.0
89390ca22cfffff,0.0,0.0,0.0
89390cbaedbffff,0.0,0.0,0.0
89390cb0e6bffff,9.226181449732458,18.452362899464916,46.13090724866229
89390cb19d3ffff,0.0,0.0,110.69571265398665
89390ca362bffff,0.0,0.0,0.0
89390cb119bffff,0.0,0.0,0.0
89390ca320fffff,0.0,0.0,55.33715126852064
89390cb0547ffff,0.0,0.0,0.0
89390cb012bffff,0.0,0.0,18.45087103844284
89390cbadabffff,0.0,0.0,0.0
89390cb18a3ffff,9.223624797941,0.0,92.23624797941
89390ca060bffff,0.0,0.0,0.0
89390cba98fffff,0.0,0.0,9.219038236463584
89390cb7267ffff,0.0,0.0,0.0
89390ca154bffff,0.0,0.0,0.0
89390cb56d3ffff,9.233568359100815,18.46713671820163,64.6349785137057
89390cb0c4fffff,0.0,0.0,0.0
89390ca2cc3ffff,9.23737400929181,0.0,175.5101061765444
89390cb52b7ffff,0.0,0.0,0.0
89390cb0833ffff,9.230774001364178,0.0,110.76928801637015
89390cb0417ffff,0.0,0.0,0.0
89390ca248bffff,0.0,0.0,0.0
89390cb1b8fffff,239.83392791654387,36.89752737177598,682.6042563778557
89390ca206fffff,0.0,0.0,0.0
89390ca04dbffff,9.229724013360638,0.0,27.689172040081914
89390ca33cbffff,0.0,0.0,0.0
89390ca040bffff,9.23125262344928,0.0,36.92501049379712
89390ca141bffff,9.223882432136286,9.223882432136286,110.68658918563543
89390ca235bffff,0.0,0.0,46.15880683625971
89390cbab4bffff,0.0,0.0,9.21599271870345
89390ca36b7ffff,0.0,0.0,73.77671509459103
89390ca03abffff,0.0,0.0,36.94338804916811
89390cbababffff,0.0,9.218022817139236,46.09011408569618
89390ca329bffff,0.0,9.22183824145418,73.77470593163343
89390cba313ffff,0.0,0.0,0.0
89390cb0e0bffff,46.12966113633546,18.45186445453418,627.3633914541622
89390cb5473ffff,0.0,0.0,0.0
89390ca2a63ffff,0.0,0.0,0.0
89390cb05d3ffff,0.0,0.0,0.0
89390ca2647ffff,18.454867686995755,9.227433843497877,581.3283321403663
89390cb1d4bffff,0.0,0.0,9.223118280171768
89390cb01b7ffff,0.0,0.0,0.0
89390ca222bffff,0.0,0.0,64.6151969732573
89390cbae37ffff,0.0,0.0,0.0
89390cb192fffff,46.13846682619672,9.227693365239345,203.00925403526557
89390ca0697ffff,0.0,0.0,0.0
89390cbaa1bffff,0.0,0.0,9.213197576348175
89390cb1513ffff,0.0,0.0,0.0
89390ca3587ffff,0.0,0.0,9.22641481629811
89390ca316bffff,0.0,0.0,27.683831505878082
89390ca23bbffff,0.0,0.0,18.46760162596262
89390cb0cdbffff,0.0,0.0,184.52413177676416
89390cb0347ffff,0.0,0.0,0.0
89390cb5343ffff,0.0,0.0,9.239418911338271
89390cb04a3ffff,0.0,0.0,0.0
89390cb0087ffff,0.0,0.0,0.0
89390cbad07ffff,0.0,0.0,0.0
89390ca0567ffff,0.0,0.0,0.0
89390ca3457ffff,9.2218347327134,18.4436694654268,184.43669465426802
89390ca014bffff,0.0,0.0,277.0676796378713
89390cb1edbffff,0.0,0.0,0.0
89390ca303bffff,0.0,0.0,0.0
89390cb893bffff,0.0,0.0,18.44319101483199
89390ca14a7ffff,0.0,0.0,0.0
89390cb562fffff,0.0,0.0,0.0
89390cb0babffff,18.464584097649908,0.0,156.9489648300242
89390cb5213ffff,0.0,0.0,0.0
89390cb0373ffff,0.0,0.0,9.222621476358901
89390cb3263ffff,0.0,0.0,0.0
89390cbabd7ffff,0.0,0.0,0.0
89390ca0437ffff,0.0,0.0,0.0
89390ca3327ffff,0.0,0.0,55.36768001773811
89390ca001bffff,0.0,0.0,36.931136256922834
89390cb0e97ffff,0.0,0.0,18.452394309429582
89390cb0a7bffff,0.0,0.0,9.227700159642955
89390ca26d3ffff,55.35850753279318,18.452835844264396,212.20761220904055
89390cb1dd7ffff,0.0,0.0,27.670139502246847
89390cb0243ffff,0.0,0.0,0.0
89390ca22b7ffff,0.0,0.0,0.0
89390cbaec3ffff,0.0,0.0,0.0
89390cb19bbffff,18.453358275631864,0.0,147.6268662050549
89390cbaaa7ffff,0.0,0.0,36.860911988728446
89390ca3613ffff,0.0,0.0,18.44112883564441
89390ca7677ffff,0.0,0.0,0.0
89390ca0307ffff,0.0,0.0,0.0
89390cb1183ffff,0.0,0.0,0.0
89390cb0d67ffff,0.0,0.0,9.232312062237066
89390cb5603ffff,0.0,0.0,9.235094839165926
89390ca147bffff,0.0,0.0,0.0
89390ca2ddbffff,0.0,0.0,0.0
89390cb53cfffff,0.0,0.0,27.71826393292811
89390cb094bffff,0.0,0.0,9.232042466639017
89390cb052fffff,0.0,0.0,0.0
89390ca25a3ffff,0.0,0.0,0.0
89390cb1ca7ffff,0.0,0.0,0.0
89390cb890fffff,0.0,0.0,27.663261405613987
89390ca2187ffff,0.0,0.0,0.0
89390cbad93ffff,0.0,0.0,0.0
89390cb188bffff,0.0,0.0,0.0
89390cba977ffff,9.219546603291679,9.219546603291679,156.73229225595853
89390ca01d7ffff,0.0,0.0,0.0
89390cb5ad7ffff,0.0,0.0,0.0
89390ca30c7ffff,9.223615906035448,0.0,9.223615906035448
89390cb724fffff,0.0,0.0,0.0
89390ca300fffff,0.0,0.0,9.22463418732226
89390cb89c7ffff,0.0,0.0,18.440135589290385
89390cb56bbffff,0.0,0.0,0.0
89390ca2cabffff,0.0,0.0,0.0
89390cb081bffff,0.0,0.0,0.0
89390ca2473ffff,9.229730783957825,0.0,64.60811548770478
89390cb1b77ffff,18.449777122210133,64.57421992773547,424.34487381083306
89390ca2057ffff,27.692235135154586,18.46149009010306,230.7686261262882
89390ca04c3ffff,9.230233331166845,0.0,64.61163331816792
89390cba847ffff,0.0,0.0,9.214973120606247
89390cb8d2bffff,0.0,0.0,0.0
89390ca33b3ffff,9.226925761218283,0.0,73.81540608974626
89390ca00a7ffff,18.469642602381036,0.0,110.81785561428623
89390cb8cb3ffff,9.21624745534977,0.0,64.51373218744838
89390ca1403ffff,0.0,0.0,0.0
89390cb0b07ffff,9.23203553320037,0.0,36.92814213280148
89390ca2b7bffff,0.0,0.0,0.0
89390ca342bffff,9.223615150528433,0.0,18.447230301056866
89390cb02cfffff,0.0,0.0,9.218046765871554
89390cb13b7ffff,0.0,0.0,0.0
89390ca2343ffff,0.0,0.0,27.696812729263133
89390cb1a47ffff,0.0,27.66093013817815,147.52496073695013
89390cbab33ffff,0.0,0.0,36.873109471982346
89390ca0393ffff,0.0,0.0,9.23456992475561
89390cb5c93ffff,0.0,0.0,0.0
89390ca3283ffff,0.0,0.0,101.44581457595862
89390ca2e67ffff,0.0,0.0,0.0
89390ca053bffff,0.0,0.0,0.0
89390cb545bffff,0.0,0.0,0.0
89390cb09d7ffff,0.0,0.0,166.1815355808964
89390ca262fffff,0.0,0.0,0.0
89390cb1d33ffff,9.225412908660045,0.0,27.676238725980134
89390ca2213ffff,0.0,0.0,83.06522493805001
89390cb1917ffff,0.0,18.452846800812797,9.226423400406398
89390ca356fffff,0.0,0.0,64.58668088935364
89390ca3153ffff,9.2266697738761,0.0,101.4933675126371
89390ca20cfffff,0.0,9.23049092431285,73.8439273945028
89390cb72dbffff,0.0,0.0,0.0
89390cb0cc3ffff,18.45343187548642,0.0,119.94730719066173
89390cb532bffff,0.0,0.0,0.0
89390cb08a7ffff,0.0,0.0,0.0
89390cb048bffff,0.0,0.0,0.0
89390cb1c03ffff,0.0,0.0,0.0
89390ca054fffff,9.23431066951843,0.0,36.93724267807372
89390cba8d3ffff,0.0,0.0,18.42791391154371
89390cb5e4fffff,0.0,0.0,0.0
89390ca0133ffff,0.0,0.0,0.0
89390cb8923ffff,0.0,0.0,0.0
89390ca148fffff,0.0,0.0,0.0
89390cb5617ffff,0.0,0.0,9.235351549353593
89390cb0b93ffff,0.0,0.0,0.0
89390ca768bffff,0.0,0.0,0.0
89390ca2c07ffff,0.0,0.0,0.0
89390ca23cfffff,0.0,0.0,64.62589854875617
89390cb1ad3ffff,0.0,0.0,0.0
89390ca330fffff,0.0,0.0,0.0
89390cb2a13ffff,0.0,0.0,0.0
89390ca0003ffff,9.233293598227691,0.0,129.26611037518768
89390cba387ffff,0.0,0.0,0.0
89390cb0a63ffff,18.456418990064037,9.228209495032019,341.4437513161847
89390ca2ad7ffff,0.0,9.237623731888323,9.237623731888323
89390cb50cbffff,0.0,0.0,0.0
89390ca26bbffff,9.228454761701881,9.228454761701881,359.90973570637334
89390cb022bffff,0.0,0.0,0.0
89390cbaeabffff,0.0,0.0,0.0
89390cb19a3ffff,0.0,0.0,9.22718836076491
89390cbaa8fffff,0.0,0.0,18.427408727971574
89390cb116bffff,0.0,0.0,0.0
89390cb0893ffff,0.0,0.0,0.0
89390cb5317ffff,0.0,0.0,18.481397413186375
89390cb0d4fffff,0.0,0.0,27.692348080651357
89390ca2dc3ffff,0.0,0.0,0.0
89390cb53b7ffff,0.0,0.0,0.0
89390cb0933ffff,0.0,0.0,0.0
89390ca258bffff,0.0,9.23279295049827,9.23279295049827
89390cb1c8fffff,0.0,0.0,0.0
89390ca216fffff,9.235585649192881,0.0,55.41351389515729
89390cbad7bffff,0.0,0.0,0.0
89390cb1873ffff,18.445206290277657,0.0,110.67123774166593
89390ca05dbffff,0.0,0.0,64.63303165478547
89390ca1d53ffff,0.0,0.0,0.0
89390ca34cbffff,0.0,0.0,9.221071883502704
89390cb2bcfffff,0.0,0.0,0.0
89390ca30afffff,0.0,0.0,0.0
89390cb89afffff,0.0,0.0,0.0
89390cb0cafffff,0.0,0.0,0.0
89390ca2c93ffff,0.0,18.47628419513944,18.47628419513944
89390cb8593ffff,0.0,0.0,0.0
89390cb5287ffff,0.0,0.0,0.0
89390ca245bffff,18.456405297364007,27.68460794604601,203.0204582710041
89390cba82fffff,46.085026523641005,9.2170053047282,129.0380742661948
89390ca1c23ffff,0.0,0.0,0.0
89390cb1327ffff,0.0,0.0,0.0
89390ca339bffff,0.0,0.0,0.0
89390ca008fffff,9.233292362211193,0.0,110.79950834653432
89390cb8c9bffff,0.0,0.0,0.0
89390cb2843ffff,0.0,0.0,0.0
89390ca2b63ffff,0.0,0.0,0.0
89390cb2267ffff,0.0,0.0,9.218090277045068
89390cb5157ffff,9.24147216356259,0.0,18.48294432712518
89390cb1e4bffff,0.0,0.0,0.0
89390cb02b7ffff,0.0,0.0,0.0
89390ca232bffff,0.0,0.0,0.0
89390cb1a2fffff,0.0,0.0,55.334066799551096
89390cbab1bffff,0.0,18.4335058640148,92.16752932007401
89390ca3687ffff,9.221072284564311,0.0,175.20037340672192
89390ca326bffff,0.0,0.0,27.667822057671998
89390cb0ddbffff,0.0,0.0,0.0
89390ca2e4fffff,0.0,0.0,46.180469362924725
89390cb5443ffff,0.0,0.0,0.0
89390cb5027ffff,0.0,0.0,0.0
89390ca355bffff,0.0,9.224632762319118,295.18824839421177
89390ca2617ffff,55.36919641493807,18.456398804979354,424.4971725145252
89390cb1d1bffff,0.0,0.0,18.447771502681466
89390cb0187ffff,0.0,0.0,0.0
89390cbae07ffff,0.0,0.0,0.0
89390ca3557ffff,0.0,9.225396102042012,73.8031688163361
89390ca313bffff,0.0,0.0,9.228706120667164
89390ca15a7ffff,0.0,0.0,0.0
89390cb0cabffff,0.0,0.0,0.0
89390ca118bffff,0.0,0.0,0.0
89390cb5313ffff,0.0,0.0,0.0
89390cb088fffff,0.0,0.0,0.0
89390ca066bffff,0.0,0.0,0.0
89390cb0473ffff,0.0,0.0,0.0
89390cb0057ffff,0.0,0.0,9.220093468204574
89390ca20cbffff,9.22998147035438,0.0,46.1499073517719
89390ca0537ffff,0.0,0.0,0.0
89390cba8bbffff,9.215988898335036,9.215988898335036,92.15988898335036
89390ca3427ffff,27.673134991312903,18.44875666087527,230.60945826094084
89390cb8d27ffff,0.0,0.0,0.0
89390cb1903ffff,0.0,9.226167749502933,64.58317424652053
89390ca300bffff,0.0,0.0,0.0
89390cb890bffff,0.0,0.0,27.66173643164657
89390ca1477ffff,0.0,0.0,0.0
89390cb0b7bffff,0.0,0.0,18.462533010584185
89390ca7673ffff,0.0,0.0,0.0
89390cb1ed7ffff,0.0,0.0,0.0
89390ca23b7ffff,0.0,0.0,46.17282953561032
89390cb1abbffff,0.0,9.221329149512561,36.885316598050245
89390cbaba7ffff,0.0,0.0,0.0
89390ca0407ffff,0.0,0.0,0.0
89390cb0e67ffff,0.0,0.0,9.226947080210868
89390ca2edbffff,0.0,0.0,0.0
89390cb54cfffff,0.0,0.0,0.0
89390cb0a4bffff,55.36008978946898,9.226681631578163,110.72017957893796
89390cb50b3ffff,0.0,0.0,0.0
89390ca26a3ffff,9.228964090318849,9.228964090318849,119.97653317414503
89390cb1da7ffff,9.225925182902435,0.0,119.93702737773165
89390ca261bffff,0.0,27.682304740024904,682.8301835872809
89390ca2287ffff,0.0,0.0,0.0
89390cb198bffff,36.902643337905864,0.0,322.89812920667634
89390cbaa77ffff,0.0,0.0,0.0
89390cb05a7ffff,0.0,0.0,0.0
89390cb156fffff,0.0,0.0,110.59207838393188
89390cb502bffff,0.0,0.0,9.23968367693809
89390cb1153ffff,0.0,0.0,9.216000954337968
89390ca31c7ffff,0.0,0.0,73.81742509631232
89390cb734fffff,0.0,0.0,0.0
89390cb0d37ffff,0.0,0.0,27.699252706800085
89390ca2dabffff,0.0,0.0,0.0
89390cb091bffff,0.0,0.0,55.39687869483012
89390ca2573ffff,0.0,0.0,92.33298096836214
89390cb1c77ffff,0.0,0.0,9.221338732274956
89390ca2157ffff,0.0,0.0,46.171563299658935
89390cbad63ffff,0.0,18.435027382155386,46.087568455388464
89390cb185bffff,0.0,0.0,9.221077005637657
89390ca05c3ffff,0.0,0.0,0.0
89390cba947ffff,55.31117964862454,0.0,359.5226677160595
89390ca1d3bffff,0.0,0.0,0.0
89390ca34b3ffff,18.446722587911758,64.56352905769116,221.3606710549411
89390cb2bb7ffff,0.0,0.0,0.0
89390cb09c3ffff,0.0,0.0,0.0
89390cb1023ffff,9.214984576770863,9.214984576770863,119.79479949802122
89390cb5447ffff,0.0,0.0,0.0
89390ca3097ffff,9.224378418702619,9.224378418702619,350.5263799106995
89390cb8997ffff,0.0,0.0,27.662480036588395
89390ca1503ffff,0.0,0.0,0.0
89390cb568bffff,0.0,0.0,36.93835303010167
89390cb0c07ffff,0.0,9.228496536761641,18.456993073523282
89390ca2c7bffff,0.0,0.0,0.0
89390cb03cfffff,0.0,0.0,0.0
89390ca2443ffff,27.686135938598017,0.0,166.11681563158808
89390cb1b47ffff,55.34322468460251,73.79096624613668,645.670954653696
89390ca2027ffff,0.0,0.0,18.46658620720661
89390cbac33ffff,0.0,0.0,0.0
89390ca0493ffff,0.0,0.0,27.69299132191884
89390cba817ffff,46.07867412150298,9.215734824300595,211.9619009589137
89390ca3383ffff,0.0,0.0,0.0
89390cb2a87ffff,0.0,0.0,0.0
89390ca2e53ffff,0.0,0.0,0.0
89390ca0077ffff,0.0,0.0,9.233804662076578
89390cb8c83ffff,9.215231566057783,0.0,18.430463132115566
89390cb555bffff,0.0,0.0,0.0
89390cb0ad7ffff,0.0,9.226943655109599,73.81554924087679
89390cb224fffff,0.0,0.0,0.0
89390cb1e33ffff,0.0,0.0,0.0
89390ca2313ffff,0.0,0.0,0.0
89390cb1a17ffff,0.0,0.0,0.0
89390cbab03ffff,0.0,9.21726102982576,18.43452205965152
89390ca366fffff,0.0,0.0,18.44265950147776
89390ca3253ffff,0.0,0.0,0.0
89390cb2957ffff,0.0,0.0,0.0
89390cb0dc3ffff,0.0,0.0,36.92113084430747
89390cb542bffff,0.0,0.0,73.90328029863494
89390cb09a7ffff,0.0,0.0,0.0
89390ca2a1bffff,0.0,0.0,0.0
89390ca326fffff,0.0,0.0,46.11557950845749
89390cb500fffff,0.0,0.0,0.0
89390cb1d03ffff,9.224394756274465,9.224394756274465,27.673184268823398
89390cb016fffff,0.0,0.0,46.12460952573553
89390ca064fffff,0.0,0.0,0.0
89390cba9d3ffff,0.0,0.0,27.6525400610952
89390ca1dc7ffff,0.0,0.0,0.0
89390cb10afffff,0.0,0.0,9.214987199192342
89390ca3123ffff,0.0,0.0,55.375291957000144
89390cb2827ffff,0.0,0.0,0.0
89390ca2d07ffff,0.0,0.0,0.0
89390cb0877ffff,0.0,0.0,101.53286449192726
89390ca24cfffff,36.91485606127531,0.0,258.40399242892715
89390cb1bd3ffff,46.1142764123805,18.4457105649522,322.7999348866635
89390ca20b3ffff,27.696830200444683,0.0,156.94870446918654
89390cba8a3ffff,9.216497002602738,9.216497002602738,27.649491007808216
89390ca368bffff,0.0,0.0,119.86402818601162
89390ca340fffff,9.222852029264457,0.0,83.00566826338012
89390cb2b13ffff,0.0,0.0,0.0
89390ca0103ffff,0.0,0.0,0.0
89390cb0b63ffff,9.231776173413527,9.231776173413527,9.231776173413527
89390ca2bd7ffff,0.0,0.0,46.20597587397529
89390cb51cbffff,0.0,0.0,0.0
89390cb032bffff,0.0,0.0,0.0
89390cb1aa3ffff,0.0,0.0,165.9930806335663
89390cbab8fffff,27.651780518283758,9.217260172761252,129.04164241865755
89390cb0e4fffff,0.0,0.0,9.225419391134682
89390ca2ec3ffff,0.0,0.0,0.0
89390cb54b7ffff,0.0,0.0,0.0
89390cb0a33ffff,0.0,0.0,0.0
89390ca2aa7ffff,0.0,0.0,0.0
89390cb509bffff,0.0,0.0,0.0
89390ca268bffff,0.0,0.0,166.09385244341493
89390cb1d8fffff,0.0,0.0,0.0
89390ca226fffff,9.230233046190936,9.230233046190936,46.151165230954675
89390cbae7bffff,0.0,0.0,0.0
89390cb1973ffff,55.356994801656796,18.452331600552267,332.1419688099408
89390ca06dbffff,0.0,0.0,0.0
89390ca35cbffff,18.449265629085197,18.449265629085197,368.98531258170397
89390cb113bffff,0.0,0.0,0.0
89390ca31afffff,0.0,0.0,18.45842948597277
89390cb1a33ffff,0.0,0.0,9.22183666981475
89390cb28b3ffff,0.0,0.0,0.0
89390ca232fffff,9.234819335585494,0.0,156.99192870495338
89390ca2d93ffff,0.0,0.0,0.0
89390cb5387ffff,0.0,0.0,0.0
89390cb0903ffff,0.0,0.0,0.0
89390ca255bffff,0.0,0.0,36.927075853038765
89390cbad4bffff,0.0,0.0,0.0
89390cb1843ffff,0.0,0.0,0.0
89390ca05abffff,0.0,0.0,27.70751689449262
89390cba92fffff,9.22056345511108,27.66169036533324,267.3963401982213
89390cb1427ffff,0.0,0.0,0.0
89390ca349bffff,9.221835174146236,9.221835174146236,27.665505522438703
89390ca018fffff,0.0,0.0,0.0
89390cb8d9bffff,0.0,0.0,387.16775175485145
89390cb5673ffff,0.0,0.0,9.235091663830033
89390ca2c63ffff,0.0,0.0,0.0
89390cb5257ffff,9.236103730596675,0.0,0.0
89390cb03b7ffff,0.0,0.0,9.22390367435677
89390ca242bffff,0.0,0.0,64.61524844959867
89390cb1b2fffff,0.0,9.225906531533834,101.48497184687217
89390cb515bffff,18.481409295199953,0.0,203.2955022471995
89390ca200fffff,0.0,0.0,129.244697762385
89390ca047bffff,0.0,0.0,0.0
89390cb0edbffff,0.0,0.0,101.46849500556141
89390ca2b33ffff,0.0,0.0,0.0
89390cb2237ffff,0.0,0.0,0.0
89390cb1e1bffff,0.0,0.0,0.0
89390ca3657ffff,0.0,0.0,36.880227586441116
89390cb2d5bffff,0.0,0.0,0.0
89390ca2b67ffff,0.0,0.0,0.0
89390cb11c7ffff,0.0,0.0,0.0
89390ca323bffff,9.22336714347389,0.0,73.78693714779112
89390cb0dabffff,0.0,0.0,0.0
89390cb5413ffff,0.0,0.0,0.0
89390cb098fffff,0.0,0.0,9.23332731445943
89390ca2a03ffff,0.0,0.0,0.0
89390cb0573ffff,0.0,0.0,0.0
89390cb0157ffff,0.0,0.0,9.223655795188435
89390ca21cbffff,0.0,0.0,55.4012918795763
89390cbadd7ffff,0.0,0.0,0.0
89390cb18cfffff,0.0,0.0,9.221587464654831
89390ca0637ffff,0.0,0.0,9.231255747540283
89390cba9bbffff,0.0,0.0,9.21954662569902
89390ca3527ffff,0.0,18.455882725412753,27.683824088119128
89390ca310bffff,0.0,9.227687852193217,129.18762993070504
89390cb280fffff,0.0,0.0,0.0
89390cb0c7bffff,0.0,0.0,64.59407667891136
89390ca28d3ffff,0.0,0.0,0.0
89390ca24b7ffff,0.0,0.0,55.386062013432635
89390cb1bbbffff,64.57423554044597,83.02401712343054,452.0196487831218
89390ca209bffff,0.0,9.230747937015298,110.76897524418358
89390ca180bffff,0.0,0.0,0.0
89390cbaca7ffff,0.0,0.0,0.0
89390ca0507ffff,0.0,0.0,0.0
89390cba88bffff,18.429945664159597,0.0,46.074864160398995
89390ca1447ffff,0.0,0.0,0.0
89390ca0093ffff,0.0,9.232781821495477,9.232781821495477
89390cb55cfffff,0.0,0.0,0.0
89390cb0b4bffff,0.0,0.0,0.0
89390cb1ea7ffff,0.0,0.0,0.0
89390cb0313ffff,0.0,0.0,9.222372624825418
89390ca2387ffff,18.46709271038837,0.0,110.80255626233023
89390cb1a8bffff,0.0,0.0,0.0
89390cbab77ffff,0.0,0.0,18.43554055705284
89390cb132bffff,0.0,0.0,0.0
89390cba833ffff,0.0,0.0,165.89694533987767
89390cb29cbffff,0.0,0.0,0.0
89390cb0e37ffff,0.0,0.0,9.227716755996324
89390cb0a1bffff,0.0,0.0,332.18819221426634
89390ca2a8fffff,0.0,0.0,0.0
89390ca04afffff,0.0,0.0,0.0
89390cb5083ffff,0.0,0.0,0.0
89390ca2673ffff,0.0,0.0,304.52212040279977
89390cb1d77ffff,18.44980196049451,27.67470294074177,119.92371274321434
89390ca2257ffff,0.0,9.228959799637202,73.83167839709762
89390cbae63ffff,0.0,0.0,18.424360783717418
89390cb195bffff,27.673915988989673,18.449277325993116,498.1304878018141
89390cbaa47ffff,0.0,0.0,0.0
89390ca35b3ffff,0.0,9.226923902999937,9.226923902999937
89390cb1123ffff,0.0,0.0,0.0
89390ca3197ffff,36.911765320011746,0.0,406.0294185201292
89390cb0d07ffff,0.0,0.0,9.232064414133514
89390cb536fffff,0.0,0.0,0.0
89390ca2043ffff,0.0,18.46097950136237,55.38293850408711
89390ca2543ffff,9.23227862684747,0.0,36.92911450738988
89390cb1c47ffff,0.0,0.0,0.0
89390cb00b3ffff,0.0,0.0,0.0
89390cbad33ffff,0.0,0.0,0.0
89390ca2127ffff,0.0,0.0,36.94744953103791
89390cb182bffff,36.89448323604295,36.89448323604295,313.6031075063651
89390ca0593ffff,0.0,0.0,27.703693031218982
89390cba917ffff,0.0,0.0,46.09646162492218
89390ca1d0bffff,0.0,0.0,0.0
89390ca3483ffff,0.0,0.0,73.77875066586937
89390ca0177ffff,0.0,0.0,0.0
89390cb8d83ffff,0.0,0.0,0.0
89390ca3067ffff,0.0,0.0,0.0
89390cb8967ffff,0.0,0.0,9.221598457945419
89390ca14d3ffff,0.0,0.0,0.0
89390cb565bffff,18.46712369788656,0.0,101.56918033837607
89390cb0bd7ffff,0.0,0.0,9.230509805047818
89390ca76cfffff,0.0,0.0,0.0
89390ca2c4bffff,0.0,0.0,0.0
89390cb1b63ffff,166.04340677424406,46.12316854840113,857.890935000261
89390cb234fffff,0.0,0.0,0.0
89390ca0c9bffff,0.0,0.0,0.0
89390ca2413ffff,0.0,46.14739628294798,295.34333621086705
89390cb1b17ffff,92.24635659207506,73.79708527366004,654.9491318037329
89390ca0463ffff,0.0,0.0,27.695288481226168
89390ca3353ffff,0.0,0.0,0.0
89390cb2a57ffff,0.0,0.0,0.0
89390ca0047ffff,9.232785581128537,0.0,64.62949906789976
89390cb0ec3ffff,18.449835517349488,0.0,92.24917758674744
89390cb0aa7ffff,0.0,0.0,9.229490667390495
89390ca2b1bffff,0.0,0.0,9.24170559917825
89390cb1e03ffff,0.0,0.0,0.0
89390cb15cbffff,0.0,0.0,0.0
89390cb2d43ffff,0.0,0.0,0.0
89390ca0333ffff,0.0,0.0,0.0
89390cb11afffff,0.0,0.0,0.0
89390ca3223ffff,0.0,0.0,18.44775157937889
89390ca168fffff,0.0,0.0,0.0
89390cb0d93ffff,0.0,0.0,0.0
89390ca2e07ffff,0.0,0.0,0.0
89390cb0977ffff,0.0,0.0,9.233828903645776
89390ca287bffff,0.0,0.0,0.0
89390cb055bffff,0.0,0.0,0.0
89390ca25cfffff,0.0,9.232280783901498,73.85824627121198
89390cb0807ffff,0.0,0.0,0.0
89390cb1cd3ffff,0.0,0.0,0.0
89390cb528bffff,0.0,0.0,0.0
89390ca21b3ffff,0.0,0.0,0.0
89390cb18b7ffff,0.0,0.0,101.46268470004347
89390cba9a3ffff,0.0,0.0,0.0
89390ca1d97ffff,0.0,0.0,0.0
89390cb149bffff,0.0,0.0,0.0
89390ca350fffff,0.0,0.0,18.452828127534623
89390cb8597ffff,0.0,0.0,0.0
89390cb727bffff,0.0,0.0,0.0
89390cb0c63ffff,0.0,0.0,36.912938786609075
89390cb23dbffff,0.0,0.0,0.0
89390cb52cbffff,0.0,0.0,9.235339868373924
89390ca2c97ffff,0.0,0.0,0.0
89390cb1ba3ffff,36.901599150020786,64.57779851253638,415.14299043773383
89390cb000fffff,0.0,0.0,0.0
89390ca2083ffff,0.0,9.231257488304145,184.62514976608287
89390cb0c23ffff,0.0,0.0,9.229258442249717
89390cba873ffff,0.0,9.215481095415656,27.64644328624697
89390cb56a7ffff,0.0,0.0,0.0
89390cb136bffff,0.0,0.0,0.0
89390ca00d3ffff,18.46352770238385,0.0,9.231763851191925
89390ca142fffff,0.0,0.0,0.0
89390cb0b33ffff,0.0,9.23254529867912,46.1627264933956
89390cb22abffff,0.0,0.0,9.218102845035338
89390cb89b3ffff,18.443180793679463,0.0,212.09657912731384
89390cb1e8fffff,0.0,0.0,0.0
89390ca236fffff,0.0,27.70139916887335,36.935198891831135
89390cb1a73ffff,0.0,36.88327431979118,129.0914601192691
89390ca36cbffff,0.0,0.0,46.096469480130445
89390ca32afffff,0.0,0.0,46.11937051325671
89390ca30b3ffff,0.0,0.0,101.47656017056129
89390ca2e93ffff,9.23635110215422,0.0,73.89080881723376
89390cb0a03ffff,9.227959121291265,0.0,55.367754727747595
89390cb5ac3ffff,0.0,0.0,0.0
89390cb506bffff,0.0,0.0,0.0
89390ca265bffff,0.0,0.0,18.45283117596896
89390cb01cbffff,0.0,0.0,0.0
89390cbae4bffff,0.0,0.0,0.0
89390cb1943ffff,9.225147661274773,27.675442983824322,350.5556111284414
89390ca06abffff,0.0,0.0,18.460982102492004
89390ca01c3ffff,0.0,0.0,0.0
89390cbaa2fffff,0.0,0.0,82.93707101653341
89390cb1527ffff,0.0,0.0,0.0
89390ca359bffff,9.225396785486954,9.225396785486954,110.70476142584344
89390cb110bffff,0.0,0.0,0.0
89390cb5357ffff,0.0,0.0,9.23967526514738
89390cb08d3ffff,0.0,0.0,55.369381833033124
89390ca34cfffff,27.664741336281633,18.443160890854422,138.32370668140817
89390cb04b7ffff,0.0,0.0,0.0
89390ca252bffff,0.0,0.0,9.23431775699787
89390cb1c2fffff,0.0,0.0,0.0
89390cb009bffff,0.0,0.0,0.0
89390cba963ffff,9.219292583445366,9.219292583445366,184.38585166890732
89390ca210fffff,0.0,0.0,27.705997219234984
89390cbad1bffff,0.0,0.0,0.0
89390cb1813ffff,0.0,0.0,0.0
89390ca057bffff,9.234820380738258,0.0,64.6437426651678
89390cb5e7bffff,0.0,0.0,0.0
89390ca346bffff,0.0,0.0,36.89039203683925
89390cb2b6fffff,0.0,0.0,0.0
89390ca304fffff,0.0,0.0,0.0
89390cb894fffff,0.0,0.0,9.220073535644262
89390ca14bbffff,0.0,0.0,0.0
89390cb5643ffff,0.0,9.234071739691517,36.93628695876607
89390cb5227ffff,0.0,0.0,0.0
89390ca0c83ffff,0.0,0.0,0.0
89390cb0387ffff,0.0,0.0,0.0
89390cb3277ffff,0.0,0.0,0.0
89390cb1877ffff,212.13157492569567,18.446223906582233,507.2711574310114
89390ca044bffff,0.0,0.0,18.460469384007272
89390ca002fffff,0.0,0.0,0.0
89390ca2173ffff,0.0,0.0,138.52615230229856
89390cba3b3ffff,0.0,0.0,0.0
89390cb0eabffff,9.226954721141771,18.453909442283543,18.453909442283543
89390cb5513ffff,0.0,0.0,0.0
89390cb0a8fffff,9.227962317439408,0.0,156.87535939646995
89390cb2207ffff,0.0,0.0,0.0
89390cb0257ffff,0.0,0.0,0.0
89390ca22cbffff,0.0,9.228196073606082,36.91278429442433
89390cbaed7ffff,0.0,0.0,0.0
89390cb19cfffff,9.225149575851331,9.225149575851331,249.07903854798596
89390cbaabbffff,9.21421219429571,0.0,82.92790974866139
89390ca3627ffff,0.0,0.0,0.0
89390cb1197ffff,0.0,0.0,0.0
89390cb1c93ffff,0.0,0.0,0.0
89390ca320bffff,0.0,0.0,46.11174996762471
89390cb0d7bffff,0.0,0.0,46.15646217786434
89390ca258fffff,0.0,0.0,0.0
89390cb0543ffff,0.0,0.0,0.0
89390ca25b7ffff,0.0,0.0,9.234578783782432
89390cb1cbbffff,0.0,0.0,0.0
89390cb0127ffff,0.0,0.0,0.0
89390ca219bffff,0.0,9.234315794298123,92.34315794298124
89390cbada7ffff,0.0,0.0,0.0
89390ca0e17ffff,0.0,0.0,0.0
89390ca0607ffff,0.0,0.0,0.0
89390cba98bffff,9.218529894728654,0.0,46.09264947364327
89390cb1483ffff,0.0,0.0,0.0
89390ca30dbffff,0.0,0.0,304.3457522583468
89390cb7263ffff,0.0,0.0,0.0
89390ca1547ffff,0.0,0.0,0.0
89390cb56cfffff,0.0,0.0,46.17037440145582
89390cb0c4bffff,0.0,0.0,0.0
89390cb52b3ffff,0.0,0.0,0.0
89390cb082fffff,0.0,0.0,46.15639870354426
89390cb0413ffff,0.0,0.0,0.0
89390ca2487ffff,0.0,0.0,27.689973620711704
89390cb1b8bffff,129.13422118723915,64.56711059361957,451.969774155337
89390ca206bffff,0.0,0.0,0.0
89390ca04d7ffff,0.0,0.0,46.152439183674716
89390cba85bffff,0.0,0.0,18.42791462674469
89390cb0937ffff,0.0,0.0,0.0
89390cb53bbffff,0.0,0.0,0.0
89390cb2acbffff,0.0,0.0,0.0
89390ca00bbffff,0.0,0.0,9.233801961028512
89390cb0b1bffff,0.0,0.0,9.231016144970882
89390ca2b8fffff,0.0,0.0,64.69551210674713
89390cb1e77ffff,0.0,0.0,0.0
89390ca2357ffff,0.0,0.0,46.162629129690814
89390cb1a5bffff,9.219293120769262,0.0,119.85081057000039
89390ca36b3ffff,9.221580811973679,0.0,18.443161623947358
89390ca03a7ffff,0.0,0.0,27.709832072780472
89390ca2dc7ffff,0.0,0.0,9.241456558226403
89390ca3297ffff,0.0,0.0,0.0
89390cb299bffff,0.0,0.0,0.0
89390cb0e07ffff,0.0,0.0,9.226698054505299
89390cb0d53ffff,0.0,0.0,18.460555446604587
89390ca2e7bffff,0.0,0.0,0.0
89390cb546fffff,0.0,0.0,0.0
89390cb05cfffff,0.0,0.0,0.0
89390ca2643ffff,9.226924691979487,0.0,27.680774075938462
89390cb1d47ffff,0.0,0.0,73.79106365987964
89390ca2227ffff,0.0,0.0,36.926026894468706
89390cbae33ffff,0.0,0.0,0.0
89390cb192bffff,27.68155238820835,0.0,258.3611556232779
89390ca0693ffff,0.0,18.45843234591657,18.45843234591657
89390cbaa17ffff,0.0,0.0,9.213958724922975
89390cb150fffff,0.0,0.0,55.294543586676845
89390ca3583ffff,0.0,0.0,0.0
89390ca3167ffff,0.0,9.228706984714321,36.914827938857286
89390cb736bffff,0.0,0.0,0.0
89390cb286bffff,0.0,0.0,0.0
89390cb0cd7ffff,0.0,0.0,0.0
89390cb116fffff,0.0,0.0,0.0
89390cb08bbffff,0.0,0.0,0.0
89390ca0d9bffff,0.0,0.0,0.0
89390ca2513ffff,0.0,0.0,0.0
89390cb1c17ffff,0.0,0.0,0.0
89390cb0083ffff,0.0,0.0,0.0
89390cbad03ffff,0.0,0.0,0.0
89390ca0563ffff,0.0,0.0,0.0
89390ca3453ffff,9.22132615569405,9.22132615569405,147.5412184911048
89390cb2b57ffff,0.0,0.0,0.0
89390ca0147ffff,0.0,0.0,0.0
89390cb8937ffff,0.0,0.0,0.0
89390ca14a3ffff,0.0,0.0,18.450812149211952
89390cb562bffff,0.0,0.0,0.0
89390cb0ba7ffff,0.0,27.699175443542117,46.16529240590353
89390ca1087ffff,0.0,0.0,0.0
89390cb520fffff,0.0,0.0,0.0
89390cb036fffff,0.0,0.0,18.446253958150002
89390cbabd3ffff,0.0,0.0,0.0
89390cbaa93ffff,0.0,9.213195849580574,27.639587548741723
89390ca0433ffff,0.0,9.23252605213425,0.0
89390ca3323ffff,0.0,0.0,27.682312930192683
89390ca0017ffff,0.0,0.0,0.0
89390cb0e93ffff,0.0,0.0,0.0
89390cb0a77ffff,55.3707933393759,0.0,249.16857002719155
89390ca26cfffff,9.226925744580758,18.453851489161515,396.75780701697255
89390cb1dd3ffff,0.0,0.0,27.66861272049197
89390ca22b3ffff,0.0,0.0,0.0
89390cb19b7ffff,9.227444216996304,0.0,129.18421903794825
89390cbaaa3ffff,0.0,0.0,46.07360035994799
89390ca360fffff,0.0,0.0,9.221073739901145
89390ca0303ffff,0.0,0.0,0.0
89390cb737bffff,0.0,0.0,0.0
89390cb19a7ffff,0.0,0.0,0.0
89390cb0d63ffff,0.0,0.0,18.4636044502923
89390ca2dd7ffff,0.0,9.241202243205414,0.0
89390cbaeafffff,0.0,0.0,0.0
89390ca22a3ffff,0.0,0.0,0.0
89390cb53cbffff,0.0,0.0,0.0
89390cb0947ffff,0.0,0.0,0.0
89390cb052bffff,0.0,0.0,0.0
89390cb010fffff,0.0,0.0,18.449348061030314
89390ca2183ffff,0.0,0.0,36.939302713601606
89390cbad8fffff,0.0,0.0,0.0
89390cb1887ffff,0.0,0.0,27.668587887762722
89390cba973ffff,36.87615299456771,9.219038248641928,248.91403271333206
89390ca01d3ffff,0.0,0.0,9.235331042595565
89390cb5ad3ffff,0.0,0.0,9.244266062433319
89390ca30c3ffff,64.56175044127616,9.223107205896595,267.47010897100125
89390cb724bffff,0.0,0.0,0.0
89390cb89c3ffff,9.219559547730427,0.0,0.0
89390cb56b7ffff,0.0,0.0,0.0
89390cb0c33ffff,9.22900609094551,0.0,0.0
89390ca2ca7ffff,0.0,0.0,9.240181350769062
89390cb1dc3ffff,0.0,0.0,0.0
89390cb529bffff,0.0,9.236108832000573,83.12497948800517
89390cb0817ffff,0.0,0.0,0.0
89390ca246fffff,36.92095373325967,9.230238433314918,239.98619926618787
89390cb1b73ffff,368.97518588975174,46.12189823621897,1623.4908179149077
89390ca2053ffff,27.690706727799014,18.46047115186601,138.45353363899505
89390ca1c37ffff,0.0,0.0,0.0
89390cba843ffff,0.0,0.0,9.214465193262653
89390cb133bffff,0.0,0.0,0.0
89390ca33afffff,0.0,0.0,0.0
89390ca00a3ffff,0.0,0.0,18.468623214725305
89390cb422bffff,0.0,0.0,0.0
89390cb0b03ffff,0.0,0.0,9.231525815332436
89390ca2b77ffff,0.0,0.0,18.485453514304805
89390cb516bffff,0.0,0.0,55.453399836083754
89390cb02cbffff,0.0,0.0,0.0
89390cb1a43ffff,0.0,9.21980155959815,230.49503898995374
89390cbab2fffff,0.0,0.0,0.0
89390ca369bffff,55.320332233682514,46.100276861402094,212.06127356244963
89390ca038fffff,0.0,0.0,0.0
89390ca2adbffff,0.0,0.0,0.0
89390ca2e63ffff,0.0,0.0,0.0
89390cb5457ffff,0.0,0.0,0.0
89390cb09d3ffff,0.0,0.0,9.231797712557896
89390ca2a47ffff,0.0,0.0,0.0
89390cb0a67ffff,0.0,9.228718877837242,203.03181531241933
89390cb503bffff,0.0,0.0,0.0
89390ca262bffff,0.0,18.45792316637032,0.0
89390cb1d2fffff,9.225919192957992,0.0,110.7110303154959
89390ca220fffff,9.229978426601274,0.0,27.689935279803827
89390cb1913ffff,55.35548554457115,9.225914257428524,276.77742772285575
89390ca067bffff,0.0,0.0,0.0
89390ca356bffff,9.226159696012735,9.226159696012735,101.48775665614008
89390ca314fffff,0.0,0.0,27.681539115321442
89390ca15bbffff,0.0,0.0,0.0
89390cb08a3ffff,0.0,0.0,0.0
89390cb0487ffff,0.0,0.0,0.0
89390cb0e83ffff,0.0,0.0,0.0
89390cb006bffff,0.0,0.0,0.0
89390ca054bffff,0.0,0.0,27.701403018001606
89390cba8cfffff,0.0,0.0,0.0
89390cb5e4bffff,0.0,0.0,0.0
89390ca343bffff,0.0,0.0,119.90368973449337
89390ca148bffff,0.0,0.0,46.119399771956346
89390cb5613ffff,0.0,9.234841513714658,18.469683027429316
89390ca0007ffff,9.23380317966311,0.0,27.701409538989328
89390cb0b8fffff,0.0,0.0,18.463058265768094
89390ca7687ffff,0.0,0.0,0.0
89390ca2c03ffff,0.0,0.0,0.0
89390cb2a17ffff,0.0,0.0,0.0
89390cb0357ffff,0.0,0.0,0.0
89390ca23cbffff,0.0,9.231761661422922,9.231761661422922
89390cb1acfffff,0.0,27.65940711024661,0.0
89390cb3247ffff,0.0,0.0,27.629016849985167
89390cbabbbffff,0.0,0.0,27.653305005865345
89390ca041bffff,0.0,0.0,101.5409738798054
89390cba383ffff,0.0,0.0,0.0
89390cb0e7bffff,0.0,0.0,0.0
89390ca2ad3ffff,0.0,0.0,9.237113716035251
89390cb50c7ffff,0.0,0.0,0.0
89390ca26b7ffff,0.0,27.68765870554287,101.52141525365718
89390cb1dbbffff,0.0,0.0,73.79925520710385
89390ca0423ffff,0.0,0.0,0.0
89390ca229bffff,0.0,0.0,0.0
89390cbaa8bffff,0.0,0.0,0.0
89390cb1167ffff,0.0,0.0,0.0
89390ca31dbffff,0.0,0.0,0.0
89390cb0d4bffff,0.0,9.230272999086159,46.1513649954308
89390cb53b3ffff,0.0,0.0,18.482424169133044
89390cb092fffff,0.0,9.234848901667503,0.0
89390ca2587ffff,0.0,0.0,0.0
89390cb1c8bffff,0.0,0.0,0.0
89390cbabc3ffff,0.0,0.0,18.43198078239495
89390ca216bffff,0.0,0.0,27.7052272632007
89390cbad77ffff,0.0,0.0,46.08884044500725
89390cb186fffff,9.223110371577599,18.446220743155198,175.2390970599744
89390ca05d7ffff,0.0,0.0,46.17027309718334
89390cba95bffff,0.0,0.0,0.0
89390ca1d4fffff,0.0,0.0,0.0
89390ca34c7ffff,0.0,0.0,46.1091741082407
89390cb2bcbffff,0.0,0.0,0.0
89390cb1037ffff,0.0,0.0,36.8609597438605
89390ca30abffff,0.0,0.0,18.450284582741318
89390cb89abffff,0.0,0.0,0.0
89390ca1517ffff,0.0,0.0,0.0
89390cb0c1bffff,0.0,0.0,18.454955142246927
89390ca2c8fffff,0.0,0.0,0.0
89390cb5283ffff,0.0,0.0,27.70985682949783
89390ca2457ffff,27.686902956351698,9.228967652117234,286.0979972156342
89390cb1b5bffff,156.78850423795578,0.0,442.69695314246337
89390ca203bffff,9.232273737592934,9.232273737592934,64.62591616315053
89390cb1ad7ffff,0.0,0.0,0.0
89390ca04a7ffff,0.0,0.0,46.165176504888855
89390ca23d3ffff,0.0,0.0,0.0
89390cba82bffff,9.216497187482476,9.216497187482476,129.03096062475467
89390cb1323ffff,0.0,0.0,0.0
89390ca3397ffff,0.0,0.0,0.0
89390cb2a9bffff,0.0,0.0,0.0
89390ca008bffff,9.232782811002304,9.232782811002304,156.95730778703916
89390cb8c97ffff,0.0,0.0,55.29290859211438
89390cb5153ffff,9.240961574395552,0.0,18.481923148791104
89390ca2327ffff,0.0,0.0,0.0
89390cb1a2bffff,18.44367158037005,0.0,129.10570106259036
89390cbab17ffff,0.0,0.0,73.74011711524514
89390ca3683ffff,36.88225521895744,0.0,73.76451043791488
89390ca3267ffff,55.340214667628345,0.0,166.02064400288504
89390cb0dd7ffff,0.0,0.0,46.15270083436108
89390ca2e4bffff,0.0,18.471167964214338,193.94726362425052
89390cb5023ffff,0.0,0.0,18.479881077686663
89390ca2613ffff,9.2276901537719,9.2276901537719,359.8799159971041
89390cb1d17ffff,0.0,9.2246507853415,73.797206282732
89390ca0663ffff,0.0,0.0,0.0
89392b4d33bffff,0.0,0.0,0.0
89390ca3553ffff,0.0,9.224887192507573,101.47375911758331
89390ca3137ffff,0.0,0.0,129.21257477140674
89390cb283bffff,0.0,0.0,0.0
89390ca15a3ffff,0.0,0.0,0.0
89390cb0ca7ffff,0.0,0.0,0.0
89390ca2d1bffff,0.0,0.0,0.0
89390cb530fffff,0.0,0.0,9.240696131675952
89390cb088bffff,0.0,0.0,9.229249326958438
89390ca768fffff,0.0,0.0,0.0
89390cb046fffff,0.0,0.0,0.0
89390ca20c7ffff,0.0,9.230746359261888,138.4611953889283
89390cb0b97ffff,0.0,0.0,73.85226171276757
89390cb561bffff,0.0,9.234584835963737,27.70375450789121
89390ca0533ffff,0.0,0.0,0.0
89390ca1493ffff,27.67163322082433,0.0,110.68653288329732
89390cba8b7ffff,0.0,0.0,9.216751195419334
89390cb13afffff,0.0,0.0,0.0
89390ca3423ffff,46.11934757942861,27.67160854765717,147.58191225417156
89390ca0117ffff,0.0,0.0,0.0
89390cb8d23ffff,0.0,0.0,0.0
89390cb8927ffff,0.0,0.0,0.0
89390cb5a17ffff,0.0,0.0,18.492106131482245
89390ca3007ffff,0.0,0.0,0.0
89390cb8907ffff,9.221339934608814,0.0,0.0
89390ca1473ffff,0.0,0.0,0.0
89390cb0b77ffff,27.69609738612954,0.0,46.1601623102159
89390cb1ed3ffff,0.0,0.0,0.0
89390ca3027ffff,0.0,0.0,0.0
89390ca23b3ffff,0.0,9.234056107392638,9.234056107392638
89390cb1ab7ffff,0.0,0.0,0.0
89390cbaba3ffff,0.0,9.218276545332252,55.30965927199352
89390ca0403ffff,0.0,0.0,46.15753526722294
89390cb0e63ffff,0.0,9.22643780294658,9.22643780294658
89390ca2ed7ffff,0.0,0.0,27.707520502453434
89390cb54cbffff,0.0,0.0,0.0
89390cb0a47ffff,27.682340605670074,9.227446868556692,239.91361858247396
89390ca2abbffff,0.0,0.0,0.0
89390cb50afffff,0.0,0.0,0.0
89390cb1da3ffff,0.0,0.0,18.45083203628562
89390ca2283ffff,0.0,0.0,9.229470049341884
89390cb1987ffff,119.94353479855278,0.0,442.8684361792718
89390cbaa73ffff,0.0,0.0,0.0
89390cb156bffff,0.0,9.215498284801,119.801477702413
89390ca02d3ffff,0.0,0.0,0.0
89390ca31c3ffff,0.0,0.0,0.0
89390cb734bffff,0.0,0.0,0.0
89390ca3443ffff,0.0,18.443160993808856,0.0
89390ca2da7ffff,0.0,0.0,9.243755306905037
89390cb539bffff,0.0,0.0,0.0
89390cb0917ffff,0.0,0.0,0.0
89390cb5e53ffff,0.0,0.0,0.0
89390cba8d7ffff,0.0,0.0,18.42892974041688
89390ca256fffff,0.0,0.0,138.50708936648564
89390cb1c73ffff,0.0,0.0,0.0
89390ca2153ffff,0.0,0.0,147.74084572859257
89390cb1857ffff,0.0,0.0,0.0
89390cba943ffff,0.0,9.21802168175156,129.05230354452186
89390ca34afffff,0.0,92.23869673916045,249.0444811957332
89390ca0553ffff,0.0,0.0,0.0
89390cb2bb3ffff,0.0,0.0,0.0
89390cb8dafffff,0.0,0.0,0.0
89390ca3093ffff,0.0,27.671608864285453,27.671608864285453
89390cb8993ffff,0.0,0.0,0.0
89390cb5687ffff,0.0,0.0,0.0
89390cb0c03ffff,0.0,0.0,9.227987030208354
89390cb526bffff,0.0,0.0,0.0
89390cb03cbffff,0.0,0.0,9.221098594022777
89390cb1b43ffff,64.5635337328818,36.893447847361024,1152.920245230032
89390ca2023ffff,9.232783396869669,0.0,46.16391698434834
89390cbac2fffff,0.0,0.0,0.0
89390ca048fffff,0.0,0.0,0.0
89390cba813ffff,0.0,0.0,9.215226799838746
89390cb2a83ffff,0.0,0.0,0.0
89390ca0073ffff,0.0,0.0,9.233295097804955
89390cb5557ffff,0.0,0.0,0.0
89390cb0ad3ffff,0.0,9.226434395234044,83.0379095571064
89390ca2b47ffff,0.0,0.0,0.0
89390cb224bffff,0.0,0.0,9.216056049899404
89390cb1e2fffff,0.0,0.0,9.220568387400146
89390ca230fffff,0.0,0.0,0.0
89390cb1a13ffff,0.0,0.0,46.10282830224344
89390ca366bffff,0.0,0.0,9.22082130750455
89390cb11dbffff,0.0,0.0,0.0
89390ca324fffff,0.0,0.0,92.21843509357089
89390ca2503ffff,0.0,0.0,0.0
89390cb5427ffff,0.0,0.0,9.238677665741903
89390cb09a3ffff,0.0,0.0,0.0
89390cb048fffff,0.0,0.0,0.0
89390cb016bffff,0.0,0.0,101.4685404263014
89390ca064bffff,0.0,0.0,0.0
89390cba9cfffff,0.0,0.0,0.0
89390ca353bffff,9.226923115808944,0.0,175.3115392003699
89390cb10abffff,0.0,0.0,0.0
89390cb2823ffff,0.0,0.0,0.0
89390cb0c8fffff,0.0,0.0,83.0519286449638
89390ca2d03ffff,0.0,0.0,0.0
89390cb0873ffff,0.0,0.0,27.68925244051674
89390ca24cbffff,0.0,9.228204667106638,258.38973067898587
89390cb1bcfffff,110.68035472039078,18.446725786731797,424.2746930948313
89390cb003bffff,0.0,0.0,0.0
89390ca20afffff,18.465569560535254,0.0,18.465569560535254
89390ca051bffff,0.0,0.0,0.0
89390cb08abffff,0.0,0.0,27.69156370625457
89390cb532fffff,0.0,0.0,0.0
89390ca340bffff,9.222343357253711,0.0,239.7809272885965
89390ca11a7ffff,0.0,0.0,0.0
89390ca145bffff,0.0,0.0,9.222868066416993
89390ca2bd3ffff,0.0,0.0,0.0
89390cb51c7ffff,0.0,0.0,0.0
89390cb1ebbffff,0.0,0.0,0.0
89390cb0327ffff,0.0,0.0,110.69285725630733
89390ca239bffff,0.0,0.0,0.0
89390cbab8bffff,9.216752057600107,0.0,55.300512345600644
89390ca32dbffff,0.0,0.0,0.0
89390cb0e4bffff,9.224910256514624,0.0,46.12455128257312
89390cb54b3ffff,0.0,0.0,0.0
89390cb0a2fffff,9.229484434691575,0.0,18.45896886938315
89390ca2aa3ffff,0.0,0.0,0.0
89390cb5097ffff,0.0,0.0,0.0
89390cb0cc7ffff,0.0,0.0,36.90890133685194
89390ca2687ffff,9.228200893695266,18.456401787390533,406.0408393225917
89390cb1d8bffff,0.0,0.0,46.119444043864135
89390ca15c3ffff,0.0,0.0,0.0
89390ca226bffff,0.0,0.0,0.0
89390cbae77ffff,0.0,0.0,0.0
89390cb196fffff,9.226673238153383,9.226673238153383,166.08011828676092
89390cb1553ffff,0.0,0.0,0.0
89390ca35c7ffff,9.225396311964994,0.0,55.35237787178996
89390cb1137ffff,0.0,0.0,0.0
89390ca31abffff,9.228705520209163,0.0,64.60093864146414
89390cb28afffff,0.0,0.0,27.687916345679522
89390cb0d1bffff,0.0,0.0,18.462089565690697
89390ca2d8fffff,18.484446651816718,0.0,9.242223325908359
89390ca3157ffff,27.68153636788986,9.22717878929662,166.08921820733914
89390cb5383ffff,0.0,0.0,9.240191053475648
89390ca2557ffff,0.0,0.0,18.4650690528666
89390cb1c5bffff,0.0,0.0,0.0
89390cb00c7ffff,0.0,0.0,9.220098108636694
89390ca213bffff,9.235842350966715,0.0,55.41505410580029
89390cbad47ffff,0.0,0.0,0.0
89390ca05a7ffff,0.0,0.0,27.709811242939285
89390cba92bffff,18.440110010947812,9.220055005473906,175.1810451040042
89390ca3497ffff,55.33559081197785,55.33559081197785,239.78756018523734
89390cb2b9bffff,0.0,0.0,0.0
89390ca018bffff,0.0,0.0,0.0
89390cb8d97ffff,0.0,0.0,0.0
89390ca307bffff,18.44825285782344,9.22412642891172,129.1377700047641
89390cb897bffff,0.0,0.0,0.0
89390cb566fffff,0.0,0.0,9.235598768357338
89390cb5253ffff,0.0,0.0,0.0
89390ca2843ffff,0.0,0.0,0.0
89390ca3573ffff,0.0,0.0,73.80927629183356
89390cb03b3ffff,0.0,0.0,0.0
89390ca2427ffff,0.0,9.23151518175106,73.85212145400848
89390cb1b2bffff,9.225397522546524,18.45079504509305,18.45079504509305
89390ca200bffff,9.231254561682928,9.231254561682928,18.462509123365855
89390ca0477ffff,0.0,9.232017148974448,18.464034297948896
89390ca3367ffff,0.0,0.0,18.45386102332881
89390cb2a6bffff,0.0,0.0,0.0
89390ca005bffff,0.0,0.0,0.0
89390cb0ed7ffff,0.0,0.0,0.0
89390cb0abbffff,0.0,0.0,0.0
89390cb2233ffff,0.0,0.0,0.0
89390cb1e17ffff,0.0,0.0,0.0
89390ca3653ffff,0.0,0.0,46.09774273126588
89390cb11c3ffff,0.0,0.0,0.0
89390ca3237ffff,0.0,0.0,9.224129258476914
89390cb540fffff,0.0,0.0,0.0
89390cb191bffff,9.22565863890469,18.45131727780938,461.28293194523445
89390cb098bffff,0.0,0.0,9.232817399595273
89390cbae23ffff,0.0,0.0,0.0
89390ca2217ffff,36.919915168227554,18.459957584113777,92.29978792056889
89390cb056fffff,0.0,0.0,0.0
89390cb0153ffff,0.0,0.0,0.0
89390ca21c7ffff,0.0,0.0,36.937256381077695
89390cbadd3ffff,0.0,0.0,0.0
89390cb01a3ffff,0.0,0.0,9.225445164844439
89390cb18cbffff,0.0,9.221078781718132,0.0
89390ca0633ffff,0.0,0.0,0.0
89390cba9b7ffff,0.0,0.0,27.660928445508468
89390ca3523ffff,0.0,9.227432215516352,129.1840510172289
89390cb2c27ffff,0.0,0.0,0.0
89390ca3107ffff,0.0,0.0,18.456902396548873
89390cb280bffff,0.0,0.0,0.0
89390cb0c77ffff,0.0,0.0,55.37095044921639
89390cb085bffff,0.0,0.0,36.91288925672763
89390ca24b3ffff,9.230500747465328,0.0,27.691502242395984
89390cb1bb7ffff,9.225655038646714,0.0,212.19006588887441
89390cb1d37ffff,18.451844112314102,9.225922056157051,267.55173962855446
89390cb0023ffff,0.0,0.0,0.0
89390ca2097ffff,0.0,0.0,110.77815818980541
89390ca2633ffff,27.686888114945106,36.9158508199268,304.55576926439613
89390cbaca3ffff,0.0,0.0,0.0
89390ca0503ffff,0.0,0.0,0.0
89390cba887ffff,0.0,18.431469938933652,27.647204908400482
89390cb5043ffff,0.0,0.0,0.0
89390cb55cbffff,0.0,0.0,0.0
89390cb0b47ffff,0.0,0.0,9.231013108477585
89390ca2bbbffff,0.0,0.0,9.24272650680885
89390cb1ea3ffff,0.0,0.0,0.0
89390cb030fffff,0.0,0.0,36.891510972354155
89390ca2383ffff,0.0,9.233036650612929,27.69910995183879
89390cb1a87ffff,0.0,0.0,0.0
89390cbab73ffff,0.0,27.651786451455024,18.434524300970015
89390cb29c7ffff,0.0,0.0,0.0
89390cba33bffff,0.0,0.0,0.0
89390cb0e33ffff,0.0,0.0,18.45441476289307
89390ca2a4fffff,0.0,0.0,0.0
89390cb549bffff,0.0,0.0,0.0
89390cb0a17ffff,0.0,9.228215377352523,27.684646132057573
89390cb09dbffff,0.0,0.0,55.38924400400127
89390ca2a8bffff,0.0,0.0,9.238133795334797
89390ca266fffff,0.0,0.0,9.228451448201687
89390cb1d73ffff,0.0,0.0,55.34635167055915
89390ca2253ffff,9.228450557397014,0.0,73.82760445917611
89390cb1957ffff,46.12701553425908,18.450806213703633,802.610070296108
89390cb153bffff,0.0,0.0,9.216265561384132
89390ca35afffff,0.0,0.0,101.50175744025779
89390ca3193ffff,27.6822966002049,0.0,83.04688980061471
89390cb2897ffff,0.0,0.0,9.228041893652195
89390cb0d03ffff,0.0,0.0,138.47331862087873
89390cb536bffff,0.0,0.0,18.480875084778983
89390cb1c43ffff,0.0,0.0,0.0
89390ca2e6bffff,0.0,0.0,0.0
89390cb00afffff,0.0,0.0,0.0
89390cbad2fffff,0.0,9.21878472939356,36.87513891757424
89390ca2123ffff,9.236352343088464,0.0,110.83622811706158
89390cb1827ffff,9.224385093104134,9.224385093104134,101.46823602414548
89390ca058fffff,0.0,0.0,0.0
89390cba913ffff,0.0,0.0,18.437567936422155
89390ca1d07ffff,0.0,0.0,0.0
89390cb2b83ffff,0.0,0.0,0.0
89390ca0173ffff,0.0,0.0,0.0
89390ca3063ffff,9.224635189467113,0.0,55.347811136802676
89390cb8963ffff,0.0,0.0,0.0
89390ca14cfffff,18.44674767531409,9.223373837657045,129.12723372719861
89390cb5657ffff,0.0,0.0,9.234328244542514
89390cb0bd3ffff,0.0,0.0,0.0
89390ca76cbffff,0.0,0.0,0.0
89390ca2c47ffff,0.0,0.0,0.0
89390cb234bffff,0.0,0.0,0.0
89390cb523bffff,0.0,0.0,18.475268205676795
89390ca0c97ffff,0.0,0.0,0.0
89390ca240fffff,9.22998652135959,0.0,18.45997304271918
89390cb1b13ffff,83.0171406871789,119.91364765925842,608.7923650393119
89390ca3287ffff,0.0,0.0,55.337132191924184
89390cb2e6fffff,0.0,0.0,0.0
89390ca334fffff,0.0,0.0,0.0
89390ca0043ffff,0.0,0.0,0.0
89390cb0aa3ffff,0.0,0.0,9.228981169828486
89390ca2b17ffff,0.0,0.0,18.48494244606779
89390cb026bffff,0.0,0.0,0.0
89390cbaacfffff,0.0,0.0,0.0
89390ca0397ffff,0.0,0.0,55.41047759542414
89390cb15c7ffff,0.0,0.0,0.0
89390ca363bffff,0.0,0.0,0.0
89390ca032fffff,0.0,0.0,0.0
89390cb0d8fffff,0.0,0.0,27.69467921348956
89390ca2e03ffff,0.0,0.0,0.0
89390cb0973ffff,0.0,0.0,0.0
89390ca36a3ffff,0.0,0.0,101.44018880078177
89390cb0557ffff,0.0,0.0,0.0
89390ca25cbffff,0.0,0.0,64.62239772048672
89390cb1ccfffff,0.0,0.0,9.219815422404409
89390cb013bffff,0.0,0.0,9.225183219497907
89390ca21afffff,0.0,18.472707695366044,64.65447693378115
89390cbadbbffff,0.0,0.0,0.0
89390cb18b3ffff,36.89348601796067,0.0,36.89348601796067
89390cbab37ffff,0.0,0.0,36.87514243302177
89390ca061bffff,0.0,0.0,0.0
89390ca350bffff,0.0,0.0,55.355430354951636
89390cb7277ffff,0.0,0.0,0.0
89390ca155bffff,0.0,0.0,0.0
89390ca2cd3ffff,0.0,0.0,0.0
89390cb52c7ffff,0.0,0.0,0.0
89390cb0843ffff,0.0,0.0,0.0
89390cb0427ffff,0.0,0.0,0.0
89390ca249bffff,0.0,0.0,156.89252856155213
89390cb000bffff,0.0,0.0,0.0
89390cba86fffff,0.0,0.0,0.0
89390cb1367ffff,0.0,0.0,0.0
89390ca33dbffff,0.0,0.0,46.12191406808662
89390cb1a4bffff,18.43909406444105,9.219547032220525,73.7563762577642
89390ca00cfffff,0.0,0.0,0.0
89390ca2347ffff,0.0,0.0,27.698341499552978
89390cb0b2fffff,0.0,0.0,36.93220802297292
89390ca2ba3ffff,0.0,0.0,0.0
89390ca236bffff,0.0,0.0,0.0
89390cb1a6fffff,0.0,0.0,156.76255156235223
89390cbab5bffff,9.215738051113165,0.0,55.29442830667899
89390ca36c7ffff,0.0,0.0,64.5403920191117
89390ca03bbffff,0.0,0.0,46.17795569348296
89390ca32abffff,0.0,0.0,18.44673087842554
89390cb0e1bffff,0.0,0.0,0.0
89390ca2e8fffff,0.0,0.0,0.0
89390cb5483ffff,0.0,0.0,0.0
89390ca2a73ffff,0.0,0.0,0.0
89390cb1e67ffff,0.0,0.0,0.0
89390cb5067ffff,0.0,0.0,9.23942690154979
89390ca2657ffff,27.681539278374597,27.681539278374597,322.95129158103697
89390cb1d5bffff,0.0,0.0,0.0
89390cb01c7ffff,0.0,0.0,0.0
89390ca223bffff,46.152439057136554,9.230487811427311,110.76585373712774
89390cbae47ffff,0.0,0.0,0.0
89390ca06a7ffff,0.0,0.0,0.0
89390cbaa2bffff,0.0,0.0,0.0
89390cb1523ffff,0.0,0.0,0.0
89390ca3597ffff,0.0,0.0,0.0
89390cb1107ffff,0.0,0.0,0.0
89390ca317bffff,0.0,0.0,18.45537750165211
89390cb5353ffff,0.0,0.0,64.67415432240674
89390cb08cfffff,0.0,0.0,18.457471295212798
89390cb04b3ffff,0.0,0.0,0.0
89390ca2527ffff,0.0,0.0,0.0
89390cb1c2bffff,0.0,0.0,0.0
89390cb0097ffff,0.0,0.0,0.0
89390ca210bffff,0.0,0.0,46.174112546949985
89390cbad17ffff,0.0,0.0,0.0
89390cb180fffff,36.8914337149837,0.0,304.3543281486155
89390ca0577ffff,0.0,0.0,0.0
89390ca3467ffff,9.223360871624989,0.0,83.0102478446249
89390cb0b0bffff,9.231269418696591,9.231269418696591,55.38761651217955
89390cb2b6bffff,0.0,0.0,0.0
89390ca015bffff,0.0,0.0,0.0
89390cb8d67ffff,0.0,0.0,0.0
89390ca1407ffff,0.0,0.0,0.0
89390ca304bffff,0.0,0.0,0.0
89390ca14b7ffff,0.0,0.0,0.0
89390cb0bbbffff,0.0,0.0,120.01650528503228
89390cb5223ffff,0.0,0.0,0.0
89390cb0383ffff,0.0,0.0,0.0
89390ca0447ffff,0.0,0.0,27.692994839816045
89390ca002bffff,0.0,0.0,36.93725709561088
89390cb0ea7ffff,0.0,0.0,18.45544173222754
89390cb0a8bffff,0.0,0.0,83.04707666241727
89390cb2203ffff,0.0,0.0,0.0
89390cb0253ffff,0.0,0.0,0.0
89390ca22c7ffff,18.45792026088209,9.228960130441045,9.228960130441045
89390cbaed3ffff,0.0,0.0,0.0
89390cb19cbffff,0.0,0.0,27.673921680873054
89390cbaab7ffff,0.0,9.214973660106427,82.93476294095785
89390cb15afffff,0.0,0.0,0.0
89390ca3623ffff,0.0,0.0,0.0
89390ca0317ffff,0.0,0.0,0.0
89390cb8cb7ffff,0.0,0.0,36.86702188489934
89390ca00abffff,0.0,0.0,0.0
89390cb1193ffff,0.0,0.0,0.0
89390ca3207ffff,27.669335846367442,0.0,55.338671692734884
89390cb0d77ffff,0.0,0.0,0.0
89390cb095bffff,0.0,0.0,0.0
89390ca0e3bffff,0.0,0.0,0.0
89390ca25b3ffff,0.0,0.0,18.468137725549806
89390cb1cb7ffff,0.0,0.0,0.0
89390ca33b7ffff,0.0,0.0,0.0
89390cb0123ffff,0.0,0.0,0.0
89390ca2197ffff,0.0,0.0,0.0
89390cbada3ffff,0.0,0.0,0.0
89390cb189bffff,0.0,0.0,0.0
89390ca0603ffff,0.0,0.0,18.459455717291817
89390cba987ffff,0.0,0.0,110.63151109303966
89390cba84bffff,0.0,0.0,18.428422994241483
89390ca1d7bffff,0.0,0.0,0.0
89390ca30d7ffff,83.01025132163699,27.670083773878996,461.1680628979833
89390cb89d7ffff,0.0,0.0,0.0
89390ca1543ffff,0.0,0.0,0.0
89390cb56cbffff,0.0,0.0,101.56921469441563
89390cb0c47ffff,0.0,0.0,0.0
89390ca2cbbffff,0.0,9.239160648660274,0.0
89390ca04c7ffff,0.0,0.0,83.076684268562
89390cb52afffff,0.0,0.0,0.0
89390cb082bffff,0.0,0.0,36.923080202926236
89390cb040fffff,0.0,0.0,0.0
89390ca2483ffff,0.0,0.0,18.45896342766389
89390cb1b87ffff,129.14491840963797,18.44927405851971,904.0144288674658
89390ca2067ffff,0.0,0.0,0.0
89390ca04d3ffff,0.0,0.0,27.68993545963461
89390cba857ffff,0.0,0.0,0.0
89390ca33c3ffff,0.0,0.0,0.0
89390ca00b7ffff,0.0,0.0,64.64196165571828
89390ca1413ffff,0.0,0.0,27.67240643902183
89390cb0b17ffff,0.0,9.231782298535256,46.158911492676275
89390ca760fffff,0.0,0.0,0.0
89390ca205bffff,9.229980313959205,0.0,55.379881883755225
89390ca2b8bffff,0.0,0.0,0.0
89390cb228fffff,0.0,0.0,0.0
89390cb1e73ffff,0.0,0.0,0.0
89390ca2353ffff,9.232016251010084,0.0,55.392097506060495
89390cb1a57ffff,0.0,0.0,27.660168520638454
89390cbab43ffff,0.0,9.216246036678806,92.16246036678805
89390ca36afffff,9.222089948172853,9.222089948172853,202.88597885980278
89390ca03a3ffff,0.0,0.0,18.47220178216046
89390ca3293ffff,0.0,9.222091861496072,64.5546430304725
89390cb0e03ffff,0.0,0.0,27.678566325131467
89390ca2e77ffff,0.0,0.0,0.0
89390cb546bffff,0.0,0.0,0.0
89390ca2a5bffff,0.0,0.0,0.0
89390cb504fffff,0.0,0.0,0.0
89390cb05cbffff,0.0,0.0,0.0
89390cb1d43ffff,0.0,0.0,0.0
89390cb1b7bffff,55.344748968880175,36.89649931258678,396.63736761030793
89390cb01afffff,0.0,0.0,0.0
89390ca2223ffff,0.0,9.230997243763335,73.84797795010668
89390cbae2fffff,0.0,9.213449480928865,82.92104532835978
89390ca2477ffff,0.0,0.0,0.0
89390cb1927ffff,9.227948972986184,9.227948972986184,138.41923459479275
89390cb0403ffff,0.0,0.0,0.0
89390cb150bffff,0.0,0.0,36.86099606003874
89390ca3163ffff,0.0,0.0,9.2281978440413
89390cb2867ffff,0.0,0.0,0.0
89390ca15cfffff,0.0,0.0,0.0
89390cb0cd3ffff,0.0,0.0,0.0
89390cb08b7ffff,0.0,0.0,0.0
89390cb049bffff,18.436683254564127,18.436683254564127,119.83844115466682
89390ca250fffff,0.0,0.0,0.0
89390ca1cd7ffff,0.0,0.0,0.0
89390ca344fffff,0.0,9.22183490731819,55.33100944390913
89390ca2893ffff,0.0,0.0,0.0
89390cb2b53ffff,0.0,0.0,0.0
89390ca0143ffff,0.0,0.0,9.235843394576738
89390cb52a3ffff,0.0,0.0,0.0
89390cb8933ffff,0.0,0.0,0.0
89390ca111bffff,0.0,0.0,0.0
89390cb5627ffff,0.0,0.0,0.0
89390cb0ba3ffff,0.0,0.0,55.395291905179086
89390ca769bffff,0.0,0.0,0.0
89390cb8517ffff,0.0,0.0,0.0
89390cb520bffff,0.0,0.0,0.0
89390cb036bffff,0.0,0.0,9.2226180669597
89390cbabcfffff,9.216244881628612,0.0,18.432489763257223
89390ca042fffff,0.0,0.0,18.466072416314034
89390ca0013ffff,9.233038170057116,0.0,129.26253438079962
89390cb0e8fffff,0.0,0.0,18.45238566616202
89390cb0a73ffff,36.911824755192676,0.0,156.87525520956888
89390cb50dbffff,0.0,0.0,0.0
89390ca2cafffff,0.0,0.0,0.0
89390ca26cbffff,55.35849973964874,83.03774960947312,378.2830815542664
89390cb1dcfffff,0.0,0.0,0.0
89390cb0c3bffff,0.0,0.0,0.0
89390cb023bffff,0.0,0.0,9.219824969328068
89390ca22afffff,0.0,0.0,46.1549882189028
89390cbaebbffff,0.0,0.0,0.0
89390cb19b3ffff,55.3616097693437,0.0,350.62352853917673
89390ca360bffff,0.0,0.0,9.220565294481142
89390ca2dd3ffff,0.0,0.0,46.20345886608103
89390cb53c7ffff,0.0,0.0,0.0
89390ca0e23ffff,0.0,0.0,0.0
89390cb0527ffff,0.0,0.0,9.224437365249065
89390ca259bffff,0.0,0.0,46.162696926148406
89390cb010bffff,0.0,0.0,18.44832977816306
89390cb7253ffff,0.0,0.0,0.0
89390cbad8bffff,0.0,0.0,0.0
89390ca30cbffff,0.0,0.0,119.89709212294439
89390cb1883ffff,0.0,0.0,0.0
89390cba96fffff,0.0,9.219546987454752,92.19546987454753
89390ca34dbffff,0.0,0.0,0.0
89390cb5acfffff,0.0,0.0,0.0
89390cb5adbffff,0.0,0.0,0.0
89390cb56b3ffff,0.0,0.0,0.0
89390ca2ca3ffff,0.0,0.0,73.91736780707694
89390cb5297ffff,0.0,0.0,9.236875469811197
89390ca01dbffff,0.0,0.0,18.470153441682445
89390ca246bffff,18.459457954248517,0.0,46.148644885621295
89390cb1b6fffff,36.899551364983644,64.57421488872137,405.8950650148201
89390ca204fffff,0.0,0.0,9.230743994531865
89390ca04bbffff,0.0,0.0,9.23201617271187
89390cb1337ffff,0.0,0.0,0.0
89390ca33abffff,0.0,0.0,0.0
89390ca2b73ffff,0.0,0.0,0.0
89390cb2277ffff,0.0,0.0,0.0
89390cb1e5bffff,0.0,0.0,0.0
89390cba97bffff,46.09392130577699,9.218784261155397,405.62650749083747
89390ca233bffff,0.0,0.0,0.0
89390cbab2bffff,0.0,0.0,0.0
89390ca3697ffff,0.0,9.220817835304425,46.10408917652212
89390ca038bffff,0.0,0.0,0.0
89390ca327bffff,0.0,0.0,46.11175997937393
89390cb5453ffff,0.0,0.0,0.0
89390cb09cfffff,0.0,0.0,9.232303265955784
89390ca2a43ffff,0.0,0.0,0.0
89390cb5037ffff,0.0,0.0,0.0
89390ca2627ffff,9.22972615435826,0.0,9.22972615435826
89390cb1d2bffff,9.225410062829205,0.0,267.5368918220469
89390cb188fffff,0.0,0.0,0.0
89390ca220bffff,0.0,0.0,18.45893817871682
89390cbae17ffff,0.0,0.0,0.0
89390cbad97ffff,0.0,0.0,0.0
89390ca218bffff,0.0,9.23456984361011,240.09881593386285
89390cb190fffff,9.226421310755283,18.452842621510566,64.58494917528698
89390ca0677ffff,0.0,0.0,0.0
89390ca3567ffff,0.0,0.0,18.45384623540493
89390ca314bffff,0.0,9.22667070697251,9.22667070697251
89390ca15b7ffff,0.0,0.0,0.0
89390cb0cbbffff,0.0,0.0,64.5995111693623
89390ca119bffff,0.0,0.0,0.0
89390cb0483ffff,0.0,0.0,0.0
89390cb0067ffff,0.0,0.0,0.0
89390ca20dbffff,0.0,0.0,64.60809203716704
89390ca0547ffff,0.0,0.0,0.0
89390cb1cabffff,0.0,0.0,0.0
89390cba8cbffff,0.0,0.0,0.0
89390cb5e47ffff,0.0,0.0,0.0
89390ca3437ffff,27.67237190280053,27.67237190280053,202.9307272872039
89390ca25a7ffff,0.0,0.0,83.1134916849187
89390ca012bffff,0.0,0.0,0.0
89390cb8d37ffff,0.0,0.0,0.0
89390cb0533ffff,0.0,0.0,0.0
89390ca301bffff,9.223870623107407,0.0,119.9103181003963
89390cb891bffff,0.0,0.0,18.440646536119996
89390ca1487ffff,0.0,0.0,73.79713467190174
89390cb560fffff,0.0,9.235348233633278,27.706044700899835
89390cb0b8bffff,0.0,0.0,9.231019445137601
89390ca7683ffff,0.0,0.0,0.0
89390ca23c7ffff,0.0,0.0,0.0
89390cb1acbffff,0.0,9.219293913913466,0.0
89390cbabb7ffff,9.218530360058722,18.437060720117444,46.09265180029361
89390ca0417ffff,0.0,0.0,9.231761569853507
89390ca3307ffff,0.0,0.0,0.0
89390cb0e77ffff,0.0,9.226694242672506,18.453388485345013
89390cb0a5bffff,46.13214185312521,0.0,239.88713763625108
89390ca2acfffff,0.0,0.0,0.0
89390cb50c3ffff,0.0,0.0,0.0
89390ca26b3ffff,46.1435510366802,27.686130622008122,258.4038858054091
89390cb1db7ffff,0.0,0.0,27.677016757427833
89390cb094fffff,0.0,0.0,0.0
89390cb0223ffff,0.0,0.0,0.0
89390cb53d3ffff,0.0,0.0,0.0
89390cb199bffff,9.225407480598685,0.0,221.40977953436843
89390cbaa87ffff,0.0,0.0,9.213957887388219
89390ca31d7ffff,0.0,0.0,0.0
89390cb0d47ffff,0.0,0.0,0.0
89390ca2dbbffff,0.0,0.0,9.242733938709499
89390cb53afffff,0.0,0.0,110.90063757851694
89390cb092bffff,0.0,0.0,0.0
89390cb050fffff,0.0,0.0,0.0
89390ca2583ffff,0.0,0.0,0.0
89390ca2167ffff,0.0,0.0,27.707523382185443
89390cbad73ffff,0.0,0.0,0.0
89390cb186bffff,36.89040632271988,27.66780474203991,396.5718679692387
89390ca05d3ffff,0.0,0.0,101.56899430094133
89390cba957ffff,9.218275690794961,18.436551381589922,202.80206519748916
89390ca1d4bffff,0.0,0.0,0.0
89390cb0d6bffff,0.0,0.0,0.0
89390ca34c3ffff,0.0,0.0,27.66397868203569
89390cb764bffff,0.0,0.0,0.0
89390cb2bc7ffff,0.0,0.0,0.0
89390cb1033ffff,0.0,0.0,0.0
89390ca30a7ffff,0.0,0.0,0.0
89390cb722fffff,0.0,0.0,9.236650035630378
89390cb89a7ffff,0.0,0.0,18.444708523378715
89390cb569bffff,0.0,0.0,0.0
89390cb0c17ffff,0.0,0.0,0.0
89390ca2c8bffff,0.0,0.0,0.0
89390cb858bffff,0.0,0.0,0.0
89390ca286fffff,0.0,0.0,0.0
89390ca2453ffff,55.37074973255854,0.0,230.7114572189939
89390cb1b57ffff,101.45978482753044,36.89446721001107,950.0325306577851
89390ca2037ffff,9.233038907385627,0.0,83.09735016647065
89390c849a7ffff,0.0,0.0,0.0
89390ca04a3ffff,0.0,0.0,0.0
89390cba827ffff,73.7380739932478,0.0,156.69340723565156
89390cb1187ffff,9.217531558427904,0.0,18.435063116855808
89390ca3393ffff,0.0,0.0,0.0
89390ca0087ffff,0.0,9.23354664089856,36.93418656359424
89390cb8c93ffff,0.0,0.0,9.214976859589768
89390cb514fffff,0.0,0.0,0.0
89390cb1e43ffff,0.0,0.0,0.0
89390cb02afffff,0.0,0.0,0.0
89390ca2323ffff,0.0,0.0,0.0
89390cb1a27ffff,0.0,0.0,9.222599242430814
89390cbab13ffff,9.217006509180303,0.0,27.651019527540907
89390ca0373ffff,0.0,0.0,0.0
89390ca3617ffff,0.0,0.0,0.0
89390ca3263ffff,9.222860529783476,0.0,64.56002370848434
89390cb0dd3ffff,0.0,0.0,175.37057860307192
89390ca2e47ffff,0.0,0.0,0.0
89390cb543bffff,9.237656936787404,0.0,92.37656936787405
89390cbaaabffff,0.0,0.0,18.428933140464366
89390ca260fffff,18.456396349628797,9.228198174814398,184.56396349628795
89390cb1d13ffff,0.0,0.0,0.0
89390ca354fffff,0.0,0.0,0.0
89390ca3133ffff,0.0,9.228960388641786,9.228960388641786
89390cb2837ffff,0.0,0.0,0.0
89390cb0ca3ffff,0.0,0.0,0.0
89390ca2d17ffff,0.0,0.0,0.0
89390cb530bffff,0.0,0.0,0.0
89390cb0887ffff,0.0,0.0,0.0
89390cb046bffff,0.0,0.0,0.0
89390cb004fffff,0.0,0.0,0.0
89390ca20c3ffff,0.0,9.230236872806806,129.2233162192953
89390cbaec7ffff,0.0,0.0,0.0
89390ca22bbffff,0.0,0.0,0.0
89390cba8b3ffff,0.0,0.0,0.0
89390cb5e2fffff,0.0,0.0,0.0
89390cb0247ffff,0.0,0.0,0.0
89390cb5a13ffff,0.0,0.0,0.0
89390ca3003ffff,0.0,0.0,0.0
89390cb8903ffff,0.0,0.0,9.220831577552373
89390cb0b73ffff,0.0,18.46304552290513,18.46304552290513
89390cb51dbffff,0.0,0.0,0.0
89390cb1ecfffff,0.0,0.0,0.0
89390cb033bffff,9.223386704998665,0.0,27.670160114995998
89390ca23afffff,0.0,0.0,0.0
89390cb1ab3ffff,0.0,18.443168282904203,46.10792070726051
89390cb1ddbffff,0.0,0.0,0.0
89390cba367ffff,0.0,0.0,0.0
89390ca26d7ffff,18.45385412157322,18.45385412157322,286.0347388843849
89390ca2ed3ffff,0.0,0.0,46.176651287929246
89390cb54c7ffff,0.0,0.0,0.0
89390cb0a43ffff,64.58856317084704,0.0,332.16975345007046
89390ca2ab7ffff,0.0,0.0,0.0
89390cb50abffff,0.0,0.0,0.0
89390ca269bffff,9.22718240916575,18.4543648183315,166.0892833649835
89390cb020bffff,0.0,0.0,0.0
89390cbae8bffff,0.0,0.0,0.0
89390cb1983ffff,18.451833186767583,9.225916593383792,230.64791483459476
89390cb1567ffff,0.0,0.0,0.0
89390ca35dbffff,27.673135517232893,9.224378505744298,249.05821965509602
89390cb7347ffff,0.0,0.0,0.0
89390cb0d2fffff,0.0,0.0,0.0
89390ca2da3ffff,0.0,0.0,0.0
89390cb5397ffff,0.0,0.0,92.40447807269483
89390cb0913ffff,0.0,0.0,0.0
89390ca256bffff,18.466592337566837,0.0,156.96603486931812
89390cb1c6fffff,0.0,0.0,0.0
89390ca214fffff,0.0,0.0,46.17155744115225
89390cbad5bffff,0.0,0.0,0.0
89390cb1853ffff,0.0,0.0,9.221332191969747
89390ca05bbffff,0.0,0.0,18.471167907499837
89390cb1437ffff,0.0,0.0,18.426944458772763
89390ca34abffff,18.446721779192295,18.446721779192295,166.02049601273066
89390ca308fffff,0.0,0.0,46.121893852609325
89390cb898fffff,27.6624869893011,0.0,156.7540929393729
89390cb5683ffff,0.0,0.0,18.46969015173458
89390cb5267ffff,0.0,0.0,0.0
89390cb03c7ffff,0.0,0.0,0.0
89390ca243bffff,0.0,0.0,18.460992054557746
89390ca048bffff,9.230997234560952,0.0,9.230997234560952
89390cba80fffff,0.0,0.0,184.31469885358854
89390ca006fffff,0.0,0.0,0.0
89390cb5553ffff,0.0,0.0,0.0
89390cb0acfffff,73.81552394946459,0.0,470.5739651778367
89390ca2b43ffff,0.0,0.0,0.0
89390cb0e9bffff,0.0,0.0,0.0
89390cb1e2bffff,0.0,0.0,0.0
89390ca230bffff,0.0,0.0,36.932141793955395
89390cb1a0fffff,0.0,9.221073258572423,248.96897798145542
89390ca3667ffff,9.221583338428294,0.0,27.66475001528488
89390cb2d6bffff,0.0,0.0,0.0
89390cb11d7ffff,0.0,0.0,0.0
89390ca324bffff,0.0,9.221335070369511,9.221335070369511
89390cb294fffff,0.0,0.0,0.0
89390cb0dbbffff,0.0,0.0,18.464139189162786
89390ca2e2fffff,0.0,0.0,0.0
89390cb5423ffff,0.0,0.0,36.9526691098162
89390ca332bffff,0.0,0.0,18.45436806864843
89390ca2a13ffff,0.0,0.0,0.0
89390cb5007ffff,0.0,0.0,0.0
89390cb0167ffff,0.0,0.0,0.0
89390ca21dbffff,0.0,9.23329450437613,18.46658900875226
89390ca0647ffff,0.0,0.0,0.0
89390cba9cbffff,0.0,0.0,64.52259295870428
89390ca3537ffff,9.227686894088816,18.45537378817763,156.87067719950986
89390cb10a7ffff,0.0,0.0,0.0
89390ca311bffff,9.22743296007102,0.0,175.3212262413494
89390ca1587ffff,0.0,0.0,0.0
89390cb0c8bffff,0.0,0.0,0.0
89390ca043bffff,0.0,0.0,0.0
89390cb086fffff,0.0,0.0,18.46051347756905
89390ca24c7ffff,18.457939656808975,0.0,138.43454742606733
89390cb1bcbffff,0.0,9.222854104647327,27.66856231394198
89390cb0037ffff,0.0,0.0,0.0
89390ca20abffff,46.16137551846357,9.232275103692714,295.43280331816686
89390cbacb7ffff,0.0,0.0,0.0
89390ca0517ffff,0.0,0.0,36.94131649614573
89390cba89bffff,9.214718933448141,9.214718933448141,55.28831360068885
89390ca3407ffff,0.0,9.223106416204926,46.115532081024625
89390ca1457ffff,0.0,0.0,18.44725894189374
89390cb0b5bffff,0.0,0.0,27.689981835323632
89390cbabdbffff,0.0,0.0,9.21548240342759
89390ca2bcfffff,0.0,0.0,9.241195220020407
89390cb51c3ffff,0.0,0.0,0.0
89390cb1eb7ffff,0.0,0.0,0.0
89390cb0323ffff,0.0,0.0,64.56727000054848
89390ca2397ffff,0.0,0.0,9.233291966613947
89390cb1a9bffff,0.0,0.0,0.0
89390cbab87ffff,9.217513922709363,0.0,110.61016707251235
89390ca32d7ffff,0.0,0.0,9.221584707667393
89390cb29dbffff,0.0,0.0,0.0
89390cb0e47ffff,0.0,0.0,55.35405459582201
89390cb3267ffff,0.0,0.0,0.0
89390ca2ebbffff,0.0,0.0,0.0
89390cb54afffff,0.0,0.0,0.0
89390cb0a2bffff,9.228974971892349,18.457949943784698,230.72437429730874
89390cb5093ffff,0.0,0.0,0.0
89390ca2683ffff,55.36614976582599,9.227691627637665,304.51382371204295
89390cb1d87ffff,0.0,0.0,0.0
89390ca2267ffff,0.0,0.0,0.0
89390cbae73ffff,0.0,0.0,0.0
89390cb196bffff,0.0,0.0,92.26164114622935
89390ca06d3ffff,0.0,0.0,55.36919393336439
89390cb154fffff,0.0,0.0,0.0
89390ca35c3ffff,27.674662155259075,18.449774770172716,396.6701575587134
89390cb0377ffff,0.0,0.0,9.223130405856189
89390cb1133ffff,0.0,0.0,0.0
89390ca31a7ffff,0.0,18.458938367684727,64.60628428689654
89390cb28abffff,0.0,0.0,27.686387220644917
89390cb0d17ffff,0.0,0.0,9.231812041405991
89390ca2d8bffff,0.0,0.0,36.966851042922315
89390ca2553ffff,0.0,0.0,0.0
89390cb00c3ffff,0.0,0.0,0.0
89390ca2137ffff,0.0,0.0,175.495553532556
89390cbad43ffff,0.0,0.0,0.0
89390cb183bffff,27.67010180814138,18.44673453876092,461.168363469023
89390ca05a3ffff,0.0,0.0,18.47218765395632
89390cba927ffff,9.220817626138873,9.220817626138873,138.3122643920831
89390ca1d1bffff,0.0,0.0,0.0
89390ca3493ffff,0.0,9.222089777143221,119.88716710286187
89390ca0187ffff,0.0,0.0,0.0
89390cb8d93ffff,0.0,0.0,0.0
89390cb5217ffff,0.0,0.0,0.0
89390ca3077ffff,0.0,0.0,0.0
89390cb8977ffff,0.0,9.221342762061505,0.0
89390cb566bffff,0.0,0.0,18.470177504523594
89390ca2c5bffff,0.0,0.0,27.711350262295753
89390cb524fffff,9.23610157536549,9.23610157536549,203.19423465804078
89390cb03afffff,0.0,18.447799125152056,119.91069431348838
89390ca2423ffff,0.0,0.0,101.54106138855964
89390cb1b27ffff,0.0,27.67848460248369,249.1063614223532
89390ca2007ffff,18.464039143075247,18.464039143075247,193.8724110022901
89390ca0473ffff,0.0,0.0,0.0
89390ca3363ffff,0.0,0.0,0.0
89390cb2a67ffff,0.0,0.0,0.0
89390ca0057ffff,0.0,0.0,18.465060089749205
89390cb0ed3ffff,0.0,0.0,9.224665227770808
89390cb0ab7ffff,0.0,0.0,36.91695052535364
89390ca2b2bffff,0.0,0.0,0.0
89390cb0bafffff,0.0,0.0,18.465603693497776
89390cb222fffff,0.0,0.0,0.0
89390ca14abffff,0.0,0.0,138.3772931392351
89390cb1e13ffff,0.0,0.0,0.0
89390cb15dbffff,0.0,0.0,9.213728053065472
89390ca364fffff,0.0,0.0,0.0
89390ca3233ffff,18.44724115972223,0.0,27.67086173958334
89390cb0da3ffff,0.0,0.0,9.232579498920423
89390ca2e17ffff,0.0,0.0,0.0
89390cb540bffff,0.0,0.0,0.0
89390cb0987ffff,0.0,0.0,0.0
89390cb056bffff,0.0,9.222647468050766,0.0
89390cb014fffff,9.223651296744965,0.0,18.44730259348993
89390ca21c3ffff,0.0,0.0,92.3380427606119
89390cbadcfffff,0.0,0.0,0.0
89390cb18c7ffff,0.0,9.221842823892256,9.221842823892256
89390ca062fffff,0.0,0.0,0.0
89390cba9b3ffff,0.0,0.0,55.31880607628173
89390cb14abffff,0.0,0.0,0.0
89390cb2c23ffff,0.0,0.0,0.0
89390ca0213ffff,0.0,0.0,0.0
89390ca3103ffff,36.91176822161623,0.0,101.50736260944463
89390cb2807ffff,0.0,9.22853748474099,0.0
89390cb0c73ffff,0.0,0.0,18.455964504741573
89390cb52dbffff,0.0,0.0,46.17543052184268
89390cb0857ffff,0.0,0.0,0.0
89390ca014fffff,0.0,0.0,18.472198181588737
89390cb043bffff,0.0,0.0,0.0
89390ca24afffff,0.0,0.0,73.84806261060915
89390cb1bb3ffff,73.80116808214234,27.675438030803377,295.20467232856936
89390ca2093ffff,0.0,18.462007197594584,221.544086371135
89390cba883ffff,46.07613463851243,0.0,73.7218154216199
89390cb137bffff,0.0,0.0,0.0
89390ca345bffff,18.442143904408102,18.442143904408102,119.87393537865267
89390cb55c7ffff,0.0,0.0,0.0
89390cb0b43ffff,0.0,0.0,9.230503503072285
89390cb22bbffff,0.0,0.0,9.217851810033677
89390cb5e6bffff,0.0,0.0,0.0
89390cb030bffff,0.0,0.0,9.222368828674236
89390cb1a83ffff,0.0,0.0,9.220566892152531
89390cbab6fffff,0.0,0.0,9.217771645398036
89390ca36dbffff,0.0,0.0,9.219039314872807
89390cb29c3ffff,0.0,0.0,0.0
89390cb0e2fffff,0.0,0.0,258.3759614658789
89390ca056bffff,0.0,27.705227031335614,46.175378385559355
89390ca2ea3ffff,0.0,0.0,0.0
89390cb5497ffff,0.0,0.0,0.0
89390cb0a13ffff,0.0,9.227706007355673,27.683118022067017
89390ca2a87ffff,0.0,0.0,0.0
89390ca266bffff,0.0,0.0,55.36765331392904
89390cb1d6fffff,18.449796830595808,18.449796830595808,313.6465461201288
89390cb01dbffff,0.0,0.0,0.0
89390ca224fffff,0.0,0.0,101.51855705567088
89390cb1953ffff,27.674682228585137,0.0,156.82319929531576
89390ca06bbffff,9.23023576782608,0.0,36.92094307130432
89390cb1537ffff,0.0,0.0,9.217029869798132
89390ca35abffff,36.90769351053119,0.0,258.3538545737183
89390cb1803ffff,0.0,9.222604973199,0.0
89390cb2cafffff,0.0,0.0,0.0
89390cb111bffff,0.0,0.0,0.0
89390ca318fffff,0.0,9.227941560867531,175.3308896564831
89390cbad0bffff,0.0,0.0,0.0
89390cb2893ffff,0.0,0.0,0.0
89390cb008bffff,0.0,0.0,0.0
89390cb5367ffff,18.48240861586816,0.0,9.24120430793408
89390ca0dc3ffff,0.0,0.0,0.0
89390cb04c7ffff,0.0,0.0,0.0
89390ca253bffff,0.0,0.0,18.468127799978628
89390cb00abffff,0.0,0.0,0.0
89390cbad2bffff,0.0,9.218276385465295,64.52793469825707
89390cb1823ffff,36.895504629802105,18.447752314901052,221.37302777881263
89390ca058bffff,0.0,0.0,0.0
89390cba90fffff,9.219292322482788,0.0,82.97363090234509
89390ca1d03ffff,0.0,0.0,0.0
89390cb1407ffff,0.0,0.0,18.424912376035245
89390ca347bffff,9.222343514590799,18.444687029181598,55.3340610875448
89390ca016fffff,0.0,0.0,0.0
89390ca14cbffff,0.0,0.0,0.0
89390cb5653ffff,0.0,0.0,73.87054657083517
89390cb0bcfffff,0.0,0.0,46.15253261115273
89390ca251bffff,0.0,0.0,0.0
89390ca2c43ffff,0.0,0.0,0.0
89390cb5237ffff,0.0,0.0,18.476801329868533
89390cb04a7ffff,0.0,0.0,0.0
89390ca0c93ffff,0.0,0.0,0.0
89390cb0397ffff,0.0,0.0,0.0
89390ca240bffff,9.22947706291319,0.0,83.06529356621871
89390cb1b0fffff,64.57244186828561,36.898538210448926,571.9273422619583
89390ca045bffff,0.0,0.0,73.83983680820747
89390ca334bffff,0.0,0.0,55.34937084422137
89390cb2a4fffff,0.0,0.0,0.0
89390cb0ebbffff,36.9068085195558,0.0,64.58691490922266
89390ca2b13ffff,0.0,0.0,0.0
89390cb2217ffff,0.0,0.0,0.0
89390cb0267ffff,0.0,0.0,0.0
89390ca22dbffff,9.227941658985568,0.0,138.4191248847835
89390cb15c3ffff,0.0,0.0,0.0
89390ca3637ffff,9.222344619948956,0.0,55.334067719693735
89390cb08c3ffff,0.0,0.0,55.370897652302965
89390cb5347ffff,0.0,0.0,55.439575730528226
89390cb11a7ffff,0.0,0.0,0.0
89390ca321bffff,0.0,0.0,0.0
89390ca1687ffff,0.0,0.0,0.0
89390cb0d8bffff,0.0,0.0,36.92419971429418
89390cb096fffff,0.0,0.0,0.0
89390ca0e4fffff,0.0,0.0,0.0
89390cb0553ffff,0.0,0.0,0.0
89390ca25c7ffff,0.0,0.0,0.0
89390cb0137ffff,0.0,0.0,0.0
89390ca21abffff,9.235843838263667,18.471687676527335,46.17921919131834
89390cbadb7ffff,0.0,0.0,0.0
89390cb18afffff,36.89551264226035,0.0,73.7910252845207
89390ca0617ffff,0.0,18.459963540098023,36.91992708019605
89390cba99bffff,0.0,36.8731035615432,119.8375865750154
89390ca3507ffff,9.226668677489505,27.680006032468512,239.8933856147271
89390cb7273ffff,0.0,0.0,0.0
89390ca1557ffff,0.0,0.0,0.0
89390ca15dbffff,0.0,0.0,0.0
89390cb0c5bffff,0.0,0.0,9.226454069928954
89390ca2ccfffff,0.0,0.0,535.7824398024167
89390cb23d3ffff,0.0,0.0,0.0
89390cb52c3ffff,9.235596103172114,0.0,157.00513375392595
89390ca2497ffff,0.0,0.0,0.0
89390cb1b9bffff,36.8944768398998,55.34171525984971,193.69600340947397
89390cb0007ffff,0.0,0.0,0.0
89390ca207bffff,0.0,0.0,0.0
89390cba86bffff,0.0,9.215481617659334,18.430963235318668
89390cb1363ffff,0.0,0.0,0.0
89390ca33d7ffff,0.0,0.0,0.0
89390cb2873ffff,0.0,0.0,0.0
89390cb2adbffff,0.0,0.0,0.0
89390ca00cbffff,0.0,0.0,9.231765138904326
89390ca316fffff,0.0,0.0,36.91381177433166
89390cb0b2bffff,9.232542210136485,18.46508442027297,46.162711050682425
89390cb22a3ffff,0.0,0.0,0.0
89390cb1e87ffff,0.0,0.0,0.0
89390ca2367ffff,0.0,0.0,27.702163787787022
89390cb1a6bffff,0.0,0.0,9.220817998486126
89390cbab57ffff,0.0,18.43299888242662,92.1649944121331
89390ca36c3ffff,27.658642905273368,0.0,119.85411925618459
89390ca03b7ffff,0.0,0.0,36.94541942517565
89390ca32a7ffff,0.0,9.224127711856442,46.12063855928221
89390cb0e17ffff,9.226445409208251,0.0,92.2644540920825
89390ca2e8bffff,0.0,0.0,0.0
89390ca2a6fffff,0.0,0.0,0.0
89390ca0edbffff,0.0,0.0,0.0
89390cb5063ffff,0.0,0.0,9.238916520062407
89390ca2653ffff,0.0,9.226670623056968,110.72004747668362
89390ca358bffff,0.0,27.67695300393272,27.67695300393272
89390cb1d57ffff,0.0,0.0,0.0
89390cb01c3ffff,0.0,0.0,0.0
89390ca2237ffff,0.0,0.0,92.31252149148827
89390cb1517ffff,0.0,0.0,0.0
89390cb193bffff,0.0,9.226930483938512,18.453860967877024
89390ca06a3ffff,0.0,0.0,18.46149016282523
89390cbaa27ffff,0.0,0.0,27.646450358017344
89390ca3593ffff,0.0,73.80521292198254,110.70781938297381
89390cb1103ffff,0.0,0.0,0.0
89390ca3177ffff,0.0,0.0,64.59916357388151
89390ca069bffff,0.0,0.0,0.0
89390cb534fffff,0.0,0.0,0.0
89390cb08cbffff,0.0,18.456452356104506,18.456452356104506
89390cb04afffff,0.0,0.0,0.0
89390ca2523ffff,0.0,0.0,0.0
89390cb1c27ffff,0.0,0.0,0.0
89390cb0093ffff,0.0,0.0,0.0
89390ca2107ffff,0.0,0.0,9.235588079103334
89390cbad13ffff,0.0,0.0,0.0
89390cb180bffff,0.0,0.0,0.0
89390ca0573ffff,0.0,0.0,0.0
89390cb1933ffff,0.0,0.0,9.227186113275286
89390ca3463ffff,9.22285216937412,9.22285216937412,36.89140867749648
89390ca222fffff,0.0,0.0,46.15625936119245
89390ca3047ffff,0.0,9.223871519396045,9.223871519396045
89390cb8947ffff,0.0,0.0,27.66097838984803
89390ca14b3ffff,0.0,0.0,27.675451719207935
89390cb563bffff,0.0,0.0,0.0
89390cb0bb7ffff,9.232805339373582,9.232805339373582,46.16402669686791
89390ca1097ffff,0.0,0.0,0.0
89390cb326fffff,0.0,0.0,18.4213679298767
89390ca0443ffff,0.0,9.230488916715363,27.691466750146084
89390ca3333ffff,0.0,0.0,0.0
89390ca0027ffff,0.0,0.0,0.0
89390cba3abffff,0.0,0.0,0.0
89390cb0ea3ffff,0.0,9.227211474259095,9.227211474259095
89390cb1d4fffff,0.0,0.0,27.670881563312847
89390cb550bffff,0.0,0.0,0.0
89390cb0a87ffff,0.0,0.0,64.59753099779633
89390ca264bffff,0.0,18.453339421766334,27.680009132649502
89390cb024fffff,0.0,0.0,0.0
89390ca22c3ffff,0.0,9.22845087101486,18.45690174202972
89390cb505bffff,0.0,0.0,0.0
89390ca0ed3ffff,0.0,0.0,0.0
89390cb19c7ffff,0.0,9.225405161920728,221.40972388609745
89390cbaab3ffff,9.214465750015531,0.0,82.93019175013978
89390cb15abffff,0.0,0.0,0.0
89390ca0313ffff,0.0,0.0,0.0
89390cb118fffff,0.0,0.0,9.217275842755276
89390ca3203ffff,0.0,0.0,0.0
89390cb0d73ffff,0.0,0.0,27.694649025796945
89390cb53dbffff,0.0,0.0,0.0
89390cb0957ffff,0.0,0.0,0.0
89390cb053bffff,0.0,0.0,0.0
89390ca25afffff,0.0,0.0,0.0
89390ca2193ffff,0.0,0.0,9.234571683114131
89390cb1897ffff,0.0,0.0,0.0
89390ca2a67ffff,0.0,0.0,0.0
89390cba983ffff,18.43756843406478,0.0,73.75027373625912
89390ca1d77ffff,0.0,0.0,0.0
89390ca30d3ffff,101.4513783028491,9.222852572986282,756.2739109848751
89390cb725bffff,0.0,0.0,0.0
89390cb5477ffff,0.0,0.0,64.66179810403656
89390cb56c7ffff,0.0,0.0,83.1089837308809
89390cb0c43ffff,0.0,0.0,0.0
89390ca2cb7ffff,0.0,0.0,9.239927135115913
89390cb85b7ffff,0.0,0.0,0.0
89390cb52abffff,0.0,0.0,0.0
89390cb0827ffff,0.0,0.0,0.0
89390ca289bffff,0.0,0.0,0.0
89390cb040bffff,0.0,0.0,0.0
89390cb1b83ffff,36.89651238355626,55.34476857533438,332.0686114520063
89390ca2063ffff,0.0,0.0,0.0
89390ca04cfffff,0.0,0.0,55.38292946968158
89390cba853ffff,0.0,0.0,0.0
89390ca00b3ffff,0.0,18.46811254426807,9.234056272134035
89390ca140fffff,0.0,0.0,0.0
89390ca2e83ffff,0.0,0.0,27.70981674452638
89390cb0b13ffff,0.0,0.0,0.0
89390ca760bffff,0.0,0.0,0.0
89390ca2b87ffff,0.0,0.0,0.0
89390cb517bffff,0.0,0.0,18.48395904545699
89390cb0e0fffff,0.0,0.0,55.35864884560806
89390cb1e6fffff,0.0,0.0,0.0
89390cb02dbffff,0.0,0.0,0.0
89390ca234fffff,0.0,0.0,46.16262818832161
89390cb1a53ffff,0.0,9.219547702225201,0.0
89390ca36abffff,0.0,27.664744171648373,119.88055807714294
89390ca328fffff,0.0,9.222601766851644,0.0
89390cba307ffff,0.0,0.0,0.0
89390ca2e73ffff,0.0,0.0,0.0
89390cb5467ffff,0.0,0.0,36.95061153485335
89390ca2a57ffff,0.0,0.0,0.0
89390ca0ec3ffff,0.0,0.0,0.0
89390cb504bffff,0.0,0.0,0.0
89390ca263bffff,0.0,0.0,129.2019043531511
89390cbae2bffff,0.0,0.0,0.0
89390cb1923ffff,9.227439704695064,18.454879409390127,46.13719852347531
89390ca068bffff,0.0,0.0,9.229217283325983
89392b4d363ffff,0.0,0.0,0.0
89390cb1507ffff,0.0,0.0,0.0
89390ca357bffff,0.0,0.0,0.0
89390cb2863ffff,0.0,0.0,0.0
89390ca15cbffff,0.0,0.0,0.0
89390cb0ccfffff,0.0,0.0,9.226968159602258
89390cb08b3ffff,0.0,0.0,0.0
89390ca03afffff,0.0,0.0,36.94542711895681
89390cb0497ffff,0.0,0.0,0.0
89390ca250bffff,0.0,0.0,0.0
89390cb1c0fffff,0.0,0.0,0.0
89390cb007bffff,0.0,0.0,0.0
89390ca055bffff,0.0,0.0,0.0
89390ca36bbffff,0.0,0.0,46.10663401517362
89390ca1cd3ffff,0.0,0.0,0.0
89390cb5e5bffff,0.0,0.0,0.0
89390ca344bffff,0.0,36.88530539031968,36.88530539031968
89390cb2b4fffff,0.0,0.0,0.0
89390ca302fffff,0.0,0.0,9.225906786362538
89390cb892fffff,18.444719168251616,0.0,9.222359584125808
89390cbab4fffff,0.0,0.0,27.64950215824106
89390ca149bffff,0.0,0.0,147.57799197189107
89390cb5623ffff,0.0,0.0,0.0
89390ca7697ffff,0.0,0.0,0.0
89390cb8513ffff,0.0,0.0,0.0
89390cb5207ffff,0.0,0.0,0.0
89390cb0367ffff,0.0,0.0,46.11691568868726
89390ca23dbffff,0.0,0.0,0.0
89390cbabcbffff,0.0,9.215736878732729,73.72589502986183
89390ca042bffff,0.0,9.23252665479989,0.0
89390ca000fffff,0.0,0.0,18.467098191259385
89390cb0e8bffff,0.0,0.0,0.0
89390cb0a6fffff,18.456925740771734,0.0,92.28462870385866
89390cb50d7ffff,0.0,0.0,0.0
89390cb1a63ffff,0.0,0.0,18.442145073349593
89390ca26c7ffff,0.0,9.227180952480278,156.86207619216475
89390cb1dcbffff,0.0,0.0,0.0
89390cb0237ffff,0.0,0.0,0.0
89390ca22abffff,0.0,0.0,55.38292916492029
89390cb19afffff,9.227441829042268,9.227441829042268,36.909767316169074
89390cbaa9bffff,0.0,0.0,0.0
89390ca3607ffff,0.0,0.0,9.22132752203342
89390cb1177ffff,0.0,0.0,0.0
89390cb0d5bffff,0.0,0.0,9.230020494450898
89390ca2dcfffff,0.0,0.0,0.0
89390cb53c3ffff,0.0,27.717502278212542,0.0
89390cb0523ffff,0.0,0.0,0.0
89390ca2597ffff,0.0,0.0,0.0
89390cb1c9bffff,0.0,0.0,0.0
89390cb0107ffff,0.0,0.0,0.0
89390ca217bffff,0.0,0.0,0.0
89390cbad87ffff,0.0,0.0,0.0
89390cba96bffff,9.219038649979382,0.0,27.65711594993814
89390ca34d7ffff,9.221580657542855,9.221580657542855,119.8805485480571
89390cb5acbffff,0.0,0.0,0.0
89390ca30bbffff,0.0,0.0,55.349325587874745
89390cb7243ffff,0.0,0.0,0.0
89390cb89bbffff,9.221337370695867,9.221337370695867,147.54139793113387
89390cb56afffff,0.0,0.0,0.0
89390cb0c2bffff,0.0,0.0,9.229001278323699
89390ca110bffff,0.0,0.0,0.0
89390cb5293ffff,0.0,0.0,92.36365326115596
89390cb080fffff,0.0,0.0,55.38004520618821
89390ca2467ffff,0.0,0.0,27.6914821879681
89390cb1b6bffff,156.81444205998892,46.12189472352615,645.7065261293661
89390ca204bffff,0.0,0.0,9.230234542703085
89390ca04b7ffff,0.0,0.0,0.0
89390cba83bffff,9.216242997332547,0.0,202.75734594131603
89390cb1333ffff,0.0,0.0,0.0
89390ca33a7ffff,0.0,0.0,0.0
89390cb2aabffff,0.0,0.0,0.0
89390ca009bffff,18.465055042374644,0.0,73.86022016949858
89390cb1e57ffff,0.0,0.0,0.0
89390ca761bffff,0.0,0.0,0.0
89390ca2337ffff,0.0,0.0,0.0
89390cb0b23ffff,0.0,0.0,0.0
89390cb1a3bffff,0.0,0.0,119.8805643409166
89390cbab27ffff,0.0,0.0,18.438080486746227
89390ca3693ffff,9.220309370532783,9.220309370532783,55.321856223196704
89390ca0387ffff,0.0,0.0,27.706006003035988
89390ca3277ffff,9.22311379344731,0.0,92.2311379344731
89390ca2e5bffff,0.0,9.235329163382648,64.64730414367854
89390cb544fffff,0.0,0.0,0.0
89390cb09cbffff,0.0,0.0,27.695380390563688
89390cb5033ffff,0.0,0.0,0.0
89390cb05afffff,0.0,0.0,0.0
89390ca2623ffff,0.0,9.229216780322677,9.229216780322677
89390cb1d27ffff,9.226175178825896,0.0,230.6543794706474
89390ca2207ffff,27.69069980159463,0.0,129.22326574077493
89390cbae13ffff,0.0,0.0,0.0
89390cb190bffff,36.90364874013874,0.0,249.0996289959365
89390ca3563ffff,0.0,0.0,83.03772674574057
89390ca3147ffff,0.0,0.0,83.04690361961379
89390cb284bffff,0.0,0.0,0.0
89390ca15b3ffff,0.0,0.0,0.0
89390cb0cb7ffff,0.0,0.0,0.0
89390ca00c3ffff,0.0,0.0,46.160095899611655
89390cb089bffff,0.0,0.0,0.0
89390cb0063ffff,0.0,0.0,0.0
89390ca20d7ffff,0.0,0.0,203.0708319566747
89390ca0543ffff,0.0,0.0,0.0
89390cb2ad3ffff,0.0,0.0,0.0
89390cba8c7ffff,0.0,0.0,9.214718822846375
89390ca33cfffff,0.0,0.0,0.0
89390cb5e43ffff,0.0,0.0,0.0
89390ca3433ffff,0.0,36.89446067256161,119.90699718582522
89390ca3017ffff,0.0,0.0,9.224633448756459
89390cb8917ffff,0.0,0.0,36.884337723881316
89390ca1483ffff,46.12066571169647,9.224133142339294,129.1378639927501
89390cb560bffff,0.0,0.0,9.234838215288974
89390cba863ffff,0.0,0.0,27.647205973662075
89390cb0b87ffff,0.0,0.0,0.0
89390cb034fffff,0.0,0.0,0.0
89390ca23c3ffff,0.0,0.0,0.0
89390cb1ac7ffff,0.0,0.0,0.0
89390cbabb3ffff,27.65406635300079,0.0,82.96219905900236
89390ca0413ffff,0.0,0.0,46.15626054707356
89390ca3303ffff,0.0,0.0,0.0
89390cb0e73ffff,0.0,0.0,18.452369961183614
89390cb54dbffff,0.0,0.0,0.0
89390cb0a57ffff,0.0,0.0,267.5886157502155
89390ca2acbffff,0.0,0.0,0.0
89390ca26afffff,9.229218042593793,27.687654127781375,295.33497736300137
89390cb1db3ffff,0.0,9.225163102729711,0.0
89390ca2293ffff,0.0,0.0,0.0
89390cb1997ffff,36.904689755201154,0.0,286.01134560280894
89390cbaa83ffff,18.42690014441569,0.0,64.49415050545491
89390cb157bffff,0.0,0.0,27.64573717543633
89390ca2073ffff,0.0,0.0,0.0
89390ca31d3ffff,0.0,0.0,0.0
89390cb735bffff,0.0,0.0,0.0
89390cb0d43ffff,0.0,0.0,73.84424139071608
89390ca2db7ffff,0.0,0.0,9.243500985448954
89390cb53abffff,0.0,0.0,0.0
89390cb0927ffff,0.0,0.0,0.0
89390cb050bffff,0.0,0.0,0.0
89390cb1c83ffff,0.0,0.0,0.0
89390ca2163ffff,0.0,0.0,9.235331200128126
89390cbad6fffff,0.0,0.0,64.52437327841572
89390cb1867ffff,18.446731094209998,18.446731094209998,276.70096641314996
89390ca05cfffff,0.0,0.0,0.0
89390cba953ffff,0.0,0.0,0.0
89390ca1d47ffff,0.0,0.0,0.0
89390cb1b93ffff,18.447748835859304,18.447748835859304,267.49235811995993
89390ca30a3ffff,0.0,0.0,0.0
89390cb722bffff,0.0,0.0,0.0
89390ca248fffff,0.0,0.0,55.37841113085193
89390cb89a3ffff,0.0,0.0,27.665537377397314
89390cb5697ffff,0.0,0.0,0.0
89390cb0c13ffff,0.0,0.0,64.59414344712852
89390ca2c87ffff,0.0,0.0,0.0
89390cb041bffff,0.0,0.0,0.0
89390cb8587ffff,0.0,0.0,0.0
89390cb527bffff,9.236611634577972,0.0,92.36611634577973
89390ca286bffff,0.0,0.0,0.0
89390ca0cd7ffff,0.0,0.0,0.0
89390cb03dbffff,0.0,0.0,0.0
89390ca244fffff,9.228965739374125,73.831725914993,92.28965739374125
89390cb1b53ffff,46.11553999363818,9.223107998727636,608.7251279160239
89390ca2033ffff,0.0,9.232529215706107,73.86023372564885
89390cba823ffff,0.0,9.216751099516646,73.73400879613317
89390ca338fffff,0.0,0.0,0.0
89390ca0083ffff,0.0,9.233037057263497,203.12681525979693
89390ca2b57ffff,0.0,0.0,0.0
89390cb514bffff,27.72287499442529,9.240958331475097,166.33724996655175
89390cb02abffff,0.0,0.0,0.0
89390cb1a23ffff,9.222090533649034,0.0,18.444181067298068
89390cb0837ffff,0.0,0.0,55.38770225210445
89390cbab0fffff,18.43503123919958,0.0,55.30509371759874
89390cb52bbffff,0.0,0.0,0.0
89390ca367bffff,0.0,0.0,9.220566434710108
89390cb0dcfffff,0.0,0.0,147.6885606174967
89390ca2e43ffff,9.235839038740192,0.0,46.179195193700956
89390cb5437ffff,0.0,0.0,18.476849208266746
89390cb09b3ffff,0.0,0.0,0.0
89390cb85c7ffff,0.0,0.0,0.0
89390ca260bffff,0.0,9.227688943369165,387.56293562150495
89390cb1d0fffff,0.0,9.22464783371013,92.24647833710131
89390cb23cbffff,0.0,0.0,0.0
89390cb017bffff,0.0,0.0,36.89664149298086
89390ca2cc7ffff,0.0,0.0,0.0
89390ca065bffff,0.0,0.0,9.228202069632669
89390cb14d7ffff,0.0,0.0,0.0
89390ca354bffff,9.224887263435766,0.0,73.79909810748613
89390cb0c53ffff,0.0,0.0,0.0
89390cb56d7ffff,0.0,0.0,18.46815656910165
89390ca312fffff,0.0,0.0,64.60629232994606
89390cb2833ffff,0.0,0.0,0.0
89390ca2d13ffff,0.0,0.0,18.483934181863336
89390cb5307ffff,0.0,0.0,0.0
89390cb0467ffff,0.0,0.0,0.0
89390ca24dbffff,0.0,0.0,18.45590222922071
89390ca052bffff,0.0,0.0,0.0
89390cba8afffff,0.0,9.21675101566639,46.08375507833195
89390ca341bffff,0.0,0.0,92.22089054888683
89390cb726bffff,0.0,0.0,0.0
89390ca010fffff,0.0,0.0,0.0
89390cb0b6fffff,0.0,0.0,18.464059308971567
89390cb1ecbffff,0.0,0.0,0.0
89390cb0337ffff,0.0,0.0,46.120760662128674
89390ca23abffff,0.0,0.0,0.0
89390cb1aafffff,0.0,18.444183107347605,350.4394790396045
89390cbab9bffff,0.0,0.0,9.216497675210446
89390cb0e5bffff,9.224657479365064,0.0,147.59451966984102
89390ca2ecfffff,0.0,0.0,0.0
89390cb54c3ffff,0.0,0.0,0.0
89390ca2ab3ffff,0.0,0.0,0.0
89390cb50a7ffff,0.0,0.0,0.0
89390ca2697ffff,9.227947094906982,9.227947094906982,276.83841284720944
89390cb1d9bffff,0.0,9.22363593874464,73.78908750995711
89390cb0207ffff,0.0,0.0,0.0
89390ca227bffff,0.0,0.0,18.45893800954244
89390cb1563ffff,0.0,0.0,9.21575395726578
89390ca35d7ffff,0.0,9.225142042072825,442.80681801949567
89390cb1147ffff,0.0,0.0,0.0
89390ca31bbffff,18.456901441956635,0.0,193.79746514054466
89390cb148bffff,0.0,0.0,9.211443891581315
89390cb7343ffff,0.0,0.0,0.0
89390cb0d2bffff,0.0,0.0,0.0
89390cba993ffff,9.218530266619277,0.0,92.18530266619278
89390cb5393ffff,9.23993733058715,0.0,36.9597493223486
89390cb090fffff,0.0,0.0,0.0
89390ca2567ffff,0.0,0.0,0.0
89390cb1c6bffff,0.0,0.0,0.0
89390ca060fffff,0.0,0.0,0.0
89390cb00d7ffff,0.0,0.0,0.0
89390ca214bffff,0.0,0.0,27.701405111023476
89390cbad57ffff,0.0,0.0,0.0
89390cb184fffff,0.0,0.0,0.0
89390ca05b7ffff,0.0,0.0,9.236348775552797
89390cba93bffff,0.0,36.87920283808351,46.09900354760438
89390cb1433ffff,0.0,0.0,18.425928369964485
89390ca34a7ffff,36.896497064239085,110.68949119271726,378.1890949084506
89390cb2babffff,0.0,0.0,0.0
89390ca019bffff,0.0,0.0,0.0
89390cb8da7ffff,0.0,0.0,0.0
89390ca308bffff,0.0,27.67160997146847,36.89547996195796
89390cb18a7ffff,18.448267471562936,0.0,110.68960482937761
89390cb898bffff,0.0,0.0,82.98288602752464
89390ca2c6fffff,0.0,0.0,0.0
89390cbadafffff,0.0,0.0,0.0
89390ca21a3ffff,0.0,0.0,83.12489715478429
89390cb5263ffff,0.0,0.0,0.0
89390ca2853ffff,0.0,0.0,0.0
89390cb012fffff,0.0,0.0,0.0
89390cb03c3ffff,0.0,0.0,0.0
89390ca2437ffff,9.231261469472546,0.0,27.69378440841764
89390cb1b3bffff,9.225143498998378,55.35086099399027,156.8274394829724
89390ca201bffff,0.0,0.0,83.0790038330128
89390cbac27ffff,0.0,0.0,0.0
89390ca0487ffff,0.0,0.0,27.69528401008937
89390cba80bffff,0.0,0.0,0.0
89390ca3377ffff,0.0,0.0,0.0
89390ca006bffff,0.0,0.0,0.0
89390cb554fffff,0.0,0.0,0.0
89390cb0acbffff,36.90572500454781,0.0,341.3779562920672
89390cb1e27ffff,9.22082354137945,9.22082354137945,9.22082354137945
89390cb1cc3ffff,0.0,0.0,0.0
89390ca2307ffff,0.0,0.0,0.0
89390cb1a0bffff,0.0,9.2205646922878,82.98508223059021
89390ca3663ffff,0.0,0.0,119.87397321625691
89390cb054bffff,0.0,0.0,0.0
89390cb11d3ffff,0.0,0.0,0.0
89390ca3247ffff,0.0,0.0,46.110483541290954
89390ca0e47ffff,0.0,0.0,0.0
89390ca16b3ffff,0.0,0.0,0.0
89390cb099bffff,0.0,0.0,0.0
89390cb5003ffff,0.0,0.0,0.0
89390cb0163ffff,0.0,0.0,0.0
89390ca21d7ffff,0.0,0.0,64.63841994350827
89390cb18dbffff,0.0,0.0,0.0
89390ca0643ffff,0.0,0.0,0.0
89390cba9c7ffff,9.218275658813306,0.0,36.873102635253225
89390ca3533ffff,9.227177762037375,27.681533286112124,129.18048866852325
89390cb2c37ffff,0.0,0.0,0.0
89390ca0227ffff,0.0,0.0,0.0
89390cb10a3ffff,0.0,0.0,0.0
89390ca3117ffff,18.456392689994708,0.0,73.82557075997883
89390cb0c87ffff,0.0,0.0,18.456498903338307
89390cb086bffff,0.0,0.0,27.689241483747125
89390ca24c3ffff,27.685381343421138,83.05614403026341,304.53919477763253
89390cb1bc7ffff,129.13065024246455,55.34170724677052,839.3492265760195
89390cb0033ffff,0.0,0.0,0.0
89390ca20a7ffff,64.63128301882391,9.233040431260559,120.02952560638725
89390ca0513ffff,0.0,0.0,0.0
89390ca1c8bffff,0.0,0.0,0.0
89390cba897ffff,0.0,0.0,0.0
89390ca3403ffff,0.0,0.0,119.89377025366042
89390cb2b07ffff,0.0,0.0,0.0
89390ca1453ffff,0.0,0.0,0.0
89390cb55dbffff,0.0,0.0,0.0
89390cb0b57ffff,0.0,0.0,9.230759780760087
89390ca764fffff,0.0,0.0,0.0
89390ca2bcbffff,0.0,0.0,18.481369776899356
89390cb1eb3ffff,0.0,0.0,0.0
89390ca2393ffff,0.0,0.0,18.46556455428507
89390cb1a97ffff,0.0,9.220821905665442,55.32493143399265
89390cb0d83ffff,0.0,0.0,0.0
89390cbab83ffff,0.0,0.0,0.0
89390ca32d3ffff,0.0,0.0,0.0
89390cb29d7ffff,0.0,0.0,0.0
89390cb0e43ffff,0.0,0.0,83.026499390174
89390ca2eb7ffff,0.0,0.0,0.0
89390cb54abffff,0.0,0.0,9.237661253652313
89390cb0a27ffff,0.0,0.0,36.91896259044771
89390ca2a9bffff,0.0,0.0,9.237878777750513
89390cb1d83ffff,0.0,0.0,18.448289891762162
89390ca2263ffff,9.229978324737282,0.0,36.919913298949126
89390cbae6fffff,0.0,0.0,0.0
89390cb1967ffff,18.453857281020625,18.453857281020625,405.98486018245376
89390ca06cfffff,0.0,0.0,9.228709503694457
89390cbaa53ffff,0.0,0.0,0.0
89390cb154bffff,0.0,0.0,0.0
89390ca3213ffff,0.0,0.0,0.0
89390cb112fffff,0.0,0.0,0.0
89390ca31a3ffff,9.228959928696181,0.0,258.41087800349305
89390cb28a7ffff,0.0,0.0,0.0
89390cb0d13ffff,0.0,0.0,83.08171995405468
89390ca2d87ffff,0.0,0.0,0.0
89390cb537bffff,0.0,0.0,36.96073352326577
89390ca254fffff,0.0,0.0,55.39519495505789
89390cb1c53ffff,0.0,0.0,0.0
89390ca2133ffff,9.236098056105305,9.236098056105305,138.54147084157958
89390cb1837ffff,18.448263184476232,9.224131592238116,212.15502662147665
89390ca0323ffff,0.0,0.0,0.0
89390cba923ffff,0.0,0.0,18.44061828819789
89390ca348fffff,9.22259795842917,9.22259795842917,184.4519591685834
89390cb2b93ffff,0.0,0.0,0.0
89390ca3073ffff,0.0,0.0,73.79504211925247
89390cb8973ffff,0.0,0.0,9.220834422210523
89390ca362fffff,0.0,0.0,0.0
89390cb5667ffff,0.0,0.0,0.0
89390ca76dbffff,0.0,0.0,0.0
89390ca2c57ffff,0.0,0.0,0.0
89390cb235bffff,0.0,0.0,0.0
89390cb524bffff,0.0,0.0,9.235591563713617
89390ca0ca7ffff,0.0,0.0,0.0
89390cb03abffff,0.0,0.0,18.446781071669758
89390cb1b23ffff,9.225652492818769,9.225652492818769,295.2208797702006
89390ca2003ffff,0.0,0.0,83.08358977440459
89390ca046fffff,0.0,0.0,27.696054097925355
89390cb2a63ffff,0.0,0.0,0.0
89390ca0053ffff,0.0,0.0,0.0
89390cb0ecfffff,0.0,36.90068143468093,36.90068143468093
89390cb0ab3ffff,0.0,0.0,0.0
89390cb222bffff,0.0,0.0,0.0
89390cb1e0fffff,0.0,0.0,0.0
89390cb027bffff,0.0,0.0,0.0
89390ca364bffff,0.0,0.0,0.0
89390cb11bbffff,0.0,0.0,0.0
89390ca322fffff,9.224131068641352,0.0,64.56891748048946
89390cb19d7ffff,0.0,9.22515175405546,378.23122191627385
89390ca169bffff,0.0,0.0,0.0
89390ca22d3ffff,0.0,0.0,92.28196510418744
89390ca2e13ffff,0.0,0.0,0.0
89390cb5407ffff,0.0,0.0,110.84884686524109
89390cb0983ffff,0.0,0.0,0.0
89390cb0567ffff,0.0,0.0,0.0
89390ca25dbffff,0.0,9.231517444720788,120.00972678137025
89390cb014bffff,0.0,0.0,0.0
89390cbadcbffff,0.0,0.0,0.0
89390cb18c3ffff,0.0,0.0,18.44266821692474
89390ca062bffff,0.0,0.0,0.0
89390cba9afffff,0.0,0.0,0.0
89390ca351bffff,0.0,0.0,18.451301302006307
89390cb2803ffff,0.0,0.0,0.0
89390ca156bffff,0.0,0.0,0.0
89390cb0c6fffff,0.0,0.0,92.28487209964335
89390cb52d7ffff,0.0,0.0,0.0
89390cb0853ffff,0.0,0.0,18.45695787537583
89390cb0437ffff,0.0,0.0,0.0
89390ca24abffff,0.0,9.230498255582482,46.15249127791241
89390cb1bafffff,27.67696090192021,27.67696090192021,332.12353082304253
89390cb001bffff,0.0,0.0,0.0
89390ca208fffff,18.463022893798435,0.0,276.9453434069765
89390cb1377ffff,0.0,0.0,0.0
89390ca143bffff,0.0,0.0,0.0
89390cb1e9bffff,0.0,0.0,0.0
89390cb0307ffff,0.0,0.0,0.0
89390ca237bffff,0.0,0.0,9.233035242887581
89390cbab6bffff,0.0,0.0,0.0
89390ca36d7ffff,0.0,18.439602921005292,285.813845275582
89390ca32bbffff,0.0,0.0,36.892441470875625
89390cba333ffff,0.0,0.0,0.0
89390ca2b0bffff,0.0,0.0,0.0
89390cb0e2bffff,0.0,0.0,0.0
89390cb5493ffff,0.0,0.0,0.0
89390cb0a0fffff,0.0,18.456424608753544,0.0
89390cb0a97ffff,0.0,0.0,138.41948665755515
89390ca2a83ffff,0.0,0.0,0.0
89390cb551bffff,0.0,0.0,0.0
89390cb5077ffff,0.0,0.0,0.0
89390ca2667ffff,0.0,0.0,55.372238834687586
89390cb1d6bffff,18.448778794976317,27.673168192464473,129.1414515648342
89390cb01d7ffff,0.0,0.0,0.0
89390ca224bffff,9.228450507386762,0.0,166.1121091329617
89390cb194fffff,46.127006576927144,9.225401315385428,295.2128420923337
89390ca06b7ffff,0.0,0.0,0.0
89390cb1533ffff,0.0,0.0,0.0
89390ca35a7ffff,9.227687313517926,0.0,18.45537462703585
89390cb1117ffff,0.0,0.0,9.217528585860011
89390ca318bffff,0.0,9.227432448281746,36.909729793126985
89390cb288fffff,0.0,0.0,0.0
89390cb5363ffff,0.0,0.0,18.481387641191187
89390cb0eb3ffff,0.0,0.0,0.0
89390ca2537ffff,0.0,0.0,18.469659804247406
89390cb1c3bffff,0.0,0.0,0.0
89390cb00a7ffff,0.0,0.0,9.222390445052213
89390ca211bffff,9.234568267725216,0.0,36.93827307090086
89390cbad27ffff,0.0,0.0,0.0
89390ca0587ffff,46.17664505934732,36.94131604747786,101.58861913056411
89390cba90bffff,9.218783982867365,0.0,156.7193277087452
89390ca3477ffff,18.446212831819985,9.223106415909992,46.115532079549965
89390ca0037ffff,0.0,0.0,9.234822485363512
89390cb2b7bffff,0.0,9.229526143386023,9.229526143386023
89390ca016bffff,0.0,0.0,18.473729377106068
89390ca305bffff,0.0,0.0,0.0
89390ca14c7ffff,0.0,0.0,46.11813426405806
89390cb564fffff,0.0,0.0,18.468650454376046
89390cb0bcbffff,0.0,0.0,9.229996946923833
89390ca76c3ffff,0.0,0.0,0.0
89390ca3343ffff,0.0,0.0,0.0
89390ca10abffff,0.0,0.0,0.0
89390cb5233ffff,0.0,0.0,9.23789041327615
89390ca2407ffff,9.23024234525266,0.0,0.0
89390cb1b0bffff,36.89650261545682,27.67237696159261,525.7751622702596
89390ca0457ffff,0.0,0.0,156.92263487322558
89390ca3347ffff,0.0,0.0,0.0
89390ca003bffff,0.0,0.0,46.17029346115516
89390cb0eb7ffff,0.0,0.0,18.454936627578775
89390ca0453ffff,0.0,0.0,83.07210491807189
89390cb0a9bffff,0.0,9.227199986804319,101.4991998548475
89390ca2b0fffff,0.0,0.0,0.0
89390cb2213ffff,0.0,0.0,0.0
89390ca22d7ffff,0.0,0.0,27.686117264362466
89390cb19dbffff,0.0,0.0,0.0
89390ca3633ffff,9.221836047224974,18.443672094449948,92.21836047224974
89390cb11a3ffff,0.0,0.0,0.0
89390ca3217ffff,9.222856823217494,0.0,0.0
89390cb0d87ffff,0.0,0.0,9.23181734501505
89390cb096bffff,9.233315202221691,9.233315202221691,36.933260808886764
89390cb054fffff,0.0,0.0,0.0
89390ca25c3ffff,0.0,0.0,64.62418977385423
89390cb1cc7ffff,0.0,0.0,0.0
89390cb0133ffff,0.0,0.0,18.450880420423562
89390ca21a7ffff,0.0,0.0,18.473219451575897
89390cbadb3ffff,0.0,0.0,0.0
89390cb18abffff,9.223369255144043,0.0,175.2440158477368
89390ca0613ffff,0.0,0.0,0.0
89390cba997ffff,9.219038625597674,9.219038625597674,230.47596563994185
89390cb148fffff,0.0,0.0,0.0
89390ca3503ffff,0.0,9.226159640452291,46.13079820226146
89390cb726fffff,0.0,0.0,0.0
89390ca1553ffff,0.0,0.0,0.0
89390cb56dbffff,0.0,9.233311692140758,64.6331818449853
89390cb0c57ffff,0.0,0.0,9.227220450585833
89390ca2ccbffff,0.0,0.0,0.0
89390cb1b07ffff,322.87113405632306,18.449779088932747,1245.3600885029603
89390cb083bffff,0.0,0.0,18.46103432338937
89390ca2493ffff,0.0,0.0,110.750739699492
89390cb1b97ffff,9.224383336233096,18.448766672466192,433.5460168029555
89390ca2403ffff,18.45946570885936,0.0,156.90545852530454
89390cb0003ffff,0.0,0.0,0.0
89390ca2077ffff,0.0,0.0,27.696055037744674
89390cb038fffff,0.0,0.0,9.222629086001849
89390cba867ffff,0.0,0.0,0.0
89390ca0c8bffff,0.0,0.0,0.0
89390ca33d3ffff,0.0,0.0,9.224636455230934
89390ca00c7ffff,0.0,0.0,9.23252865122007
89390ca1423ffff,0.0,0.0,0.0
89390cb0b27ffff,0.0,0.0,27.69992533708122
89390ca2b9bffff,0.0,0.0,0.0
89390cb1e83ffff,0.0,0.0,0.0
89390ca2363ffff,0.0,0.0,18.467089791252743
89390cb1a67ffff,0.0,9.221581133177521,55.32948679906512
89390cbab53ffff,9.215991423172744,0.0,64.51193996220921
89390ca03b3ffff,0.0,0.0,9.235845071583467
89390ca32a3ffff,0.0,0.0,27.670857047998695
89390cb0e13ffff,0.0,0.0,55.35561686893823
89390ca2e87ffff,0.0,0.0,46.18557809527524
89390cb547bffff,0.0,0.0,0.0
89390ca0ed7ffff,0.0,0.0,0.0
89390cb522fffff,27.715194899826052,9.238398299942016,55.430389799652104
89390ca264fffff,0.0,0.0,101.4989671305139
89390cb1d53ffff,0.0,0.0,0.0
89390ca2233ffff,92.3074268434453,0.0,203.07633905557967
89390cb1937ffff,9.227695366467948,0.0,203.00929806229485
89392b4d377ffff,0.0,0.0,0.0
89390cbaa23ffff,0.0,0.0,27.6449265887781
89390cb151bffff,0.0,0.0,9.214996647557747
89390ca358fffff,0.0,0.0,0.0
89390ca3173ffff,0.0,9.227942813488367,64.59559969441857
89390cb2877ffff,0.0,0.0,0.0
89390cb534bffff,0.0,0.0,341.8490178298729
89390cb08c7ffff,0.0,0.0,0.0
89390cb04abffff,0.0,0.0,9.219862023806602
89390cb1c23ffff,0.0,0.0,0.0
89390cb008fffff,0.0,0.0,0.0
89390cb0bc7ffff,9.230762940463345,9.230762940463345,55.384577642780066
89390cb564bffff,18.46763064260998,0.0,203.14393706870976
89390ca2103ffff,0.0,0.0,18.470156299281513
89390ca14c3ffff,0.0,0.0,27.669354820305802
89390cbad0fffff,0.0,0.0,0.0
89390cb1807ffff,9.223113798690784,0.0,166.0160483764341
89390ca056fffff,0.0,0.0,0.0
89390cb5e6fffff,0.0,0.0,0.0
89390ca0153ffff,0.0,0.0,0.0
89390cb8957ffff,0.0,9.220070533371262,9.220070533371262
89390ca3043ffff,0.0,0.0,0.0
89390cb8943ffff,0.0,0.0,9.219817885082012
89390ca14afffff,0.0,0.0,0.0
89390cb0bb3ffff,0.0,0.0,9.232295524181282
89390cb8527ffff,0.0,0.0,0.0
89390cb521bffff,0.0,0.0,9.236359943653248
89390ca3057ffff,0.0,0.0,0.0
89390cb037bffff,0.0,0.0,0.0
89390cb326bffff,0.0,0.0,0.0
89390ca332fffff,0.0,0.0,36.91077211278112
89390ca0023ffff,0.0,0.0,36.93827334566384
89390cba3a7ffff,0.0,0.0,0.0
89390cb0a83ffff,0.0,0.0,110.7325119197464
89390ca26dbffff,0.0,27.678488077807717,156.84476577424374
89390cb024bffff,0.0,0.0,0.0
89390cb19c3ffff,64.574272797597,0.0,239.84729896250317
89390cbaaafffff,0.0,0.0,27.64492338934241
89390ca361bffff,0.0,0.0,0.0
89390ca3473ffff,18.445195457404893,27.66779318610734,212.11974776015626
89390cb118bffff,0.0,0.0,0.0
89390cb0d6fffff,0.0,0.0,64.62438390895304
89390cb53d7ffff,0.0,0.0,83.15481576990007
89390cb0953ffff,0.0,0.0,9.232046328800763
89390cb0537ffff,0.0,0.0,0.0
89390ca25abffff,0.0,0.0,0.0
89390cba907ffff,0.0,9.219546482742922,55.31727889645753
89390cb1cafffff,0.0,0.0,0.0
89390ca218fffff,0.0,0.0,101.58587717054044
89390cbad9bffff,0.0,0.0,0.0
89390cb1893ffff,0.0,0.0,27.666301822101158
89390ca0583ffff,0.0,0.0,0.0
89390ca1d73ffff,0.0,0.0,0.0
89390ca30cfffff,0.0,0.0,64.56353335547136
89390cb7257ffff,0.0,0.0,0.0
89390cb89cfffff,0.0,0.0,0.0
89390cb56c3ffff,9.233821585157267,0.0,64.63675109610088
89390ca2cb3ffff,0.0,0.0,18.478833550741992
89390cb85b3ffff,0.0,0.0,0.0
89390cb52a7ffff,0.0,0.0,0.0
89390cb0823ffff,0.0,0.0,9.231026836545196
89390cb0407ffff,0.0,0.0,0.0
89390ca247bffff,0.0,9.229475132942891,46.14737566471446
89390cb181bffff,0.0,0.0,9.222096195144742
89390ca04cbffff,18.459957823935756,0.0,156.90964150345394
89390cba84fffff,0.0,0.0,27.644158176394843
89390cbad23ffff,0.0,0.0,0.0
89390ca2117ffff,0.0,0.0,9.235333876367212
89390ca33bbffff,0.0,0.0,0.0
89390ca00afffff,0.0,0.0,9.234567011764808
89390cb8cbbffff,0.0,0.0,0.0
89390ca140bffff,0.0,0.0,0.0
89390cb0b0fffff,0.0,0.0,9.23177910416024
89390ca2b83ffff,0.0,0.0,0.0
89390cb2287ffff,0.0,0.0,0.0
89390cb1e6bffff,0.0,0.0,0.0
89390ca234bffff,0.0,0.0,36.92806432005449
89390cb1a4fffff,0.0,18.440110972357985,147.52088777886388
89390cbab3bffff,0.0,0.0,138.27035670049042
89390ca36a7ffff,83.00109541942479,9.222343935491644,359.6714134841741
89390cb1c37ffff,0.0,0.0,0.0
89390ca039bffff,0.0,0.0,0.0
89390ca2533ffff,0.0,0.0,0.0
89390ca328bffff,0.0,0.0,18.444186427003665
89390ca2e6fffff,0.0,0.0,18.47473745892766
89390cb5463ffff,0.0,0.0,46.18571303980426
89390ca2a53ffff,0.0,0.0,0.0
89390cb5047ffff,0.0,0.0,0.0
89390ca2637ffff,0.0,18.458944127819873,129.2126088947391
89390cb1d3bffff,18.450313802371674,0.0,193.72829492490257
89390cb01a7ffff,0.0,0.0,9.225954451150885
89390ca221bffff,9.229214575318748,0.0,36.91685830127499
89390cbae27ffff,0.0,0.0,0.0
89390cbaa0bffff,0.0,18.426904090510273,9.213452045255137
89390cb1503ffff,0.0,0.0,0.0
89390ca3577ffff,0.0,0.0,0.0
89390ca315bffff,0.0,0.0,18.45283144377672
89390cb0ccbffff,0.0,0.0,36.90583518255148
89390cb08afffff,0.0,0.0,55.38618556554344
89390cb08dbffff,0.0,0.0,64.59581441278213
89390cb0493ffff,0.0,18.43719790520375,9.218598952601875
89390ca2507ffff,0.0,0.0,0.0
89390cb1c0bffff,0.0,0.0,0.0
89390cb0077ffff,0.0,0.0,9.221363217461759
89390cba8dbffff,0.0,0.0,0.0
89390cb5e57ffff,0.0,0.0,0.0
89390ca3447ffff,0.0,9.222089089046435,73.77671271237148
89390cb2b4bffff,0.0,0.0,0.0
89390ca013bffff,0.0,0.0,0.0
89390ca18b3ffff,0.0,0.0,0.0
89390ca302bffff,0.0,0.0,0.0
89390cb892bffff,0.0,9.221851149342875,9.221851149342875
89390ca1497ffff,0.0,9.224386416696365,119.91702341705276
89390cb0b9bffff,0.0,0.0,0.0
89390ca2c0fffff,0.0,0.0,0.0
89390cb5203ffff,0.0,0.0,0.0
89390cb0363ffff,0.0,0.0,0.0
89390ca23d7ffff,0.0,0.0,0.0
89390cb1adbffff,0.0,0.0,0.0
89390cbabc7ffff,0.0,0.0,27.649495279309644
89390ca0427ffff,0.0,0.0,0.0
89390ca3317ffff,0.0,0.0,0.0
89390cb2a1bffff,0.0,0.0,0.0
89390ca000bffff,0.0,0.0,55.39823727873518
89390cba38fffff,0.0,0.0,0.0
89390cb0e87ffff,0.0,0.0,0.0
89390cb0a6bffff,9.227953519843899,9.227953519843899,83.05158167859508
89390cb50d3ffff,0.0,0.0,0.0
89390ca26c3ffff,18.453343597578918,9.226671798789459,341.38685655521
89390cb1dc7ffff,0.0,0.0,27.67089827456282
89390cb0233ffff,0.0,0.0,0.0
89390cb288bffff,0.0,0.0,0.0
89390ca22a7ffff,0.0,0.0,0.0
89390cb19abffff,27.680797772844535,0.0,36.907730363792716
89390ca3187ffff,27.68458797267881,9.228195990892937,249.1612917541093
89390cbaa97ffff,0.0,0.0,73.70962919670318
89390ca3603ffff,0.0,0.0,0.0
89390cb1113ffff,0.0,0.0,0.0
89390cb1173ffff,0.0,0.0,0.0
89390cb0d57ffff,0.0,0.0,36.92314974044159
89390ca2dcbffff,0.0,0.0,0.0
89390cb093bffff,0.0,0.0,0.0
89390ca2593ffff,0.0,0.0,27.69838695676568
89390ca0297ffff,0.0,0.0,0.0
89390cb0103ffff,0.0,0.0,0.0
89390ca2177ffff,0.0,0.0,0.0
89390cbad83ffff,0.0,0.0,0.0
89390cb187bffff,0.0,9.222347947984495,249.0033945955814
89390cba967ffff,18.439601906506866,9.219800953253433,276.59402859760297
89390cb2ca7ffff,0.0,0.0,0.0
89390ca34d3ffff,9.221072078304497,0.0,36.884288313217986
89390ca35a3ffff,0.0,0.0,18.45435632839875
89390cb2bd7ffff,0.0,0.0,9.228776187824797
89390ca01c7ffff,0.0,0.0,0.0
89390cb5ac7ffff,0.0,0.0,9.245031286497207
89390ca30b7ffff,0.0,9.22565074106316,0.0
89390cb152fffff,0.0,0.0,0.0
89390cb89b7ffff,9.222098850911209,0.0,18.444197701822418
89390cbaa37ffff,0.0,0.0,9.215228923290363
89390cb0c27ffff,0.0,0.0,0.0
89390ca2c9bffff,0.0,0.0,9.237885981650454
89390cb528fffff,0.0,0.0,0.0
89390cb080bffff,0.0,0.0,18.458995909150786
89390ca2463ffff,0.0,0.0,27.689953722070726
89390cb1b67ffff,46.125713193756646,73.80114111001063,479.70741721506914
89390ca2047ffff,0.0,0.0,0.0
89390ca04b3ffff,0.0,0.0,0.0
89390cba837ffff,9.217005097793061,0.0,175.12309685806818
89390ca33a3ffff,0.0,0.0,0.0
89390ca0097ffff,0.0,0.0,0.0
89390ca2b6bffff,0.0,0.0,0.0
89390cb194bffff,83.02403071806401,46.124461510035566,571.943322724441
89390cb226fffff,0.0,0.0,9.2178329841185
89390ca2247ffff,0.0,0.0,18.4584287351509
89390cb1e53ffff,0.0,0.0,0.0
89390ca2333ffff,0.0,0.0,0.0
89390cb01d3ffff,0.0,0.0,0.0
89390cb1a37ffff,0.0,0.0,0.0
89390cbab23ffff,0.0,0.0,0.0
89390ca368fffff,0.0,0.0,18.441636616038025
89390ca0383ffff,0.0,0.0,27.70447693428251
89390ca3273ffff,9.22260522706502,0.0,18.44521045413004
89390ca2e57ffff,0.0,0.0,0.0
89390cb544bffff,0.0,0.0,0.0
89390cb09c7ffff,0.0,9.232560289456488,55.39536173673893
89390cb502fffff,0.0,0.0,27.72058241542515
89390cb05abffff,0.0,0.0,0.0
89390cb1d23ffff,27.676998048783023,9.225666016261007,341.3496426016573
89390cb1d67ffff,9.225154195830873,27.675462587492618,285.97978007075704
89390ca2203ffff,0.0,0.0,9.229723897477616
89390ca2663ffff,9.228197210839667,0.0,267.61771911435034
89390cb1907ffff,18.453353815280657,0.0,9.226676907640329
89390ca3143ffff,0.0,0.0,92.26924704885332
89390cb2847ffff,0.0,0.0,0.0
89390cb0cb3ffff,0.0,0.0,0.0
89390cb531bffff,0.0,0.0,110.87918046487607
89390cb0897ffff,0.0,0.0,0.0
89390cb047bffff,0.0,0.0,0.0
89390ca20d3ffff,64.60988023261935,18.459965780748384,175.36967491710965
89390cba8c3ffff,0.0,0.0,0.0
89390ca342fffff,18.44824786536707,9.224123932683534,230.60309831708835
89390ca0123ffff,0.0,0.0,0.0
89390cb8d2fffff,0.0,0.0,0.0
89390ca3013ffff,0.0,0.0,36.896498614453286
89390cb8913ffff,0.0,0.0,101.42633697919545
89390cb5607ffff,0.0,0.0,0.0
89390cb0b83ffff,0.0,0.0,55.38765621836338
89390ca767bffff,0.0,0.0,0.0
89390cb0a0bffff,18.455405903392023,9.227702951696012,175.3263560822242
89390cb548fffff,0.0,0.0,0.0
89390cb1ac3ffff,0.0,0.0,0.0
89390cbabafffff,0.0,0.0,0.0
89390ca040fffff,0.0,0.0,0.0
89390cb2a03ffff,0.0,0.0,0.0
89390cb0e6fffff,0.0,0.0,36.906762778026575
89390cb54d7ffff,0.0,0.0,0.0
89390cb0a53ffff,36.906737555669665,0.0,138.40026583376124
89390ca2ac7ffff,0.0,0.0,0.0
89390cb50bbffff,0.0,0.0,0.0
89390ca26abffff,0.0,18.457417397550728,424.5206001436667
89390cb1dafffff,9.225669002568765,18.45133800513753,83.03102102311888
89390ca228fffff,9.229724386132027,0.0,18.459448772264054
89390cb1993ffff,9.22566329356996,9.22566329356996,221.41591904567903
89390ca2e9bffff,9.236095591608517,0.0,83.12486032447666
89390cb1577ffff,0.0,0.0,0.0
89390cb115bffff,0.0,0.0,0.0
89390ca31cfffff,27.68077173669735,0.0,166.08463042018408
89390cb0e27ffff,0.0,0.0,18.455939001126
89390cba32fffff,0.0,0.0,0.0
89390ca2db3ffff,0.0,0.0,9.24299029262341
89390cb53a7ffff,0.0,0.0,0.0
89390cb0923ffff,0.0,0.0,0.0
89390cb0507ffff,0.0,0.0,0.0
89390ca257bffff,0.0,0.0,55.39825331300473
89390cb8bb7ffff,0.0,0.0,0.0
89390cbad6bffff,18.43451875903288,0.0,27.65177813854932
89390cb1863ffff,0.0,0.0,239.7942748185506
89390ca05cbffff,0.0,0.0,0.0
89390cba94fffff,18.436551972660446,18.436551972660446,359.5127634668787
89390ca1d43ffff,0.0,0.0,0.0
89390ca34bbffff,9.223106680156562,9.223106680156562,147.569706882505
89390ca32b7ffff,18.447745358542484,0.0,119.91034483052614
89390cb5693ffff,0.0,0.0,0.0
89390cb0c0fffff,0.0,0.0,55.36943610800662
89390ca2c83ffff,0.0,0.0,9.238396198645011
89390cb5277ffff,9.237377878818531,0.0,0.0
89390cb03d7ffff,0.0,0.0,9.22161130022015
89390ca244bffff,0.0,27.685369180292046,166.11221508175225
89390cb1b4fffff,18.44723198828339,18.44723198828339,590.3114236250685
89390ca202fffff,0.0,0.0,27.699112941624257
89390ca049bffff,0.0,0.0,0.0
89390ca338bffff,0.0,0.0,0.0
89390cb2a8fffff,0.0,0.0,0.0
89390ca2b53ffff,0.0,0.0,0.0
89390cb5147ffff,0.0,0.0,0.0
89390ca36d3ffff,0.0,0.0,27.657879323900225
89390cb1e3bffff,0.0,0.0,0.0
89390cb02a7ffff,0.0,0.0,0.0
89390ca231bffff,0.0,0.0,46.16390414303725
89390cbab0bffff,0.0,0.0,64.51905254662465
89390ca3677ffff,0.0,0.0,0.0
89390cbab67ffff,0.0,0.0,18.436050013100015
89390ca325bffff,0.0,0.0,0.0
89390cb0dcbffff,0.0,0.0,9.23002534177185
89390cb5433ffff,0.0,0.0,18.47582846194612
89390cb09afffff,0.0,0.0,0.0
89390ca2607ffff,9.228453393584884,9.228453393584884,359.90968234981045
89390cb1d0bffff,0.0,0.0,92.24138813718099
89390cb0177ffff,0.0,0.0,18.449852630389696
89390ca0657ffff,0.0,0.0,0.0
89390cba9dbffff,18.43451836521769,0.0,18.43451836521769
89390cb14d3ffff,0.0,0.0,0.0
89390ca3547ffff,0.0,0.0,27.67695169269422
89390cb1a7bffff,0.0,27.661691962974583,36.882255950632775
89390cb10b7ffff,0.0,0.0,0.0
89390ca2377ffff,0.0,0.0,0.0
89390ca312bffff,0.0,0.0,64.60272778566761
89390ca1597ffff,0.0,0.0,0.0
89390cb0303ffff,0.0,0.0,0.0
89390cb0c9bffff,0.0,0.0,0.0
89390cb5303ffff,18.480884294749938,0.0,27.721326442124905
89390cb0463ffff,0.0,0.0,0.0
89390ca24d7ffff,0.0,18.45743262954098,27.686148944311466
89390cb1bdbffff,9.22260027976591,0.0,138.33900419648864
89390cb0047ffff,0.0,0.0,9.220345617136093
89390ca20bbffff,83.08818954746386,9.232021060829316,470.83307410229514
89390ca0527ffff,0.0,0.0,0.0
89390cba8abffff,27.648728688667,0.0,73.72994316977866
89390cb13a3ffff,0.0,0.0,0.0
89390ca3417ffff,0.0,0.0,166.01133875028796
89390cb2b1bffff,0.0,0.0,0.0
89390ca010bffff,0.0,0.0,0.0
89390cb1e97ffff,0.0,0.0,0.0
89390cb0b6bffff,0.0,0.0,9.231519971256432
89390ca7663ffff,0.0,0.0,0.0
89390cb51d3ffff,0.0,0.0,0.0
89390cb1ec7ffff,0.0,0.0,0.0
89390cb0333ffff,0.0,0.0,18.447286181127502
89390ca23a7ffff,0.0,0.0,46.17410197543537
89390cb1aabffff,0.0,0.0,0.0
89390cbab97ffff,0.0,0.0,18.43451915829937
89390cb0e57ffff,9.225423027781694,18.45084605556339,193.7338835834156
89390ca2ecbffff,0.0,0.0,0.0
89390cb0a3bffff,0.0,0.0,36.914886818242536
89390cb50a3ffff,0.0,0.0,0.0
89390ca2693ffff,9.227437843965374,9.227437843965374,295.278011006892
89390cb1d97ffff,18.448802338854165,0.0,36.89760467770833
89390ca2277ffff,9.230233024821711,0.0,27.690699074465133
89390cb197bffff,27.677731128780025,9.225910376260009,230.6477594065002
89390cb22b3ffff,0.0,0.0,0.0
89390cbaa67ffff,0.0,0.0,0.0
89390ca35d3ffff,0.0,73.7970650425469,202.94192886700398
89390cb1143ffff,0.0,0.0,0.0
89390ca31b7ffff,0.0,0.0,0.0
89390cb28bbffff,0.0,0.0,9.22854438899403
89390cb0b3bffff,0.0,18.46457767416381,36.92915534832762
89390ca2d9bffff,0.0,0.0,27.724375499203198
89390cb538fffff,0.0,0.0,0.0
89390ca1437ffff,0.0,0.0,0.0
89390cb090bffff,0.0,0.0,0.0
89390ca2563ffff,0.0,0.0,0.0
89390cb1c67ffff,0.0,0.0,0.0
89390cb00d3ffff,0.0,0.0,0.0
89390ca2147ffff,0.0,0.0,83.11110260068483
89390cbad53ffff,0.0,0.0,0.0
89390cb184bffff,0.0,0.0,36.88532215584619
89390ca05b3ffff,0.0,9.235838869969314,166.24509965944765
89390cba937ffff,0.0,0.0,0.0
89390ca34a3ffff,0.0,9.223615449368655,138.35423174052983
89390cb2ba7ffff,0.0,0.0,0.0
89390ca3087ffff,9.224632973786084,0.0,267.5143562397964
89390cb8987ffff,18.44216398043518,0.0,129.09514786304626
89390cb567bffff,0.0,0.0,46.17417590277443
89390ca284fffff,0.0,0.0,0.0
89390ca2433ffff,0.0,0.0,27.69225565080435
89390cb1b37ffff,92.25907549452323,46.129537747261615,313.680856681379
89390ca2017ffff,18.463530949265316,0.0,203.09884044191847
89390cbac23ffff,0.0,0.0,0.0
89390ca0483ffff,0.0,0.0,46.15625929503719
89390cba807ffff,0.0,9.215988876272458,82.94389988645213
89390ca00dbffff,0.0,0.0,0.0
89390ca3373ffff,0.0,0.0,0.0
89390ca0067ffff,0.0,0.0,9.234060297792691
89390cb554bffff,0.0,0.0,0.0
89390cb0ac7ffff,18.4543933697121,9.22719668485605,202.9983270668331
89390ca2b3bffff,0.0,0.0,18.48596369270756
89390cb1e23ffff,0.0,0.0,0.0
89390ca2303ffff,0.0,0.0,0.0
89390cb1a07ffff,0.0,0.0,0.0
89390cb1373ffff,0.0,0.0,0.0
89390cb11cfffff,0.0,0.0,0.0
89390ca3243ffff,0.0,0.0,0.0
89390cba87bffff,0.0,0.0,82.93704601101581
89390cb2947ffff,0.0,0.0,0.0
89390cb0db3ffff,0.0,0.0,27.69698170267117
89390cb541bffff,0.0,0.0,0.0
89390cb0997ffff,0.0,0.0,0.0
89390ca2a0bffff,0.0,0.0,0.0
89390ca21d3ffff,0.0,18.46710037569032,73.86840150276127
89390cb18d7ffff,0.0,9.221589521684441,9.221589521684441
89390cba9c3ffff,0.0,0.0,36.87106958800664
89390cb14bbffff,0.0,0.0,0.0
89390ca352fffff,0.0,0.0,175.32604802464834
89390cb2c33ffff,0.0,0.0,0.0
89390ca3113ffff,9.227687217244913,0.0,110.73224660693894
89390cb0c83ffff,0.0,0.0,18.455479885397693
89390cb0867ffff,0.0,0.0,36.92205340600793
89390cb1bc3ffff,27.66932716004327,9.223109053347757,193.6852901203029
89390ca208bffff,9.231001880479482,9.231001880479482,129.23402632671275
89390ca20a3ffff,18.46506144445977,0.0,230.81326805574713
89390cb0017ffff,0.0,0.0,0.0
89390cbacafffff,0.0,0.0,9.214974375500644
89390ca050fffff,0.0,0.0,0.0
89390cba893ffff,0.0,0.0,0.0
89390ca144fffff,0.0,0.0,0.0
89390cb0b53ffff,0.0,0.0,9.230250190377472
89390ca2bc7ffff,0.0,0.0,27.72435105712104
89390cb031bffff,0.0,0.0,0.0
89390ca238fffff,0.0,0.0,0.0
89390cb1babffff,276.7543386842811,36.90057849123748,636.5349789738465
89390cb1a93ffff,0.0,0.0,0.0
89390ca24a7ffff,0.0,0.0,9.23126385561919
89390cb29d3ffff,0.0,0.0,0.0
89390cb0433ffff,0.0,0.0,0.0
89390cb54a7ffff,0.0,0.0,0.0
89390cb0a23ffff,0.0,0.0,36.916924609231835
89390cb508bffff,0.0,0.0,0.0
89390ca267bffff,27.68306399003183,9.227687996677277,184.55375993354554
89390cbae6bffff,0.0,0.0,0.0
89390cb1963ffff,9.226419484676342,0.0,119.94345330079246
89390ca06cbffff,0.0,0.0,0.0
89390cb1547ffff,0.0,0.0,0.0
89390ca35bbffff,0.0,9.226669062394771,9.226669062394771
89390cb112bffff,0.0,0.0,0.0
89390cb28a3ffff,0.0,0.0,9.229054082241385
89390cb0d0fffff,0.0,0.0,0.0
89390ca2d83ffff,0.0,0.0,27.725907149422774
89390cb5377ffff,0.0,0.0,0.0
89390cb04d7ffff,0.0,0.0,0.0
89390ca254bffff,9.232022813721406,18.46404562744281,36.92809125488562
89390cb084fffff,0.0,0.0,0.0
89390cb52d3ffff,0.0,0.0,18.470684786255603
89390cb00bbffff,0.0,0.0,0.0
89390cbad3bffff,0.0,0.0,0.0
89390ca212fffff,0.0,0.0,101.602673691984
89390cb1833ffff,18.44724534346524,18.44724534346524,258.2614348085134
89390ca059bffff,0.0,0.0,0.0
89390ca1d13ffff,0.0,0.0,0.0
89390cb1417ffff,9.212203964944775,0.0,64.48542775461343
89390ca348bffff,0.0,0.0,92.22089284227103
89390cb2b8fffff,0.0,0.0,0.0
89390ca306fffff,0.0,0.0,0.0
89390ca14dbffff,9.222609741599772,9.222609741599772,0.0
89390cb5663ffff,0.0,0.0,9.235345181567684
89390ca76d7ffff,0.0,0.0,0.0
89390ca2c53ffff,0.0,0.0,0.0
89390cb5247ffff,0.0,9.236357647997039,110.83629177596447
89390cb03a7ffff,0.0,0.0,73.79324896827572
89390ca241bffff,36.91689364442496,0.0,304.5643725665059
89390cb0c6bffff,0.0,0.0,36.91191095267712
89390ca335bffff,0.0,0.0,27.673919332445227
89390ca004fffff,0.0,0.0,0.0
89390cb0ecbffff,0.0,9.224661221816909,46.123306109084545
89390cb0aafffff,0.0,0.0,0.0
89390ca2b23ffff,0.0,0.0,0.0
89390cb2227ffff,0.0,0.0,0.0
89390cb1e0bffff,0.0,0.0,0.0
89390ca3647ffff,0.0,0.0,0.0
89390cb2d4bffff,0.0,0.0,0.0
89390cb11b7ffff,0.0,0.0,9.218548480071906
89390ca322bffff,0.0,0.0,46.11811203629937
89390ca1697ffff,0.0,0.0,0.0
89390cb0d9bffff,0.0,9.23079770916916,18.46159541833832
89390cb5403ffff,0.0,0.0,27.71068088240558
89390ca25d7ffff,0.0,0.0,9.232283204713218
89390cb0147ffff,0.0,0.0,18.44781609933353
89390ca21bbffff,0.0,0.0,18.471179379148403
89390cbadc7ffff,0.0,0.0,0.0
89390ca0627ffff,0.0,0.0,18.463022368764843
89390cba9abffff,0.0,0.0,27.659402187856294
89390cb14a3ffff,0.0,0.0,0.0
89390ca3517ffff,0.0,18.45282861648081,175.3018718565677
