hex_id,wiki_n_total,wiki_oldest_year,wiki_year_mean,wiki_year_p10,wiki_count_pre1500,wiki_count_1500_1700,wiki_count_1700_1860,wiki_count_1860_1940,wiki_count_post1940,wiki_pre1500_dummy,wiki_pre1700_dummy,wiki_pre1860_dummy,historical_anchor_score,historical_anchor_score_log
89390ca0497ffff,,,,,0.0,0.0,0.0,0.0,0.0,0.0,0.0,0.0,0.0,0.0
89390ca3387ffff,,,,,0.0,0.0,0.0,0.0,0.0,0.0,0.0,0.0,0.0,0.0
89390ca007bffff,,,,,0.0,0.0,0.0,0.0,0.0,0.0,0.0,0.0,0.0,0.0
89390cb8c87ffff,,,,,0.0,0.0,0.0,0.0,0.0,0.0,0.0,0.0,0.0,0.0
89390cb0adbffff,4.0,1928.0,1972.5,1945.7,0.0,0.0,0.0,1.0,3.0,0.0,0.0,0.0,1.0,0.6931471805599453
89390cb5143ffff,2.0,1962.0,1980.5,1965.7,0.0,0.0,0.0,0.0,2.0,0.0,0.0,0.0,0.0,0.0
89390cb1e37ffff,,,,,0.0,0.0,0.0,0.0,0.0,0.0,0.0,0.0,0.0,0.0
89390cbac37ffff,,,,,0.0,0.0,0.0,0.0,0.0,0.0,0.0,0.0,0.0,0.0
89390ca202bffff,,,,,0.0,0.0,0.0,0.0,0.0,0.0,0.0,0.0,0.0,0.0
89390cb02a3ffff,,,,,0.0,0.0,0.0,0.0,0.0,0.0,0.0,0.0,0.0,0.0
89390ca2317ffff,,,,,0.0,0.0,0.0,0.0,0.0,0.0,0.0,0.0,0.0,0.0
89390cb1a1bffff,3.0,1933.0,1942.6666666666667,1933.2,0.0,0.0,0.0,2.0,1.0,0.0,0.0,0.0,2.0,1.0986122886681098
89390cbab07ffff,,,,,0.0,0.0,0.0,0.0,0.0,0.0,0.0,0.0,0.0,0.0
89390ca3673ffff,,,,,0.0,0.0,0.0,0.0,0.0,0.0,0.0,0.0,0.0,0.0
89390ca3257ffff,,,,,0.0,0.0,0.0,0.0,0.0,0.0,0.0,0.0,0.0,0.0
89390cb0dc7ffff,,,,,0.0,0.0,0.0,0.0,0.0,0.0,0.0,0.0,0.0,0.0
89390cb542fffff,,,,,0.0,0.0,0.0,0.0,0.0,0.0,0.0,0.0,0.0,0.0
89390cb09abffff,,,,,0.0,0.0,0.0,0.0,0.0,0.0,0.0,0.0,0.0,0.0
89390cb1b4bffff,20.0,1591.0,1939.8,1808.5,0.0,1.0,3.0,1.0,15.0,0.0,1.0,1.0,10.0,2.3978952727983707
89390ca2603ffff,9.0,1924.0,1974.6666666666667,1928.8,0.0,0.0,0.0,3.0,6.0,0.0,0.0,0.0,3.0,1.3862943611198906
89390cb1d07ffff,,,,,0.0,0.0,0.0,0.0,0.0,0.0,0.0,0.0,0.0,0.0
89390cb0173ffff,,,,,0.0,0.0,0.0,0.0,0.0,0.0,0.0,0.0,0.0,0.0
89390ca2447ffff,1.0,1991.0,1991.0,1991.0,0.0,0.0,0.0,0.0,1.0,0.0,0.0,0.0,0.0,0.0
89390ca0653ffff,,,,,0.0,0.0,0.0,0.0,0.0,0.0,0.0,0.0,0.0,0.0
89390cba9d7ffff,1.0,2003.0,2003.0,2003.0,0.0,0.0,0.0,0.0,1.0,0.0,0.0,0.0,0.0,0.0
89390cb03d3ffff,,,,,0.0,0.0,0.0,0.0,0.0,0.0,0.0,0.0,0.0,0.0
89390ca1dcbffff,,,,,0.0,0.0,0.0,0.0,0.0,0.0,0.0,0.0,0.0,0.0
89390ca3543ffff,2.0,1991.0,1998.0,1992.4,0.0,0.0,0.0,0.0,2.0,0.0,0.0,0.0,0.0,0.0
89390ca0237ffff,,,,,0.0,0.0,0.0,0.0,0.0,0.0,0.0,0.0,0.0,0.0
89390cb10b3ffff,,,,,0.0,0.0,0.0,0.0,0.0,0.0,0.0,0.0,0.0,0.0
89390ca3127ffff,1.0,1987.0,1987.0,1987.0,0.0,0.0,0.0,0.0,1.0,0.0,0.0,0.0,0.0,0.0
89390cb282bffff,,,,,0.0,0.0,0.0,0.0,0.0,0.0,0.0,0.0,0.0,0.0
89390ca1593ffff,,,,,0.0,0.0,0.0,0.0,0.0,0.0,0.0,0.0,0.0,0.0
89390cb0c97ffff,,,,,0.0,0.0,0.0,0.0,0.0,0.0,0.0,0.0,0.0,0.0
89390cb087bffff,2.0,2007.0,2008.5,2007.3,0.0,0.0,0.0,0.0,2.0,0.0,0.0,0.0,0.0,0.0
89390ca24d3ffff,1.0,1983.0,1983.0,1983.0,0.0,0.0,0.0,0.0,1.0,0.0,0.0,0.0,0.0,0.0
89390cb1bd7ffff,12.0,1635.0,1917.3333333333333,1712.7,0.0,2.0,0.0,1.0,9.0,0.0,1.0,1.0,7.0,2.0794415416798357
89390cb0043ffff,,,,,0.0,0.0,0.0,0.0,0.0,0.0,0.0,0.0,0.0,0.0
89390ca20b7ffff,3.0,1894.0,1952.3333333333333,1908.0,0.0,0.0,0.0,1.0,2.0,0.0,0.0,0.0,1.0,0.6931471805599453
89390cba8a7ffff,3.0,1999.0,2000.3333333333333,1999.4,0.0,0.0,0.0,0.0,3.0,0.0,0.0,0.0,0.0,0.0
89390ca3413ffff,6.0,1831.0,1959.8333333333333,1885.5,0.0,0.0,1.0,0.0,5.0,0.0,0.0,1.0,2.0,1.0986122886681098
89390cb2b17ffff,,,,,0.0,0.0,0.0,0.0,0.0,0.0,0.0,0.0,0.0,0.0
89390ca0107ffff,,,,,0.0,0.0,0.0,0.0,0.0,0.0,0.0,0.0,0.0,0.0
89390ca1463ffff,,,,,0.0,0.0,0.0,0.0,0.0,0.0,0.0,0.0,0.0,0.0
89390cb0b67ffff,,,,,0.0,0.0,0.0,0.0,0.0,0.0,0.0,0.0,0.0,0.0
89390ca2bdbffff,,,,,0.0,0.0,0.0,0.0,0.0,0.0,0.0,0.0,0.0,0.0
89390cb5273ffff,2.0,1980.0,1989.5,1981.9,0.0,0.0,0.0,0.0,2.0,0.0,0.0,0.0,0.0,0.0
89390cb51cfffff,,,,,0.0,0.0,0.0,0.0,0.0,0.0,0.0,0.0,0.0,0.0
89390cb1ec3ffff,,,,,0.0,0.0,0.0,0.0,0.0,0.0,0.0,0.0,0.0,0.0
89390cb032fffff,,,,,0.0,0.0,0.0,0.0,0.0,0.0,0.0,0.0,0.0,0.0
89390ca23a3ffff,,,,,0.0,0.0,0.0,0.0,0.0,0.0,0.0,0.0,0.0,0.0
89390cb1aa7ffff,5.0,1860.0,1947.2,1890.4,0.0,0.0,0.0,2.0,3.0,0.0,0.0,0.0,2.0,1.0986122886681098
89390cbab93ffff,,,,,0.0,0.0,0.0,0.0,0.0,0.0,0.0,0.0,0.0,0.0
89390cb0e53ffff,,,,,0.0,0.0,0.0,0.0,0.0,0.0,0.0,0.0,0.0,0.0
89390ca2ec7ffff,,,,,0.0,0.0,0.0,0.0,0.0,0.0,0.0,0.0,0.0,0.0
89390cb54bbffff,,,,,0.0,0.0,0.0,0.0,0.0,0.0,0.0,0.0,0.0,0.0
89390cb0a37ffff,1.0,1924.0,1924.0,1924.0,0.0,0.0,0.0,1.0,0.0,0.0,0.0,0.0,1.0,0.6931471805599453
89390ca268fffff,3.0,1922.0,1930.0,1924.0,0.0,0.0,0.0,3.0,0.0,0.0,0.0,0.0,3.0,1.3862943611198906
89390cb1d93ffff,2.0,1985.0,1992.0,1986.4,0.0,0.0,0.0,0.0,2.0,0.0,0.0,0.0,0.0,0.0
89390ca2273ffff,2.0,1986.0,1986.5,1986.1,0.0,0.0,0.0,0.0,2.0,0.0,0.0,0.0,0.0,0.0
89390cb1977ffff,8.0,1948.0,1979.5,1950.1,0.0,0.0,0.0,0.0,8.0,0.0,0.0,0.0,0.0,0.0
89390cbaa63ffff,1.0,1898.0,1898.0,1898.0,0.0,0.0,0.0,1.0,0.0,0.0,0.0,0.0,1.0,0.6931471805599453
89390cb155bffff,,,,,0.0,0.0,0.0,0.0,0.0,0.0,0.0,0.0,0.0,0.0
89390ca35cfffff,,,,,0.0,0.0,0.0,0.0,0.0,0.0,0.0,0.0,0.0,0.0
89390cb0c0bffff,,,,,0.0,0.0,0.0,0.0,0.0,0.0,0.0,0.0,0.0,0.0
89390cb568fffff,,,,,0.0,0.0,0.0,0.0,0.0,0.0,0.0,0.0,0.0,0.0
89390ca31b3ffff,,,,,0.0,0.0,0.0,0.0,0.0,0.0,0.0,0.0,0.0,0.0
89390cb0d23ffff,,,,,0.0,0.0,0.0,0.0,0.0,0.0,0.0,0.0,0.0,0.0
89390ca2d97ffff,,,,,0.0,0.0,0.0,0.0,0.0,0.0,0.0,0.0,0.0,0.0
89390cb538bffff,,,,,0.0,0.0,0.0,0.0,0.0,0.0,0.0,0.0,0.0,0.0
89390cb0907ffff,,,,,0.0,0.0,0.0,0.0,0.0,0.0,0.0,0.0,0.0,0.0
89390cb899bffff,,,,,0.0,0.0,0.0,0.0,0.0,0.0,0.0,0.0,0.0,0.0
89390cb1c63ffff,1.0,1864.0,1864.0,1864.0,0.0,0.0,0.0,1.0,0.0,0.0,0.0,0.0,1.0,0.6931471805599453
89390cb00cfffff,,,,,0.0,0.0,0.0,0.0,0.0,0.0,0.0,0.0,0.0,0.0
89390ca2143ffff,,,,,0.0,0.0,0.0,0.0,0.0,0.0,0.0,0.0,0.0,0.0
89390cbad4fffff,1.0,2002.0,2002.0,2002.0,0.0,0.0,0.0,0.0,1.0,0.0,0.0,0.0,0.0,0.0
89390cb1847ffff,7.0,1909.0,1963.4285714285713,1915.0,0.0,0.0,0.0,3.0,4.0,0.0,0.0,0.0,3.0,1.3862943611198906
89390ca05afffff,,,,,0.0,0.0,0.0,0.0,0.0,0.0,0.0,0.0,0.0,0.0
89390cba933ffff,,,,,0.0,0.0,0.0,0.0,0.0,0.0,0.0,0.0,0.0,0.0
89390ca309bffff,2.0,1905.0,1958.0,1915.6,0.0,0.0,0.0,1.0,1.0,0.0,0.0,0.0,1.0,0.6931471805599453
89390cb2ba3ffff,,,,,0.0,0.0,0.0,0.0,0.0,0.0,0.0,0.0,0.0,0.0
89390ca0193ffff,,,,,0.0,0.0,0.0,0.0,0.0,0.0,0.0,0.0,0.0,0.0
89390cb1027ffff,,,,,0.0,0.0,0.0,0.0,0.0,0.0,0.0,0.0,0.0,0.0
89390ca3083ffff,2.0,1905.0,1928.0,1909.6,0.0,0.0,0.0,1.0,1.0,0.0,0.0,0.0,1.0,0.6931471805599453
89390cb720bffff,,,,,0.0,0.0,0.0,0.0,0.0,0.0,0.0,0.0,0.0,0.0
89390cb8983ffff,,,,,0.0,0.0,0.0,0.0,0.0,0.0,0.0,0.0,0.0,0.0
89390cb5677ffff,,,,,0.0,0.0,0.0,0.0,0.0,0.0,0.0,0.0,0.0,0.0
89390ca2c67ffff,,,,,0.0,0.0,0.0,0.0,0.0,0.0,0.0,0.0,0.0,0.0
89390cb236bffff,,,,,0.0,0.0,0.0,0.0,0.0,0.0,0.0,0.0,0.0,0.0
89390cb525bffff,,,,,0.0,0.0,0.0,0.0,0.0,0.0,0.0,0.0,0.0,0.0
89390ca284bffff,,,,,0.0,0.0,0.0,0.0,0.0,0.0,0.0,0.0,0.0,0.0
89390cb03bbffff,,,,,0.0,0.0,0.0,0.0,0.0,0.0,0.0,0.0,0.0,0.0
89390ca242fffff,,,,,0.0,0.0,0.0,0.0,0.0,0.0,0.0,0.0,0.0,0.0
89390cb1b33ffff,12.0,1777.0,1929.8333333333333,1870.6,0.0,0.0,1.0,5.0,6.0,0.0,0.0,1.0,7.0,2.0794415416798357
89390ca2013ffff,,,,,0.0,0.0,0.0,0.0,0.0,0.0,0.0,0.0,0.0,0.0
89390cb2bbbffff,,,,,0.0,0.0,0.0,0.0,0.0,0.0,0.0,0.0,0.0,0.0
89390cba803ffff,1.0,1961.0,1961.0,1961.0,0.0,0.0,0.0,0.0,1.0,0.0,0.0,0.0,0.0,0.0
89390ca336fffff,,,,,0.0,0.0,0.0,0.0,0.0,0.0,0.0,0.0,0.0,0.0
89390ca34b7ffff,10.0,1729.0,1940.2,1749.7,0.0,0.0,2.0,1.0,7.0,0.0,0.0,1.0,5.0,1.791759469228055
89390ca0063ffff,,,,,0.0,0.0,0.0,0.0,0.0,0.0,0.0,0.0,0.0,0.0
89390cb5547ffff,1.0,2007.0,2007.0,2007.0,0.0,0.0,0.0,0.0,1.0,0.0,0.0,0.0,0.0,0.0
89390cb0ac3ffff,1.0,1961.0,1961.0,1961.0,0.0,0.0,0.0,0.0,1.0,0.0,0.0,0.0,0.0,0.0
89390ca2b37ffff,,,,,0.0,0.0,0.0,0.0,0.0,0.0,0.0,0.0,0.0,0.0
89390cb223bffff,,,,,0.0,0.0,0.0,0.0,0.0,0.0,0.0,0.0,0.0,0.0
89390cba94bffff,1.0,2000.0,2000.0,2000.0,0.0,0.0,0.0,0.0,1.0,0.0,0.0,0.0,0.0,0.0
89390cb1a03ffff,1.0,1991.0,1991.0,1991.0,0.0,0.0,0.0,0.0,1.0,0.0,0.0,0.0,0.0,0.0
89390ca365bffff,,,,,0.0,0.0,0.0,0.0,0.0,0.0,0.0,0.0,0.0,0.0
89390ca05c7ffff,,,,,0.0,0.0,0.0,0.0,0.0,0.0,0.0,0.0,0.0,0.0
89390cb11cbffff,,,,,0.0,0.0,0.0,0.0,0.0,0.0,0.0,0.0,0.0,0.0
89390cb2943ffff,,,,,0.0,0.0,0.0,0.0,0.0,0.0,0.0,0.0,0.0,0.0
89390ca2e23ffff,,,,,0.0,0.0,0.0,0.0,0.0,0.0,0.0,0.0,0.0,0.0
89390cb5417ffff,,,,,0.0,0.0,0.0,0.0,0.0,0.0,0.0,0.0,0.0,0.0
89390cb0993ffff,,,,,0.0,0.0,0.0,0.0,0.0,0.0,0.0,0.0,0.0,0.0
89390ca0e73ffff,,,,,0.0,0.0,0.0,0.0,0.0,0.0,0.0,0.0,0.0,0.0
89390cb015bffff,,,,,0.0,0.0,0.0,0.0,0.0,0.0,0.0,0.0,0.0,0.0
89390ca21cfffff,,,,,0.0,0.0,0.0,0.0,0.0,0.0,0.0,0.0,0.0,0.0
89390cbaddbffff,,,,,0.0,0.0,0.0,0.0,0.0,0.0,0.0,0.0,0.0,0.0
89390cb18d3ffff,2.0,1966.0,1966.5,1966.1,0.0,0.0,0.0,0.0,2.0,0.0,0.0,0.0,0.0,0.0
89390ca063bffff,,,,,0.0,0.0,0.0,0.0,0.0,0.0,0.0,0.0,0.0,0.0
89390cbad67ffff,,,,,0.0,0.0,0.0,0.0,0.0,0.0,0.0,0.0,0.0,0.0
89390ca215bffff,4.0,1962.0,1988.25,1971.0,0.0,0.0,0.0,0.0,4.0,0.0,0.0,0.0,0.0,0.0
89390ca352bffff,,,,,0.0,0.0,0.0,0.0,0.0,0.0,0.0,0.0,0.0,0.0
89390cb2c2fffff,,,,,0.0,0.0,0.0,0.0,0.0,0.0,0.0,0.0,0.0,0.0
89390ca310fffff,3.0,1985.0,1993.6666666666667,1987.6,0.0,0.0,0.0,0.0,3.0,0.0,0.0,0.0,0.0,0.0
89390ca157bffff,,,,,0.0,0.0,0.0,0.0,0.0,0.0,0.0,0.0,0.0,0.0
89390cb0863ffff,,,,,0.0,0.0,0.0,0.0,0.0,0.0,0.0,0.0,0.0,0.0
89390cb0447ffff,,,,,0.0,0.0,0.0,0.0,0.0,0.0,0.0,0.0,0.0,0.0
89390ca24bbffff,3.0,1979.0,1979.6666666666667,1979.2,0.0,0.0,0.0,0.0,3.0,0.0,0.0,0.0,0.0,0.0
89390cba88fffff,2.0,1999.0,2004.5,2000.1,0.0,0.0,0.0,0.0,2.0,0.0,0.0,0.0,0.0,0.0
89390ca144bffff,,,,,0.0,0.0,0.0,0.0,0.0,0.0,0.0,0.0,0.0,0.0
89390cb55d3ffff,,,,,0.0,0.0,0.0,0.0,0.0,0.0,0.0,0.0,0.0,0.0
89390cb0b4fffff,2.0,1991.0,1991.5,1991.1,0.0,0.0,0.0,0.0,2.0,0.0,0.0,0.0,0.0,0.0
89390cb1c7bffff,,,,,0.0,0.0,0.0,0.0,0.0,0.0,0.0,0.0,0.0,0.0
89390ca2bc3ffff,,,,,0.0,0.0,0.0,0.0,0.0,0.0,0.0,0.0,0.0,0.0
89390ca2577ffff,1.0,1925.0,1925.0,1925.0,0.0,0.0,0.0,1.0,0.0,0.0,0.0,0.0,1.0,0.6931471805599453
89390cb1eabffff,2.0,2003.0,2003.0,2003.0,0.0,0.0,0.0,0.0,2.0,0.0,0.0,0.0,0.0,0.0
89390cb0317ffff,,,,,0.0,0.0,0.0,0.0,0.0,0.0,0.0,0.0,0.0,0.0
89390ca238bffff,,,,,0.0,0.0,0.0,0.0,0.0,0.0,0.0,0.0,0.0,0.0
89390cb1a8fffff,,,,,0.0,0.0,0.0,0.0,0.0,0.0,0.0,0.0,0.0,0.0
89390cbab7bffff,,,,,0.0,0.0,0.0,0.0,0.0,0.0,0.0,0.0,0.0,0.0
89390ca32cbffff,,,,,0.0,0.0,0.0,0.0,0.0,0.0,0.0,0.0,0.0,0.0
89390cb29cfffff,,,,,0.0,0.0,0.0,0.0,0.0,0.0,0.0,0.0,0.0,0.0
89390cb0e3bffff,1.0,2018.0,2018.0,2018.0,0.0,0.0,0.0,0.0,1.0,0.0,0.0,0.0,0.0,0.0
89390ca2eafffff,,,,,0.0,0.0,0.0,0.0,0.0,0.0,0.0,0.0,0.0,0.0
89390cb54a3ffff,,,,,0.0,0.0,0.0,0.0,0.0,0.0,0.0,0.0,0.0,0.0
89390ca2a93ffff,,,,,0.0,0.0,0.0,0.0,0.0,0.0,0.0,0.0,0.0,0.0
89390cb5087ffff,,,,,0.0,0.0,0.0,0.0,0.0,0.0,0.0,0.0,0.0,0.0
89390ca2677ffff,1.0,1893.0,1893.0,1893.0,0.0,0.0,0.0,1.0,0.0,0.0,0.0,0.0,1.0,0.6931471805599453
89390cb1d7bffff,1.0,1857.0,1857.0,1857.0,0.0,0.0,1.0,0.0,0.0,0.0,0.0,1.0,2.0,1.0986122886681098
89390ca225bffff,1.0,1996.0,1996.0,1996.0,0.0,0.0,0.0,0.0,1.0,0.0,0.0,0.0,0.0,0.0
89390cbae67ffff,,,,,0.0,0.0,0.0,0.0,0.0,0.0,0.0,0.0,0.0,0.0
89390cb1543ffff,,,,,0.0,0.0,0.0,0.0,0.0,0.0,0.0,0.0,0.0,0.0
89390ca35b7ffff,7.0,1877.0,1948.2857142857142,1882.4,0.0,0.0,0.0,2.0,5.0,0.0,0.0,0.0,2.0,1.0986122886681098
89390ca02abffff,,,,,0.0,0.0,0.0,0.0,0.0,0.0,0.0,0.0,0.0,0.0
89390ca319bffff,,,,,0.0,0.0,0.0,0.0,0.0,0.0,0.0,0.0,0.0,0.0
89390cb0d0bffff,,,,,0.0,0.0,0.0,0.0,0.0,0.0,0.0,0.0,0.0,0.0
89390cb53a3ffff,,,,,0.0,0.0,0.0,0.0,0.0,0.0,0.0,0.0,0.0,0.0
89390cb5373ffff,,,,,0.0,0.0,0.0,0.0,0.0,0.0,0.0,0.0,0.0,0.0
89390ca2547ffff,,,,,0.0,0.0,0.0,0.0,0.0,0.0,0.0,0.0,0.0,0.0
89390cb1c4bffff,,,,,0.0,0.0,0.0,0.0,0.0,0.0,0.0,0.0,0.0,0.0
89390cb00b7ffff,,,,,0.0,0.0,0.0,0.0,0.0,0.0,0.0,0.0,0.0,0.0
89390cbad37ffff,2.0,1969.0,1972.5,1969.7,0.0,0.0,0.0,0.0,2.0,0.0,0.0,0.0,0.0,0.0
89390ca212bffff,,,,,0.0,0.0,0.0,0.0,0.0,0.0,0.0,0.0,0.0,0.0
89390cb182fffff,3.0,1831.0,1908.0,1851.4,0.0,0.0,1.0,1.0,1.0,0.0,0.0,1.0,3.0,1.3862943611198906
89390ca0597ffff,,,,,0.0,0.0,0.0,0.0,0.0,0.0,0.0,0.0,0.0,0.0
89390cba91bffff,1.0,1998.0,1998.0,1998.0,0.0,0.0,0.0,0.0,1.0,0.0,0.0,0.0,0.0,0.0
89390cb1413ffff,,,,,0.0,0.0,0.0,0.0,0.0,0.0,0.0,0.0,0.0,0.0
89390ca3487ffff,7.0,1796.0,1917.4285714285713,1814.6,0.0,0.0,2.0,2.0,3.0,0.0,0.0,1.0,6.0,1.9459101490553132
89390cb2b8bffff,,,,,0.0,0.0,0.0,0.0,0.0,0.0,0.0,0.0,0.0,0.0
89390ca017bffff,,,,,0.0,0.0,0.0,0.0,0.0,0.0,0.0,0.0,0.0,0.0
89390cb8d87ffff,,,,,0.0,0.0,0.0,0.0,0.0,0.0,0.0,0.0,0.0,0.0
89390cb0d3bffff,,,,,0.0,0.0,0.0,0.0,0.0,0.0,0.0,0.0,0.0,0.0
89390ca306bffff,,,,,0.0,0.0,0.0,0.0,0.0,0.0,0.0,0.0,0.0,0.0
89390ca14d7ffff,,,,,0.0,0.0,0.0,0.0,0.0,0.0,0.0,0.0,0.0,0.0
89390cb0bdbffff,,,,,0.0,0.0,0.0,0.0,0.0,0.0,0.0,0.0,0.0,0.0
89390ca10bbffff,,,,,0.0,0.0,0.0,0.0,0.0,0.0,0.0,0.0,0.0,0.0
89390cb5243ffff,1.0,1927.0,1927.0,1927.0,0.0,0.0,0.0,1.0,0.0,0.0,0.0,0.0,1.0,0.6931471805599453
89390cb03a3ffff,1.0,1999.0,1999.0,1999.0,0.0,0.0,0.0,0.0,1.0,0.0,0.0,0.0,0.0,0.0
89390ca2417ffff,,,,,0.0,0.0,0.0,0.0,0.0,0.0,0.0,0.0,0.0,0.0
89390cb1b1bffff,29.0,1564.0,1928.6896551724137,1862.8,0.0,1.0,2.0,14.0,12.0,0.0,1.0,1.0,21.0,3.091042453358316
89390ca0467ffff,,,,,0.0,0.0,0.0,0.0,0.0,0.0,0.0,0.0,0.0,0.0
89390cb2a5bffff,,,,,0.0,0.0,0.0,0.0,0.0,0.0,0.0,0.0,0.0,0.0
89390ca004bffff,,,,,0.0,0.0,0.0,0.0,0.0,0.0,0.0,0.0,0.0,0.0
89390cb0ec7ffff,,,,,0.0,0.0,0.0,0.0,0.0,0.0,0.0,0.0,0.0,0.0
89390ca31cbffff,1.0,2003.0,2003.0,2003.0,0.0,0.0,0.0,0.0,1.0,0.0,0.0,0.0,0.0,0.0
89390cb0aabffff,2.0,1946.0,1964.5,1949.7,0.0,0.0,0.0,0.0,2.0,0.0,0.0,0.0,0.0,0.0
89390cb2223ffff,,,,,0.0,0.0,0.0,0.0,0.0,0.0,0.0,0.0,0.0,0.0
89390cb1157ffff,,,,,0.0,0.0,0.0,0.0,0.0,0.0,0.0,0.0,0.0,0.0
89390cb1e07ffff,,,,,0.0,0.0,0.0,0.0,0.0,0.0,0.0,0.0,0.0,0.0
89390cb15cfffff,,,,,0.0,0.0,0.0,0.0,0.0,0.0,0.0,0.0,0.0,0.0
89390ca3643ffff,,,,,0.0,0.0,0.0,0.0,0.0,0.0,0.0,0.0,0.0,0.0
89390cb2d47ffff,,,,,0.0,0.0,0.0,0.0,0.0,0.0,0.0,0.0,0.0,0.0
89390ca0337ffff,,,,,0.0,0.0,0.0,0.0,0.0,0.0,0.0,0.0,0.0,0.0
89390cb11b3ffff,1.0,1975.0,1975.0,1975.0,0.0,0.0,0.0,0.0,1.0,0.0,0.0,0.0,0.0,0.0
89390ca3227ffff,,,,,0.0,0.0,0.0,0.0,0.0,0.0,0.0,0.0,0.0,0.0
89390ca1693ffff,1.0,1851.0,1851.0,1851.0,0.0,0.0,1.0,0.0,0.0,0.0,0.0,1.0,2.0,1.0986122886681098
89390ca02dbffff,,,,,0.0,0.0,0.0,0.0,0.0,0.0,0.0,0.0,0.0,0.0
89390cb0d97ffff,,,,,0.0,0.0,0.0,0.0,0.0,0.0,0.0,0.0,0.0,0.0
89390cb097bffff,,,,,0.0,0.0,0.0,0.0,0.0,0.0,0.0,0.0,0.0,0.0
89390ca25d3ffff,,,,,0.0,0.0,0.0,0.0,0.0,0.0,0.0,0.0,0.0,0.0
89390cb1cd7ffff,,,,,0.0,0.0,0.0,0.0,0.0,0.0,0.0,0.0,0.0,0.0
89390cb0143ffff,,,,,0.0,0.0,0.0,0.0,0.0,0.0,0.0,0.0,0.0,0.0
89390ca21b7ffff,1.0,1995.0,1995.0,1995.0,0.0,0.0,0.0,0.0,1.0,0.0,0.0,0.0,0.0,0.0
89390cbadc3ffff,,,,,0.0,0.0,0.0,0.0,0.0,0.0,0.0,0.0,0.0,0.0
89390cb18bbffff,5.0,1927.0,1956.8,1933.8,0.0,0.0,0.0,1.0,4.0,0.0,0.0,0.0,1.0,0.6931471805599453
89390ca0623ffff,,,,,0.0,0.0,0.0,0.0,0.0,0.0,0.0,0.0,0.0,0.0
89390cba9a7ffff,3.0,1885.0,1905.0,1890.4,0.0,0.0,0.0,3.0,0.0,0.0,0.0,0.0,3.0,1.3862943611198906
89390cb1573ffff,1.0,1984.0,1984.0,1984.0,0.0,0.0,0.0,0.0,1.0,0.0,0.0,0.0,0.0,0.0
89390ca1d9bffff,,,,,0.0,0.0,0.0,0.0,0.0,0.0,0.0,0.0,0.0,0.0
89390ca3513ffff,4.0,1857.0,1927.5,1874.4,0.0,0.0,1.0,2.0,1.0,0.0,0.0,1.0,4.0,1.6094379124341003
89390cb0c67ffff,,,,,0.0,0.0,0.0,0.0,0.0,0.0,0.0,0.0,0.0,0.0
89390ca2cdbffff,,,,,0.0,0.0,0.0,0.0,0.0,0.0,0.0,0.0,0.0,0.0
89390cb52cfffff,,,,,0.0,0.0,0.0,0.0,0.0,0.0,0.0,0.0,0.0,0.0
89390cb084bffff,3.0,1981.0,1981.3333333333333,1981.0,0.0,0.0,0.0,0.0,3.0,0.0,0.0,0.0,0.0,0.0
89390cb042fffff,,,,,0.0,0.0,0.0,0.0,0.0,0.0,0.0,0.0,0.0,0.0
89390ca24a3ffff,2.0,1929.0,1960.0,1935.2,0.0,0.0,0.0,1.0,1.0,0.0,0.0,0.0,1.0,0.6931471805599453
89390cb1ba7ffff,15.0,1852.0,1947.5333333333333,1887.6,0.0,0.0,1.0,5.0,9.0,0.0,0.0,1.0,7.0,2.0794415416798357
89390cb0013ffff,,,,,0.0,0.0,0.0,0.0,0.0,0.0,0.0,0.0,0.0,0.0
89390ca2087ffff,,,,,0.0,0.0,0.0,0.0,0.0,0.0,0.0,0.0,0.0,0.0
89390cba877ffff,6.0,1961.0,1982.6666666666667,1968.5,0.0,0.0,0.0,0.0,6.0,0.0,0.0,0.0,0.0,0.0
89390cb136fffff,,,,,0.0,0.0,0.0,0.0,0.0,0.0,0.0,0.0,0.0,0.0
89390ca00d7ffff,,,,,0.0,0.0,0.0,0.0,0.0,0.0,0.0,0.0,0.0,0.0
89390ca1433ffff,,,,,0.0,0.0,0.0,0.0,0.0,0.0,0.0,0.0,0.0,0.0
89390cb0b37ffff,1.0,2000.0,2000.0,2000.0,0.0,0.0,0.0,0.0,1.0,0.0,0.0,0.0,0.0,0.0
89390ca2babffff,,,,,0.0,0.0,0.0,0.0,0.0,0.0,0.0,0.0,0.0,0.0
89390cb22afffff,,,,,0.0,0.0,0.0,0.0,0.0,0.0,0.0,0.0,0.0,0.0
89390cb198fffff,5.0,1979.0,2000.0,1983.4,0.0,0.0,0.0,0.0,5.0,0.0,0.0,0.0,0.0,0.0
89390cb1e93ffff,,,,,0.0,0.0,0.0,0.0,0.0,0.0,0.0,0.0,0.0,0.0
89390ca2373ffff,,,,,0.0,0.0,0.0,0.0,0.0,0.0,0.0,0.0,0.0,0.0
89390ca228bffff,1.0,1980.0,1980.0,1980.0,0.0,0.0,0.0,0.0,1.0,0.0,0.0,0.0,0.0,0.0
89390cb1a77ffff,1.0,2003.0,2003.0,2003.0,0.0,0.0,0.0,0.0,1.0,0.0,0.0,0.0,0.0,0.0
89390cbab63ffff,,,,,0.0,0.0,0.0,0.0,0.0,0.0,0.0,0.0,0.0,0.0
89390ca36cfffff,,,,,0.0,0.0,0.0,0.0,0.0,0.0,0.0,0.0,0.0,0.0
89390ca32b3ffff,,,,,0.0,0.0,0.0,0.0,0.0,0.0,0.0,0.0,0.0,0.0
89390cba32bffff,,,,,0.0,0.0,0.0,0.0,0.0,0.0,0.0,0.0,0.0,0.0
89390cb0e23ffff,6.0,1978.0,1986.0,1980.5,0.0,0.0,0.0,0.0,6.0,0.0,0.0,0.0,0.0,0.0
89390ca2e97ffff,,,,,0.0,0.0,0.0,0.0,0.0,0.0,0.0,0.0,0.0,0.0
89390cb548bffff,,,,,0.0,0.0,0.0,0.0,0.0,0.0,0.0,0.0,0.0,0.0
89390cb0a07ffff,,,,,0.0,0.0,0.0,0.0,0.0,0.0,0.0,0.0,0.0,0.0
89390ca2a7bffff,,,,,0.0,0.0,0.0,0.0,0.0,0.0,0.0,0.0,0.0,0.0
89390cb506fffff,,,,,0.0,0.0,0.0,0.0,0.0,0.0,0.0,0.0,0.0,0.0
89390cb1d63ffff,1.0,1966.0,1966.0,1966.0,0.0,0.0,0.0,0.0,1.0,0.0,0.0,0.0,0.0,0.0
89390ca2243ffff,,,,,0.0,0.0,0.0,0.0,0.0,0.0,0.0,0.0,0.0,0.0
89390cbae4fffff,,,,,0.0,0.0,0.0,0.0,0.0,0.0,0.0,0.0,0.0,0.0
89390cb1947ffff,4.0,1876.0,1918.0,1883.8,0.0,0.0,0.0,3.0,1.0,0.0,0.0,0.0,3.0,1.3862943611198906
89390ca06afffff,,,,,0.0,0.0,0.0,0.0,0.0,0.0,0.0,0.0,0.0,0.0
89390cbaa33ffff,,,,,0.0,0.0,0.0,0.0,0.0,0.0,0.0,0.0,0.0,0.0
89390cb1dabffff,,,,,0.0,0.0,0.0,0.0,0.0,0.0,0.0,0.0,0.0,0.0
89390cb152bffff,1.0,1876.0,1876.0,1876.0,0.0,0.0,0.0,1.0,0.0,0.0,0.0,0.0,1.0,0.6931471805599453
89390cb2ca3ffff,,,,,0.0,0.0,0.0,0.0,0.0,0.0,0.0,0.0,0.0,0.0
89390ca26a7ffff,6.0,1922.0,1957.3333333333333,1923.0,0.0,0.0,0.0,2.0,4.0,0.0,0.0,0.0,2.0,1.0986122886681098
89390cb110fffff,,,,,0.0,0.0,0.0,0.0,0.0,0.0,0.0,0.0,0.0,0.0
89390ca3183ffff,1.0,1950.0,1950.0,1950.0,0.0,0.0,0.0,0.0,1.0,0.0,0.0,0.0,0.0,0.0
89390cb2887ffff,,,,,0.0,0.0,0.0,0.0,0.0,0.0,0.0,0.0,0.0,0.0
89390cb535bffff,,,,,0.0,0.0,0.0,0.0,0.0,0.0,0.0,0.0,0.0,0.0
89390cb08d7ffff,1.0,1993.0,1993.0,1993.0,0.0,0.0,0.0,0.0,1.0,0.0,0.0,0.0,0.0,0.0
89390cb04bbffff,,,,,0.0,0.0,0.0,0.0,0.0,0.0,0.0,0.0,0.0,0.0
89390ca252fffff,,,,,0.0,0.0,0.0,0.0,0.0,0.0,0.0,0.0,0.0,0.0
89390cb1c33ffff,2.0,1975.0,1975.0,1975.0,0.0,0.0,0.0,0.0,2.0,0.0,0.0,0.0,0.0,0.0
89390ca2113ffff,,,,,0.0,0.0,0.0,0.0,0.0,0.0,0.0,0.0,0.0,0.0
89390cb1817ffff,4.0,1944.0,1952.25,1946.1,0.0,0.0,0.0,0.0,4.0,0.0,0.0,0.0,0.0,0.0
89390cba903ffff,,,,,0.0,0.0,0.0,0.0,0.0,0.0,0.0,0.0,0.0,0.0
89390ca346fffff,3.0,1936.0,1967.3333333333333,1942.6,0.0,0.0,0.0,1.0,2.0,0.0,0.0,0.0,1.0,0.6931471805599453
89390ca0163ffff,,,,,0.0,0.0,0.0,0.0,0.0,0.0,0.0,0.0,0.0,0.0
89390cb8d6fffff,,,,,0.0,0.0,0.0,0.0,0.0,0.0,0.0,0.0,0.0,0.0
89390ca2ac3ffff,,,,,0.0,0.0,0.0,0.0,0.0,0.0,0.0,0.0,0.0,0.0
89390ca3053ffff,2.0,1996.0,2000.0,1996.8,0.0,0.0,0.0,0.0,2.0,0.0,0.0,0.0,0.0,0.0
89390cb8953ffff,,,,,0.0,0.0,0.0,0.0,0.0,0.0,0.0,0.0,0.0,0.0
89390cb5647ffff,,,,,0.0,0.0,0.0,0.0,0.0,0.0,0.0,0.0,0.0,0.0
89390cb0bc3ffff,1.0,1992.0,1992.0,1992.0,0.0,0.0,0.0,0.0,1.0,0.0,0.0,0.0,0.0,0.0
89390cb0a4fffff,2.0,1947.0,1953.0,1948.2,0.0,0.0,0.0,0.0,2.0,0.0,0.0,0.0,0.0,0.0
89390ca76bbffff,,,,,0.0,0.0,0.0,0.0,0.0,0.0,0.0,0.0,0.0,0.0
89390cb54d3ffff,,,,,0.0,0.0,0.0,0.0,0.0,0.0,0.0,0.0,0.0,0.0
89390cb522bffff,,,,,0.0,0.0,0.0,0.0,0.0,0.0,0.0,0.0,0.0,0.0
89390ca0c87ffff,,,,,0.0,0.0,0.0,0.0,0.0,0.0,0.0,0.0,0.0,0.0
89390cb038bffff,,,,,0.0,0.0,0.0,0.0,0.0,0.0,0.0,0.0,0.0,0.0
89390cb1b03ffff,21.0,1608.0,1931.8095238095239,1850.0,0.0,1.0,2.0,9.0,9.0,0.0,1.0,1.0,16.0,2.833213344056216
89390cb327bffff,,,,,0.0,0.0,0.0,0.0,0.0,0.0,0.0,0.0,0.0,0.0
89390ca044fffff,,,,,0.0,0.0,0.0,0.0,0.0,0.0,0.0,0.0,0.0,0.0
89390cb2a43ffff,,,,,0.0,0.0,0.0,0.0,0.0,0.0,0.0,0.0,0.0,0.0
89390ca0033ffff,,,,,0.0,0.0,0.0,0.0,0.0,0.0,0.0,0.0,0.0,0.0
89390cb0eafffff,1.0,1977.0,1977.0,1977.0,0.0,0.0,0.0,0.0,1.0,0.0,0.0,0.0,0.0,0.0
89390cb0a93ffff,6.0,1930.0,1987.3333333333333,1958.0,0.0,0.0,0.0,1.0,5.0,0.0,0.0,0.0,1.0,0.6931471805599453
89390ca2b07ffff,,,,,0.0,0.0,0.0,0.0,0.0,0.0,0.0,0.0,0.0,0.0
89390cb025bffff,,,,,0.0,0.0,0.0,0.0,0.0,0.0,0.0,0.0,0.0,0.0
89390ca22cfffff,,,,,0.0,0.0,0.0,0.0,0.0,0.0,0.0,0.0,0.0,0.0
89390cbaedbffff,,,,,0.0,0.0,0.0,0.0,0.0,0.0,0.0,0.0,0.0,0.0
89390cb0e6bffff,,,,,0.0,0.0,0.0,0.0,0.0,0.0,0.0,0.0,0.0,0.0
89390cb19d3ffff,2.0,1919.0,1922.0,1919.6,0.0,0.0,0.0,2.0,0.0,0.0,0.0,0.0,2.0,1.0986122886681098
89390ca362bffff,2.0,1985.0,1988.5,1985.7,0.0,0.0,0.0,0.0,2.0,0.0,0.0,0.0,0.0,0.0
89390cb119bffff,,,,,0.0,0.0,0.0,0.0,0.0,0.0,0.0,0.0,0.0,0.0
89390ca320fffff,,,,,0.0,0.0,0.0,0.0,0.0,0.0,0.0,0.0,0.0,0.0
89390cb0547ffff,,,,,0.0,0.0,0.0,0.0,0.0,0.0,0.0,0.0,0.0,0.0
89390cb012bffff,,,,,0.0,0.0,0.0,0.0,0.0,0.0,0.0,0.0,0.0,0.0
89390cbadabffff,,,,,0.0,0.0,0.0,0.0,0.0,0.0,0.0,0.0,0.0,0.0
89390cb18a3ffff,6.0,1943.0,1965.5,1953.0,0.0,0.0,0.0,0.0,6.0,0.0,0.0,0.0,0.0,0.0
89390ca060bffff,,,,,0.0,0.0,0.0,0.0,0.0,0.0,0.0,0.0,0.0,0.0
89390cba98fffff,1.0,1898.0,1898.0,1898.0,0.0,0.0,0.0,1.0,0.0,0.0,0.0,0.0,1.0,0.6931471805599453
89390cb7267ffff,,,,,0.0,0.0,0.0,0.0,0.0,0.0,0.0,0.0,0.0,0.0
89390ca154bffff,,,,,0.0,0.0,0.0,0.0,0.0,0.0,0.0,0.0,0.0,0.0
89390cb56d3ffff,,,,,0.0,0.0,0.0,0.0,0.0,0.0,0.0,0.0,0.0,0.0
89390cb0c4fffff,,,,,0.0,0.0,0.0,0.0,0.0,0.0,0.0,0.0,0.0,0.0
89390ca2cc3ffff,,,,,0.0,0.0,0.0,0.0,0.0,0.0,0.0,0.0,0.0,0.0
89390cb52b7ffff,1.0,1991.0,1991.0,1991.0,0.0,0.0,0.0,0.0,1.0,0.0,0.0,0.0,0.0,0.0
89390cb0833ffff,1.0,1972.0,1972.0,1972.0,0.0,0.0,0.0,0.0,1.0,0.0,0.0,0.0,0.0,0.0
89390cb0417ffff,,,,,0.0,0.0,0.0,0.0,0.0,0.0,0.0,0.0,0.0,0.0
89390ca248bffff,,,,,0.0,0.0,0.0,0.0,0.0,0.0,0.0,0.0,0.0,0.0
89390cb1b8fffff,7.0,1822.0,1932.7142857142858,1859.8,0.0,0.0,1.0,2.0,4.0,0.0,0.0,1.0,4.0,1.6094379124341003
89390ca206fffff,1.0,1884.0,1884.0,1884.0,0.0,0.0,0.0,1.0,0.0,0.0,0.0,0.0,1.0,0.6931471805599453
89390ca04dbffff,1.0,1994.0,1994.0,1994.0,0.0,0.0,0.0,0.0,1.0,0.0,0.0,0.0,0.0,0.0
89390ca33cbffff,,,,,0.0,0.0,0.0,0.0,0.0,0.0,0.0,0.0,0.0,0.0
89390ca040bffff,1.0,1991.0,1991.0,1991.0,0.0,0.0,0.0,0.0,1.0,0.0,0.0,0.0,0.0,0.0
89390ca141bffff,1.0,1986.0,1986.0,1986.0,0.0,0.0,0.0,0.0,1.0,0.0,0.0,0.0,0.0,0.0
89390ca235bffff,,,,,0.0,0.0,0.0,0.0,0.0,0.0,0.0,0.0,0.0,0.0
89390cbab4bffff,1.0,2006.0,2006.0,2006.0,0.0,0.0,0.0,0.0,1.0,0.0,0.0,0.0,0.0,0.0
89390ca36b7ffff,,,,,0.0,0.0,0.0,0.0,0.0,0.0,0.0,0.0,0.0,0.0
89390ca03abffff,1.0,2007.0,2007.0,2007.0,0.0,0.0,0.0,0.0,1.0,0.0,0.0,0.0,0.0,0.0
89390cbababffff,,,,,0.0,0.0,0.0,0.0,0.0,0.0,0.0,0.0,0.0,0.0
89390ca329bffff,,,,,0.0,0.0,0.0,0.0,0.0,0.0,0.0,0.0,0.0,0.0
89390cba313ffff,,,,,0.0,0.0,0.0,0.0,0.0,0.0,0.0,0.0,0.0,0.0
89390cb0e0bffff,1.0,1983.0,1983.0,1983.0,0.0,0.0,0.0,0.0,1.0,0.0,0.0,0.0,0.0,0.0
89390cb5473ffff,,,,,0.0,0.0,0.0,0.0,0.0,0.0,0.0,0.0,0.0,0.0
89390ca2a63ffff,,,,,0.0,0.0,0.0,0.0,0.0,0.0,0.0,0.0,0.0,0.0
89390cb05d3ffff,,,,,0.0,0.0,0.0,0.0,0.0,0.0,0.0,0.0,0.0,0.0
89390ca2647ffff,3.0,1913.0,1954.3333333333333,1923.2,0.0,0.0,0.0,1.0,2.0,0.0,0.0,0.0,1.0,0.6931471805599453
89390cb1d4bffff,2.0,1956.0,1966.5,1958.1,0.0,0.0,0.0,0.0,2.0,0.0,0.0,0.0,0.0,0.0
89390cb01b7ffff,,,,,0.0,0.0,0.0,0.0,0.0,0.0,0.0,0.0,0.0,0.0
89390ca222bffff,1.0,1967.0,1967.0,1967.0,0.0,0.0,0.0,0.0,1.0,0.0,0.0,0.0,0.0,0.0
89390cbae37ffff,,,,,0.0,0.0,0.0,0.0,0.0,0.0,0.0,0.0,0.0,0.0
89390cb192fffff,3.0,1970.0,1981.0,1973.0,0.0,0.0,0.0,0.0,3.0,0.0,0.0,0.0,0.0,0.0
89390ca0697ffff,,,,,0.0,0.0,0.0,0.0,0.0,0.0,0.0,0.0,0.0,0.0
89390cbaa1bffff,,,,,0.0,0.0,0.0,0.0,0.0,0.0,0.0,0.0,0.0,0.0
89390cb1513ffff,,,,,0.0,0.0,0.0,0.0,0.0,0.0,0.0,0.0,0.0,0.0
89390ca3587ffff,1.0,2000.0,2000.0,2000.0,0.0,0.0,0.0,0.0,1.0,0.0,0.0,0.0,0.0,0.0
89390ca316bffff,1.0,1994.0,1994.0,1994.0,0.0,0.0,0.0,0.0,1.0,0.0,0.0,0.0,0.0,0.0
89390ca23bbffff,2.0,1999.0,2005.0,2000.2,0.0,0.0,0.0,0.0,2.0,0.0,0.0,0.0,0.0,0.0
89390cb0cdbffff,,,,,0.0,0.0,0.0,0.0,0.0,0.0,0.0,0.0,0.0,0.0
89390cb0347ffff,,,,,0.0,0.0,0.0,0.0,0.0,0.0,0.0,0.0,0.0,0.0
89390cb5343ffff,,,,,0.0,0.0,0.0,0.0,0.0,0.0,0.0,0.0,0.0,0.0
89390cb04a3ffff,,,,,0.0,0.0,0.0,0.0,0.0,0.0,0.0,0.0,0.0,0.0
89390cb0087ffff,,,,,0.0,0.0,0.0,0.0,0.0,0.0,0.0,0.0,0.0,0.0
89390cbad07ffff,,,,,0.0,0.0,0.0,0.0,0.0,0.0,0.0,0.0,0.0,0.0
89390ca0567ffff,,,,,0.0,0.0,0.0,0.0,0.0,0.0,0.0,0.0,0.0,0.0
89390ca3457ffff,1.0,1912.0,1912.0,1912.0,0.0,0.0,0.0,1.0,0.0,0.0,0.0,0.0,1.0,0.6931471805599453
89390ca014bffff,,,,,0.0,0.0,0.0,0.0,0.0,0.0,0.0,0.0,0.0,0.0
89390cb1edbffff,,,,,0.0,0.0,0.0,0.0,0.0,0.0,0.0,0.0,0.0,0.0
89390ca303bffff,,,,,0.0,0.0,0.0,0.0,0.0,0.0,0.0,0.0,0.0,0.0
89390cb893bffff,,,,,0.0,0.0,0.0,0.0,0.0,0.0,0.0,0.0,0.0,0.0
89390ca14a7ffff,,,,,0.0,0.0,0.0,0.0,0.0,0.0,0.0,0.0,0.0,0.0
89390cb562fffff,,,,,0.0,0.0,0.0,0.0,0.0,0.0,0.0,0.0,0.0,0.0
89390cb0babffff,,,,,0.0,0.0,0.0,0.0,0.0,0.0,0.0,0.0,0.0,0.0
89390cb5213ffff,1.0,1994.0,1994.0,1994.0,0.0,0.0,0.0,0.0,1.0,0.0,0.0,0.0,0.0,0.0
89390cb0373ffff,1.0,1987.0,1987.0,1987.0,0.0,0.0,0.0,0.0,1.0,0.0,0.0,0.0,0.0,0.0
89390cb3263ffff,1.0,1981.0,1981.0,1981.0,0.0,0.0,0.0,0.0,1.0,0.0,0.0,0.0,0.0,0.0
89390cbabd7ffff,,,,,0.0,0.0,0.0,0.0,0.0,0.0,0.0,0.0,0.0,0.0
89390ca0437ffff,,,,,0.0,0.0,0.0,0.0,0.0,0.0,0.0,0.0,0.0,0.0
89390ca3327ffff,,,,,0.0,0.0,0.0,0.0,0.0,0.0,0.0,0.0,0.0,0.0
89390ca001bffff,,,,,0.0,0.0,0.0,0.0,0.0,0.0,0.0,0.0,0.0,0.0
89390cb0e97ffff,,,,,0.0,0.0,0.0,0.0,0.0,0.0,0.0,0.0,0.0,0.0
89390cb0a7bffff,,,,,0.0,0.0,0.0,0.0,0.0,0.0,0.0,0.0,0.0,0.0
89390ca26d3ffff,8.0,1880.0,1954.625,1905.2,0.0,0.0,0.0,2.0,6.0,0.0,0.0,0.0,2.0,1.0986122886681098
89390cb1dd7ffff,,,,,0.0,0.0,0.0,0.0,0.0,0.0,0.0,0.0,0.0,0.0
89390cb0243ffff,,,,,0.0,0.0,0.0,0.0,0.0,0.0,0.0,0.0,0.0,0.0
89390ca22b7ffff,,,,,0.0,0.0,0.0,0.0,0.0,0.0,0.0,0.0,0.0,0.0
89390cbaec3ffff,,,,,0.0,0.0,0.0,0.0,0.0,0.0,0.0,0.0,0.0,0.0
89390cb19bbffff,9.0,1953.0,1978.7777777777778,1956.2,0.0,0.0,0.0,0.0,9.0,0.0,0.0,0.0,0.0,0.0
89390cbaaa7ffff,,,,,0.0,0.0,0.0,0.0,0.0,0.0,0.0,0.0,0.0,0.0
89390ca3613ffff,,,,,0.0,0.0,0.0,0.0,0.0,0.0,0.0,0.0,0.0,0.0
89390ca7677ffff,,,,,0.0,0.0,0.0,0.0,0.0,0.0,0.0,0.0,0.0,0.0
89390ca0307ffff,,,,,0.0,0.0,0.0,0.0,0.0,0.0,0.0,0.0,0.0,0.0
89390cb1183ffff,,,,,0.0,0.0,0.0,0.0,0.0,0.0,0.0,0.0,0.0,0.0
89390cb0d67ffff,,,,,0.0,0.0,0.0,0.0,0.0,0.0,0.0,0.0,0.0,0.0
89390cb5603ffff,,,,,0.0,0.0,0.0,0.0,0.0,0.0,0.0,0.0,0.0,0.0
89390ca147bffff,,,,,0.0,0.0,0.0,0.0,0.0,0.0,0.0,0.0,0.0,0.0
89390ca2ddbffff,,,,,0.0,0.0,0.0,0.0,0.0,0.0,0.0,0.0,0.0,0.0
89390cb53cfffff,1.0,2006.0,2006.0,2006.0,0.0,0.0,0.0,0.0,1.0,0.0,0.0,0.0,0.0,0.0
89390cb094bffff,,,,,0.0,0.0,0.0,0.0,0.0,0.0,0.0,0.0,0.0,0.0
89390cb052fffff,,,,,0.0,0.0,0.0,0.0,0.0,0.0,0.0,0.0,0.0,0.0
89390ca25a3ffff,,,,,0.0,0.0,0.0,0.0,0.0,0.0,0.0,0.0,0.0,0.0
89390cb1ca7ffff,,,,,0.0,0.0,0.0,0.0,0.0,0.0,0.0,0.0,0.0,0.0
89390cb890fffff,,,,,0.0,0.0,0.0,0.0,0.0,0.0,0.0,0.0,0.0,0.0
89390ca2187ffff,,,,,0.0,0.0,0.0,0.0,0.0,0.0,0.0,0.0,0.0,0.0
89390cbad93ffff,1.0,1940.0,1940.0,1940.0,0.0,0.0,0.0,0.0,1.0,0.0,0.0,0.0,0.0,0.0
89390cb188bffff,7.0,1903.0,1968.5714285714287,1931.2,0.0,0.0,0.0,1.0,6.0,0.0,0.0,0.0,1.0,0.6931471805599453
89390cba977ffff,,,,,0.0,0.0,0.0,0.0,0.0,0.0,0.0,0.0,0.0,0.0
89390ca01d7ffff,,,,,0.0,0.0,0.0,0.0,0.0,0.0,0.0,0.0,0.0,0.0
89390cb5ad7ffff,,,,,0.0,0.0,0.0,0.0,0.0,0.0,0.0,0.0,0.0,0.0
89390ca30c7ffff,3.0,1614.0,1862.0,1684.2,0.0,1.0,0.0,0.0,2.0,0.0,1.0,1.0,3.0,1.3862943611198906
89390cb724fffff,,,,,0.0,0.0,0.0,0.0,0.0,0.0,0.0,0.0,0.0,0.0
89390ca300fffff,2.0,1998.0,1998.0,1998.0,0.0,0.0,0.0,0.0,2.0,0.0,0.0,0.0,0.0,0.0
89390cb89c7ffff,,,,,0.0,0.0,0.0,0.0,0.0,0.0,0.0,0.0,0.0,0.0
89390cb56bbffff,,,,,0.0,0.0,0.0,0.0,0.0,0.0,0.0,0.0,0.0,0.0
89390ca2cabffff,,,,,0.0,0.0,0.0,0.0,0.0,0.0,0.0,0.0,0.0,0.0
89390cb081bffff,,,,,0.0,0.0,0.0,0.0,0.0,0.0,0.0,0.0,0.0,0.0
89390ca2473ffff,4.0,1968.0,1971.25,1968.9,0.0,0.0,0.0,0.0,4.0,0.0,0.0,0.0,0.0,0.0
89390cb1b77ffff,29.0,1609.0,1895.0,1809.8,0.0,2.0,7.0,10.0,10.0,0.0,1.0,1.0,30.0,3.4339872044851463
89390ca2057ffff,1.0,1999.0,1999.0,1999.0,0.0,0.0,0.0,0.0,1.0,0.0,0.0,0.0,0.0,0.0
89390ca04c3ffff,,,,,0.0,0.0,0.0,0.0,0.0,0.0,0.0,0.0,0.0,0.0
89390cba847ffff,1.0,1976.0,1976.0,1976.0,0.0,0.0,0.0,0.0,1.0,0.0,0.0,0.0,0.0,0.0
89390cb8d2bffff,,,,,0.0,0.0,0.0,0.0,0.0,0.0,0.0,0.0,0.0,0.0
89390ca33b3ffff,,,,,0.0,0.0,0.0,0.0,0.0,0.0,0.0,0.0,0.0,0.0
89390ca00a7ffff,,,,,0.0,0.0,0.0,0.0,0.0,0.0,0.0,0.0,0.0,0.0
89390cb8cb3ffff,,,,,0.0,0.0,0.0,0.0,0.0,0.0,0.0,0.0,0.0,0.0
89390ca1403ffff,1.0,1851.0,1851.0,1851.0,0.0,0.0,1.0,0.0,0.0,0.0,0.0,1.0,2.0,1.0986122886681098
89390cb0b07ffff,,,,,0.0,0.0,0.0,0.0,0.0,0.0,0.0,0.0,0.0,0.0
89390ca2b7bffff,,,,,0.0,0.0,0.0,0.0,0.0,0.0,0.0,0.0,0.0,0.0
89390ca342bffff,1.0,2011.0,2011.0,2011.0,0.0,0.0,0.0,0.0,1.0,0.0,0.0,0.0,0.0,0.0
89390cb02cfffff,,,,,0.0,0.0,0.0,0.0,0.0,0.0,0.0,0.0,0.0,0.0
89390cb13b7ffff,,,,,0.0,0.0,0.0,0.0,0.0,0.0,0.0,0.0,0.0,0.0
89390ca2343ffff,1.0,2000.0,2000.0,2000.0,0.0,0.0,0.0,0.0,1.0,0.0,0.0,0.0,0.0,0.0
89390cb1a47ffff,,,,,0.0,0.0,0.0,0.0,0.0,0.0,0.0,0.0,0.0,0.0
89390cbab33ffff,1.0,2006.0,2006.0,2006.0,0.0,0.0,0.0,0.0,1.0,0.0,0.0,0.0,0.0,0.0
89390ca0393ffff,,,,,0.0,0.0,0.0,0.0,0.0,0.0,0.0,0.0,0.0,0.0
89390cb5c93ffff,,,,,0.0,0.0,0.0,0.0,0.0,0.0,0.0,0.0,0.0,0.0
89390ca3283ffff,1.0,1986.0,1986.0,1986.0,0.0,0.0,0.0,0.0,1.0,0.0,0.0,0.0,0.0,0.0
89390ca2e67ffff,,,,,0.0,0.0,0.0,0.0,0.0,0.0,0.0,0.0,0.0,0.0
89390ca053bffff,,,,,0.0,0.0,0.0,0.0,0.0,0.0,0.0,0.0,0.0,0.0
89390cb545bffff,,,,,0.0,0.0,0.0,0.0,0.0,0.0,0.0,0.0,0.0,0.0
89390cb09d7ffff,1.0,2007.0,2007.0,2007.0,0.0,0.0,0.0,0.0,1.0,0.0,0.0,0.0,0.0,0.0
89390ca262fffff,4.0,1953.0,1980.0,1962.0,0.0,0.0,0.0,0.0,4.0,0.0,0.0,0.0,0.0,0.0
89390cb1d33ffff,,,,,0.0,0.0,0.0,0.0,0.0,0.0,0.0,0.0,0.0,0.0
89390ca2213ffff,,,,,0.0,0.0,0.0,0.0,0.0,0.0,0.0,0.0,0.0,0.0
89390cb1917ffff,13.0,1834.0,1961.076923076923,1895.0,0.0,0.0,1.0,1.0,11.0,0.0,0.0,1.0,3.0,1.3862943611198906
89390ca356fffff,,,,,0.0,0.0,0.0,0.0,0.0,0.0,0.0,0.0,0.0,0.0
89390ca3153ffff,,,,,0.0,0.0,0.0,0.0,0.0,0.0,0.0,0.0,0.0,0.0
89390ca20cfffff,,,,,0.0,0.0,0.0,0.0,0.0,0.0,0.0,0.0,0.0,0.0
89390cb72dbffff,,,,,0.0,0.0,0.0,0.0,0.0,0.0,0.0,0.0,0.0,0.0
89390cb0cc3ffff,,,,,0.0,0.0,0.0,0.0,0.0,0.0,0.0,0.0,0.0,0.0
89390cb532bffff,,,,,0.0,0.0,0.0,0.0,0.0,0.0,0.0,0.0,0.0,0.0
89390cb08a7ffff,,,,,0.0,0.0,0.0,0.0,0.0,0.0,0.0,0.0,0.0,0.0
89390cb048bffff,2.0,1936.0,1968.0,1942.4,0.0,0.0,0.0,1.0,1.0,0.0,0.0,0.0,1.0,0.6931471805599453
89390cb1c03ffff,,,,,0.0,0.0,0.0,0.0,0.0,0.0,0.0,0.0,0.0,0.0
89390ca054fffff,,,,,0.0,0.0,0.0,0.0,0.0,0.0,0.0,0.0,0.0,0.0
89390cba8d3ffff,,,,,0.0,0.0,0.0,0.0,0.0,0.0,0.0,0.0,0.0,0.0
89390cb5e4fffff,,,,,0.0,0.0,0.0,0.0,0.0,0.0,0.0,0.0,0.0,0.0
89390ca0133ffff,,,,,0.0,0.0,0.0,0.0,0.0,0.0,0.0,0.0,0.0,0.0
89390cb8923ffff,,,,,0.0,0.0,0.0,0.0,0.0,0.0,0.0,0.0,0.0,0.0
89390ca148fffff,3.0,1973.0,1993.0,1979.0,0.0,0.0,0.0,0.0,3.0,0.0,0.0,0.0,0.0,0.0
89390cb5617ffff,,,,,0.0,0.0,0.0,0.0,0.0,0.0,0.0,0.0,0.0,0.0
89390cb0b93ffff,1.0,2007.0,2007.0,2007.0,0.0,0.0,0.0,0.0,1.0,0.0,0.0,0.0,0.0,0.0
89390ca768bffff,,,,,0.0,0.0,0.0,0.0,0.0,0.0,0.0,0.0,0.0,0.0
89390ca2c07ffff,,,,,0.0,0.0,0.0,0.0,0.0,0.0,0.0,0.0,0.0,0.0
89390ca23cfffff,,,,,0.0,0.0,0.0,0.0,0.0,0.0,0.0,0.0,0.0,0.0
89390cb1ad3ffff,,,,,0.0,0.0,0.0,0.0,0.0,0.0,0.0,0.0,0.0,0.0
89390ca330fffff,,,,,0.0,0.0,0.0,0.0,0.0,0.0,0.0,0.0,0.0,0.0
89390cb2a13ffff,,,,,0.0,0.0,0.0,0.0,0.0,0.0,0.0,0.0,0.0,0.0
89390ca0003ffff,1.0,1999.0,1999.0,1999.0,0.0,0.0,0.0,0.0,1.0,0.0,0.0,0.0,0.0,0.0
89390cba387ffff,,,,,0.0,0.0,0.0,0.0,0.0,0.0,0.0,0.0,0.0,0.0
89390cb0a63ffff,2.0,1986.0,1988.5,1986.5,0.0,0.0,0.0,0.0,2.0,0.0,0.0,0.0,0.0,0.0
89390ca2ad7ffff,,,,,0.0,0.0,0.0,0.0,0.0,0.0,0.0,0.0,0.0,0.0
89390cb50cbffff,,,,,0.0,0.0,0.0,0.0,0.0,0.0,0.0,0.0,0.0,0.0
89390ca26bbffff,5.0,1926.0,1952.8,1928.4,0.0,0.0,0.0,3.0,2.0,0.0,0.0,0.0,3.0,1.3862943611198906
89390cb022bffff,,,,,0.0,0.0,0.0,0.0,0.0,0.0,0.0,0.0,0.0,0.0
89390cbaeabffff,,,,,0.0,0.0,0.0,0.0,0.0,0.0,0.0,0.0,0.0,0.0
89390cb19a3ffff,,,,,0.0,0.0,0.0,0.0,0.0,0.0,0.0,0.0,0.0,0.0
89390cbaa8fffff,,,,,0.0,0.0,0.0,0.0,0.0,0.0,0.0,0.0,0.0,0.0
89390cb116bffff,,,,,0.0,0.0,0.0,0.0,0.0,0.0,0.0,0.0,0.0,0.0
89390cb0893ffff,1.0,2018.0,2018.0,2018.0,0.0,0.0,0.0,0.0,1.0,0.0,0.0,0.0,0.0,0.0
89390cb5317ffff,,,,,0.0,0.0,0.0,0.0,0.0,0.0,0.0,0.0,0.0,0.0
89390cb0d4fffff,,,,,0.0,0.0,0.0,0.0,0.0,0.0,0.0,0.0,0.0,0.0
89390ca2dc3ffff,,,,,0.0,0.0,0.0,0.0,0.0,0.0,0.0,0.0,0.0,0.0
89390cb53b7ffff,1.0,1999.0,1999.0,1999.0,0.0,0.0,0.0,0.0,1.0,0.0,0.0,0.0,0.0,0.0
89390cb0933ffff,,,,,0.0,0.0,0.0,0.0,0.0,0.0,0.0,0.0,0.0,0.0
89390ca258bffff,,,,,0.0,0.0,0.0,0.0,0.0,0.0,0.0,0.0,0.0,0.0
89390cb1c8fffff,1.0,1895.0,1895.0,1895.0,0.0,0.0,0.0,1.0,0.0,0.0,0.0,0.0,1.0,0.6931471805599453
89390ca216fffff,3.0,1983.0,1997.6666666666667,1986.2,0.0,0.0,0.0,0.0,3.0,0.0,0.0,0.0,0.0,0.0
89390cbad7bffff,,,,,0.0,0.0,0.0,0.0,0.0,0.0,0.0,0.0,0.0,0.0
89390cb1873ffff,6.0,1884.0,1921.8333333333333,1892.0,0.0,0.0,0.0,4.0,2.0,0.0,0.0,0.0,4.0,1.6094379124341003
89390ca05dbffff,1.0,2001.0,2001.0,2001.0,0.0,0.0,0.0,0.0,1.0,0.0,0.0,0.0,0.0,0.0
89390ca1d53ffff,,,,,0.0,0.0,0.0,0.0,0.0,0.0,0.0,0.0,0.0,0.0
89390ca34cbffff,,,,,0.0,0.0,0.0,0.0,0.0,0.0,0.0,0.0,0.0,0.0
89390cb2bcfffff,,,,,0.0,0.0,0.0,0.0,0.0,0.0,0.0,0.0,0.0,0.0
89390ca30afffff,,,,,0.0,0.0,0.0,0.0,0.0,0.0,0.0,0.0,0.0,0.0
89390cb89afffff,,,,,0.0,0.0,0.0,0.0,0.0,0.0,0.0,0.0,0.0,0.0
89390cb0cafffff,,,,,0.0,0.0,0.0,0.0,0.0,0.0,0.0,0.0,0.0,0.0
89390ca2c93ffff,,,,,0.0,0.0,0.0,0.0,0.0,0.0,0.0,0.0,0.0,0.0
89390cb8593ffff,,,,,0.0,0.0,0.0,0.0,0.0,0.0,0.0,0.0,0.0,0.0
89390cb5287ffff,2.0,1991.0,1992.5,1991.3,0.0,0.0,0.0,0.0,2.0,0.0,0.0,0.0,0.0,0.0
89390ca245bffff,4.0,1950.0,1970.0,1952.1,0.0,0.0,0.0,0.0,4.0,0.0,0.0,0.0,0.0,0.0
89390cba82fffff,1.0,2001.0,2001.0,2001.0,0.0,0.0,0.0,0.0,1.0,0.0,0.0,0.0,0.0,0.0
89390ca1c23ffff,,,,,0.0,0.0,0.0,0.0,0.0,0.0,0.0,0.0,0.0,0.0
89390cb1327ffff,,,,,0.0,0.0,0.0,0.0,0.0,0.0,0.0,0.0,0.0,0.0
89390ca339bffff,,,,,0.0,0.0,0.0,0.0,0.0,0.0,0.0,0.0,0.0,0.0
89390ca008fffff,5.0,1951.0,1979.0,1965.0,0.0,0.0,0.0,0.0,5.0,0.0,0.0,0.0,0.0,0.0
89390cb8c9bffff,,,,,0.0,0.0,0.0,0.0,0.0,0.0,0.0,0.0,0.0,0.0
89390cb2843ffff,,,,,0.0,0.0,0.0,0.0,0.0,0.0,0.0,0.0,0.0,0.0
89390ca2b63ffff,,,,,0.0,0.0,0.0,0.0,0.0,0.0,0.0,0.0,0.0,0.0
89390cb2267ffff,,,,,0.0,0.0,0.0,0.0,0.0,0.0,0.0,0.0,0.0,0.0
89390cb5157ffff,1.0,1999.0,1999.0,1999.0,0.0,0.0,0.0,0.0,1.0,0.0,0.0,0.0,0.0,0.0
89390cb1e4bffff,1.0,1931.0,1931.0,1931.0,0.0,0.0,0.0,1.0,0.0,0.0,0.0,0.0,1.0,0.6931471805599453
89390cb02b7ffff,,,,,0.0,0.0,0.0,0.0,0.0,0.0,0.0,0.0,0.0,0.0
89390ca232bffff,1.0,1998.0,1998.0,1998.0,0.0,0.0,0.0,0.0,1.0,0.0,0.0,0.0,0.0,0.0
89390cb1a2fffff,7.0,1800.0,1928.4285714285713,1860.6,0.0,0.0,1.0,1.0,5.0,0.0,0.0,1.0,3.0,1.3862943611198906
89390cbab1bffff,1.0,2006.0,2006.0,2006.0,0.0,0.0,0.0,0.0,1.0,0.0,0.0,0.0,0.0,0.0
89390ca3687ffff,,,,,0.0,0.0,0.0,0.0,0.0,0.0,0.0,0.0,0.0,0.0
89390ca326bffff,,,,,0.0,0.0,0.0,0.0,0.0,0.0,0.0,0.0,0.0,0.0
89390cb0ddbffff,,,,,0.0,0.0,0.0,0.0,0.0,0.0,0.0,0.0,0.0,0.0
89390ca2e4fffff,1.0,1990.0,1990.0,1990.0,0.0,0.0,0.0,0.0,1.0,0.0,0.0,0.0,0.0,0.0
89390cb5443ffff,,,,,0.0,0.0,0.0,0.0,0.0,0.0,0.0,0.0,0.0,0.0
89390cb5027ffff,,,,,0.0,0.0,0.0,0.0,0.0,0.0,0.0,0.0,0.0,0.0
89390ca355bffff,,,,,0.0,0.0,0.0,0.0,0.0,0.0,0.0,0.0,0.0,0.0
89390ca2617ffff,1.0,1974.0,1974.0,1974.0,0.0,0.0,0.0,0.0,1.0,0.0,0.0,0.0,0.0,0.0
89390cb1d1bffff,,,,,0.0,0.0,0.0,0.0,0.0,0.0,0.0,0.0,0.0,0.0
89390cb0187ffff,,,,,0.0,0.0,0.0,0.0,0.0,0.0,0.0,0.0,0.0,0.0
89390cbae07ffff,,,,,0.0,0.0,0.0,0.0,0.0,0.0,0.0,0.0,0.0,0.0
89390ca3557ffff,7.0,1765.0,1921.142857142857,1798.6,0.0,0.0,2.0,1.0,4.0,0.0,0.0,1.0,5.0,1.791759469228055
89390ca313bffff,2.0,1995.0,1997.0,1995.4,0.0,0.0,0.0,0.0,2.0,0.0,0.0,0.0,0.0,0.0
89390ca15a7ffff,,,,,0.0,0.0,0.0,0.0,0.0,0.0,0.0,0.0,0.0,0.0
89390cb0cabffff,,,,,0.0,0.0,0.0,0.0,0.0,0.0,0.0,0.0,0.0,0.0
89390ca118bffff,,,,,0.0,0.0,0.0,0.0,0.0,0.0,0.0,0.0,0.0,0.0
89390cb5313ffff,,,,,0.0,0.0,0.0,0.0,0.0,0.0,0.0,0.0,0.0,0.0
89390cb088fffff,,,,,0.0,0.0,0.0,0.0,0.0,0.0,0.0,0.0,0.0,0.0
89390ca066bffff,,,,,0.0,0.0,0.0,0.0,0.0,0.0,0.0,0.0,0.0,0.0
89390cb0473ffff,,,,,0.0,0.0,0.0,0.0,0.0,0.0,0.0,0.0,0.0,0.0
89390cb0057ffff,,,,,0.0,0.0,0.0,0.0,0.0,0.0,0.0,0.0,0.0,0.0
89390ca20cbffff,1.0,2014.0,2014.0,2014.0,0.0,0.0,0.0,0.0,1.0,0.0,0.0,0.0,0.0,0.0
89390ca0537ffff,,,,,0.0,0.0,0.0,0.0,0.0,0.0,0.0,0.0,0.0,0.0
89390cba8bbffff,,,,,0.0,0.0,0.0,0.0,0.0,0.0,0.0,0.0,0.0,0.0
89390ca3427ffff,,,,,0.0,0.0,0.0,0.0,0.0,0.0,0.0,0.0,0.0,0.0
89390cb8d27ffff,,,,,0.0,0.0,0.0,0.0,0.0,0.0,0.0,0.0,0.0,0.0
89390cb1903ffff,13.0,1851.0,1963.1538461538462,1945.4,0.0,0.0,1.0,0.0,12.0,0.0,0.0,1.0,2.0,1.0986122886681098
89390ca300bffff,,,,,0.0,0.0,0.0,0.0,0.0,0.0,0.0,0.0,0.0,0.0
89390cb890bffff,,,,,0.0,0.0,0.0,0.0,0.0,0.0,0.0,0.0,0.0,0.0
89390ca1477ffff,,,,,0.0,0.0,0.0,0.0,0.0,0.0,0.0,0.0,0.0,0.0
89390cb0b7bffff,,,,,0.0,0.0,0.0,0.0,0.0,0.0,0.0,0.0,0.0,0.0
89390ca7673ffff,,,,,0.0,0.0,0.0,0.0,0.0,0.0,0.0,0.0,0.0,0.0
89390cb1ed7ffff,,,,,0.0,0.0,0.0,0.0,0.0,0.0,0.0,0.0,0.0,0.0
89390ca23b7ffff,1.0,1987.0,1987.0,1987.0,0.0,0.0,0.0,0.0,1.0,0.0,0.0,0.0,0.0,0.0
89390cb1abbffff,1.0,2000.0,2000.0,2000.0,0.0,0.0,0.0,0.0,1.0,0.0,0.0,0.0,0.0,0.0
89390cbaba7ffff,1.0,1889.0,1889.0,1889.0,0.0,0.0,0.0,1.0,0.0,0.0,0.0,0.0,1.0,0.6931471805599453
89390ca0407ffff,,,,,0.0,0.0,0.0,0.0,0.0,0.0,0.0,0.0,0.0,0.0
89390cb0e67ffff,1.0,1990.0,1990.0,1990.0,0.0,0.0,0.0,0.0,1.0,0.0,0.0,0.0,0.0,0.0
89390ca2edbffff,,,,,0.0,0.0,0.0,0.0,0.0,0.0,0.0,0.0,0.0,0.0
89390cb54cfffff,,,,,0.0,0.0,0.0,0.0,0.0,0.0,0.0,0.0,0.0,0.0
89390cb0a4bffff,3.0,1969.0,1976.3333333333333,1969.2,0.0,0.0,0.0,0.0,3.0,0.0,0.0,0.0,0.0,0.0
89390cb50b3ffff,,,,,0.0,0.0,0.0,0.0,0.0,0.0,0.0,0.0,0.0,0.0
89390ca26a3ffff,,,,,0.0,0.0,0.0,0.0,0.0,0.0,0.0,0.0,0.0,0.0
89390cb1da7ffff,,,,,0.0,0.0,0.0,0.0,0.0,0.0,0.0,0.0,0.0,0.0
89390ca261bffff,3.0,1918.0,1922.3333333333333,1919.2,0.0,0.0,0.0,3.0,0.0,0.0,0.0,0.0,3.0,1.3862943611198906
89390ca2287ffff,,,,,0.0,0.0,0.0,0.0,0.0,0.0,0.0,0.0,0.0,0.0
89390cb198bffff,1.0,1971.0,1971.0,1971.0,0.0,0.0,0.0,0.0,1.0,0.0,0.0,0.0,0.0,0.0
89390cbaa77ffff,,,,,0.0,0.0,0.0,0.0,0.0,0.0,0.0,0.0,0.0,0.0
89390cb05a7ffff,,,,,0.0,0.0,0.0,0.0,0.0,0.0,0.0,0.0,0.0,0.0
89390cb156fffff,1.0,2003.0,2003.0,2003.0,0.0,0.0,0.0,0.0,1.0,0.0,0.0,0.0,0.0,0.0
89390cb502bffff,,,,,0.0,0.0,0.0,0.0,0.0,0.0,0.0,0.0,0.0,0.0
89390cb1153ffff,,,,,0.0,0.0,0.0,0.0,0.0,0.0,0.0,0.0,0.0,0.0
89390ca31c7ffff,,,,,0.0,0.0,0.0,0.0,0.0,0.0,0.0,0.0,0.0,0.0
89390cb734fffff,,,,,0.0,0.0,0.0,0.0,0.0,0.0,0.0,0.0,0.0,0.0
89390cb0d37ffff,,,,,0.0,0.0,0.0,0.0,0.0,0.0,0.0,0.0,0.0,0.0
89390ca2dabffff,,,,,0.0,0.0,0.0,0.0,0.0,0.0,0.0,0.0,0.0,0.0
89390cb091bffff,1.0,2007.0,2007.0,2007.0,0.0,0.0,0.0,0.0,1.0,0.0,0.0,0.0,0.0,0.0
89390ca2573ffff,,,,,0.0,0.0,0.0,0.0,0.0,0.0,0.0,0.0,0.0,0.0
89390cb1c77ffff,2.0,1836.0,1905.5,1849.9,0.0,0.0,1.0,0.0,1.0,0.0,0.0,1.0,2.0,1.0986122886681098
89390ca2157ffff,,,,,0.0,0.0,0.0,0.0,0.0,0.0,0.0,0.0,0.0,0.0
89390cbad63ffff,,,,,0.0,0.0,0.0,0.0,0.0,0.0,0.0,0.0,0.0,0.0
89390cb185bffff,,,,,0.0,0.0,0.0,0.0,0.0,0.0,0.0,0.0,0.0,0.0
89390ca05c3ffff,,,,,0.0,0.0,0.0,0.0,0.0,0.0,0.0,0.0,0.0,0.0
89390cba947ffff,2.0,1968.0,1983.5,1971.1,0.0,0.0,0.0,0.0,2.0,0.0,0.0,0.0,0.0,0.0
89390ca1d3bffff,,,,,0.0,0.0,0.0,0.0,0.0,0.0,0.0,0.0,0.0,0.0
89390ca34b3ffff,7.0,1927.0,1961.857142857143,1929.4,0.0,0.0,0.0,3.0,4.0,0.0,0.0,0.0,3.0,1.3862943611198906
89390cb2bb7ffff,,,,,0.0,0.0,0.0,0.0,0.0,0.0,0.0,0.0,0.0,0.0
89390cb09c3ffff,,,,,0.0,0.0,0.0,0.0,0.0,0.0,0.0,0.0,0.0,0.0
89390cb1023ffff,,,,,0.0,0.0,0.0,0.0,0.0,0.0,0.0,0.0,0.0,0.0
89390cb5447ffff,,,,,0.0,0.0,0.0,0.0,0.0,0.0,0.0,0.0,0.0,0.0
89390ca3097ffff,5.0,1981.0,2000.4,1988.2,0.0,0.0,0.0,0.0,5.0,0.0,0.0,0.0,0.0,0.0
89390cb8997ffff,,,,,0.0,0.0,0.0,0.0,0.0,0.0,0.0,0.0,0.0,0.0
89390ca1503ffff,,,,,0.0,0.0,0.0,0.0,0.0,0.0,0.0,0.0,0.0,0.0
89390cb568bffff,,,,,0.0,0.0,0.0,0.0,0.0,0.0,0.0,0.0,0.0,0.0
89390cb0c07ffff,,,,,0.0,0.0,0.0,0.0,0.0,0.0,0.0,0.0,0.0,0.0
89390ca2c7bffff,,,,,0.0,0.0,0.0,0.0,0.0,0.0,0.0,0.0,0.0,0.0
89390cb03cfffff,,,,,0.0,0.0,0.0,0.0,0.0,0.0,0.0,0.0,0.0,0.0
89390ca2443ffff,2.0,1969.0,1972.0,1969.6,0.0,0.0,0.0,0.0,2.0,0.0,0.0,0.0,0.0,0.0
89390cb1b47ffff,22.0,1600.0,1924.3181818181818,1843.0,0.0,1.0,4.0,5.0,12.0,0.0,1.0,1.0,16.0,2.833213344056216
89390ca2027ffff,1.0,1974.0,1974.0,1974.0,0.0,0.0,0.0,0.0,1.0,0.0,0.0,0.0,0.0,0.0
89390cbac33ffff,,,,,0.0,0.0,0.0,0.0,0.0,0.0,0.0,0.0,0.0,0.0
89390ca0493ffff,,,,,0.0,0.0,0.0,0.0,0.0,0.0,0.0,0.0,0.0,0.0
89390cba817ffff,1.0,1961.0,1961.0,1961.0,0.0,0.0,0.0,0.0,1.0,0.0,0.0,0.0,0.0,0.0
89390ca3383ffff,,,,,0.0,0.0,0.0,0.0,0.0,0.0,0.0,0.0,0.0,0.0
89390cb2a87ffff,,,,,0.0,0.0,0.0,0.0,0.0,0.0,0.0,0.0,0.0,0.0
89390ca2e53ffff,3.0,1986.0,1991.0,1986.0,0.0,0.0,0.0,0.0,3.0,0.0,0.0,0.0,0.0,0.0
89390ca0077ffff,1.0,2007.0,2007.0,2007.0,0.0,0.0,0.0,0.0,1.0,0.0,0.0,0.0,0.0,0.0
89390cb8c83ffff,,,,,0.0,0.0,0.0,0.0,0.0,0.0,0.0,0.0,0.0,0.0
89390cb555bffff,,,,,0.0,0.0,0.0,0.0,0.0,0.0,0.0,0.0,0.0,0.0
89390cb0ad7ffff,,,,,0.0,0.0,0.0,0.0,0.0,0.0,0.0,0.0,0.0,0.0
89390cb224fffff,,,,,0.0,0.0,0.0,0.0,0.0,0.0,0.0,0.0,0.0,0.0
89390cb1e33ffff,,,,,0.0,0.0,0.0,0.0,0.0,0.0,0.0,0.0,0.0,0.0
89390ca2313ffff,,,,,0.0,0.0,0.0,0.0,0.0,0.0,0.0,0.0,0.0,0.0
89390cb1a17ffff,2.0,1933.0,1933.0,1933.0,0.0,0.0,0.0,2.0,0.0,0.0,0.0,0.0,2.0,1.0986122886681098
89390cbab03ffff,1.0,2010.0,2010.0,2010.0,0.0,0.0,0.0,0.0,1.0,0.0,0.0,0.0,0.0,0.0
89390ca366fffff,,,,,0.0,0.0,0.0,0.0,0.0,0.0,0.0,0.0,0.0,0.0
89390ca3253ffff,1.0,1928.0,1928.0,1928.0,0.0,0.0,0.0,1.0,0.0,0.0,0.0,0.0,1.0,0.6931471805599453
89390cb2957ffff,,,,,0.0,0.0,0.0,0.0,0.0,0.0,0.0,0.0,0.0,0.0
89390cb0dc3ffff,,,,,0.0,0.0,0.0,0.0,0.0,0.0,0.0,0.0,0.0,0.0
89390cb542bffff,,,,,0.0,0.0,0.0,0.0,0.0,0.0,0.0,0.0,0.0,0.0
89390cb09a7ffff,,,,,0.0,0.0,0.0,0.0,0.0,0.0,0.0,0.0,0.0,0.0
89390ca2a1bffff,1.0,1992.0,1992.0,1992.0,0.0,0.0,0.0,0.0,1.0,0.0,0.0,0.0,0.0,0.0
89390ca326fffff,,,,,0.0,0.0,0.0,0.0,0.0,0.0,0.0,0.0,0.0,0.0
89390cb500fffff,,,,,0.0,0.0,0.0,0.0,0.0,0.0,0.0,0.0,0.0,0.0
89390cb1d03ffff,1.0,1991.0,1991.0,1991.0,0.0,0.0,0.0,0.0,1.0,0.0,0.0,0.0,0.0,0.0
89390cb016fffff,1.0,1978.0,1978.0,1978.0,0.0,0.0,0.0,0.0,1.0,0.0,0.0,0.0,0.0,0.0
89390ca064fffff,,,,,0.0,0.0,0.0,0.0,0.0,0.0,0.0,0.0,0.0,0.0
89390cba9d3ffff,,,,,0.0,0.0,0.0,0.0,0.0,0.0,0.0,0.0,0.0,0.0
89390ca1dc7ffff,,,,,0.0,0.0,0.0,0.0,0.0,0.0,0.0,0.0,0.0,0.0
89390cb10afffff,,,,,0.0,0.0,0.0,0.0,0.0,0.0,0.0,0.0,0.0,0.0
89390ca3123ffff,,,,,0.0,0.0,0.0,0.0,0.0,0.0,0.0,0.0,0.0,0.0
89390cb2827ffff,,,,,0.0,0.0,0.0,0.0,0.0,0.0,0.0,0.0,0.0,0.0
89390ca2d07ffff,,,,,0.0,0.0,0.0,0.0,0.0,0.0,0.0,0.0,0.0,0.0
89390cb0877ffff,,,,,0.0,0.0,0.0,0.0,0.0,0.0,0.0,0.0,0.0,0.0
89390ca24cfffff,3.0,1920.0,1957.6666666666667,1930.6,0.0,0.0,0.0,1.0,2.0,0.0,0.0,0.0,1.0,0.6931471805599453
89390cb1bd3ffff,10.0,1902.0,1956.7,1907.4,0.0,0.0,0.0,3.0,7.0,0.0,0.0,0.0,3.0,1.3862943611198906
89390ca20b3ffff,1.0,1997.0,1997.0,1997.0,0.0,0.0,0.0,0.0,1.0,0.0,0.0,0.0,0.0,0.0
89390cba8a3ffff,,,,,0.0,0.0,0.0,0.0,0.0,0.0,0.0,0.0,0.0,0.0
89390ca368bffff,1.0,1998.0,1998.0,1998.0,0.0,0.0,0.0,0.0,1.0,0.0,0.0,0.0,0.0,0.0
89390ca340fffff,4.0,1833.0,1956.0,1873.8,0.0,0.0,1.0,0.0,3.0,0.0,0.0,1.0,2.0,1.0986122886681098
89390cb2b13ffff,1.0,1970.0,1970.0,1970.0,0.0,0.0,0.0,0.0,1.0,0.0,0.0,0.0,0.0,0.0
89390ca0103ffff,,,,,0.0,0.0,0.0,0.0,0.0,0.0,0.0,0.0,0.0,0.0
89390cb0b63ffff,,,,,0.0,0.0,0.0,0.0,0.0,0.0,0.0,0.0,0.0,0.0
89390ca2bd7ffff,,,,,0.0,0.0,0.0,0.0,0.0,0.0,0.0,0.0,0.0,0.0
89390cb51cbffff,,,,,0.0,0.0,0.0,0.0,0.0,0.0,0.0,0.0,0.0,0.0
89390cb032bffff,,,,,0.0,0.0,0.0,0.0,0.0,0.0,0.0,0.0,0.0,0.0
89390cb1aa3ffff,,,,,0.0,0.0,0.0,0.0,0.0,0.0,0.0,0.0,0.0,0.0
89390cbab8fffff,,,,,0.0,0.0,0.0,0.0,0.0,0.0,0.0,0.0,0.0,0.0
89390cb0e4fffff,1.0,2002.0,2002.0,2002.0,0.0,0.0,0.0,0.0,1.0,0.0,0.0,0.0,0.0,0.0
89390ca2ec3ffff,,,,,0.0,0.0,0.0,0.0,0.0,0.0,0.0,0.0,0.0,0.0
89390cb54b7ffff,,,,,0.0,0.0,0.0,0.0,0.0,0.0,0.0,0.0,0.0,0.0
89390cb0a33ffff,,,,,0.0,0.0,0.0,0.0,0.0,0.0,0.0,0.0,0.0,0.0
89390ca2aa7ffff,,,,,0.0,0.0,0.0,0.0,0.0,0.0,0.0,0.0,0.0,0.0
89390cb509bffff,1.0,2020.0,2020.0,2020.0,0.0,0.0,0.0,0.0,1.0,0.0,0.0,0.0,0.0,0.0
89390ca268bffff,7.0,1898.0,1940.2857142857142,1901.0,0.0,0.0,0.0,4.0,3.0,0.0,0.0,0.0,4.0,1.6094379124341003
89390cb1d8fffff,,,,,0.0,0.0,0.0,0.0,0.0,0.0,0.0,0.0,0.0,0.0
89390ca226fffff,1.0,1959.0,1959.0,1959.0,0.0,0.0,0.0,0.0,1.0,0.0,0.0,0.0,0.0,0.0
89390cbae7bffff,,,,,0.0,0.0,0.0,0.0,0.0,0.0,0.0,0.0,0.0,0.0
89390cb1973ffff,8.0,1885.0,1950.0,1903.2,0.0,0.0,0.0,4.0,4.0,0.0,0.0,0.0,4.0,1.6094379124341003
89390ca06dbffff,,,,,0.0,0.0,0.0,0.0,0.0,0.0,0.0,0.0,0.0,0.0
89390ca35cbffff,2.0,1970.0,1983.0,1972.6,0.0,0.0,0.0,0.0,2.0,0.0,0.0,0.0,0.0,0.0
89390cb113bffff,7.0,1768.0,1907.7142857142858,1834.0,0.0,0.0,1.0,4.0,2.0,0.0,0.0,1.0,6.0,1.9459101490553132
89390ca31afffff,,,,,0.0,0.0,0.0,0.0,0.0,0.0,0.0,0.0,0.0,0.0
89390cb1a33ffff,7.0,1812.0,1932.857142857143,1814.4,0.0,0.0,3.0,0.0,4.0,0.0,0.0,1.0,6.0,1.9459101490553132
89390cb28b3ffff,,,,,0.0,0.0,0.0,0.0,0.0,0.0,0.0,0.0,0.0,0.0
89390ca232fffff,,,,,0.0,0.0,0.0,0.0,0.0,0.0,0.0,0.0,0.0,0.0
89390ca2d93ffff,,,,,0.0,0.0,0.0,0.0,0.0,0.0,0.0,0.0,0.0,0.0
89390cb5387ffff,,,,,0.0,0.0,0.0,0.0,0.0,0.0,0.0,0.0,0.0,0.0
89390cb0903ffff,,,,,0.0,0.0,0.0,0.0,0.0,0.0,0.0,0.0,0.0,0.0
89390ca255bffff,,,,,0.0,0.0,0.0,0.0,0.0,0.0,0.0,0.0,0.0,0.0
89390cbad4bffff,,,,,0.0,0.0,0.0,0.0,0.0,0.0,0.0,0.0,0.0,0.0
89390cb1843ffff,8.0,1919.0,1965.375,1933.7,0.0,0.0,0.0,1.0,7.0,0.0,0.0,0.0,1.0,0.6931471805599453
89390ca05abffff,,,,,0.0,0.0,0.0,0.0,0.0,0.0,0.0,0.0,0.0,0.0
89390cba92fffff,,,,,0.0,0.0,0.0,0.0,0.0,0.0,0.0,0.0,0.0,0.0
89390cb1427ffff,,,,,0.0,0.0,0.0,0.0,0.0,0.0,0.0,0.0,0.0,0.0
89390ca349bffff,1.0,1995.0,1995.0,1995.0,0.0,0.0,0.0,0.0,1.0,0.0,0.0,0.0,0.0,0.0
89390ca018fffff,,,,,0.0,0.0,0.0,0.0,0.0,0.0,0.0,0.0,0.0,0.0
89390cb8d9bffff,,,,,0.0,0.0,0.0,0.0,0.0,0.0,0.0,0.0,0.0,0.0
89390cb5673ffff,1.0,2004.0,2004.0,2004.0,0.0,0.0,0.0,0.0,1.0,0.0,0.0,0.0,0.0,0.0
89390ca2c63ffff,,,,,0.0,0.0,0.0,0.0,0.0,0.0,0.0,0.0,0.0,0.0
89390cb5257ffff,1.0,1998.0,1998.0,1998.0,0.0,0.0,0.0,0.0,1.0,0.0,0.0,0.0,0.0,0.0
89390cb03b7ffff,,,,,0.0,0.0,0.0,0.0,0.0,0.0,0.0,0.0,0.0,0.0
89390ca242bffff,,,,,0.0,0.0,0.0,0.0,0.0,0.0,0.0,0.0,0.0,0.0
89390cb1b2fffff,24.0,1690.0,1822.75,1743.0,0.0,1.0,13.0,5.0,5.0,0.0,1.0,1.0,34.0,3.5553480614894135
89390cb515bffff,,,,,0.0,0.0,0.0,0.0,0.0,0.0,0.0,0.0,0.0,0.0
89390ca200fffff,2.0,1979.0,1989.0,1981.0,0.0,0.0,0.0,0.0,2.0,0.0,0.0,0.0,0.0,0.0
89390ca047bffff,,,,,0.0,0.0,0.0,0.0,0.0,0.0,0.0,0.0,0.0,0.0
89390cb0edbffff,1.0,1979.0,1979.0,1979.0,0.0,0.0,0.0,0.0,1.0,0.0,0.0,0.0,0.0,0.0
89390ca2b33ffff,,,,,0.0,0.0,0.0,0.0,0.0,0.0,0.0,0.0,0.0,0.0
89390cb2237ffff,,,,,0.0,0.0,0.0,0.0,0.0,0.0,0.0,0.0,0.0,0.0
89390cb1e1bffff,,,,,0.0,0.0,0.0,0.0,0.0,0.0,0.0,0.0,0.0,0.0
89390ca3657ffff,,,,,0.0,0.0,0.0,0.0,0.0,0.0,0.0,0.0,0.0,0.0
89390cb2d5bffff,,,,,0.0,0.0,0.0,0.0,0.0,0.0,0.0,0.0,0.0,0.0
89390ca2b67ffff,,,,,0.0,0.0,0.0,0.0,0.0,0.0,0.0,0.0,0.0,0.0
89390cb11c7ffff,,,,,0.0,0.0,0.0,0.0,0.0,0.0,0.0,0.0,0.0,0.0
89390ca323bffff,,,,,0.0,0.0,0.0,0.0,0.0,0.0,0.0,0.0,0.0,0.0
89390cb0dabffff,,,,,0.0,0.0,0.0,0.0,0.0,0.0,0.0,0.0,0.0,0.0
89390cb5413ffff,,,,,0.0,0.0,0.0,0.0,0.0,0.0,0.0,0.0,0.0,0.0
89390cb098fffff,,,,,0.0,0.0,0.0,0.0,0.0,0.0,0.0,0.0,0.0,0.0
89390ca2a03ffff,,,,,0.0,0.0,0.0,0.0,0.0,0.0,0.0,0.0,0.0,0.0
89390cb0573ffff,,,,,0.0,0.0,0.0,0.0,0.0,0.0,0.0,0.0,0.0,0.0
89390cb0157ffff,2.0,1964.0,1981.5,1967.5,0.0,0.0,0.0,0.0,2.0,0.0,0.0,0.0,0.0,0.0
89390ca21cbffff,,,,,0.0,0.0,0.0,0.0,0.0,0.0,0.0,0.0,0.0,0.0
89390cbadd7ffff,,,,,0.0,0.0,0.0,0.0,0.0,0.0,0.0,0.0,0.0,0.0
89390cb18cfffff,6.0,1940.0,1945.1666666666667,1941.0,0.0,0.0,0.0,0.0,6.0,0.0,0.0,0.0,0.0,0.0
89390ca0637ffff,,,,,0.0,0.0,0.0,0.0,0.0,0.0,0.0,0.0,0.0,0.0
89390cba9bbffff,,,,,0.0,0.0,0.0,0.0,0.0,0.0,0.0,0.0,0.0,0.0
89390ca3527ffff,,,,,0.0,0.0,0.0,0.0,0.0,0.0,0.0,0.0,0.0,0.0
89390ca310bffff,,,,,0.0,0.0,0.0,0.0,0.0,0.0,0.0,0.0,0.0,0.0
89390cb280fffff,,,,,0.0,0.0,0.0,0.0,0.0,0.0,0.0,0.0,0.0,0.0
89390cb0c7bffff,3.0,1982.0,1989.3333333333333,1984.2,0.0,0.0,0.0,0.0,3.0,0.0,0.0,0.0,0.0,0.0
89390ca28d3ffff,,,,,0.0,0.0,0.0,0.0,0.0,0.0,0.0,0.0,0.0,0.0
89390ca24b7ffff,2.0,1973.0,1976.0,1973.6,0.0,0.0,0.0,0.0,2.0,0.0,0.0,0.0,0.0,0.0
89390cb1bbbffff,23.0,1668.0,1908.3478260869565,1758.4,0.0,1.0,3.0,10.0,9.0,0.0,1.0,1.0,19.0,2.995732273553991
89390ca209bffff,2.0,1928.0,1950.0,1932.4,0.0,0.0,0.0,1.0,1.0,0.0,0.0,0.0,1.0,0.6931471805599453
89390ca180bffff,,,,,0.0,0.0,0.0,0.0,0.0,0.0,0.0,0.0,0.0,0.0
89390cbaca7ffff,,,,,0.0,0.0,0.0,0.0,0.0,0.0,0.0,0.0,0.0,0.0
89390ca0507ffff,,,,,0.0,0.0,0.0,0.0,0.0,0.0,0.0,0.0,0.0,0.0
89390cba88bffff,,,,,0.0,0.0,0.0,0.0,0.0,0.0,0.0,0.0,0.0,0.0
89390ca1447ffff,,,,,0.0,0.0,0.0,0.0,0.0,0.0,0.0,0.0,0.0,0.0
89390ca0093ffff,3.0,1999.0,2001.0,1999.0,0.0,0.0,0.0,0.0,3.0,0.0,0.0,0.0,0.0,0.0
89390cb55cfffff,,,,,0.0,0.0,0.0,0.0,0.0,0.0,0.0,0.0,0.0,0.0
89390cb0b4bffff,2.0,1887.0,1930.0,1895.6,0.0,0.0,0.0,1.0,1.0,0.0,0.0,0.0,1.0,0.6931471805599453
89390cb1ea7ffff,,,,,0.0,0.0,0.0,0.0,0.0,0.0,0.0,0.0,0.0,0.0
89390cb0313ffff,,,,,0.0,0.0,0.0,0.0,0.0,0.0,0.0,0.0,0.0,0.0
89390ca2387ffff,,,,,0.0,0.0,0.0,0.0,0.0,0.0,0.0,0.0,0.0,0.0
89390cb1a8bffff,,,,,0.0,0.0,0.0,0.0,0.0,0.0,0.0,0.0,0.0,0.0
89390cbab77ffff,,,,,0.0,0.0,0.0,0.0,0.0,0.0,0.0,0.0,0.0,0.0
89390cb132bffff,,,,,0.0,0.0,0.0,0.0,0.0,0.0,0.0,0.0,0.0,0.0
89390cba833ffff,2.0,1973.0,1976.0,1973.6,0.0,0.0,0.0,0.0,2.0,0.0,0.0,0.0,0.0,0.0
89390cb29cbffff,2.0,1985.0,1985.5,1985.1,0.0,0.0,0.0,0.0,2.0,0.0,0.0,0.0,0.0,0.0
89390cb0e37ffff,1.0,1984.0,1984.0,1984.0,0.0,0.0,0.0,0.0,1.0,0.0,0.0,0.0,0.0,0.0
89390cb0a1bffff,,,,,0.0,0.0,0.0,0.0,0.0,0.0,0.0,0.0,0.0,0.0
89390ca2a8fffff,,,,,0.0,0.0,0.0,0.0,0.0,0.0,0.0,0.0,0.0,0.0
89390ca04afffff,,,,,0.0,0.0,0.0,0.0,0.0,0.0,0.0,0.0,0.0,0.0
89390cb5083ffff,,,,,0.0,0.0,0.0,0.0,0.0,0.0,0.0,0.0,0.0,0.0
89390ca2673ffff,3.0,1567.0,1814.0,1633.0,0.0,1.0,0.0,1.0,1.0,0.0,1.0,1.0,4.0,1.6094379124341003
89390cb1d77ffff,,,,,0.0,0.0,0.0,0.0,0.0,0.0,0.0,0.0,0.0,0.0
89390ca2257ffff,1.0,1990.0,1990.0,1990.0,0.0,0.0,0.0,0.0,1.0,0.0,0.0,0.0,0.0,0.0
89390cbae63ffff,1.0,2003.0,2003.0,2003.0,0.0,0.0,0.0,0.0,1.0,0.0,0.0,0.0,0.0,0.0
89390cb195bffff,7.0,1886.0,1928.857142857143,1894.4,0.0,0.0,0.0,5.0,2.0,0.0,0.0,0.0,5.0,1.791759469228055
89390cbaa47ffff,,,,,0.0,0.0,0.0,0.0,0.0,0.0,0.0,0.0,0.0,0.0
89390ca35b3ffff,7.0,1650.0,1886.5714285714287,1807.2,0.0,1.0,0.0,5.0,1.0,0.0,1.0,1.0,8.0,2.1972245773362196
89390cb1123ffff,,,,,0.0,0.0,0.0,0.0,0.0,0.0,0.0,0.0,0.0,0.0
89390ca3197ffff,2.0,1981.0,1990.5,1982.9,0.0,0.0,0.0,0.0,2.0,0.0,0.0,0.0,0.0,0.0
89390cb0d07ffff,,,,,0.0,0.0,0.0,0.0,0.0,0.0,0.0,0.0,0.0,0.0
89390cb536fffff,,,,,0.0,0.0,0.0,0.0,0.0,0.0,0.0,0.0,0.0,0.0
89390ca2043ffff,,,,,0.0,0.0,0.0,0.0,0.0,0.0,0.0,0.0,0.0,0.0
89390ca2543ffff,,,,,0.0,0.0,0.0,0.0,0.0,0.0,0.0,0.0,0.0,0.0
89390cb1c47ffff,,,,,0.0,0.0,0.0,0.0,0.0,0.0,0.0,0.0,0.0,0.0
89390cb00b3ffff,,,,,0.0,0.0,0.0,0.0,0.0,0.0,0.0,0.0,0.0,0.0
89390cbad33ffff,2.0,1969.0,1969.0,1969.0,0.0,0.0,0.0,0.0,2.0,0.0,0.0,0.0,0.0,0.0
89390ca2127ffff,,,,,0.0,0.0,0.0,0.0,0.0,0.0,0.0,0.0,0.0,0.0
89390cb182bffff,2.0,1963.0,1991.0,1968.6,0.0,0.0,0.0,0.0,2.0,0.0,0.0,0.0,0.0,0.0
89390ca0593ffff,,,,,0.0,0.0,0.0,0.0,0.0,0.0,0.0,0.0,0.0,0.0
89390cba917ffff,,,,,0.0,0.0,0.0,0.0,0.0,0.0,0.0,0.0,0.0,0.0
89390ca1d0bffff,,,,,0.0,0.0,0.0,0.0,0.0,0.0,0.0,0.0,0.0,0.0
89390ca3483ffff,,,,,0.0,0.0,0.0,0.0,0.0,0.0,0.0,0.0,0.0,0.0
89390ca0177ffff,,,,,0.0,0.0,0.0,0.0,0.0,0.0,0.0,0.0,0.0,0.0
89390cb8d83ffff,,,,,0.0,0.0,0.0,0.0,0.0,0.0,0.0,0.0,0.0,0.0
89390ca3067ffff,,,,,0.0,0.0,0.0,0.0,0.0,0.0,0.0,0.0,0.0,0.0
89390cb8967ffff,,,,,0.0,0.0,0.0,0.0,0.0,0.0,0.0,0.0,0.0,0.0
89390ca14d3ffff,,,,,0.0,0.0,0.0,0.0,0.0,0.0,0.0,0.0,0.0,0.0
89390cb565bffff,,,,,0.0,0.0,0.0,0.0,0.0,0.0,0.0,0.0,0.0,0.0
89390cb0bd7ffff,3.0,1961.0,1969.0,1963.4,0.0,0.0,0.0,0.0,3.0,0.0,0.0,0.0,0.0,0.0
89390ca76cfffff,,,,,0.0,0.0,0.0,0.0,0.0,0.0,0.0,0.0,0.0,0.0
89390ca2c4bffff,,,,,0.0,0.0,0.0,0.0,0.0,0.0,0.0,0.0,0.0,0.0
89390cb1b63ffff,29.0,1700.0,1940.8620689655172,1841.2,0.0,0.0,4.0,9.0,16.0,0.0,0.0,1.0,17.0,2.8903717578961645
89390cb234fffff,,,,,0.0,0.0,0.0,0.0,0.0,0.0,0.0,0.0,0.0,0.0
89390ca0c9bffff,,,,,0.0,0.0,0.0,0.0,0.0,0.0,0.0,0.0,0.0,0.0
89390ca2413ffff,1.0,1973.0,1973.0,1973.0,0.0,0.0,0.0,0.0,1.0,0.0,0.0,0.0,0.0,0.0
89390cb1b17ffff,10.0,1737.0,1915.6,1818.0,0.0,0.0,3.0,3.0,4.0,0.0,0.0,1.0,9.0,2.302585092994046
89390ca0463ffff,,,,,0.0,0.0,0.0,0.0,0.0,0.0,0.0,0.0,0.0,0.0
89390ca3353ffff,,,,,0.0,0.0,0.0,0.0,0.0,0.0,0.0,0.0,0.0,0.0
89390cb2a57ffff,,,,,0.0,0.0,0.0,0.0,0.0,0.0,0.0,0.0,0.0,0.0
89390ca0047ffff,,,,,0.0,0.0,0.0,0.0,0.0,0.0,0.0,0.0,0.0,0.0
89390cb0ec3ffff,1.0,1993.0,1993.0,1993.0,0.0,0.0,0.0,0.0,1.0,0.0,0.0,0.0,0.0,0.0
89390cb0aa7ffff,1.0,1935.0,1935.0,1935.0,0.0,0.0,0.0,1.0,0.0,0.0,0.0,0.0,1.0,0.6931471805599453
89390ca2b1bffff,,,,,0.0,0.0,0.0,0.0,0.0,0.0,0.0,0.0,0.0,0.0
89390cb1e03ffff,,,,,0.0,0.0,0.0,0.0,0.0,0.0,0.0,0.0,0.0,0.0
89390cb15cbffff,,,,,0.0,0.0,0.0,0.0,0.0,0.0,0.0,0.0,0.0,0.0
89390cb2d43ffff,,,,,0.0,0.0,0.0,0.0,0.0,0.0,0.0,0.0,0.0,0.0
89390ca0333ffff,,,,,0.0,0.0,0.0,0.0,0.0,0.0,0.0,0.0,0.0,0.0
89390cb11afffff,,,,,0.0,0.0,0.0,0.0,0.0,0.0,0.0,0.0,0.0,0.0
89390ca3223ffff,1.0,1999.0,1999.0,1999.0,0.0,0.0,0.0,0.0,1.0,0.0,0.0,0.0,0.0,0.0
89390ca168fffff,,,,,0.0,0.0,0.0,0.0,0.0,0.0,0.0,0.0,0.0,0.0
89390cb0d93ffff,,,,,0.0,0.0,0.0,0.0,0.0,0.0,0.0,0.0,0.0,0.0
89390ca2e07ffff,,,,,0.0,0.0,0.0,0.0,0.0,0.0,0.0,0.0,0.0,0.0
89390cb0977ffff,,,,,0.0,0.0,0.0,0.0,0.0,0.0,0.0,0.0,0.0,0.0
89390ca287bffff,,,,,0.0,0.0,0.0,0.0,0.0,0.0,0.0,0.0,0.0,0.0
89390cb055bffff,,,,,0.0,0.0,0.0,0.0,0.0,0.0,0.0,0.0,0.0,0.0
89390ca25cfffff,2.0,1967.0,1978.5,1969.3,0.0,0.0,0.0,0.0,2.0,0.0,0.0,0.0,0.0,0.0
89390cb0807ffff,,,,,0.0,0.0,0.0,0.0,0.0,0.0,0.0,0.0,0.0,0.0
89390cb1cd3ffff,,,,,0.0,0.0,0.0,0.0,0.0,0.0,0.0,0.0,0.0,0.0
89390cb528bffff,3.0,1989.0,1991.6666666666667,1989.6,0.0,0.0,0.0,0.0,3.0,0.0,0.0,0.0,0.0,0.0
89390ca21b3ffff,,,,,0.0,0.0,0.0,0.0,0.0,0.0,0.0,0.0,0.0,0.0
89390cb18b7ffff,,,,,0.0,0.0,0.0,0.0,0.0,0.0,0.0,0.0,0.0,0.0
89390cba9a3ffff,,,,,0.0,0.0,0.0,0.0,0.0,0.0,0.0,0.0,0.0,0.0
89390ca1d97ffff,,,,,0.0,0.0,0.0,0.0,0.0,0.0,0.0,0.0,0.0,0.0
89390cb149bffff,,,,,0.0,0.0,0.0,0.0,0.0,0.0,0.0,0.0,0.0,0.0
89390ca350fffff,,,,,0.0,0.0,0.0,0.0,0.0,0.0,0.0,0.0,0.0,0.0
89390cb8597ffff,,,,,0.0,0.0,0.0,0.0,0.0,0.0,0.0,0.0,0.0,0.0
89390cb727bffff,,,,,0.0,0.0,0.0,0.0,0.0,0.0,0.0,0.0,0.0,0.0
89390cb0c63ffff,,,,,0.0,0.0,0.0,0.0,0.0,0.0,0.0,0.0,0.0,0.0
89390cb23dbffff,,,,,0.0,0.0,0.0,0.0,0.0,0.0,0.0,0.0,0.0,0.0
89390cb52cbffff,,,,,0.0,0.0,0.0,0.0,0.0,0.0,0.0,0.0,0.0,0.0
89390ca2c97ffff,,,,,0.0,0.0,0.0,0.0,0.0,0.0,0.0,0.0,0.0,0.0
89390cb1ba3ffff,14.0,1866.0,1945.0,1887.6,0.0,0.0,0.0,7.0,7.0,0.0,0.0,0.0,7.0,2.0794415416798357
89390cb000fffff,,,,,0.0,0.0,0.0,0.0,0.0,0.0,0.0,0.0,0.0,0.0
89390ca2083ffff,2.0,1965.0,1982.0,1968.4,0.0,0.0,0.0,0.0,2.0,0.0,0.0,0.0,0.0,0.0
89390cb0c23ffff,1.0,1968.0,1968.0,1968.0,0.0,0.0,0.0,0.0,1.0,0.0,0.0,0.0,0.0,0.0
89390cba873ffff,1.0,1998.0,1998.0,1998.0,0.0,0.0,0.0,0.0,1.0,0.0,0.0,0.0,0.0,0.0
89390cb56a7ffff,,,,,0.0,0.0,0.0,0.0,0.0,0.0,0.0,0.0,0.0,0.0
89390cb136bffff,,,,,0.0,0.0,0.0,0.0,0.0,0.0,0.0,0.0,0.0,0.0
89390ca00d3ffff,,,,,0.0,0.0,0.0,0.0,0.0,0.0,0.0,0.0,0.0,0.0
89390ca142fffff,,,,,0.0,0.0,0.0,0.0,0.0,0.0,0.0,0.0,0.0,0.0
89390cb0b33ffff,1.0,2007.0,2007.0,2007.0,0.0,0.0,0.0,0.0,1.0,0.0,0.0,0.0,0.0,0.0
89390cb22abffff,,,,,0.0,0.0,0.0,0.0,0.0,0.0,0.0,0.0,0.0,0.0
89390cb89b3ffff,,,,,0.0,0.0,0.0,0.0,0.0,0.0,0.0,0.0,0.0,0.0
89390cb1e8fffff,,,,,0.0,0.0,0.0,0.0,0.0,0.0,0.0,0.0,0.0,0.0
89390ca236fffff,2.0,2001.0,2003.0,2001.4,0.0,0.0,0.0,0.0,2.0,0.0,0.0,0.0,0.0,0.0
89390cb1a73ffff,,,,,0.0,0.0,0.0,0.0,0.0,0.0,0.0,0.0,0.0,0.0
89390ca36cbffff,1.0,2002.0,2002.0,2002.0,0.0,0.0,0.0,0.0,1.0,0.0,0.0,0.0,0.0,0.0
89390ca32afffff,,,,,0.0,0.0,0.0,0.0,0.0,0.0,0.0,0.0,0.0,0.0
89390ca30b3ffff,,,,,0.0,0.0,0.0,0.0,0.0,0.0,0.0,0.0,0.0,0.0
89390ca2e93ffff,,,,,0.0,0.0,0.0,0.0,0.0,0.0,0.0,0.0,0.0,0.0
89390cb0a03ffff,3.0,1960.0,1967.3333333333333,1962.2,0.0,0.0,0.0,0.0,3.0,0.0,0.0,0.0,0.0,0.0
89390cb5ac3ffff,,,,,0.0,0.0,0.0,0.0,0.0,0.0,0.0,0.0,0.0,0.0
89390cb506bffff,,,,,0.0,0.0,0.0,0.0,0.0,0.0,0.0,0.0,0.0,0.0
89390ca265bffff,8.0,1632.0,1758.625,1633.4,0.0,2.0,5.0,1.0,0.0,0.0,1.0,1.0,17.0,2.8903717578961645
89390cb01cbffff,,,,,0.0,0.0,0.0,0.0,0.0,0.0,0.0,0.0,0.0,0.0
89390cbae4bffff,,,,,0.0,0.0,0.0,0.0,0.0,0.0,0.0,0.0,0.0,0.0
89390cb1943ffff,6.0,1917.0,1968.8333333333333,1918.0,0.0,0.0,0.0,2.0,4.0,0.0,0.0,0.0,2.0,1.0986122886681098
89390ca06abffff,,,,,0.0,0.0,0.0,0.0,0.0,0.0,0.0,0.0,0.0,0.0
89390ca01c3ffff,,,,,0.0,0.0,0.0,0.0,0.0,0.0,0.0,0.0,0.0,0.0
89390cbaa2fffff,,,,,0.0,0.0,0.0,0.0,0.0,0.0,0.0,0.0,0.0,0.0
89390cb1527ffff,,,,,0.0,0.0,0.0,0.0,0.0,0.0,0.0,0.0,0.0,0.0
89390ca359bffff,16.0,1755.0,1859.3125,1777.0,0.0,0.0,7.0,7.0,2.0,0.0,0.0,1.0,21.0,3.091042453358316
89390cb110bffff,,,,,0.0,0.0,0.0,0.0,0.0,0.0,0.0,0.0,0.0,0.0
89390cb5357ffff,1.0,1999.0,1999.0,1999.0,0.0,0.0,0.0,0.0,1.0,0.0,0.0,0.0,0.0,0.0
89390cb08d3ffff,,,,,0.0,0.0,0.0,0.0,0.0,0.0,0.0,0.0,0.0,0.0
89390ca34cfffff,1.0,1981.0,1981.0,1981.0,0.0,0.0,0.0,0.0,1.0,0.0,0.0,0.0,0.0,0.0
89390cb04b7ffff,,,,,0.0,0.0,0.0,0.0,0.0,0.0,0.0,0.0,0.0,0.0
89390ca252bffff,1.0,1925.0,1925.0,1925.0,0.0,0.0,0.0,1.0,0.0,0.0,0.0,0.0,1.0,0.6931471805599453
89390cb1c2fffff,3.0,1957.0,1970.0,1960.4,0.0,0.0,0.0,0.0,3.0,0.0,0.0,0.0,0.0,0.0
89390cb009bffff,,,,,0.0,0.0,0.0,0.0,0.0,0.0,0.0,0.0,0.0,0.0
89390cba963ffff,1.0,2005.0,2005.0,2005.0,0.0,0.0,0.0,0.0,1.0,0.0,0.0,0.0,0.0,0.0
89390ca210fffff,2.0,1990.0,1990.5,1990.1,0.0,0.0,0.0,0.0,2.0,0.0,0.0,0.0,0.0,0.0
89390cbad1bffff,3.0,1980.0,1986.0,1980.2,0.0,0.0,0.0,0.0,3.0,0.0,0.0,0.0,0.0,0.0
89390cb1813ffff,1.0,1928.0,1928.0,1928.0,0.0,0.0,0.0,1.0,0.0,0.0,0.0,0.0,1.0,0.6931471805599453
89390ca057bffff,2.0,1998.0,2002.5,1998.9,0.0,0.0,0.0,0.0,2.0,0.0,0.0,0.0,0.0,0.0
89390cb5e7bffff,,,,,0.0,0.0,0.0,0.0,0.0,0.0,0.0,0.0,0.0,0.0
89390ca346bffff,,,,,0.0,0.0,0.0,0.0,0.0,0.0,0.0,0.0,0.0,0.0
89390cb2b6fffff,,,,,0.0,0.0,0.0,0.0,0.0,0.0,0.0,0.0,0.0,0.0
89390ca304fffff,3.0,1985.0,1989.0,1985.8,0.0,0.0,0.0,0.0,3.0,0.0,0.0,0.0,0.0,0.0
89390cb894fffff,,,,,0.0,0.0,0.0,0.0,0.0,0.0,0.0,0.0,0.0,0.0
89390ca14bbffff,,,,,0.0,0.0,0.0,0.0,0.0,0.0,0.0,0.0,0.0,0.0
89390cb5643ffff,1.0,1998.0,1998.0,1998.0,0.0,0.0,0.0,0.0,1.0,0.0,0.0,0.0,0.0,0.0
89390cb5227ffff,1.0,2006.0,2006.0,2006.0,0.0,0.0,0.0,0.0,1.0,0.0,0.0,0.0,0.0,0.0
89390ca0c83ffff,,,,,0.0,0.0,0.0,0.0,0.0,0.0,0.0,0.0,0.0,0.0
89390cb0387ffff,,,,,0.0,0.0,0.0,0.0,0.0,0.0,0.0,0.0,0.0,0.0
89390cb3277ffff,,,,,0.0,0.0,0.0,0.0,0.0,0.0,0.0,0.0,0.0,0.0
89390cb1877ffff,4.0,1928.0,1961.75,1928.9,0.0,0.0,0.0,2.0,2.0,0.0,0.0,0.0,2.0,1.0986122886681098
89390ca044bffff,,,,,0.0,0.0,0.0,0.0,0.0,0.0,0.0,0.0,0.0,0.0
89390ca002fffff,,,,,0.0,0.0,0.0,0.0,0.0,0.0,0.0,0.0,0.0,0.0
89390ca2173ffff,1.0,1974.0,1974.0,1974.0,0.0,0.0,0.0,0.0,1.0,0.0,0.0,0.0,0.0,0.0
89390cba3b3ffff,,,,,0.0,0.0,0.0,0.0,0.0,0.0,0.0,0.0,0.0,0.0
89390cb0eabffff,,,,,0.0,0.0,0.0,0.0,0.0,0.0,0.0,0.0,0.0,0.0
89390cb5513ffff,,,,,0.0,0.0,0.0,0.0,0.0,0.0,0.0,0.0,0.0,0.0
89390cb0a8fffff,1.0,1908.0,1908.0,1908.0,0.0,0.0,0.0,1.0,0.0,0.0,0.0,0.0,1.0,0.6931471805599453
89390cb2207ffff,,,,,0.0,0.0,0.0,0.0,0.0,0.0,0.0,0.0,0.0,0.0
89390cb0257ffff,,,,,0.0,0.0,0.0,0.0,0.0,0.0,0.0,0.0,0.0,0.0
89390ca22cbffff,2.0,1965.0,1966.0,1965.2,0.0,0.0,0.0,0.0,2.0,0.0,0.0,0.0,0.0,0.0
89390cbaed7ffff,,,,,0.0,0.0,0.0,0.0,0.0,0.0,0.0,0.0,0.0,0.0
89390cb19cfffff,9.0,1777.0,1901.3333333333333,1834.6,0.0,0.0,2.0,6.0,1.0,0.0,0.0,1.0,10.0,2.3978952727983707
89390cbaabbffff,,,,,0.0,0.0,0.0,0.0,0.0,0.0,0.0,0.0,0.0,0.0
89390ca3627ffff,,,,,0.0,0.0,0.0,0.0,0.0,0.0,0.0,0.0,0.0,0.0
89390cb1197ffff,,,,,0.0,0.0,0.0,0.0,0.0,0.0,0.0,0.0,0.0,0.0
89390cb1c93ffff,,,,,0.0,0.0,0.0,0.0,0.0,0.0,0.0,0.0,0.0,0.0
89390ca320bffff,,,,,0.0,0.0,0.0,0.0,0.0,0.0,0.0,0.0,0.0,0.0
89390cb0d7bffff,,,,,0.0,0.0,0.0,0.0,0.0,0.0,0.0,0.0,0.0,0.0
89390ca258fffff,,,,,0.0,0.0,0.0,0.0,0.0,0.0,0.0,0.0,0.0,0.0
89390cb0543ffff,,,,,0.0,0.0,0.0,0.0,0.0,0.0,0.0,0.0,0.0,0.0
89390ca25b7ffff,,,,,0.0,0.0,0.0,0.0,0.0,0.0,0.0,0.0,0.0,0.0
89390cb1cbbffff,,,,,0.0,0.0,0.0,0.0,0.0,0.0,0.0,0.0,0.0,0.0
89390cb0127ffff,,,,,0.0,0.0,0.0,0.0,0.0,0.0,0.0,0.0,0.0,0.0
89390ca219bffff,14.0,1925.0,1928.9285714285713,1925.0,0.0,0.0,0.0,13.0,1.0,0.0,0.0,0.0,13.0,2.6390573296152584
89390cbada7ffff,1.0,1969.0,1969.0,1969.0,0.0,0.0,0.0,0.0,1.0,0.0,0.0,0.0,0.0,0.0
89390ca0e17ffff,,,,,0.0,0.0,0.0,0.0,0.0,0.0,0.0,0.0,0.0,0.0
89390ca0607ffff,,,,,0.0,0.0,0.0,0.0,0.0,0.0,0.0,0.0,0.0,0.0
89390cba98bffff,4.0,1983.0,1989.0,1983.3,0.0,0.0,0.0,0.0,4.0,0.0,0.0,0.0,0.0,0.0
89390cb1483ffff,,,,,0.0,0.0,0.0,0.0,0.0,0.0,0.0,0.0,0.0,0.0
89390ca30dbffff,1.0,1988.0,1988.0,1988.0,0.0,0.0,0.0,0.0,1.0,0.0,0.0,0.0,0.0,0.0
89390cb7263ffff,,,,,0.0,0.0,0.0,0.0,0.0,0.0,0.0,0.0,0.0,0.0
89390ca1547ffff,,,,,0.0,0.0,0.0,0.0,0.0,0.0,0.0,0.0,0.0,0.0
89390cb56cfffff,,,,,0.0,0.0,0.0,0.0,0.0,0.0,0.0,0.0,0.0,0.0
89390cb0c4bffff,,,,,0.0,0.0,0.0,0.0,0.0,0.0,0.0,0.0,0.0,0.0
89390cb52b3ffff,10.0,1990.0,1993.4,1990.0,0.0,0.0,0.0,0.0,10.0,0.0,0.0,0.0,0.0,0.0
89390cb082fffff,1.0,1994.0,1994.0,1994.0,0.0,0.0,0.0,0.0,1.0,0.0,0.0,0.0,0.0,0.0
89390cb0413ffff,,,,,0.0,0.0,0.0,0.0,0.0,0.0,0.0,0.0,0.0,0.0
89390ca2487ffff,,,,,0.0,0.0,0.0,0.0,0.0,0.0,0.0,0.0,0.0,0.0
89390cb1b8bffff,20.0,1602.0,1910.8,1796.3,0.0,1.0,4.0,6.0,9.0,0.0,1.0,1.0,17.0,2.8903717578961645
89390ca206bffff,,,,,0.0,0.0,0.0,0.0,0.0,0.0,0.0,0.0,0.0,0.0
89390ca04d7ffff,,,,,0.0,0.0,0.0,0.0,0.0,0.0,0.0,0.0,0.0,0.0
89390cba85bffff,,,,,0.0,0.0,0.0,0.0,0.0,0.0,0.0,0.0,0.0,0.0
89390cb0937ffff,1.0,2015.0,2015.0,2015.0,0.0,0.0,0.0,0.0,1.0,0.0,0.0,0.0,0.0,0.0
89390cb53bbffff,,,,,0.0,0.0,0.0,0.0,0.0,0.0,0.0,0.0,0.0,0.0
89390cb2acbffff,,,,,0.0,0.0,0.0,0.0,0.0,0.0,0.0,0.0,0.0,0.0
89390ca00bbffff,1.0,2007.0,2007.0,2007.0,0.0,0.0,0.0,0.0,1.0,0.0,0.0,0.0,0.0,0.0
89390cb0b1bffff,,,,,0.0,0.0,0.0,0.0,0.0,0.0,0.0,0.0,0.0,0.0
89390ca2b8fffff,,,,,0.0,0.0,0.0,0.0,0.0,0.0,0.0,0.0,0.0,0.0
89390cb1e77ffff,,,,,0.0,0.0,0.0,0.0,0.0,0.0,0.0,0.0,0.0,0.0
89390ca2357ffff,,,,,0.0,0.0,0.0,0.0,0.0,0.0,0.0,0.0,0.0,0.0
89390cb1a5bffff,,,,,0.0,0.0,0.0,0.0,0.0,0.0,0.0,0.0,0.0,0.0
89390ca36b3ffff,1.0,1992.0,1992.0,1992.0,0.0,0.0,0.0,0.0,1.0,0.0,0.0,0.0,0.0,0.0
89390ca03a7ffff,,,,,0.0,0.0,0.0,0.0,0.0,0.0,0.0,0.0,0.0,0.0
89390ca2dc7ffff,,,,,0.0,0.0,0.0,0.0,0.0,0.0,0.0,0.0,0.0,0.0
89390ca3297ffff,1.0,1990.0,1990.0,1990.0,0.0,0.0,0.0,0.0,1.0,0.0,0.0,0.0,0.0,0.0
89390cb299bffff,1.0,2001.0,2001.0,2001.0,0.0,0.0,0.0,0.0,1.0,0.0,0.0,0.0,0.0,0.0
89390cb0e07ffff,,,,,0.0,0.0,0.0,0.0,0.0,0.0,0.0,0.0,0.0,0.0
89390cb0d53ffff,,,,,0.0,0.0,0.0,0.0,0.0,0.0,0.0,0.0,0.0,0.0
89390ca2e7bffff,,,,,0.0,0.0,0.0,0.0,0.0,0.0,0.0,0.0,0.0,0.0
89390cb546fffff,,,,,0.0,0.0,0.0,0.0,0.0,0.0,0.0,0.0,0.0,0.0
89390cb05cfffff,,,,,0.0,0.0,0.0,0.0,0.0,0.0,0.0,0.0,0.0,0.0
89390ca2643ffff,17.0,1650.0,1919.3529411764705,1844.2,0.0,1.0,1.0,6.0,9.0,0.0,1.0,1.0,11.0,2.4849066497880004
89390cb1d47ffff,,,,,0.0,0.0,0.0,0.0,0.0,0.0,0.0,0.0,0.0,0.0
89390ca2227ffff,1.0,1980.0,1980.0,1980.0,0.0,0.0,0.0,0.0,1.0,0.0,0.0,0.0,0.0,0.0
89390cbae33ffff,,,,,0.0,0.0,0.0,0.0,0.0,0.0,0.0,0.0,0.0,0.0
89390cb192bffff,3.0,1908.0,1920.0,1908.4,0.0,0.0,0.0,2.0,1.0,0.0,0.0,0.0,2.0,1.0986122886681098
89390ca0693ffff,,,,,0.0,0.0,0.0,0.0,0.0,0.0,0.0,0.0,0.0,0.0
89390cbaa17ffff,,,,,0.0,0.0,0.0,0.0,0.0,0.0,0.0,0.0,0.0,0.0
89390cb150fffff,1.0,1974.0,1974.0,1974.0,0.0,0.0,0.0,0.0,1.0,0.0,0.0,0.0,0.0,0.0
89390ca3583ffff,,,,,0.0,0.0,0.0,0.0,0.0,0.0,0.0,0.0,0.0,0.0
89390ca3167ffff,1.0,1984.0,1984.0,1984.0,0.0,0.0,0.0,0.0,1.0,0.0,0.0,0.0,0.0,0.0
89390cb736bffff,,,,,0.0,0.0,0.0,0.0,0.0,0.0,0.0,0.0,0.0,0.0
89390cb286bffff,,,,,0.0,0.0,0.0,0.0,0.0,0.0,0.0,0.0,0.0,0.0
89390cb0cd7ffff,1.0,1896.0,1896.0,1896.0,0.0,0.0,0.0,1.0,0.0,0.0,0.0,0.0,1.0,0.6931471805599453
89390cb116fffff,,,,,0.0,0.0,0.0,0.0,0.0,0.0,0.0,0.0,0.0,0.0
89390cb08bbffff,,,,,0.0,0.0,0.0,0.0,0.0,0.0,0.0,0.0,0.0,0.0
89390ca0d9bffff,,,,,0.0,0.0,0.0,0.0,0.0,0.0,0.0,0.0,0.0,0.0
89390ca2513ffff,,,,,0.0,0.0,0.0,0.0,0.0,0.0,0.0,0.0,0.0,0.0
89390cb1c17ffff,,,,,0.0,0.0,0.0,0.0,0.0,0.0,0.0,0.0,0.0,0.0
89390cb0083ffff,,,,,0.0,0.0,0.0,0.0,0.0,0.0,0.0,0.0,0.0,0.0
89390cbad03ffff,,,,,0.0,0.0,0.0,0.0,0.0,0.0,0.0,0.0,0.0,0.0
89390ca0563ffff,,,,,0.0,0.0,0.0,0.0,0.0,0.0,0.0,0.0,0.0,0.0
89390ca3453ffff,2.0,1854.0,1903.5,1863.9,0.0,0.0,1.0,0.0,1.0,0.0,0.0,1.0,2.0,1.0986122886681098
89390cb2b57ffff,,,,,0.0,0.0,0.0,0.0,0.0,0.0,0.0,0.0,0.0,0.0
89390ca0147ffff,,,,,0.0,0.0,0.0,0.0,0.0,0.0,0.0,0.0,0.0,0.0
89390cb8937ffff,,,,,0.0,0.0,0.0,0.0,0.0,0.0,0.0,0.0,0.0,0.0
89390ca14a3ffff,,,,,0.0,0.0,0.0,0.0,0.0,0.0,0.0,0.0,0.0,0.0
89390cb562bffff,,,,,0.0,0.0,0.0,0.0,0.0,0.0,0.0,0.0,0.0,0.0
89390cb0ba7ffff,1.0,1749.0,1749.0,1749.0,0.0,0.0,1.0,0.0,0.0,0.0,0.0,1.0,2.0,1.0986122886681098
89390ca1087ffff,,,,,0.0,0.0,0.0,0.0,0.0,0.0,0.0,0.0,0.0,0.0
89390cb520fffff,,,,,0.0,0.0,0.0,0.0,0.0,0.0,0.0,0.0,0.0,0.0
89390cb036fffff,,,,,0.0,0.0,0.0,0.0,0.0,0.0,0.0,0.0,0.0,0.0
89390cbabd3ffff,,,,,0.0,0.0,0.0,0.0,0.0,0.0,0.0,0.0,0.0,0.0
89390cbaa93ffff,1.0,1987.0,1987.0,1987.0,0.0,0.0,0.0,0.0,1.0,0.0,0.0,0.0,0.0,0.0
89390ca0433ffff,3.0,1978.0,1993.0,1980.4,0.0,0.0,0.0,0.0,3.0,0.0,0.0,0.0,0.0,0.0
89390ca3323ffff,,,,,0.0,0.0,0.0,0.0,0.0,0.0,0.0,0.0,0.0,0.0
89390ca0017ffff,1.0,1985.0,1985.0,1985.0,0.0,0.0,0.0,0.0,1.0,0.0,0.0,0.0,0.0,0.0
89390cb0e93ffff,,,,,0.0,0.0,0.0,0.0,0.0,0.0,0.0,0.0,0.0,0.0
89390cb0a77ffff,,,,,0.0,0.0,0.0,0.0,0.0,0.0,0.0,0.0,0.0,0.0
89390ca26cfffff,9.0,1877.0,1950.2222222222222,1902.6,0.0,0.0,0.0,4.0,5.0,0.0,0.0,0.0,4.0,1.6094379124341003
89390cb1dd3ffff,,,,,0.0,0.0,0.0,0.0,0.0,0.0,0.0,0.0,0.0,0.0
89390ca22b3ffff,,,,,0.0,0.0,0.0,0.0,0.0,0.0,0.0,0.0,0.0,0.0
89390cb19b7ffff,4.0,1924.0,1951.5,1932.7,0.0,0.0,0.0,1.0,3.0,0.0,0.0,0.0,1.0,0.6931471805599453
89390cbaaa3ffff,,,,,0.0,0.0,0.0,0.0,0.0,0.0,0.0,0.0,0.0,0.0
89390ca360fffff,,,,,0.0,0.0,0.0,0.0,0.0,0.0,0.0,0.0,0.0,0.0
89390ca0303ffff,,,,,0.0,0.0,0.0,0.0,0.0,0.0,0.0,0.0,0.0,0.0
89390cb737bffff,,,,,0.0,0.0,0.0,0.0,0.0,0.0,0.0,0.0,0.0,0.0
89390cb19a7ffff,1.0,1959.0,1959.0,1959.0,0.0,0.0,0.0,0.0,1.0,0.0,0.0,0.0,0.0,0.0
89390cb0d63ffff,,,,,0.0,0.0,0.0,0.0,0.0,0.0,0.0,0.0,0.0,0.0
89390ca2dd7ffff,,,,,0.0,0.0,0.0,0.0,0.0,0.0,0.0,0.0,0.0,0.0
89390cbaeafffff,,,,,0.0,0.0,0.0,0.0,0.0,0.0,0.0,0.0,0.0,0.0
89390ca22a3ffff,,,,,0.0,0.0,0.0,0.0,0.0,0.0,0.0,0.0,0.0,0.0
89390cb53cbffff,2.0,1795.0,1797.5,1795.5,0.0,0.0,2.0,0.0,0.0,0.0,0.0,1.0,4.0,1.6094379124341003
89390cb0947ffff,,,,,0.0,0.0,0.0,0.0,0.0,0.0,0.0,0.0,0.0,0.0
89390cb052bffff,,,,,0.0,0.0,0.0,0.0,0.0,0.0,0.0,0.0,0.0,0.0
89390cb010fffff,,,,,0.0,0.0,0.0,0.0,0.0,0.0,0.0,0.0,0.0,0.0
89390ca2183ffff,1.0,1983.0,1983.0,1983.0,0.0,0.0,0.0,0.0,1.0,0.0,0.0,0.0,0.0,0.0
89390cbad8fffff,,,,,0.0,0.0,0.0,0.0,0.0,0.0,0.0,0.0,0.0,0.0
89390cb1887ffff,7.0,1945.0,1962.5714285714287,1949.8,0.0,0.0,0.0,0.0,7.0,0.0,0.0,0.0,0.0,0.0
89390cba973ffff,1.0,2000.0,2000.0,2000.0,0.0,0.0,0.0,0.0,1.0,0.0,0.0,0.0,0.0,0.0
89390ca01d3ffff,,,,,0.0,0.0,0.0,0.0,0.0,0.0,0.0,0.0,0.0,0.0
89390cb5ad3ffff,,,,,0.0,0.0,0.0,0.0,0.0,0.0,0.0,0.0,0.0,0.0
89390ca30c3ffff,,,,,0.0,0.0,0.0,0.0,0.0,0.0,0.0,0.0,0.0,0.0
89390cb724bffff,,,,,0.0,0.0,0.0,0.0,0.0,0.0,0.0,0.0,0.0,0.0
89390cb89c3ffff,,,,,0.0,0.0,0.0,0.0,0.0,0.0,0.0,0.0,0.0,0.0
89390cb56b7ffff,,,,,0.0,0.0,0.0,0.0,0.0,0.0,0.0,0.0,0.0,0.0
89390cb0c33ffff,,,,,0.0,0.0,0.0,0.0,0.0,0.0,0.0,0.0,0.0,0.0
89390ca2ca7ffff,,,,,0.0,0.0,0.0,0.0,0.0,0.0,0.0,0.0,0.0,0.0
89390cb1dc3ffff,,,,,0.0,0.0,0.0,0.0,0.0,0.0,0.0,0.0,0.0,0.0
89390cb529bffff,8.0,1992.0,1995.75,1992.0,0.0,0.0,0.0,0.0,8.0,0.0,0.0,0.0,0.0,0.0
89390cb0817ffff,,,,,0.0,0.0,0.0,0.0,0.0,0.0,0.0,0.0,0.0,0.0
89390ca246fffff,1.0,1982.0,1982.0,1982.0,0.0,0.0,0.0,0.0,1.0,0.0,0.0,0.0,0.0,0.0
89390cb1b73ffff,29.0,1583.0,1914.7586206896551,1767.2,0.0,1.0,5.0,8.0,15.0,0.0,1.0,1.0,21.0,3.091042453358316
89390ca2053ffff,,,,,0.0,0.0,0.0,0.0,0.0,0.0,0.0,0.0,0.0,0.0
89390ca1c37ffff,,,,,0.0,0.0,0.0,0.0,0.0,0.0,0.0,0.0,0.0,0.0
89390cba843ffff,,,,,0.0,0.0,0.0,0.0,0.0,0.0,0.0,0.0,0.0,0.0
89390cb133bffff,,,,,0.0,0.0,0.0,0.0,0.0,0.0,0.0,0.0,0.0,0.0
89390ca33afffff,,,,,0.0,0.0,0.0,0.0,0.0,0.0,0.0,0.0,0.0,0.0
89390ca00a3ffff,,,,,0.0,0.0,0.0,0.0,0.0,0.0,0.0,0.0,0.0,0.0
89390cb422bffff,,,,,0.0,0.0,0.0,0.0,0.0,0.0,0.0,0.0,0.0,0.0
89390cb0b03ffff,,,,,0.0,0.0,0.0,0.0,0.0,0.0,0.0,0.0,0.0,0.0
89390ca2b77ffff,,,,,0.0,0.0,0.0,0.0,0.0,0.0,0.0,0.0,0.0,0.0
89390cb516bffff,,,,,0.0,0.0,0.0,0.0,0.0,0.0,0.0,0.0,0.0,0.0
89390cb02cbffff,,,,,0.0,0.0,0.0,0.0,0.0,0.0,0.0,0.0,0.0,0.0
89390cb1a43ffff,1.0,1995.0,1995.0,1995.0,0.0,0.0,0.0,0.0,1.0,0.0,0.0,0.0,0.0,0.0
89390cbab2fffff,,,,,0.0,0.0,0.0,0.0,0.0,0.0,0.0,0.0,0.0,0.0
89390ca369bffff,2.0,1948.0,1973.5,1953.1,0.0,0.0,0.0,0.0,2.0,0.0,0.0,0.0,0.0,0.0
89390ca038fffff,,,,,0.0,0.0,0.0,0.0,0.0,0.0,0.0,0.0,0.0,0.0
89390ca2adbffff,,,,,0.0,0.0,0.0,0.0,0.0,0.0,0.0,0.0,0.0,0.0
89390ca2e63ffff,,,,,0.0,0.0,0.0,0.0,0.0,0.0,0.0,0.0,0.0,0.0
89390cb5457ffff,,,,,0.0,0.0,0.0,0.0,0.0,0.0,0.0,0.0,0.0,0.0
89390cb09d3ffff,,,,,0.0,0.0,0.0,0.0,0.0,0.0,0.0,0.0,0.0,0.0
89390ca2a47ffff,,,,,0.0,0.0,0.0,0.0,0.0,0.0,0.0,0.0,0.0,0.0
89390cb0a67ffff,3.0,1980.0,1987.0,1980.6,0.0,0.0,0.0,0.0,3.0,0.0,0.0,0.0,0.0,0.0
89390cb503bffff,,,,,0.0,0.0,0.0,0.0,0.0,0.0,0.0,0.0,0.0,0.0
89390ca262bffff,1.0,1982.0,1982.0,1982.0,0.0,0.0,0.0,0.0,1.0,0.0,0.0,0.0,0.0,0.0
89390cb1d2fffff,1.0,1992.0,1992.0,1992.0,0.0,0.0,0.0,0.0,1.0,0.0,0.0,0.0,0.0,0.0
89390ca220fffff,,,,,0.0,0.0,0.0,0.0,0.0,0.0,0.0,0.0,0.0,0.0
89390cb1913ffff,,,,,0.0,0.0,0.0,0.0,0.0,0.0,0.0,0.0,0.0,0.0
89390ca067bffff,,,,,0.0,0.0,0.0,0.0,0.0,0.0,0.0,0.0,0.0,0.0
89390ca356bffff,1.0,1996.0,1996.0,1996.0,0.0,0.0,0.0,0.0,1.0,0.0,0.0,0.0,0.0,0.0
89390ca314fffff,,,,,0.0,0.0,0.0,0.0,0.0,0.0,0.0,0.0,0.0,0.0
89390ca15bbffff,,,,,0.0,0.0,0.0,0.0,0.0,0.0,0.0,0.0,0.0,0.0
89390cb08a3ffff,,,,,0.0,0.0,0.0,0.0,0.0,0.0,0.0,0.0,0.0,0.0
89390cb0487ffff,,,,,0.0,0.0,0.0,0.0,0.0,0.0,0.0,0.0,0.0,0.0
89390cb0e83ffff,,,,,0.0,0.0,0.0,0.0,0.0,0.0,0.0,0.0,0.0,0.0
89390cb006bffff,,,,,0.0,0.0,0.0,0.0,0.0,0.0,0.0,0.0,0.0,0.0
89390ca054bffff,,,,,0.0,0.0,0.0,0.0,0.0,0.0,0.0,0.0,0.0,0.0
89390cba8cfffff,,,,,0.0,0.0,0.0,0.0,0.0,0.0,0.0,0.0,0.0,0.0
89390cb5e4bffff,,,,,0.0,0.0,0.0,0.0,0.0,0.0,0.0,0.0,0.0,0.0
89390ca343bffff,,,,,0.0,0.0,0.0,0.0,0.0,0.0,0.0,0.0,0.0,0.0
89390ca148bffff,,,,,0.0,0.0,0.0,0.0,0.0,0.0,0.0,0.0,0.0,0.0
89390cb5613ffff,,,,,0.0,0.0,0.0,0.0,0.0,0.0,0.0,0.0,0.0,0.0
89390ca0007ffff,,,,,0.0,0.0,0.0,0.0,0.0,0.0,0.0,0.0,0.0,0.0
89390cb0b8fffff,,,,,0.0,0.0,0.0,0.0,0.0,0.0,0.0,0.0,0.0,0.0
89390ca7687ffff,,,,,0.0,0.0,0.0,0.0,0.0,0.0,0.0,0.0,0.0,0.0
89390ca2c03ffff,,,,,0.0,0.0,0.0,0.0,0.0,0.0,0.0,0.0,0.0,0.0
89390cb2a17ffff,,,,,0.0,0.0,0.0,0.0,0.0,0.0,0.0,0.0,0.0,0.0
89390cb0357ffff,,,,,0.0,0.0,0.0,0.0,0.0,0.0,0.0,0.0,0.0,0.0
89390ca23cbffff,1.0,1978.0,1978.0,1978.0,0.0,0.0,0.0,0.0,1.0,0.0,0.0,0.0,0.0,0.0
89390cb1acfffff,,,,,0.0,0.0,0.0,0.0,0.0,0.0,0.0,0.0,0.0,0.0
89390cb3247ffff,,,,,0.0,0.0,0.0,0.0,0.0,0.0,0.0,0.0,0.0,0.0
89390cbabbbffff,,,,,0.0,0.0,0.0,0.0,0.0,0.0,0.0,0.0,0.0,0.0
89390ca041bffff,,,,,0.0,0.0,0.0,0.0,0.0,0.0,0.0,0.0,0.0,0.0
89390cba383ffff,,,,,0.0,0.0,0.0,0.0,0.0,0.0,0.0,0.0,0.0,0.0
89390cb0e7bffff,,,,,0.0,0.0,0.0,0.0,0.0,0.0,0.0,0.0,0.0,0.0
89390ca2ad3ffff,,,,,0.0,0.0,0.0,0.0,0.0,0.0,0.0,0.0,0.0,0.0
89390cb50c7ffff,,,,,0.0,0.0,0.0,0.0,0.0,0.0,0.0,0.0,0.0,0.0
89390ca26b7ffff,,,,,0.0,0.0,0.0,0.0,0.0,0.0,0.0,0.0,0.0,0.0
89390cb1dbbffff,1.0,1995.0,1995.0,1995.0,0.0,0.0,0.0,0.0,1.0,0.0,0.0,0.0,0.0,0.0
89390ca0423ffff,,,,,0.0,0.0,0.0,0.0,0.0,0.0,0.0,0.0,0.0,0.0
89390ca229bffff,2.0,1980.0,1980.0,1980.0,0.0,0.0,0.0,0.0,2.0,0.0,0.0,0.0,0.0,0.0
89390cbaa8bffff,,,,,0.0,0.0,0.0,0.0,0.0,0.0,0.0,0.0,0.0,0.0
89390cb1167ffff,,,,,0.0,0.0,0.0,0.0,0.0,0.0,0.0,0.0,0.0,0.0
89390ca31dbffff,,,,,0.0,0.0,0.0,0.0,0.0,0.0,0.0,0.0,0.0,0.0
89390cb0d4bffff,1.0,2005.0,2005.0,2005.0,0.0,0.0,0.0,0.0,1.0,0.0,0.0,0.0,0.0,0.0
89390cb53b3ffff,,,,,0.0,0.0,0.0,0.0,0.0,0.0,0.0,0.0,0.0,0.0
89390cb092fffff,,,,,0.0,0.0,0.0,0.0,0.0,0.0,0.0,0.0,0.0,0.0
89390ca2587ffff,,,,,0.0,0.0,0.0,0.0,0.0,0.0,0.0,0.0,0.0,0.0
89390cb1c8bffff,2.0,1750.0,1750.0,1750.0,0.0,0.0,2.0,0.0,0.0,0.0,0.0,1.0,4.0,1.6094379124341003
89390cbabc3ffff,,,,,0.0,0.0,0.0,0.0,0.0,0.0,0.0,0.0,0.0,0.0
89390ca216bffff,,,,,0.0,0.0,0.0,0.0,0.0,0.0,0.0,0.0,0.0,0.0
89390cbad77ffff,1.0,1961.0,1961.0,1961.0,0.0,0.0,0.0,0.0,1.0,0.0,0.0,0.0,0.0,0.0
89390cb186fffff,9.0,1725.0,1919.888888888889,1761.0,0.0,0.0,2.0,0.0,7.0,0.0,0.0,1.0,4.0,1.6094379124341003
89390ca05d7ffff,,,,,0.0,0.0,0.0,0.0,0.0,0.0,0.0,0.0,0.0,0.0
89390cba95bffff,,,,,0.0,0.0,0.0,0.0,0.0,0.0,0.0,0.0,0.0,0.0
89390ca1d4fffff,,,,,0.0,0.0,0.0,0.0,0.0,0.0,0.0,0.0,0.0,0.0
89390ca34c7ffff,,,,,0.0,0.0,0.0,0.0,0.0,0.0,0.0,0.0,0.0,0.0
89390cb2bcbffff,,,,,0.0,0.0,0.0,0.0,0.0,0.0,0.0,0.0,0.0,0.0
89390cb1037ffff,1.0,2007.0,2007.0,2007.0,0.0,0.0,0.0,0.0,1.0,0.0,0.0,0.0,0.0,0.0
89390ca30abffff,,,,,0.0,0.0,0.0,0.0,0.0,0.0,0.0,0.0,0.0,0.0
89390cb89abffff,1.0,2003.0,2003.0,2003.0,0.0,0.0,0.0,0.0,1.0,0.0,0.0,0.0,0.0,0.0
89390ca1517ffff,,,,,0.0,0.0,0.0,0.0,0.0,0.0,0.0,0.0,0.0,0.0
89390cb0c1bffff,,,,,0.0,0.0,0.0,0.0,0.0,0.0,0.0,0.0,0.0,0.0
89390ca2c8fffff,,,,,0.0,0.0,0.0,0.0,0.0,0.0,0.0,0.0,0.0,0.0
89390cb5283ffff,8.0,1989.0,1990.875,1989.0,0.0,0.0,0.0,0.0,8.0,0.0,0.0,0.0,0.0,0.0
89390ca2457ffff,,,,,0.0,0.0,0.0,0.0,0.0,0.0,0.0,0.0,0.0,0.0
89390cb1b5bffff,21.0,1500.0,1810.3333333333333,1613.0,0.0,7.0,2.0,7.0,5.0,0.0,1.0,1.0,32.0,3.4965075614664802
89390ca203bffff,,,,,0.0,0.0,0.0,0.0,0.0,0.0,0.0,0.0,0.0,0.0
89390cb1ad7ffff,,,,,0.0,0.0,0.0,0.0,0.0,0.0,0.0,0.0,0.0,0.0
89390ca04a7ffff,1.0,2001.0,2001.0,2001.0,0.0,0.0,0.0,0.0,1.0,0.0,0.0,0.0,0.0,0.0
89390ca23d3ffff,,,,,0.0,0.0,0.0,0.0,0.0,0.0,0.0,0.0,0.0,0.0
89390cba82bffff,,,,,0.0,0.0,0.0,0.0,0.0,0.0,0.0,0.0,0.0,0.0
89390cb1323ffff,,,,,0.0,0.0,0.0,0.0,0.0,0.0,0.0,0.0,0.0,0.0
89390ca3397ffff,,,,,0.0,0.0,0.0,0.0,0.0,0.0,0.0,0.0,0.0,0.0
89390cb2a9bffff,,,,,0.0,0.0,0.0,0.0,0.0,0.0,0.0,0.0,0.0,0.0
89390ca008bffff,1.0,1996.0,1996.0,1996.0,0.0,0.0,0.0,0.0,1.0,0.0,0.0,0.0,0.0,0.0
89390cb8c97ffff,1.0,1998.0,1998.0,1998.0,0.0,0.0,0.0,0.0,1.0,0.0,0.0,0.0,0.0,0.0
89390cb5153ffff,1.0,1999.0,1999.0,1999.0,0.0,0.0,0.0,0.0,1.0,0.0,0.0,0.0,0.0,0.0
89390ca2327ffff,2.0,1680.0,1841.5,1712.3,0.0,1.0,0.0,0.0,1.0,0.0,1.0,1.0,3.0,1.3862943611198906
89390cb1a2bffff,,,,,0.0,0.0,0.0,0.0,0.0,0.0,0.0,0.0,0.0,0.0
89390cbab17ffff,2.0,1911.0,1911.0,1911.0,0.0,0.0,0.0,2.0,0.0,0.0,0.0,0.0,2.0,1.0986122886681098
89390ca3683ffff,,,,,0.0,0.0,0.0,0.0,0.0,0.0,0.0,0.0,0.0,0.0
89390ca3267ffff,1.0,2001.0,2001.0,2001.0,0.0,0.0,0.0,0.0,1.0,0.0,0.0,0.0,0.0,0.0
89390cb0dd7ffff,,,,,0.0,0.0,0.0,0.0,0.0,0.0,0.0,0.0,0.0,0.0
89390ca2e4bffff,2.0,1987.0,1987.5,1987.1,0.0,0.0,0.0,0.0,2.0,0.0,0.0,0.0,0.0,0.0
89390cb5023ffff,,,,,0.0,0.0,0.0,0.0,0.0,0.0,0.0,0.0,0.0,0.0
89390ca2613ffff,1.0,1968.0,1968.0,1968.0,0.0,0.0,0.0,0.0,1.0,0.0,0.0,0.0,0.0,0.0
89390cb1d17ffff,1.0,1994.0,1994.0,1994.0,0.0,0.0,0.0,0.0,1.0,0.0,0.0,0.0,0.0,0.0
89390ca0663ffff,,,,,0.0,0.0,0.0,0.0,0.0,0.0,0.0,0.0,0.0,0.0
89392b4d33bffff,,,,,0.0,0.0,0.0,0.0,0.0,0.0,0.0,0.0,0.0,0.0
89390ca3553ffff,6.0,1880.0,1959.8333333333333,1914.5,0.0,0.0,0.0,1.0,5.0,0.0,0.0,0.0,1.0,0.6931471805599453
89390ca3137ffff,1.0,2024.0,2024.0,2024.0,0.0,0.0,0.0,0.0,1.0,0.0,0.0,0.0,0.0,0.0
89390cb283bffff,,,,,0.0,0.0,0.0,0.0,0.0,0.0,0.0,0.0,0.0,0.0
89390ca15a3ffff,,,,,0.0,0.0,0.0,0.0,0.0,0.0,0.0,0.0,0.0,0.0
89390cb0ca7ffff,,,,,0.0,0.0,0.0,0.0,0.0,0.0,0.0,0.0,0.0,0.0
89390ca2d1bffff,,,,,0.0,0.0,0.0,0.0,0.0,0.0,0.0,0.0,0.0,0.0
89390cb530fffff,,,,,0.0,0.0,0.0,0.0,0.0,0.0,0.0,0.0,0.0,0.0
89390cb088bffff,,,,,0.0,0.0,0.0,0.0,0.0,0.0,0.0,0.0,0.0,0.0
89390ca768fffff,,,,,0.0,0.0,0.0,0.0,0.0,0.0,0.0,0.0,0.0,0.0
89390cb046fffff,,,,,0.0,0.0,0.0,0.0,0.0,0.0,0.0,0.0,0.0,0.0
89390ca20c7ffff,,,,,0.0,0.0,0.0,0.0,0.0,0.0,0.0,0.0,0.0,0.0
89390cb0b97ffff,1.0,1927.0,1927.0,1927.0,0.0,0.0,0.0,1.0,0.0,0.0,0.0,0.0,1.0,0.6931471805599453
89390cb561bffff,,,,,0.0,0.0,0.0,0.0,0.0,0.0,0.0,0.0,0.0,0.0
89390ca0533ffff,,,,,0.0,0.0,0.0,0.0,0.0,0.0,0.0,0.0,0.0,0.0
89390ca1493ffff,,,,,0.0,0.0,0.0,0.0,0.0,0.0,0.0,0.0,0.0,0.0
89390cba8b7ffff,,,,,0.0,0.0,0.0,0.0,0.0,0.0,0.0,0.0,0.0,0.0
89390cb13afffff,,,,,0.0,0.0,0.0,0.0,0.0,0.0,0.0,0.0,0.0,0.0
89390ca3423ffff,,,,,0.0,0.0,0.0,0.0,0.0,0.0,0.0,0.0,0.0,0.0
89390ca0117ffff,,,,,0.0,0.0,0.0,0.0,0.0,0.0,0.0,0.0,0.0,0.0
89390cb8d23ffff,,,,,0.0,0.0,0.0,0.0,0.0,0.0,0.0,0.0,0.0,0.0
89390cb8927ffff,,,,,0.0,0.0,0.0,0.0,0.0,0.0,0.0,0.0,0.0,0.0
89390cb5a17ffff,,,,,0.0,0.0,0.0,0.0,0.0,0.0,0.0,0.0,0.0,0.0
89390ca3007ffff,,,,,0.0,0.0,0.0,0.0,0.0,0.0,0.0,0.0,0.0,0.0
89390cb8907ffff,,,,,0.0,0.0,0.0,0.0,0.0,0.0,0.0,0.0,0.0,0.0
89390ca1473ffff,,,,,0.0,0.0,0.0,0.0,0.0,0.0,0.0,0.0,0.0,0.0
89390cb0b77ffff,,,,,0.0,0.0,0.0,0.0,0.0,0.0,0.0,0.0,0.0,0.0
89390cb1ed3ffff,,,,,0.0,0.0,0.0,0.0,0.0,0.0,0.0,0.0,0.0,0.0
89390ca3027ffff,,,,,0.0,0.0,0.0,0.0,0.0,0.0,0.0,0.0,0.0,0.0
89390ca23b3ffff,3.0,1967.0,1980.0,1970.8,0.0,0.0,0.0,0.0,3.0,0.0,0.0,0.0,0.0,0.0
89390cb1ab7ffff,16.0,1911.0,1957.875,1938.5,0.0,0.0,0.0,2.0,14.0,0.0,0.0,0.0,2.0,1.0986122886681098
89390cbaba3ffff,5.0,1691.0,1899.4,1778.6,0.0,1.0,0.0,2.0,2.0,0.0,1.0,1.0,5.0,1.791759469228055
89390ca0403ffff,1.0,2002.0,2002.0,2002.0,0.0,0.0,0.0,0.0,1.0,0.0,0.0,0.0,0.0,0.0
89390cb0e63ffff,,,,,0.0,0.0,0.0,0.0,0.0,0.0,0.0,0.0,0.0,0.0
89390ca2ed7ffff,,,,,0.0,0.0,0.0,0.0,0.0,0.0,0.0,0.0,0.0,0.0
89390cb54cbffff,,,,,0.0,0.0,0.0,0.0,0.0,0.0,0.0,0.0,0.0,0.0
89390cb0a47ffff,,,,,0.0,0.0,0.0,0.0,0.0,0.0,0.0,0.0,0.0,0.0
89390ca2abbffff,,,,,0.0,0.0,0.0,0.0,0.0,0.0,0.0,0.0,0.0,0.0
89390cb50afffff,,,,,0.0,0.0,0.0,0.0,0.0,0.0,0.0,0.0,0.0,0.0
89390cb1da3ffff,,,,,0.0,0.0,0.0,0.0,0.0,0.0,0.0,0.0,0.0,0.0
89390ca2283ffff,,,,,0.0,0.0,0.0,0.0,0.0,0.0,0.0,0.0,0.0,0.0
89390cb1987ffff,6.0,1957.0,1981.0,1964.5,0.0,0.0,0.0,0.0,6.0,0.0,0.0,0.0,0.0,0.0
89390cbaa73ffff,,,,,0.0,0.0,0.0,0.0,0.0,0.0,0.0,0.0,0.0,0.0
89390cb156bffff,,,,,0.0,0.0,0.0,0.0,0.0,0.0,0.0,0.0,0.0,0.0
89390ca02d3ffff,,,,,0.0,0.0,0.0,0.0,0.0,0.0,0.0,0.0,0.0,0.0
89390ca31c3ffff,,,,,0.0,0.0,0.0,0.0,0.0,0.0,0.0,0.0,0.0,0.0
89390cb734bffff,,,,,0.0,0.0,0.0,0.0,0.0,0.0,0.0,0.0,0.0,0.0
89390ca3443ffff,,,,,0.0,0.0,0.0,0.0,0.0,0.0,0.0,0.0,0.0,0.0
89390ca2da7ffff,,,,,0.0,0.0,0.0,0.0,0.0,0.0,0.0,0.0,0.0,0.0
89390cb539bffff,,,,,0.0,0.0,0.0,0.0,0.0,0.0,0.0,0.0,0.0,0.0
89390cb0917ffff,,,,,0.0,0.0,0.0,0.0,0.0,0.0,0.0,0.0,0.0,0.0
89390cb5e53ffff,,,,,0.0,0.0,0.0,0.0,0.0,0.0,0.0,0.0,0.0,0.0
89390cba8d7ffff,,,,,0.0,0.0,0.0,0.0,0.0,0.0,0.0,0.0,0.0,0.0
89390ca256fffff,,,,,0.0,0.0,0.0,0.0,0.0,0.0,0.0,0.0,0.0,0.0
89390cb1c73ffff,,,,,0.0,0.0,0.0,0.0,0.0,0.0,0.0,0.0,0.0,0.0
89390ca2153ffff,1.0,1974.0,1974.0,1974.0,0.0,0.0,0.0,0.0,1.0,0.0,0.0,0.0,0.0,0.0
89390cb1857ffff,1.0,1985.0,1985.0,1985.0,0.0,0.0,0.0,0.0,1.0,0.0,0.0,0.0,0.0,0.0
89390cba943ffff,10.0,1896.0,1974.1,1925.7,0.0,0.0,0.0,2.0,8.0,0.0,0.0,0.0,2.0,1.0986122886681098
89390ca34afffff,4.0,1936.0,1982.0,1951.9,0.0,0.0,0.0,1.0,3.0,0.0,0.0,0.0,1.0,0.6931471805599453
89390ca0553ffff,,,,,0.0,0.0,0.0,0.0,0.0,0.0,0.0,0.0,0.0,0.0
89390cb2bb3ffff,,,,,0.0,0.0,0.0,0.0,0.0,0.0,0.0,0.0,0.0,0.0
89390cb8dafffff,,,,,0.0,0.0,0.0,0.0,0.0,0.0,0.0,0.0,0.0,0.0
89390ca3093ffff,5.0,1925.0,1984.6,1951.8,0.0,0.0,0.0,1.0,4.0,0.0,0.0,0.0,1.0,0.6931471805599453
89390cb8993ffff,,,,,0.0,0.0,0.0,0.0,0.0,0.0,0.0,0.0,0.0,0.0
89390cb5687ffff,1.0,1992.0,1992.0,1992.0,0.0,0.0,0.0,0.0,1.0,0.0,0.0,0.0,0.0,0.0
89390cb0c03ffff,1.0,2007.0,2007.0,2007.0,0.0,0.0,0.0,0.0,1.0,0.0,0.0,0.0,0.0,0.0
89390cb526bffff,,,,,0.0,0.0,0.0,0.0,0.0,0.0,0.0,0.0,0.0,0.0
89390cb03cbffff,3.0,1961.0,1979.6666666666667,1964.4,0.0,0.0,0.0,0.0,3.0,0.0,0.0,0.0,0.0,0.0
89390cb1b43ffff,24.0,1550.0,1850.7083333333333,1654.1000000000001,0.0,3.0,9.0,2.0,10.0,0.0,1.0,1.0,29.0,3.4011973816621555
89390ca2023ffff,,,,,0.0,0.0,0.0,0.0,0.0,0.0,0.0,0.0,0.0,0.0
89390cbac2fffff,,,,,0.0,0.0,0.0,0.0,0.0,0.0,0.0,0.0,0.0,0.0
89390ca048fffff,1.0,2002.0,2002.0,2002.0,0.0,0.0,0.0,0.0,1.0,0.0,0.0,0.0,0.0,0.0
89390cba813ffff,,,,,0.0,0.0,0.0,0.0,0.0,0.0,0.0,0.0,0.0,0.0
89390cb2a83ffff,,,,,0.0,0.0,0.0,0.0,0.0,0.0,0.0,0.0,0.0,0.0
89390ca0073ffff,,,,,0.0,0.0,0.0,0.0,0.0,0.0,0.0,0.0,0.0,0.0
89390cb5557ffff,,,,,0.0,0.0,0.0,0.0,0.0,0.0,0.0,0.0,0.0,0.0
89390cb0ad3ffff,,,,,0.0,0.0,0.0,0.0,0.0,0.0,0.0,0.0,0.0,0.0
89390ca2b47ffff,,,,,0.0,0.0,0.0,0.0,0.0,0.0,0.0,0.0,0.0,0.0
89390cb224bffff,,,,,0.0,0.0,0.0,0.0,0.0,0.0,0.0,0.0,0.0,0.0
89390cb1e2fffff,,,,,0.0,0.0,0.0,0.0,0.0,0.0,0.0,0.0,0.0,0.0
89390ca230fffff,,,,,0.0,0.0,0.0,0.0,0.0,0.0,0.0,0.0,0.0,0.0
89390cb1a13ffff,1.0,1979.0,1979.0,1979.0,0.0,0.0,0.0,0.0,1.0,0.0,0.0,0.0,0.0,0.0
89390ca366bffff,,,,,0.0,0.0,0.0,0.0,0.0,0.0,0.0,0.0,0.0,0.0
89390cb11dbffff,,,,,0.0,0.0,0.0,0.0,0.0,0.0,0.0,0.0,0.0,0.0
89390ca324fffff,2.0,1989.0,1990.5,1989.3,0.0,0.0,0.0,0.0,2.0,0.0,0.0,0.0,0.0,0.0
89390ca2503ffff,,,,,0.0,0.0,0.0,0.0,0.0,0.0,0.0,0.0,0.0,0.0
89390cb5427ffff,,,,,0.0,0.0,0.0,0.0,0.0,0.0,0.0,0.0,0.0,0.0
89390cb09a3ffff,,,,,0.0,0.0,0.0,0.0,0.0,0.0,0.0,0.0,0.0,0.0
89390cb048fffff,,,,,0.0,0.0,0.0,0.0,0.0,0.0,0.0,0.0,0.0,0.0
89390cb016bffff,,,,,0.0,0.0,0.0,0.0,0.0,0.0,0.0,0.0,0.0,0.0
89390ca064bffff,,,,,0.0,0.0,0.0,0.0,0.0,0.0,0.0,0.0,0.0,0.0
89390cba9cfffff,,,,,0.0,0.0,0.0,0.0,0.0,0.0,0.0,0.0,0.0,0.0
89390ca353bffff,5.0,1922.0,1971.4,1922.4,0.0,0.0,0.0,2.0,3.0,0.0,0.0,0.0,2.0,1.0986122886681098
89390cb10abffff,,,,,0.0,0.0,0.0,0.0,0.0,0.0,0.0,0.0,0.0,0.0
89390cb2823ffff,1.0,2006.0,2006.0,2006.0,0.0,0.0,0.0,0.0,1.0,0.0,0.0,0.0,0.0,0.0
89390cb0c8fffff,,,,,0.0,0.0,0.0,0.0,0.0,0.0,0.0,0.0,0.0,0.0
89390ca2d03ffff,,,,,0.0,0.0,0.0,0.0,0.0,0.0,0.0,0.0,0.0,0.0
89390cb0873ffff,,,,,0.0,0.0,0.0,0.0,0.0,0.0,0.0,0.0,0.0,0.0
89390ca24cbffff,10.0,1952.0,1987.3,1983.5,0.0,0.0,0.0,0.0,10.0,0.0,0.0,0.0,0.0,0.0
89390cb1bcfffff,33.0,1616.0,1876.909090909091,1750.0,0.0,1.0,12.0,8.0,12.0,0.0,1.0,1.0,35.0,3.58351893845611
89390cb003bffff,,,,,0.0,0.0,0.0,0.0,0.0,0.0,0.0,0.0,0.0,0.0
89390ca20afffff,1.0,1976.0,1976.0,1976.0,0.0,0.0,0.0,0.0,1.0,0.0,0.0,0.0,0.0,0.0
89390ca051bffff,1.0,2001.0,2001.0,2001.0,0.0,0.0,0.0,0.0,1.0,0.0,0.0,0.0,0.0,0.0
89390cb08abffff,2.0,1930.0,1930.0,1930.0,0.0,0.0,0.0,2.0,0.0,0.0,0.0,0.0,2.0,1.0986122886681098
89390cb532fffff,,,,,0.0,0.0,0.0,0.0,0.0,0.0,0.0,0.0,0.0,0.0
89390ca340bffff,,,,,0.0,0.0,0.0,0.0,0.0,0.0,0.0,0.0,0.0,0.0
89390ca11a7ffff,,,,,0.0,0.0,0.0,0.0,0.0,0.0,0.0,0.0,0.0,0.0
89390ca145bffff,,,,,0.0,0.0,0.0,0.0,0.0,0.0,0.0,0.0,0.0,0.0
89390ca2bd3ffff,,,,,0.0,0.0,0.0,0.0,0.0,0.0,0.0,0.0,0.0,0.0
89390cb51c7ffff,,,,,0.0,0.0,0.0,0.0,0.0,0.0,0.0,0.0,0.0,0.0
89390cb1ebbffff,,,,,0.0,0.0,0.0,0.0,0.0,0.0,0.0,0.0,0.0,0.0
89390cb0327ffff,4.0,1999.0,2002.75,2000.5,0.0,0.0,0.0,0.0,4.0,0.0,0.0,0.0,0.0,0.0
89390ca239bffff,,,,,0.0,0.0,0.0,0.0,0.0,0.0,0.0,0.0,0.0,0.0
89390cbab8bffff,,,,,0.0,0.0,0.0,0.0,0.0,0.0,0.0,0.0,0.0,0.0
89390ca32dbffff,,,,,0.0,0.0,0.0,0.0,0.0,0.0,0.0,0.0,0.0,0.0
89390cb0e4bffff,2.0,1982.0,1982.0,1982.0,0.0,0.0,0.0,0.0,2.0,0.0,0.0,0.0,0.0,0.0
89390cb54b3ffff,,,,,0.0,0.0,0.0,0.0,0.0,0.0,0.0,0.0,0.0,0.0
89390cb0a2fffff,,,,,0.0,0.0,0.0,0.0,0.0,0.0,0.0,0.0,0.0,0.0
89390ca2aa3ffff,,,,,0.0,0.0,0.0,0.0,0.0,0.0,0.0,0.0,0.0,0.0
89390cb5097ffff,,,,,0.0,0.0,0.0,0.0,0.0,0.0,0.0,0.0,0.0,0.0
89390cb0cc7ffff,,,,,0.0,0.0,0.0,0.0,0.0,0.0,0.0,0.0,0.0,0.0
89390ca2687ffff,3.0,1932.0,1947.6666666666667,1936.6,0.0,0.0,0.0,1.0,2.0,0.0,0.0,0.0,1.0,0.6931471805599453
89390cb1d8bffff,1.0,1999.0,1999.0,1999.0,0.0,0.0,0.0,0.0,1.0,0.0,0.0,0.0,0.0,0.0
89390ca15c3ffff,,,,,0.0,0.0,0.0,0.0,0.0,0.0,0.0,0.0,0.0,0.0
89390ca226bffff,2.0,1955.0,1986.5,1961.3,0.0,0.0,0.0,0.0,2.0,0.0,0.0,0.0,0.0,0.0
89390cbae77ffff,,,,,0.0,0.0,0.0,0.0,0.0,0.0,0.0,0.0,0.0,0.0
89390cb196fffff,24.0,1877.0,1960.9583333333333,1903.2,0.0,0.0,0.0,5.0,19.0,0.0,0.0,0.0,5.0,1.791759469228055
89390cb1553ffff,,,,,0.0,0.0,0.0,0.0,0.0,0.0,0.0,0.0,0.0,0.0
89390ca35c7ffff,7.0,1912.0,1962.2857142857142,1916.8,0.0,0.0,0.0,3.0,4.0,0.0,0.0,0.0,3.0,1.3862943611198906
89390cb1137ffff,,,,,0.0,0.0,0.0,0.0,0.0,0.0,0.0,0.0,0.0,0.0
89390ca31abffff,,,,,0.0,0.0,0.0,0.0,0.0,0.0,0.0,0.0,0.0,0.0
89390cb28afffff,4.0,1968.0,1978.75,1968.0,0.0,0.0,0.0,0.0,4.0,0.0,0.0,0.0,0.0,0.0
89390cb0d1bffff,,,,,0.0,0.0,0.0,0.0,0.0,0.0,0.0,0.0,0.0,0.0
89390ca2d8fffff,,,,,0.0,0.0,0.0,0.0,0.0,0.0,0.0,0.0,0.0,0.0
89390ca3157ffff,3.0,1927.0,1975.0,1940.0,0.0,0.0,0.0,1.0,2.0,0.0,0.0,0.0,1.0,0.6931471805599453
89390cb5383ffff,,,,,0.0,0.0,0.0,0.0,0.0,0.0,0.0,0.0,0.0,0.0
89390ca2557ffff,1.0,1969.0,1969.0,1969.0,0.0,0.0,0.0,0.0,1.0,0.0,0.0,0.0,0.0,0.0
89390cb1c5bffff,,,,,0.0,0.0,0.0,0.0,0.0,0.0,0.0,0.0,0.0,0.0
89390cb00c7ffff,,,,,0.0,0.0,0.0,0.0,0.0,0.0,0.0,0.0,0.0,0.0
89390ca213bffff,,,,,0.0,0.0,0.0,0.0,0.0,0.0,0.0,0.0,0.0,0.0
89390cbad47ffff,,,,,0.0,0.0,0.0,0.0,0.0,0.0,0.0,0.0,0.0,0.0
89390ca05a7ffff,3.0,1859.0,1954.0,1886.8,0.0,0.0,1.0,0.0,2.0,0.0,0.0,1.0,2.0,1.0986122886681098
89390cba92bffff,,,,,0.0,0.0,0.0,0.0,0.0,0.0,0.0,0.0,0.0,0.0
89390ca3497ffff,8.0,1761.0,1942.0,1867.4,0.0,0.0,1.0,1.0,6.0,0.0,0.0,1.0,3.0,1.3862943611198906
89390cb2b9bffff,1.0,1969.0,1969.0,1969.0,0.0,0.0,0.0,0.0,1.0,0.0,0.0,0.0,0.0,0.0
89390ca018bffff,,,,,0.0,0.0,0.0,0.0,0.0,0.0,0.0,0.0,0.0,0.0
89390cb8d97ffff,,,,,0.0,0.0,0.0,0.0,0.0,0.0,0.0,0.0,0.0,0.0
89390ca307bffff,,,,,0.0,0.0,0.0,0.0,0.0,0.0,0.0,0.0,0.0,0.0
89390cb897bffff,,,,,0.0,0.0,0.0,0.0,0.0,0.0,0.0,0.0,0.0,0.0
89390cb566fffff,,,,,0.0,0.0,0.0,0.0,0.0,0.0,0.0,0.0,0.0,0.0
89390cb5253ffff,,,,,0.0,0.0,0.0,0.0,0.0,0.0,0.0,0.0,0.0,0.0
89390ca2843ffff,,,,,0.0,0.0,0.0,0.0,0.0,0.0,0.0,0.0,0.0,0.0
89390ca3573ffff,1.0,2013.0,2013.0,2013.0,0.0,0.0,0.0,0.0,1.0,0.0,0.0,0.0,0.0,0.0
89390cb03b3ffff,,,,,0.0,0.0,0.0,0.0,0.0,0.0,0.0,0.0,0.0,0.0
89390ca2427ffff,2.0,1983.0,1991.0,1984.6,0.0,0.0,0.0,0.0,2.0,0.0,0.0,0.0,0.0,0.0
89390cb1b2bffff,13.0,1777.0,1884.1538461538462,1782.4,0.0,0.0,5.0,5.0,3.0,0.0,0.0,1.0,15.0,2.772588722239781
89390ca200bffff,1.0,1998.0,1998.0,1998.0,0.0,0.0,0.0,0.0,1.0,0.0,0.0,0.0,0.0,0.0
89390ca0477ffff,,,,,0.0,0.0,0.0,0.0,0.0,0.0,0.0,0.0,0.0,0.0
89390ca3367ffff,,,,,0.0,0.0,0.0,0.0,0.0,0.0,0.0,0.0,0.0,0.0
89390cb2a6bffff,,,,,0.0,0.0,0.0,0.0,0.0,0.0,0.0,0.0,0.0,0.0
89390ca005bffff,,,,,0.0,0.0,0.0,0.0,0.0,0.0,0.0,0.0,0.0,0.0
89390cb0ed7ffff,,,,,0.0,0.0,0.0,0.0,0.0,0.0,0.0,0.0,0.0,0.0
89390cb0abbffff,,,,,0.0,0.0,0.0,0.0,0.0,0.0,0.0,0.0,0.0,0.0
89390cb2233ffff,,,,,0.0,0.0,0.0,0.0,0.0,0.0,0.0,0.0,0.0,0.0
89390cb1e17ffff,,,,,0.0,0.0,0.0,0.0,0.0,0.0,0.0,0.0,0.0,0.0
89390ca3653ffff,,,,,0.0,0.0,0.0,0.0,0.0,0.0,0.0,0.0,0.0,0.0
89390cb11c3ffff,,,,,0.0,0.0,0.0,0.0,0.0,0.0,0.0,0.0,0.0,0.0
89390ca3237ffff,,,,,0.0,0.0,0.0,0.0,0.0,0.0,0.0,0.0,0.0,0.0
89390cb540fffff,,,,,0.0,0.0,0.0,0.0,0.0,0.0,0.0,0.0,0.0,0.0
89390cb191bffff,1.0,1927.0,1927.0,1927.0,0.0,0.0,0.0,1.0,0.0,0.0,0.0,0.0,1.0,0.6931471805599453
89390cb098bffff,,,,,0.0,0.0,0.0,0.0,0.0,0.0,0.0,0.0,0.0,0.0
89390cbae23ffff,,,,,0.0,0.0,0.0,0.0,0.0,0.0,0.0,0.0,0.0,0.0
89390ca2217ffff,3.0,1980.0,1987.3333333333333,1980.2,0.0,0.0,0.0,0.0,3.0,0.0,0.0,0.0,0.0,0.0
89390cb056fffff,,,,,0.0,0.0,0.0,0.0,0.0,0.0,0.0,0.0,0.0,0.0
89390cb0153ffff,,,,,0.0,0.0,0.0,0.0,0.0,0.0,0.0,0.0,0.0,0.0
89390ca21c7ffff,,,,,0.0,0.0,0.0,0.0,0.0,0.0,0.0,0.0,0.0,0.0
89390cbadd3ffff,,,,,0.0,0.0,0.0,0.0,0.0,0.0,0.0,0.0,0.0,0.0
89390cb01a3ffff,,,,,0.0,0.0,0.0,0.0,0.0,0.0,0.0,0.0,0.0,0.0
89390cb18cbffff,10.0,1959.0,1981.3,1969.8,0.0,0.0,0.0,0.0,10.0,0.0,0.0,0.0,0.0,0.0
89390ca0633ffff,,,,,0.0,0.0,0.0,0.0,0.0,0.0,0.0,0.0,0.0,0.0
89390cba9b7ffff,,,,,0.0,0.0,0.0,0.0,0.0,0.0,0.0,0.0,0.0,0.0
89390ca3523ffff,,,,,0.0,0.0,0.0,0.0,0.0,0.0,0.0,0.0,0.0,0.0
89390cb2c27ffff,1.0,2013.0,2013.0,2013.0,0.0,0.0,0.0,0.0,1.0,0.0,0.0,0.0,0.0,0.0
89390ca3107ffff,,,,,0.0,0.0,0.0,0.0,0.0,0.0,0.0,0.0,0.0,0.0
89390cb280bffff,,,,,0.0,0.0,0.0,0.0,0.0,0.0,0.0,0.0,0.0,0.0
89390cb0c77ffff,,,,,0.0,0.0,0.0,0.0,0.0,0.0,0.0,0.0,0.0,0.0
89390cb085bffff,4.0,1997.0,2005.25,2000.0,0.0,0.0,0.0,0.0,4.0,0.0,0.0,0.0,0.0,0.0
89390ca24b3ffff,3.0,1954.0,1966.0,1955.0,0.0,0.0,0.0,0.0,3.0,0.0,0.0,0.0,0.0,0.0
89390cb1bb7ffff,8.0,1902.0,1943.625,1911.1,0.0,0.0,0.0,5.0,3.0,0.0,0.0,0.0,5.0,1.791759469228055
89390cb1d37ffff,4.0,1929.0,1957.0,1935.9,0.0,0.0,0.0,1.0,3.0,0.0,0.0,0.0,1.0,0.6931471805599453
89390cb0023ffff,,,,,0.0,0.0,0.0,0.0,0.0,0.0,0.0,0.0,0.0,0.0
89390ca2097ffff,5.0,1959.0,1992.8,1973.4,0.0,0.0,0.0,0.0,5.0,0.0,0.0,0.0,0.0,0.0
89390ca2633ffff,,,,,0.0,0.0,0.0,0.0,0.0,0.0,0.0,0.0,0.0,0.0
89390cbaca3ffff,,,,,0.0,0.0,0.0,0.0,0.0,0.0,0.0,0.0,0.0,0.0
89390ca0503ffff,,,,,0.0,0.0,0.0,0.0,0.0,0.0,0.0,0.0,0.0,0.0
89390cba887ffff,1.0,1768.0,1768.0,1768.0,0.0,0.0,1.0,0.0,0.0,0.0,0.0,1.0,2.0,1.0986122886681098
89390cb5043ffff,,,,,0.0,0.0,0.0,0.0,0.0,0.0,0.0,0.0,0.0,0.0
89390cb55cbffff,,,,,0.0,0.0,0.0,0.0,0.0,0.0,0.0,0.0,0.0,0.0
89390cb0b47ffff,5.0,1900.0,1957.6,1904.0,0.0,0.0,0.0,2.0,3.0,0.0,0.0,0.0,2.0,1.0986122886681098
89390ca2bbbffff,,,,,0.0,0.0,0.0,0.0,0.0,0.0,0.0,0.0,0.0,0.0
89390cb1ea3ffff,,,,,0.0,0.0,0.0,0.0,0.0,0.0,0.0,0.0,0.0,0.0
89390cb030fffff,1.0,2006.0,2006.0,2006.0,0.0,0.0,0.0,0.0,1.0,0.0,0.0,0.0,0.0,0.0
89390ca2383ffff,,,,,0.0,0.0,0.0,0.0,0.0,0.0,0.0,0.0,0.0,0.0
89390cb1a87ffff,,,,,0.0,0.0,0.0,0.0,0.0,0.0,0.0,0.0,0.0,0.0
89390cbab73ffff,,,,,0.0,0.0,0.0,0.0,0.0,0.0,0.0,0.0,0.0,0.0
89390cb29c7ffff,,,,,0.0,0.0,0.0,0.0,0.0,0.0,0.0,0.0,0.0,0.0
89390cba33bffff,,,,,0.0,0.0,0.0,0.0,0.0,0.0,0.0,0.0,0.0,0.0
89390cb0e33ffff,,,,,0.0,0.0,0.0,0.0,0.0,0.0,0.0,0.0,0.0,0.0
89390ca2a4fffff,,,,,0.0,0.0,0.0,0.0,0.0,0.0,0.0,0.0,0.0,0.0
89390cb549bffff,,,,,0.0,0.0,0.0,0.0,0.0,0.0,0.0,0.0,0.0,0.0
89390cb0a17ffff,3.0,1939.0,1968.3333333333333,1944.6,0.0,0.0,0.0,1.0,2.0,0.0,0.0,0.0,1.0,0.6931471805599453
89390cb09dbffff,,,,,0.0,0.0,0.0,0.0,0.0,0.0,0.0,0.0,0.0,0.0
89390ca2a8bffff,,,,,0.0,0.0,0.0,0.0,0.0,0.0,0.0,0.0,0.0,0.0
89390ca266fffff,1.0,2011.0,2011.0,2011.0,0.0,0.0,0.0,0.0,1.0,0.0,0.0,0.0,0.0,0.0
89390cb1d73ffff,,,,,0.0,0.0,0.0,0.0,0.0,0.0,0.0,0.0,0.0,0.0
89390ca2253ffff,,,,,0.0,0.0,0.0,0.0,0.0,0.0,0.0,0.0,0.0,0.0
89390cb1957ffff,3.0,1956.0,1989.0,1964.4,0.0,0.0,0.0,0.0,3.0,0.0,0.0,0.0,0.0,0.0
89390cb153bffff,,,,,0.0,0.0,0.0,0.0,0.0,0.0,0.0,0.0,0.0,0.0
89390ca35afffff,,,,,0.0,0.0,0.0,0.0,0.0,0.0,0.0,0.0,0.0,0.0
89390ca3193ffff,1.0,1954.0,1954.0,1954.0,0.0,0.0,0.0,0.0,1.0,0.0,0.0,0.0,0.0,0.0
89390cb2897ffff,,,,,0.0,0.0,0.0,0.0,0.0,0.0,0.0,0.0,0.0,0.0
89390cb0d03ffff,1.0,2007.0,2007.0,2007.0,0.0,0.0,0.0,0.0,1.0,0.0,0.0,0.0,0.0,0.0
89390cb536bffff,,,,,0.0,0.0,0.0,0.0,0.0,0.0,0.0,0.0,0.0,0.0
89390cb1c43ffff,,,,,0.0,0.0,0.0,0.0,0.0,0.0,0.0,0.0,0.0,0.0
89390ca2e6bffff,,,,,0.0,0.0,0.0,0.0,0.0,0.0,0.0,0.0,0.0,0.0
89390cb00afffff,,,,,0.0,0.0,0.0,0.0,0.0,0.0,0.0,0.0,0.0,0.0
89390cbad2fffff,,,,,0.0,0.0,0.0,0.0,0.0,0.0,0.0,0.0,0.0,0.0
89390ca2123ffff,2.0,1974.0,1988.5,1976.9,0.0,0.0,0.0,0.0,2.0,0.0,0.0,0.0,0.0,0.0
89390cb1827ffff,8.0,1849.0,1968.125,1915.5,0.0,0.0,1.0,0.0,7.0,0.0,0.0,1.0,2.0,1.0986122886681098
89390ca058fffff,,,,,0.0,0.0,0.0,0.0,0.0,0.0,0.0,0.0,0.0,0.0
89390cba913ffff,,,,,0.0,0.0,0.0,0.0,0.0,0.0,0.0,0.0,0.0,0.0
89390ca1d07ffff,,,,,0.0,0.0,0.0,0.0,0.0,0.0,0.0,0.0,0.0,0.0
89390cb2b83ffff,,,,,0.0,0.0,0.0,0.0,0.0,0.0,0.0,0.0,0.0,0.0
89390ca0173ffff,,,,,0.0,0.0,0.0,0.0,0.0,0.0,0.0,0.0,0.0,0.0
89390ca3063ffff,1.0,2003.0,2003.0,2003.0,0.0,0.0,0.0,0.0,1.0,0.0,0.0,0.0,0.0,0.0
89390cb8963ffff,,,,,0.0,0.0,0.0,0.0,0.0,0.0,0.0,0.0,0.0,0.0
89390ca14cfffff,4.0,1958.0,1981.75,1962.2,0.0,0.0,0.0,0.0,4.0,0.0,0.0,0.0,0.0,0.0
89390cb5657ffff,5.0,1981.0,1984.8,1981.0,0.0,0.0,0.0,0.0,5.0,0.0,0.0,0.0,0.0,0.0
89390cb0bd3ffff,4.0,1934.0,1961.0,1939.7,0.0,0.0,0.0,1.0,3.0,0.0,0.0,0.0,1.0,0.6931471805599453
89390ca76cbffff,,,,,0.0,0.0,0.0,0.0,0.0,0.0,0.0,0.0,0.0,0.0
89390ca2c47ffff,,,,,0.0,0.0,0.0,0.0,0.0,0.0,0.0,0.0,0.0,0.0
89390cb234bffff,,,,,0.0,0.0,0.0,0.0,0.0,0.0,0.0,0.0,0.0,0.0
89390cb523bffff,1.0,2007.0,2007.0,2007.0,0.0,0.0,0.0,0.0,1.0,0.0,0.0,0.0,0.0,0.0
89390ca0c97ffff,,,,,0.0,0.0,0.0,0.0,0.0,0.0,0.0,0.0,0.0,0.0
89390ca240fffff,2.0,1964.0,1984.0,1968.0,0.0,0.0,0.0,0.0,2.0,0.0,0.0,0.0,0.0,0.0
89390cb1b13ffff,10.0,1623.0,1868.3,1623.9,0.0,2.0,1.0,2.0,5.0,0.0,1.0,1.0,10.0,2.3978952727983707
89390ca3287ffff,,,,,0.0,0.0,0.0,0.0,0.0,0.0,0.0,0.0,0.0,0.0
89390cb2e6fffff,,,,,0.0,0.0,0.0,0.0,0.0,0.0,0.0,0.0,0.0,0.0
89390ca334fffff,,,,,0.0,0.0,0.0,0.0,0.0,0.0,0.0,0.0,0.0,0.0
89390ca0043ffff,,,,,0.0,0.0,0.0,0.0,0.0,0.0,0.0,0.0,0.0,0.0
89390cb0aa3ffff,3.0,1600.0,1860.6666666666667,1674.0,0.0,1.0,0.0,0.0,2.0,0.0,1.0,1.0,3.0,1.3862943611198906
89390ca2b17ffff,,,,,0.0,0.0,0.0,0.0,0.0,0.0,0.0,0.0,0.0,0.0
89390cb026bffff,,,,,0.0,0.0,0.0,0.0,0.0,0.0,0.0,0.0,0.0,0.0
89390cbaacfffff,,,,,0.0,0.0,0.0,0.0,0.0,0.0,0.0,0.0,0.0,0.0
89390ca0397ffff,1.0,2017.0,2017.0,2017.0,0.0,0.0,0.0,0.0,1.0,0.0,0.0,0.0,0.0,0.0
89390cb15c7ffff,,,,,0.0,0.0,0.0,0.0,0.0,0.0,0.0,0.0,0.0,0.0
89390ca363bffff,1.0,1983.0,1983.0,1983.0,0.0,0.0,0.0,0.0,1.0,0.0,0.0,0.0,0.0,0.0
89390ca032fffff,,,,,0.0,0.0,0.0,0.0,0.0,0.0,0.0,0.0,0.0,0.0
89390cb0d8fffff,,,,,0.0,0.0,0.0,0.0,0.0,0.0,0.0,0.0,0.0,0.0
89390ca2e03ffff,,,,,0.0,0.0,0.0,0.0,0.0,0.0,0.0,0.0,0.0,0.0
89390cb0973ffff,,,,,0.0,0.0,0.0,0.0,0.0,0.0,0.0,0.0,0.0,0.0
89390ca36a3ffff,1.0,1987.0,1987.0,1987.0,0.0,0.0,0.0,0.0,1.0,0.0,0.0,0.0,0.0,0.0
89390cb0557ffff,,,,,0.0,0.0,0.0,0.0,0.0,0.0,0.0,0.0,0.0,0.0
89390ca25cbffff,3.0,1970.0,1978.3333333333333,1970.6,0.0,0.0,0.0,0.0,3.0,0.0,0.0,0.0,0.0,0.0
89390cb1ccfffff,1.0,1926.0,1926.0,1926.0,0.0,0.0,0.0,1.0,0.0,0.0,0.0,0.0,1.0,0.6931471805599453
89390cb013bffff,,,,,0.0,0.0,0.0,0.0,0.0,0.0,0.0,0.0,0.0,0.0
89390ca21afffff,1.0,1991.0,1991.0,1991.0,0.0,0.0,0.0,0.0,1.0,0.0,0.0,0.0,0.0,0.0
89390cbadbbffff,,,,,0.0,0.0,0.0,0.0,0.0,0.0,0.0,0.0,0.0,0.0
89390cb18b3ffff,6.0,1923.0,1961.6666666666667,1933.0,0.0,0.0,0.0,1.0,5.0,0.0,0.0,0.0,1.0,0.6931471805599453
89390cbab37ffff,2.0,1998.0,1998.0,1998.0,0.0,0.0,0.0,0.0,2.0,0.0,0.0,0.0,0.0,0.0
89390ca061bffff,,,,,0.0,0.0,0.0,0.0,0.0,0.0,0.0,0.0,0.0,0.0
89390ca350bffff,,,,,0.0,0.0,0.0,0.0,0.0,0.0,0.0,0.0,0.0,0.0
89390cb7277ffff,,,,,0.0,0.0,0.0,0.0,0.0,0.0,0.0,0.0,0.0,0.0
89390ca155bffff,,,,,0.0,0.0,0.0,0.0,0.0,0.0,0.0,0.0,0.0,0.0
89390ca2cd3ffff,,,,,0.0,0.0,0.0,0.0,0.0,0.0,0.0,0.0,0.0,0.0
89390cb52c7ffff,,,,,0.0,0.0,0.0,0.0,0.0,0.0,0.0,0.0,0.0,0.0
89390cb0843ffff,,,,,0.0,0.0,0.0,0.0,0.0,0.0,0.0,0.0,0.0,0.0
89390cb0427ffff,,,,,0.0,0.0,0.0,0.0,0.0,0.0,0.0,0.0,0.0,0.0
89390ca249bffff,1.0,1965.0,1965.0,1965.0,0.0,0.0,0.0,0.0,1.0,0.0,0.0,0.0,0.0,0.0
89390cb000bffff,,,,,0.0,0.0,0.0,0.0,0.0,0.0,0.0,0.0,0.0,0.0
89390cba86fffff,,,,,0.0,0.0,0.0,0.0,0.0,0.0,0.0,0.0,0.0,0.0
89390cb1367ffff,,,,,0.0,0.0,0.0,0.0,0.0,0.0,0.0,0.0,0.0,0.0
89390ca33dbffff,,,,,0.0,0.0,0.0,0.0,0.0,0.0,0.0,0.0,0.0,0.0
89390cb1a4bffff,1.0,1999.0,1999.0,1999.0,0.0,0.0,0.0,0.0,1.0,0.0,0.0,0.0,0.0,0.0
89390ca00cfffff,2.0,1999.0,2002.0,1999.6,0.0,0.0,0.0,0.0,2.0,0.0,0.0,0.0,0.0,0.0
89390ca2347ffff,1.0,2000.0,2000.0,2000.0,0.0,0.0,0.0,0.0,1.0,0.0,0.0,0.0,0.0,0.0
89390cb0b2fffff,1.0,2002.0,2002.0,2002.0,0.0,0.0,0.0,0.0,1.0,0.0,0.0,0.0,0.0,0.0
89390ca2ba3ffff,,,,,0.0,0.0,0.0,0.0,0.0,0.0,0.0,0.0,0.0,0.0
89390ca236bffff,,,,,0.0,0.0,0.0,0.0,0.0,0.0,0.0,0.0,0.0,0.0
89390cb1a6fffff,2.0,2009.0,2009.0,2009.0,0.0,0.0,0.0,0.0,2.0,0.0,0.0,0.0,0.0,0.0
89390cbab5bffff,,,,,0.0,0.0,0.0,0.0,0.0,0.0,0.0,0.0,0.0,0.0
89390ca36c7ffff,3.0,2002.0,2002.3333333333333,2002.0,0.0,0.0,0.0,0.0,3.0,0.0,0.0,0.0,0.0,0.0
89390ca03bbffff,,,,,0.0,0.0,0.0,0.0,0.0,0.0,0.0,0.0,0.0,0.0
89390ca32abffff,,,,,0.0,0.0,0.0,0.0,0.0,0.0,0.0,0.0,0.0,0.0
89390cb0e1bffff,,,,,0.0,0.0,0.0,0.0,0.0,0.0,0.0,0.0,0.0,0.0
89390ca2e8fffff,,,,,0.0,0.0,0.0,0.0,0.0,0.0,0.0,0.0,0.0,0.0
89390cb5483ffff,,,,,0.0,0.0,0.0,0.0,0.0,0.0,0.0,0.0,0.0,0.0
89390ca2a73ffff,,,,,0.0,0.0,0.0,0.0,0.0,0.0,0.0,0.0,0.0,0.0
89390cb1e67ffff,,,,,0.0,0.0,0.0,0.0,0.0,0.0,0.0,0.0,0.0,0.0
89390cb5067ffff,,,,,0.0,0.0,0.0,0.0,0.0,0.0,0.0,0.0,0.0,0.0
89390ca2657ffff,28.0,1050.0,1842.0714285714287,1743.0,2.0,0.0,9.0,7.0,10.0,1.0,1.0,1.0,33.0,3.5263605246161616
89390cb1d5bffff,2.0,1915.0,1933.0,1918.6,0.0,0.0,0.0,1.0,1.0,0.0,0.0,0.0,1.0,0.6931471805599453
89390cb01c7ffff,,,,,0.0,0.0,0.0,0.0,0.0,0.0,0.0,0.0,0.0,0.0
89390ca223bffff,1.0,1968.0,1968.0,1968.0,0.0,0.0,0.0,0.0,1.0,0.0,0.0,0.0,0.0,0.0
89390cbae47ffff,,,,,0.0,0.0,0.0,0.0,0.0,0.0,0.0,0.0,0.0,0.0
89390ca06a7ffff,,,,,0.0,0.0,0.0,0.0,0.0,0.0,0.0,0.0,0.0,0.0
89390cbaa2bffff,,,,,0.0,0.0,0.0,0.0,0.0,0.0,0.0,0.0,0.0,0.0
89390cb1523ffff,,,,,0.0,0.0,0.0,0.0,0.0,0.0,0.0,0.0,0.0,0.0
89390ca3597ffff,7.0,1712.0,1901.2857142857142,1712.0,0.0,0.0,2.0,0.0,5.0,0.0,0.0,1.0,4.0,1.6094379124341003
89390cb1107ffff,,,,,0.0,0.0,0.0,0.0,0.0,0.0,0.0,0.0,0.0,0.0
89390ca317bffff,,,,,0.0,0.0,0.0,0.0,0.0,0.0,0.0,0.0,0.0,0.0
89390cb5353ffff,,,,,0.0,0.0,0.0,0.0,0.0,0.0,0.0,0.0,0.0,0.0
89390cb08cfffff,,,,,0.0,0.0,0.0,0.0,0.0,0.0,0.0,0.0,0.0,0.0
89390cb04b3ffff,,,,,0.0,0.0,0.0,0.0,0.0,0.0,0.0,0.0,0.0,0.0
89390ca2527ffff,1.0,2018.0,2018.0,2018.0,0.0,0.0,0.0,0.0,1.0,0.0,0.0,0.0,0.0,0.0
89390cb1c2bffff,3.0,1993.0,1999.3333333333333,1994.8,0.0,0.0,0.0,0.0,3.0,0.0,0.0,0.0,0.0,0.0
89390cb0097ffff,,,,,0.0,0.0,0.0,0.0,0.0,0.0,0.0,0.0,0.0,0.0
89390ca210bffff,,,,,0.0,0.0,0.0,0.0,0.0,0.0,0.0,0.0,0.0,0.0
89390cbad17ffff,,,,,0.0,0.0,0.0,0.0,0.0,0.0,0.0,0.0,0.0,0.0
89390cb180fffff,8.0,1915.0,1963.125,1929.0,0.0,0.0,0.0,2.0,6.0,0.0,0.0,0.0,2.0,1.0986122886681098
89390ca0577ffff,,,,,0.0,0.0,0.0,0.0,0.0,0.0,0.0,0.0,0.0,0.0
89390ca3467ffff,,,,,0.0,0.0,0.0,0.0,0.0,0.0,0.0,0.0,0.0,0.0
89390cb0b0bffff,2.0,1991.0,1995.5,1991.9,0.0,0.0,0.0,0.0,2.0,0.0,0.0,0.0,0.0,0.0
89390cb2b6bffff,,,,,0.0,0.0,0.0,0.0,0.0,0.0,0.0,0.0,0.0,0.0
89390ca015bffff,,,,,0.0,0.0,0.0,0.0,0.0,0.0,0.0,0.0,0.0,0.0
89390cb8d67ffff,,,,,0.0,0.0,0.0,0.0,0.0,0.0,0.0,0.0,0.0,0.0
89390ca1407ffff,,,,,0.0,0.0,0.0,0.0,0.0,0.0,0.0,0.0,0.0,0.0
89390ca304bffff,3.0,1998.0,2003.6666666666667,1999.6,0.0,0.0,0.0,0.0,3.0,0.0,0.0,0.0,0.0,0.0
89390ca14b7ffff,,,,,0.0,0.0,0.0,0.0,0.0,0.0,0.0,0.0,0.0,0.0
89390cb0bbbffff,2.0,1967.0,1987.0,1971.0,0.0,0.0,0.0,0.0,2.0,0.0,0.0,0.0,0.0,0.0
89390cb5223ffff,,,,,0.0,0.0,0.0,0.0,0.0,0.0,0.0,0.0,0.0,0.0
89390cb0383ffff,,,,,0.0,0.0,0.0,0.0,0.0,0.0,0.0,0.0,0.0,0.0
89390ca0447ffff,,,,,0.0,0.0,0.0,0.0,0.0,0.0,0.0,0.0,0.0,0.0
89390ca002bffff,,,,,0.0,0.0,0.0,0.0,0.0,0.0,0.0,0.0,0.0,0.0
89390cb0ea7ffff,1.0,1977.0,1977.0,1977.0,0.0,0.0,0.0,0.0,1.0,0.0,0.0,0.0,0.0,0.0
89390cb0a8bffff,2.0,1961.0,1978.0,1964.4,0.0,0.0,0.0,0.0,2.0,0.0,0.0,0.0,0.0,0.0
89390cb2203ffff,,,,,0.0,0.0,0.0,0.0,0.0,0.0,0.0,0.0,0.0,0.0
89390cb0253ffff,,,,,0.0,0.0,0.0,0.0,0.0,0.0,0.0,0.0,0.0,0.0
89390ca22c7ffff,,,,,0.0,0.0,0.0,0.0,0.0,0.0,0.0,0.0,0.0,0.0
89390cbaed3ffff,,,,,0.0,0.0,0.0,0.0,0.0,0.0,0.0,0.0,0.0,0.0
89390cb19cbffff,4.0,1858.0,1962.25,1894.6,0.0,0.0,1.0,0.0,3.0,0.0,0.0,1.0,2.0,1.0986122886681098
89390cbaab7ffff,1.0,1997.0,1997.0,1997.0,0.0,0.0,0.0,0.0,1.0,0.0,0.0,0.0,0.0,0.0
89390cb15afffff,,,,,0.0,0.0,0.0,0.0,0.0,0.0,0.0,0.0,0.0,0.0
89390ca3623ffff,,,,,0.0,0.0,0.0,0.0,0.0,0.0,0.0,0.0,0.0,0.0
89390ca0317ffff,,,,,0.0,0.0,0.0,0.0,0.0,0.0,0.0,0.0,0.0,0.0
89390cb8cb7ffff,,,,,0.0,0.0,0.0,0.0,0.0,0.0,0.0,0.0,0.0,0.0
89390ca00abffff,,,,,0.0,0.0,0.0,0.0,0.0,0.0,0.0,0.0,0.0,0.0
89390cb1193ffff,,,,,0.0,0.0,0.0,0.0,0.0,0.0,0.0,0.0,0.0,0.0
89390ca3207ffff,,,,,0.0,0.0,0.0,0.0,0.0,0.0,0.0,0.0,0.0,0.0
89390cb0d77ffff,,,,,0.0,0.0,0.0,0.0,0.0,0.0,0.0,0.0,0.0,0.0
89390cb095bffff,,,,,0.0,0.0,0.0,0.0,0.0,0.0,0.0,0.0,0.0,0.0
89390ca0e3bffff,,,,,0.0,0.0,0.0,0.0,0.0,0.0,0.0,0.0,0.0,0.0
89390ca25b3ffff,,,,,0.0,0.0,0.0,0.0,0.0,0.0,0.0,0.0,0.0,0.0
89390cb1cb7ffff,,,,,0.0,0.0,0.0,0.0,0.0,0.0,0.0,0.0,0.0,0.0
89390ca33b7ffff,1.0,1979.0,1979.0,1979.0,0.0,0.0,0.0,0.0,1.0,0.0,0.0,0.0,0.0,0.0
89390cb0123ffff,,,,,0.0,0.0,0.0,0.0,0.0,0.0,0.0,0.0,0.0,0.0
89390ca2197ffff,,,,,0.0,0.0,0.0,0.0,0.0,0.0,0.0,0.0,0.0,0.0
89390cbada3ffff,,,,,0.0,0.0,0.0,0.0,0.0,0.0,0.0,0.0,0.0,0.0
89390cb189bffff,2.0,1971.0,1971.0,1971.0,0.0,0.0,0.0,0.0,2.0,0.0,0.0,0.0,0.0,0.0
89390ca0603ffff,,,,,0.0,0.0,0.0,0.0,0.0,0.0,0.0,0.0,0.0,0.0
89390cba987ffff,,,,,0.0,0.0,0.0,0.0,0.0,0.0,0.0,0.0,0.0,0.0
89390cba84bffff,,,,,0.0,0.0,0.0,0.0,0.0,0.0,0.0,0.0,0.0,0.0
89390ca1d7bffff,,,,,0.0,0.0,0.0,0.0,0.0,0.0,0.0,0.0,0.0,0.0
89390ca30d7ffff,2.0,1962.0,1979.5,1965.5,0.0,0.0,0.0,0.0,2.0,0.0,0.0,0.0,0.0,0.0
89390cb89d7ffff,,,,,0.0,0.0,0.0,0.0,0.0,0.0,0.0,0.0,0.0,0.0
89390ca1543ffff,,,,,0.0,0.0,0.0,0.0,0.0,0.0,0.0,0.0,0.0,0.0
89390cb56cbffff,3.0,1949.0,1984.0,1958.8,0.0,0.0,0.0,0.0,3.0,0.0,0.0,0.0,0.0,0.0
89390cb0c47ffff,,,,,0.0,0.0,0.0,0.0,0.0,0.0,0.0,0.0,0.0,0.0
89390ca2cbbffff,,,,,0.0,0.0,0.0,0.0,0.0,0.0,0.0,0.0,0.0,0.0
89390ca04c7ffff,,,,,0.0,0.0,0.0,0.0,0.0,0.0,0.0,0.0,0.0,0.0
89390cb52afffff,2.0,1834.0,1836.0,1834.4,0.0,0.0,2.0,0.0,0.0,0.0,0.0,1.0,4.0,1.6094379124341003
89390cb082bffff,3.0,1994.0,2002.6666666666667,1996.6,0.0,0.0,0.0,0.0,3.0,0.0,0.0,0.0,0.0,0.0
89390cb040fffff,,,,,0.0,0.0,0.0,0.0,0.0,0.0,0.0,0.0,0.0,0.0
89390ca2483ffff,,,,,0.0,0.0,0.0,0.0,0.0,0.0,0.0,0.0,0.0,0.0
89390cb1b87ffff,12.0,1898.0,1948.1666666666667,1912.5,0.0,0.0,0.0,7.0,5.0,0.0,0.0,0.0,7.0,2.0794415416798357
89390ca2067ffff,1.0,1922.0,1922.0,1922.0,0.0,0.0,0.0,1.0,0.0,0.0,0.0,0.0,1.0,0.6931471805599453
89390ca04d3ffff,1.0,1989.0,1989.0,1989.0,0.0,0.0,0.0,0.0,1.0,0.0,0.0,0.0,0.0,0.0
89390cba857ffff,,,,,0.0,0.0,0.0,0.0,0.0,0.0,0.0,0.0,0.0,0.0
89390ca33c3ffff,,,,,0.0,0.0,0.0,0.0,0.0,0.0,0.0,0.0,0.0,0.0
89390ca00b7ffff,,,,,0.0,0.0,0.0,0.0,0.0,0.0,0.0,0.0,0.0,0.0
89390ca1413ffff,,,,,0.0,0.0,0.0,0.0,0.0,0.0,0.0,0.0,0.0,0.0
89390cb0b17ffff,,,,,0.0,0.0,0.0,0.0,0.0,0.0,0.0,0.0,0.0,0.0
89390ca760fffff,,,,,0.0,0.0,0.0,0.0,0.0,0.0,0.0,0.0,0.0,0.0
89390ca205bffff,2.0,1981.0,1990.5,1982.9,0.0,0.0,0.0,0.0,2.0,0.0,0.0,0.0,0.0,0.0
89390ca2b8bffff,,,,,0.0,0.0,0.0,0.0,0.0,0.0,0.0,0.0,0.0,0.0
89390cb228fffff,,,,,0.0,0.0,0.0,0.0,0.0,0.0,0.0,0.0,0.0,0.0
89390cb1e73ffff,1.0,1923.0,1923.0,1923.0,0.0,0.0,0.0,1.0,0.0,0.0,0.0,0.0,1.0,0.6931471805599453
89390ca2353ffff,1.0,1978.0,1978.0,1978.0,0.0,0.0,0.0,0.0,1.0,0.0,0.0,0.0,0.0,0.0
89390cb1a57ffff,1.0,2002.0,2002.0,2002.0,0.0,0.0,0.0,0.0,1.0,0.0,0.0,0.0,0.0,0.0
89390cbab43ffff,,,,,0.0,0.0,0.0,0.0,0.0,0.0,0.0,0.0,0.0,0.0
89390ca36afffff,5.0,1987.0,1995.0,1988.6,0.0,0.0,0.0,0.0,5.0,0.0,0.0,0.0,0.0,0.0
89390ca03a3ffff,,,,,0.0,0.0,0.0,0.0,0.0,0.0,0.0,0.0,0.0,0.0
89390ca3293ffff,1.0,1993.0,1993.0,1993.0,0.0,0.0,0.0,0.0,1.0,0.0,0.0,0.0,0.0,0.0
89390cb0e03ffff,2.0,1972.0,1974.5,1972.5,0.0,0.0,0.0,0.0,2.0,0.0,0.0,0.0,0.0,0.0
89390ca2e77ffff,,,,,0.0,0.0,0.0,0.0,0.0,0.0,0.0,0.0,0.0,0.0
89390cb546bffff,1.0,2015.0,2015.0,2015.0,0.0,0.0,0.0,0.0,1.0,0.0,0.0,0.0,0.0,0.0
89390ca2a5bffff,,,,,0.0,0.0,0.0,0.0,0.0,0.0,0.0,0.0,0.0,0.0
89390cb504fffff,,,,,0.0,0.0,0.0,0.0,0.0,0.0,0.0,0.0,0.0,0.0
89390cb05cbffff,,,,,0.0,0.0,0.0,0.0,0.0,0.0,0.0,0.0,0.0,0.0
89390cb1d43ffff,1.0,1973.0,1973.0,1973.0,0.0,0.0,0.0,0.0,1.0,0.0,0.0,0.0,0.0,0.0
89390cb1b7bffff,14.0,1693.0,1907.357142857143,1775.4,0.0,1.0,3.0,2.0,8.0,0.0,1.0,1.0,11.0,2.4849066497880004
89390cb01afffff,,,,,0.0,0.0,0.0,0.0,0.0,0.0,0.0,0.0,0.0,0.0
89390ca2223ffff,1.0,1966.0,1966.0,1966.0,0.0,0.0,0.0,0.0,1.0,0.0,0.0,0.0,0.0,0.0
89390cbae2fffff,2.0,1999.0,2002.5,1999.7,0.0,0.0,0.0,0.0,2.0,0.0,0.0,0.0,0.0,0.0
89390ca2477ffff,,,,,0.0,0.0,0.0,0.0,0.0,0.0,0.0,0.0,0.0,0.0
89390cb1927ffff,,,,,0.0,0.0,0.0,0.0,0.0,0.0,0.0,0.0,0.0,0.0
89390cb0403ffff,,,,,0.0,0.0,0.0,0.0,0.0,0.0,0.0,0.0,0.0,0.0
89390cb150bffff,,,,,0.0,0.0,0.0,0.0,0.0,0.0,0.0,0.0,0.0,0.0
89390ca3163ffff,6.0,1983.0,1984.3333333333333,1983.0,0.0,0.0,0.0,0.0,6.0,0.0,0.0,0.0,0.0,0.0
89390cb2867ffff,,,,,0.0,0.0,0.0,0.0,0.0,0.0,0.0,0.0,0.0,0.0
89390ca15cfffff,,,,,0.0,0.0,0.0,0.0,0.0,0.0,0.0,0.0,0.0,0.0
89390cb0cd3ffff,,,,,0.0,0.0,0.0,0.0,0.0,0.0,0.0,0.0,0.0,0.0
89390cb08b7ffff,,,,,0.0,0.0,0.0,0.0,0.0,0.0,0.0,0.0,0.0,0.0
89390cb049bffff,5.0,1966.0,1984.0,1972.8,0.0,0.0,0.0,0.0,5.0,0.0,0.0,0.0,0.0,0.0
89390ca250fffff,,,,,0.0,0.0,0.0,0.0,0.0,0.0,0.0,0.0,0.0,0.0
89390ca1cd7ffff,,,,,0.0,0.0,0.0,0.0,0.0,0.0,0.0,0.0,0.0,0.0
89390ca344fffff,,,,,0.0,0.0,0.0,0.0,0.0,0.0,0.0,0.0,0.0,0.0
89390ca2893ffff,,,,,0.0,0.0,0.0,0.0,0.0,0.0,0.0,0.0,0.0,0.0
89390cb2b53ffff,,,,,0.0,0.0,0.0,0.0,0.0,0.0,0.0,0.0,0.0,0.0
89390ca0143ffff,,,,,0.0,0.0,0.0,0.0,0.0,0.0,0.0,0.0,0.0,0.0
89390cb52a3ffff,1.0,1991.0,1991.0,1991.0,0.0,0.0,0.0,0.0,1.0,0.0,0.0,0.0,0.0,0.0
89390cb8933ffff,2.0,2003.0,2003.0,2003.0,0.0,0.0,0.0,0.0,2.0,0.0,0.0,0.0,0.0,0.0
89390ca111bffff,,,,,0.0,0.0,0.0,0.0,0.0,0.0,0.0,0.0,0.0,0.0
89390cb5627ffff,,,,,0.0,0.0,0.0,0.0,0.0,0.0,0.0,0.0,0.0,0.0
89390cb0ba3ffff,,,,,0.0,0.0,0.0,0.0,0.0,0.0,0.0,0.0,0.0,0.0
89390ca769bffff,,,,,0.0,0.0,0.0,0.0,0.0,0.0,0.0,0.0,0.0,0.0
89390cb8517ffff,,,,,0.0,0.0,0.0,0.0,0.0,0.0,0.0,0.0,0.0,0.0
89390cb520bffff,,,,,0.0,0.0,0.0,0.0,0.0,0.0,0.0,0.0,0.0,0.0
89390cb036bffff,1.0,1952.0,1952.0,1952.0,0.0,0.0,0.0,0.0,1.0,0.0,0.0,0.0,0.0,0.0
89390cbabcfffff,,,,,0.0,0.0,0.0,0.0,0.0,0.0,0.0,0.0,0.0,0.0
89390ca042fffff,1.0,1997.0,1997.0,1997.0,0.0,0.0,0.0,0.0,1.0,0.0,0.0,0.0,0.0,0.0
89390ca0013ffff,3.0,1986.0,1999.3333333333333,1990.0,0.0,0.0,0.0,0.0,3.0,0.0,0.0,0.0,0.0,0.0
89390cb0e8fffff,,,,,0.0,0.0,0.0,0.0,0.0,0.0,0.0,0.0,0.0,0.0
89390cb0a73ffff,1.0,1971.0,1971.0,1971.0,0.0,0.0,0.0,0.0,1.0,0.0,0.0,0.0,0.0,0.0
89390cb50dbffff,1.0,2006.0,2006.0,2006.0,0.0,0.0,0.0,0.0,1.0,0.0,0.0,0.0,0.0,0.0
89390ca2cafffff,,,,,0.0,0.0,0.0,0.0,0.0,0.0,0.0,0.0,0.0,0.0
89390ca26cbffff,7.0,1865.0,1954.4285714285713,1898.6,0.0,0.0,0.0,2.0,5.0,0.0,0.0,0.0,2.0,1.0986122886681098
89390cb1dcfffff,,,,,0.0,0.0,0.0,0.0,0.0,0.0,0.0,0.0,0.0,0.0
89390cb0c3bffff,1.0,1978.0,1978.0,1978.0,0.0,0.0,0.0,0.0,1.0,0.0,0.0,0.0,0.0,0.0
89390cb023bffff,,,,,0.0,0.0,0.0,0.0,0.0,0.0,0.0,0.0,0.0,0.0
89390ca22afffff,,,,,0.0,0.0,0.0,0.0,0.0,0.0,0.0,0.0,0.0,0.0
89390cbaebbffff,,,,,0.0,0.0,0.0,0.0,0.0,0.0,0.0,0.0,0.0,0.0
89390cb19b3ffff,4.0,1956.0,1972.25,1956.0,0.0,0.0,0.0,0.0,4.0,0.0,0.0,0.0,0.0,0.0
89390ca360bffff,,,,,0.0,0.0,0.0,0.0,0.0,0.0,0.0,0.0,0.0,0.0
89390ca2dd3ffff,,,,,0.0,0.0,0.0,0.0,0.0,0.0,0.0,0.0,0.0,0.0
89390cb53c7ffff,,,,,0.0,0.0,0.0,0.0,0.0,0.0,0.0,0.0,0.0,0.0
89390ca0e23ffff,,,,,0.0,0.0,0.0,0.0,0.0,0.0,0.0,0.0,0.0,0.0
89390cb0527ffff,,,,,0.0,0.0,0.0,0.0,0.0,0.0,0.0,0.0,0.0,0.0
89390ca259bffff,2.0,1979.0,1988.5,1980.9,0.0,0.0,0.0,0.0,2.0,0.0,0.0,0.0,0.0,0.0
89390cb010bffff,,,,,0.0,0.0,0.0,0.0,0.0,0.0,0.0,0.0,0.0,0.0
89390cb7253ffff,,,,,0.0,0.0,0.0,0.0,0.0,0.0,0.0,0.0,0.0,0.0
89390cbad8bffff,,,,,0.0,0.0,0.0,0.0,0.0,0.0,0.0,0.0,0.0,0.0
89390ca30cbffff,,,,,0.0,0.0,0.0,0.0,0.0,0.0,0.0,0.0,0.0,0.0
89390cb1883ffff,5.0,1925.0,1951.6,1931.8,0.0,0.0,0.0,1.0,4.0,0.0,0.0,0.0,1.0,0.6931471805599453
89390cba96fffff,,,,,0.0,0.0,0.0,0.0,0.0,0.0,0.0,0.0,0.0,0.0
89390ca34dbffff,8.0,1863.0,1954.875,1911.3,0.0,0.0,0.0,2.0,6.0,0.0,0.0,0.0,2.0,1.0986122886681098
89390cb5acfffff,,,,,0.0,0.0,0.0,0.0,0.0,0.0,0.0,0.0,0.0,0.0
89390cb5adbffff,1.0,1955.0,1955.0,1955.0,0.0,0.0,0.0,0.0,1.0,0.0,0.0,0.0,0.0,0.0
89390cb56b3ffff,,,,,0.0,0.0,0.0,0.0,0.0,0.0,0.0,0.0,0.0,0.0
89390ca2ca3ffff,,,,,0.0,0.0,0.0,0.0,0.0,0.0,0.0,0.0,0.0,0.0
89390cb5297ffff,1.0,2001.0,2001.0,2001.0,0.0,0.0,0.0,0.0,1.0,0.0,0.0,0.0,0.0,0.0
89390ca01dbffff,,,,,0.0,0.0,0.0,0.0,0.0,0.0,0.0,0.0,0.0,0.0
89390ca246bffff,1.0,1982.0,1982.0,1982.0,0.0,0.0,0.0,0.0,1.0,0.0,0.0,0.0,0.0,0.0
89390cb1b6fffff,13.0,1830.0,1926.7692307692307,1831.4,0.0,0.0,3.0,4.0,6.0,0.0,0.0,1.0,10.0,2.3978952727983707
89390ca204fffff,1.0,1983.0,1983.0,1983.0,0.0,0.0,0.0,0.0,1.0,0.0,0.0,0.0,0.0,0.0
89390ca04bbffff,,,,,0.0,0.0,0.0,0.0,0.0,0.0,0.0,0.0,0.0,0.0
89390cb1337ffff,,,,,0.0,0.0,0.0,0.0,0.0,0.0,0.0,0.0,0.0,0.0
89390ca33abffff,,,,,0.0,0.0,0.0,0.0,0.0,0.0,0.0,0.0,0.0,0.0
89390ca2b73ffff,,,,,0.0,0.0,0.0,0.0,0.0,0.0,0.0,0.0,0.0,0.0
89390cb2277ffff,,,,,0.0,0.0,0.0,0.0,0.0,0.0,0.0,0.0,0.0,0.0
89390cb1e5bffff,,,,,0.0,0.0,0.0,0.0,0.0,0.0,0.0,0.0,0.0,0.0
89390cba97bffff,4.0,1908.0,1953.5,1908.0,0.0,0.0,0.0,2.0,2.0,0.0,0.0,0.0,2.0,1.0986122886681098
89390ca233bffff,,,,,0.0,0.0,0.0,0.0,0.0,0.0,0.0,0.0,0.0,0.0
89390cbab2bffff,,,,,0.0,0.0,0.0,0.0,0.0,0.0,0.0,0.0,0.0,0.0
89390ca3697ffff,1.0,1981.0,1981.0,1981.0,0.0,0.0,0.0,0.0,1.0,0.0,0.0,0.0,0.0,0.0
89390ca038bffff,,,,,0.0,0.0,0.0,0.0,0.0,0.0,0.0,0.0,0.0,0.0
89390ca327bffff,,,,,0.0,0.0,0.0,0.0,0.0,0.0,0.0,0.0,0.0,0.0
89390cb5453ffff,,,,,0.0,0.0,0.0,0.0,0.0,0.0,0.0,0.0,0.0,0.0
89390cb09cfffff,1.0,2005.0,2005.0,2005.0,0.0,0.0,0.0,0.0,1.0,0.0,0.0,0.0,0.0,0.0
89390ca2a43ffff,,,,,0.0,0.0,0.0,0.0,0.0,0.0,0.0,0.0,0.0,0.0
89390cb5037ffff,,,,,0.0,0.0,0.0,0.0,0.0,0.0,0.0,0.0,0.0,0.0
89390ca2627ffff,5.0,1953.0,1971.8,1961.4,0.0,0.0,0.0,0.0,5.0,0.0,0.0,0.0,0.0,0.0
89390cb1d2bffff,1.0,1929.0,1929.0,1929.0,0.0,0.0,0.0,1.0,0.0,0.0,0.0,0.0,1.0,0.6931471805599453
89390cb188fffff,4.0,1845.0,1933.25,1877.1,0.0,0.0,1.0,0.0,3.0,0.0,0.0,1.0,2.0,1.0986122886681098
89390ca220bffff,,,,,0.0,0.0,0.0,0.0,0.0,0.0,0.0,0.0,0.0,0.0
89390cbae17ffff,,,,,0.0,0.0,0.0,0.0,0.0,0.0,0.0,0.0,0.0,0.0
89390cbad97ffff,,,,,0.0,0.0,0.0,0.0,0.0,0.0,0.0,0.0,0.0,0.0
89390ca218bffff,,,,,0.0,0.0,0.0,0.0,0.0,0.0,0.0,0.0,0.0,0.0
89390cb190fffff,7.0,1771.0,1914.0,1838.2,0.0,0.0,1.0,3.0,3.0,0.0,0.0,1.0,5.0,1.791759469228055
89390ca0677ffff,,,,,0.0,0.0,0.0,0.0,0.0,0.0,0.0,0.0,0.0,0.0
89390ca3567ffff,,,,,0.0,0.0,0.0,0.0,0.0,0.0,0.0,0.0,0.0,0.0
89390ca314bffff,2.0,1983.0,1998.5,1986.1,0.0,0.0,0.0,0.0,2.0,0.0,0.0,0.0,0.0,0.0
89390ca15b7ffff,,,,,0.0,0.0,0.0,0.0,0.0,0.0,0.0,0.0,0.0,0.0
89390cb0cbbffff,,,,,0.0,0.0,0.0,0.0,0.0,0.0,0.0,0.0,0.0,0.0
89390ca119bffff,,,,,0.0,0.0,0.0,0.0,0.0,0.0,0.0,0.0,0.0,0.0
89390cb0483ffff,,,,,0.0,0.0,0.0,0.0,0.0,0.0,0.0,0.0,0.0,0.0
89390cb0067ffff,,,,,0.0,0.0,0.0,0.0,0.0,0.0,0.0,0.0,0.0,0.0
89390ca20dbffff,1.0,1992.0,1992.0,1992.0,0.0,0.0,0.0,0.0,1.0,0.0,0.0,0.0,0.0,0.0
89390ca0547ffff,,,,,0.0,0.0,0.0,0.0,0.0,0.0,0.0,0.0,0.0,0.0
89390cb1cabffff,,,,,0.0,0.0,0.0,0.0,0.0,0.0,0.0,0.0,0.0,0.0
89390cba8cbffff,2.0,1942.0,1942.5,1942.1,0.0,0.0,0.0,0.0,2.0,0.0,0.0,0.0,0.0,0.0
89390cb5e47ffff,,,,,0.0,0.0,0.0,0.0,0.0,0.0,0.0,0.0,0.0,0.0
89390ca3437ffff,2.0,1996.0,1999.5,1996.7,0.0,0.0,0.0,0.0,2.0,0.0,0.0,0.0,0.0,0.0
89390ca25a7ffff,,,,,0.0,0.0,0.0,0.0,0.0,0.0,0.0,0.0,0.0,0.0
89390ca012bffff,,,,,0.0,0.0,0.0,0.0,0.0,0.0,0.0,0.0,0.0,0.0
89390cb8d37ffff,,,,,0.0,0.0,0.0,0.0,0.0,0.0,0.0,0.0,0.0,0.0
89390cb0533ffff,,,,,0.0,0.0,0.0,0.0,0.0,0.0,0.0,0.0,0.0,0.0
89390ca301bffff,,,,,0.0,0.0,0.0,0.0,0.0,0.0,0.0,0.0,0.0,0.0
89390cb891bffff,,,,,0.0,0.0,0.0,0.0,0.0,0.0,0.0,0.0,0.0,0.0
89390ca1487ffff,3.0,1851.0,1952.3333333333333,1881.4,0.0,0.0,1.0,0.0,2.0,0.0,0.0,1.0,2.0,1.0986122886681098
89390cb560fffff,,,,,0.0,0.0,0.0,0.0,0.0,0.0,0.0,0.0,0.0,0.0
89390cb0b8bffff,1.0,2002.0,2002.0,2002.0,0.0,0.0,0.0,0.0,1.0,0.0,0.0,0.0,0.0,0.0
89390ca7683ffff,,,,,0.0,0.0,0.0,0.0,0.0,0.0,0.0,0.0,0.0,0.0
89390ca23c7ffff,,,,,0.0,0.0,0.0,0.0,0.0,0.0,0.0,0.0,0.0,0.0
89390cb1acbffff,1.0,1994.0,1994.0,1994.0,0.0,0.0,0.0,0.0,1.0,0.0,0.0,0.0,0.0,0.0
89390cbabb7ffff,3.0,1987.0,1996.6666666666667,1989.2,0.0,0.0,0.0,0.0,3.0,0.0,0.0,0.0,0.0,0.0
89390ca0417ffff,,,,,0.0,0.0,0.0,0.0,0.0,0.0,0.0,0.0,0.0,0.0
89390ca3307ffff,,,,,0.0,0.0,0.0,0.0,0.0,0.0,0.0,0.0,0.0,0.0
89390cb0e77ffff,,,,,0.0,0.0,0.0,0.0,0.0,0.0,0.0,0.0,0.0,0.0
89390cb0a5bffff,2.0,1991.0,1998.5,1992.5,0.0,0.0,0.0,0.0,2.0,0.0,0.0,0.0,0.0,0.0
89390ca2acfffff,,,,,0.0,0.0,0.0,0.0,0.0,0.0,0.0,0.0,0.0,0.0
89390cb50c3ffff,,,,,0.0,0.0,0.0,0.0,0.0,0.0,0.0,0.0,0.0,0.0
89390ca26b3ffff,1.0,1988.0,1988.0,1988.0,0.0,0.0,0.0,0.0,1.0,0.0,0.0,0.0,0.0,0.0
89390cb1db7ffff,,,,,0.0,0.0,0.0,0.0,0.0,0.0,0.0,0.0,0.0,0.0
89390cb094fffff,,,,,0.0,0.0,0.0,0.0,0.0,0.0,0.0,0.0,0.0,0.0
89390cb0223ffff,,,,,0.0,0.0,0.0,0.0,0.0,0.0,0.0,0.0,0.0,0.0
89390cb53d3ffff,1.0,2001.0,2001.0,2001.0,0.0,0.0,0.0,0.0,1.0,0.0,0.0,0.0,0.0,0.0
89390cb199bffff,2.0,1929.0,1959.5,1935.1,0.0,0.0,0.0,1.0,1.0,0.0,0.0,0.0,1.0,0.6931471805599453
89390cbaa87ffff,,,,,0.0,0.0,0.0,0.0,0.0,0.0,0.0,0.0,0.0,0.0
89390ca31d7ffff,,,,,0.0,0.0,0.0,0.0,0.0,0.0,0.0,0.0,0.0,0.0
89390cb0d47ffff,,,,,0.0,0.0,0.0,0.0,0.0,0.0,0.0,0.0,0.0,0.0
89390ca2dbbffff,,,,,0.0,0.0,0.0,0.0,0.0,0.0,0.0,0.0,0.0,0.0
89390cb53afffff,,,,,0.0,0.0,0.0,0.0,0.0,0.0,0.0,0.0,0.0,0.0
89390cb092bffff,,,,,0.0,0.0,0.0,0.0,0.0,0.0,0.0,0.0,0.0,0.0
89390cb050fffff,,,,,0.0,0.0,0.0,0.0,0.0,0.0,0.0,0.0,0.0,0.0
89390ca2583ffff,,,,,0.0,0.0,0.0,0.0,0.0,0.0,0.0,0.0,0.0,0.0
89390ca2167ffff,,,,,0.0,0.0,0.0,0.0,0.0,0.0,0.0,0.0,0.0,0.0
89390cbad73ffff,,,,,0.0,0.0,0.0,0.0,0.0,0.0,0.0,0.0,0.0,0.0
89390cb186bffff,8.0,1953.0,1987.5,1964.9,0.0,0.0,0.0,0.0,8.0,0.0,0.0,0.0,0.0,0.0
89390ca05d3ffff,2.0,1998.0,1999.5,1998.3,0.0,0.0,0.0,0.0,2.0,0.0,0.0,0.0,0.0,0.0
89390cba957ffff,,,,,0.0,0.0,0.0,0.0,0.0,0.0,0.0,0.0,0.0,0.0
89390ca1d4bffff,,,,,0.0,0.0,0.0,0.0,0.0,0.0,0.0,0.0,0.0,0.0
89390cb0d6bffff,1.0,1966.0,1966.0,1966.0,0.0,0.0,0.0,0.0,1.0,0.0,0.0,0.0,0.0,0.0
89390ca34c3ffff,1.0,1966.0,1966.0,1966.0,0.0,0.0,0.0,0.0,1.0,0.0,0.0,0.0,0.0,0.0
89390cb764bffff,,,,,0.0,0.0,0.0,0.0,0.0,0.0,0.0,0.0,0.0,0.0
89390cb2bc7ffff,,,,,0.0,0.0,0.0,0.0,0.0,0.0,0.0,0.0,0.0,0.0
89390cb1033ffff,,,,,0.0,0.0,0.0,0.0,0.0,0.0,0.0,0.0,0.0,0.0
89390ca30a7ffff,1.0,1985.0,1985.0,1985.0,0.0,0.0,0.0,0.0,1.0,0.0,0.0,0.0,0.0,0.0
89390cb722fffff,,,,,0.0,0.0,0.0,0.0,0.0,0.0,0.0,0.0,0.0,0.0
89390cb89a7ffff,,,,,0.0,0.0,0.0,0.0,0.0,0.0,0.0,0.0,0.0,0.0
89390cb569bffff,,,,,0.0,0.0,0.0,0.0,0.0,0.0,0.0,0.0,0.0,0.0
89390cb0c17ffff,,,,,0.0,0.0,0.0,0.0,0.0,0.0,0.0,0.0,0.0,0.0
89390ca2c8bffff,,,,,0.0,0.0,0.0,0.0,0.0,0.0,0.0,0.0,0.0,0.0
89390cb858bffff,,,,,0.0,0.0,0.0,0.0,0.0,0.0,0.0,0.0,0.0,0.0
89390ca286fffff,,,,,0.0,0.0,0.0,0.0,0.0,0.0,0.0,0.0,0.0,0.0
89390ca2453ffff,1.0,1973.0,1973.0,1973.0,0.0,0.0,0.0,0.0,1.0,0.0,0.0,0.0,0.0,0.0
89390cb1b57ffff,23.0,1559.0,1898.4782608695652,1669.0,0.0,3.0,2.0,5.0,13.0,0.0,1.0,1.0,18.0,2.9444389791664403
89390ca2037ffff,,,,,0.0,0.0,0.0,0.0,0.0,0.0,0.0,0.0,0.0,0.0
89390c849a7ffff,,,,,0.0,0.0,0.0,0.0,0.0,0.0,0.0,0.0,0.0,0.0
89390ca04a3ffff,,,,,0.0,0.0,0.0,0.0,0.0,0.0,0.0,0.0,0.0,0.0
89390cba827ffff,,,,,0.0,0.0,0.0,0.0,0.0,0.0,0.0,0.0,0.0,0.0
89390cb1187ffff,,,,,0.0,0.0,0.0,0.0,0.0,0.0,0.0,0.0,0.0,0.0
89390ca3393ffff,,,,,0.0,0.0,0.0,0.0,0.0,0.0,0.0,0.0,0.0,0.0
89390ca0087ffff,,,,,0.0,0.0,0.0,0.0,0.0,0.0,0.0,0.0,0.0,0.0
89390cb8c93ffff,,,,,0.0,0.0,0.0,0.0,0.0,0.0,0.0,0.0,0.0,0.0
89390cb514fffff,1.0,1982.0,1982.0,1982.0,0.0,0.0,0.0,0.0,1.0,0.0,0.0,0.0,0.0,0.0
89390cb1e43ffff,,,,,0.0,0.0,0.0,0.0,0.0,0.0,0.0,0.0,0.0,0.0
89390cb02afffff,,,,,0.0,0.0,0.0,0.0,0.0,0.0,0.0,0.0,0.0,0.0
89390ca2323ffff,2.0,2003.0,2003.0,2003.0,0.0,0.0,0.0,0.0,2.0,0.0,0.0,0.0,0.0,0.0
89390cb1a27ffff,17.0,855.0,1883.9411764705883,1745.0,1.0,1.0,0.0,2.0,13.0,1.0,1.0,1.0,9.0,2.302585092994046
89390cbab13ffff,2.0,1885.0,1935.5,1895.1,0.0,0.0,0.0,1.0,1.0,0.0,0.0,0.0,1.0,0.6931471805599453
89390ca0373ffff,,,,,0.0,0.0,0.0,0.0,0.0,0.0,0.0,0.0,0.0,0.0
89390ca3617ffff,,,,,0.0,0.0,0.0,0.0,0.0,0.0,0.0,0.0,0.0,0.0
89390ca3263ffff,,,,,0.0,0.0,0.0,0.0,0.0,0.0,0.0,0.0,0.0,0.0
89390cb0dd3ffff,,,,,0.0,0.0,0.0,0.0,0.0,0.0,0.0,0.0,0.0,0.0
89390ca2e47ffff,2.0,1991.0,1991.0,1991.0,0.0,0.0,0.0,0.0,2.0,0.0,0.0,0.0,0.0,0.0
89390cb543bffff,,,,,0.0,0.0,0.0,0.0,0.0,0.0,0.0,0.0,0.0,0.0
89390cbaaabffff,,,,,0.0,0.0,0.0,0.0,0.0,0.0,0.0,0.0,0.0,0.0
89390ca260fffff,6.0,1873.0,1915.8333333333333,1879.5,0.0,0.0,0.0,5.0,1.0,0.0,0.0,0.0,5.0,1.791759469228055
89390cb1d13ffff,1.0,1972.0,1972.0,1972.0,0.0,0.0,0.0,0.0,1.0,0.0,0.0,0.0,0.0,0.0
89390ca354fffff,8.0,1985.0,1990.625,1985.7,0.0,0.0,0.0,0.0,8.0,0.0,0.0,0.0,0.0,0.0
89390ca3133ffff,,,,,0.0,0.0,0.0,0.0,0.0,0.0,0.0,0.0,0.0,0.0
89390cb2837ffff,3.0,1968.0,1971.0,1968.4,0.0,0.0,0.0,0.0,3.0,0.0,0.0,0.0,0.0,0.0
89390cb0ca3ffff,,,,,0.0,0.0,0.0,0.0,0.0,0.0,0.0,0.0,0.0,0.0
89390ca2d17ffff,,,,,0.0,0.0,0.0,0.0,0.0,0.0,0.0,0.0,0.0,0.0
89390cb530bffff,,,,,0.0,0.0,0.0,0.0,0.0,0.0,0.0,0.0,0.0,0.0
89390cb0887ffff,,,,,0.0,0.0,0.0,0.0,0.0,0.0,0.0,0.0,0.0,0.0
89390cb046bffff,,,,,0.0,0.0,0.0,0.0,0.0,0.0,0.0,0.0,0.0,0.0
89390cb004fffff,,,,,0.0,0.0,0.0,0.0,0.0,0.0,0.0,0.0,0.0,0.0
89390ca20c3ffff,2.0,1964.0,1981.0,1967.4,0.0,0.0,0.0,0.0,2.0,0.0,0.0,0.0,0.0,0.0
89390cbaec7ffff,,,,,0.0,0.0,0.0,0.0,0.0,0.0,0.0,0.0,0.0,0.0
89390ca22bbffff,2.0,1965.0,1977.5,1967.5,0.0,0.0,0.0,0.0,2.0,0.0,0.0,0.0,0.0,0.0
89390cba8b3ffff,,,,,0.0,0.0,0.0,0.0,0.0,0.0,0.0,0.0,0.0,0.0
89390cb5e2fffff,,,,,0.0,0.0,0.0,0.0,0.0,0.0,0.0,0.0,0.0,0.0
89390cb0247ffff,,,,,0.0,0.0,0.0,0.0,0.0,0.0,0.0,0.0,0.0,0.0
89390cb5a13ffff,,,,,0.0,0.0,0.0,0.0,0.0,0.0,0.0,0.0,0.0,0.0
89390ca3003ffff,,,,,0.0,0.0,0.0,0.0,0.0,0.0,0.0,0.0,0.0,0.0
89390cb8903ffff,,,,,0.0,0.0,0.0,0.0,0.0,0.0,0.0,0.0,0.0,0.0
89390cb0b73ffff,,,,,0.0,0.0,0.0,0.0,0.0,0.0,0.0,0.0,0.0,0.0
89390cb51dbffff,,,,,0.0,0.0,0.0,0.0,0.0,0.0,0.0,0.0,0.0,0.0
89390cb1ecfffff,,,,,0.0,0.0,0.0,0.0,0.0,0.0,0.0,0.0,0.0,0.0
89390cb033bffff,,,,,0.0,0.0,0.0,0.0,0.0,0.0,0.0,0.0,0.0,0.0
89390ca23afffff,,,,,0.0,0.0,0.0,0.0,0.0,0.0,0.0,0.0,0.0,0.0
89390cb1ab3ffff,16.0,1464.0,1900.4375,1762.0,1.0,0.0,2.0,4.0,9.0,1.0,1.0,1.0,12.0,2.5649493574615367
89390cb1ddbffff,,,,,0.0,0.0,0.0,0.0,0.0,0.0,0.0,0.0,0.0,0.0
89390cba367ffff,,,,,0.0,0.0,0.0,0.0,0.0,0.0,0.0,0.0,0.0,0.0
89390ca26d7ffff,4.0,1905.0,1939.25,1915.8,0.0,0.0,0.0,1.0,3.0,0.0,0.0,0.0,1.0,0.6931471805599453
89390ca2ed3ffff,,,,,0.0,0.0,0.0,0.0,0.0,0.0,0.0,0.0,0.0,0.0
89390cb54c7ffff,,,,,0.0,0.0,0.0,0.0,0.0,0.0,0.0,0.0,0.0,0.0
89390cb0a43ffff,3.0,1979.0,1985.3333333333333,1979.6,0.0,0.0,0.0,0.0,3.0,0.0,0.0,0.0,0.0,0.0
89390ca2ab7ffff,,,,,0.0,0.0,0.0,0.0,0.0,0.0,0.0,0.0,0.0,0.0
89390cb50abffff,,,,,0.0,0.0,0.0,0.0,0.0,0.0,0.0,0.0,0.0,0.0
89390ca269bffff,13.0,1905.0,1959.4615384615386,1914.6,0.0,0.0,0.0,3.0,10.0,0.0,0.0,0.0,3.0,1.3862943611198906
89390cb020bffff,,,,,0.0,0.0,0.0,0.0,0.0,0.0,0.0,0.0,0.0,0.0
89390cbae8bffff,,,,,0.0,0.0,0.0,0.0,0.0,0.0,0.0,0.0,0.0,0.0
89390cb1983ffff,2.0,1949.0,1971.5,1953.5,0.0,0.0,0.0,0.0,2.0,0.0,0.0,0.0,0.0,0.0
89390cb1567ffff,1.0,2001.0,2001.0,2001.0,0.0,0.0,0.0,0.0,1.0,0.0,0.0,0.0,0.0,0.0
89390ca35dbffff,3.0,1940.0,1978.0,1949.6,0.0,0.0,0.0,0.0,3.0,0.0,0.0,0.0,0.0,0.0
89390cb7347ffff,,,,,0.0,0.0,0.0,0.0,0.0,0.0,0.0,0.0,0.0,0.0
89390cb0d2fffff,,,,,0.0,0.0,0.0,0.0,0.0,0.0,0.0,0.0,0.0,0.0
89390ca2da3ffff,,,,,0.0,0.0,0.0,0.0,0.0,0.0,0.0,0.0,0.0,0.0
89390cb5397ffff,1.0,1949.0,1949.0,1949.0,0.0,0.0,0.0,0.0,1.0,0.0,0.0,0.0,0.0,0.0
89390cb0913ffff,,,,,0.0,0.0,0.0,0.0,0.0,0.0,0.0,0.0,0.0,0.0
89390ca256bffff,,,,,0.0,0.0,0.0,0.0,0.0,0.0,0.0,0.0,0.0,0.0
89390cb1c6fffff,2.0,1883.0,1951.5,1896.7,0.0,0.0,0.0,1.0,1.0,0.0,0.0,0.0,1.0,0.6931471805599453
89390ca214fffff,,,,,0.0,0.0,0.0,0.0,0.0,0.0,0.0,0.0,0.0,0.0
89390cbad5bffff,,,,,0.0,0.0,0.0,0.0,0.0,0.0,0.0,0.0,0.0,0.0
89390cb1853ffff,,,,,0.0,0.0,0.0,0.0,0.0,0.0,0.0,0.0,0.0,0.0
89390ca05bbffff,1.0,1975.0,1975.0,1975.0,0.0,0.0,0.0,0.0,1.0,0.0,0.0,0.0,0.0,0.0
89390cb1437ffff,,,,,0.0,0.0,0.0,0.0,0.0,0.0,0.0,0.0,0.0,0.0
89390ca34abffff,,,,,0.0,0.0,0.0,0.0,0.0,0.0,0.0,0.0,0.0,0.0
89390ca308fffff,,,,,0.0,0.0,0.0,0.0,0.0,0.0,0.0,0.0,0.0,0.0
89390cb898fffff,,,,,0.0,0.0,0.0,0.0,0.0,0.0,0.0,0.0,0.0,0.0
89390cb5683ffff,2.0,1992.0,1992.5,1992.1,0.0,0.0,0.0,0.0,2.0,0.0,0.0,0.0,0.0,0.0
89390cb5267ffff,,,,,0.0,0.0,0.0,0.0,0.0,0.0,0.0,0.0,0.0,0.0
89390cb03c7ffff,,,,,0.0,0.0,0.0,0.0,0.0,0.0,0.0,0.0,0.0,0.0
89390ca243bffff,2.0,1981.0,1991.0,1983.0,0.0,0.0,0.0,0.0,2.0,0.0,0.0,0.0,0.0,0.0
89390ca048bffff,1.0,1987.0,1987.0,1987.0,0.0,0.0,0.0,0.0,1.0,0.0,0.0,0.0,0.0,0.0
89390cba80fffff,1.0,2000.0,2000.0,2000.0,0.0,0.0,0.0,0.0,1.0,0.0,0.0,0.0,0.0,0.0
89390ca006fffff,,,,,0.0,0.0,0.0,0.0,0.0,0.0,0.0,0.0,0.0,0.0
89390cb5553ffff,,,,,0.0,0.0,0.0,0.0,0.0,0.0,0.0,0.0,0.0,0.0
89390cb0acfffff,4.0,1970.0,1976.0,1970.3,0.0,0.0,0.0,0.0,4.0,0.0,0.0,0.0,0.0,0.0
89390ca2b43ffff,,,,,0.0,0.0,0.0,0.0,0.0,0.0,0.0,0.0,0.0,0.0
89390cb0e9bffff,,,,,0.0,0.0,0.0,0.0,0.0,0.0,0.0,0.0,0.0,0.0
89390cb1e2bffff,,,,,0.0,0.0,0.0,0.0,0.0,0.0,0.0,0.0,0.0,0.0
89390ca230bffff,,,,,0.0,0.0,0.0,0.0,0.0,0.0,0.0,0.0,0.0,0.0
89390cb1a0fffff,2.0,1995.0,1997.0,1995.4,0.0,0.0,0.0,0.0,2.0,0.0,0.0,0.0,0.0,0.0
89390ca3667ffff,2.0,1973.0,1973.0,1973.0,0.0,0.0,0.0,0.0,2.0,0.0,0.0,0.0,0.0,0.0
89390cb2d6bffff,,,,,0.0,0.0,0.0,0.0,0.0,0.0,0.0,0.0,0.0,0.0
89390cb11d7ffff,1.0,1768.0,1768.0,1768.0,0.0,0.0,1.0,0.0,0.0,0.0,0.0,1.0,2.0,1.0986122886681098
89390ca324bffff,3.0,1990.0,1993.3333333333333,1990.0,0.0,0.0,0.0,0.0,3.0,0.0,0.0,0.0,0.0,0.0
89390cb294fffff,,,,,0.0,0.0,0.0,0.0,0.0,0.0,0.0,0.0,0.0,0.0
89390cb0dbbffff,,,,,0.0,0.0,0.0,0.0,0.0,0.0,0.0,0.0,0.0,0.0
89390ca2e2fffff,,,,,0.0,0.0,0.0,0.0,0.0,0.0,0.0,0.0,0.0,0.0
89390cb5423ffff,,,,,0.0,0.0,0.0,0.0,0.0,0.0,0.0,0.0,0.0,0.0
89390ca332bffff,3.0,1982.0,1985.0,1982.0,0.0,0.0,0.0,0.0,3.0,0.0,0.0,0.0,0.0,0.0
89390ca2a13ffff,,,,,0.0,0.0,0.0,0.0,0.0,0.0,0.0,0.0,0.0,0.0
89390cb5007ffff,,,,,0.0,0.0,0.0,0.0,0.0,0.0,0.0,0.0,0.0,0.0
89390cb0167ffff,,,,,0.0,0.0,0.0,0.0,0.0,0.0,0.0,0.0,0.0,0.0
89390ca21dbffff,1.0,1971.0,1971.0,1971.0,0.0,0.0,0.0,0.0,1.0,0.0,0.0,0.0,0.0,0.0
89390ca0647ffff,,,,,0.0,0.0,0.0,0.0,0.0,0.0,0.0,0.0,0.0,0.0
89390cba9cbffff,1.0,2002.0,2002.0,2002.0,0.0,0.0,0.0,0.0,1.0,0.0,0.0,0.0,0.0,0.0
89390ca3537ffff,1.0,1990.0,1990.0,1990.0,0.0,0.0,0.0,0.0,1.0,0.0,0.0,0.0,0.0,0.0
89390cb10a7ffff,,,,,0.0,0.0,0.0,0.0,0.0,0.0,0.0,0.0,0.0,0.0
89390ca311bffff,,,,,0.0,0.0,0.0,0.0,0.0,0.0,0.0,0.0,0.0,0.0
89390ca1587ffff,,,,,0.0,0.0,0.0,0.0,0.0,0.0,0.0,0.0,0.0,0.0
89390cb0c8bffff,,,,,0.0,0.0,0.0,0.0,0.0,0.0,0.0,0.0,0.0,0.0
89390ca043bffff,1.0,1957.0,1957.0,1957.0,0.0,0.0,0.0,0.0,1.0,0.0,0.0,0.0,0.0,0.0
89390cb086fffff,3.0,1944.0,1975.0,1949.8,0.0,0.0,0.0,0.0,3.0,0.0,0.0,0.0,0.0,0.0
89390ca24c7ffff,,,,,0.0,0.0,0.0,0.0,0.0,0.0,0.0,0.0,0.0,0.0
89390cb1bcbffff,37.0,900.0,1743.6486486486488,1578.4,1.0,8.0,19.0,4.0,5.0,1.0,1.0,1.0,70.0,4.2626798770413155
89390cb0037ffff,,,,,0.0,0.0,0.0,0.0,0.0,0.0,0.0,0.0,0.0,0.0
89390ca20abffff,,,,,0.0,0.0,0.0,0.0,0.0,0.0,0.0,0.0,0.0,0.0
89390cbacb7ffff,,,,,0.0,0.0,0.0,0.0,0.0,0.0,0.0,0.0,0.0,0.0
89390ca0517ffff,,,,,0.0,0.0,0.0,0.0,0.0,0.0,0.0,0.0,0.0,0.0
89390cba89bffff,3.0,2002.0,2005.3333333333333,2003.0,0.0,0.0,0.0,0.0,3.0,0.0,0.0,0.0,0.0,0.0
89390ca3407ffff,3.0,1969.0,1986.3333333333333,1973.8,0.0,0.0,0.0,0.0,3.0,0.0,0.0,0.0,0.0,0.0
89390ca1457ffff,,,,,0.0,0.0,0.0,0.0,0.0,0.0,0.0,0.0,0.0,0.0
89390cb0b5bffff,,,,,0.0,0.0,0.0,0.0,0.0,0.0,0.0,0.0,0.0,0.0
89390cbabdbffff,,,,,0.0,0.0,0.0,0.0,0.0,0.0,0.0,0.0,0.0,0.0
89390ca2bcfffff,,,,,0.0,0.0,0.0,0.0,0.0,0.0,0.0,0.0,0.0,0.0
89390cb51c3ffff,,,,,0.0,0.0,0.0,0.0,0.0,0.0,0.0,0.0,0.0,0.0
89390cb1eb7ffff,,,,,0.0,0.0,0.0,0.0,0.0,0.0,0.0,0.0,0.0,0.0
89390cb0323ffff,,,,,0.0,0.0,0.0,0.0,0.0,0.0,0.0,0.0,0.0,0.0
89390ca2397ffff,,,,,0.0,0.0,0.0,0.0,0.0,0.0,0.0,0.0,0.0,0.0
89390cb1a9bffff,,,,,0.0,0.0,0.0,0.0,0.0,0.0,0.0,0.0,0.0,0.0
89390cbab87ffff,,,,,0.0,0.0,0.0,0.0,0.0,0.0,0.0,0.0,0.0,0.0
89390ca32d7ffff,,,,,0.0,0.0,0.0,0.0,0.0,0.0,0.0,0.0,0.0,0.0
89390cb29dbffff,3.0,1968.0,1985.3333333333333,1972.2,0.0,0.0,0.0,0.0,3.0,0.0,0.0,0.0,0.0,0.0
89390cb0e47ffff,1.0,1990.0,1990.0,1990.0,0.0,0.0,0.0,0.0,1.0,0.0,0.0,0.0,0.0,0.0
89390cb3267ffff,,,,,0.0,0.0,0.0,0.0,0.0,0.0,0.0,0.0,0.0,0.0
89390ca2ebbffff,,,,,0.0,0.0,0.0,0.0,0.0,0.0,0.0,0.0,0.0,0.0
89390cb54afffff,,,,,0.0,0.0,0.0,0.0,0.0,0.0,0.0,0.0,0.0,0.0
89390cb0a2bffff,,,,,0.0,0.0,0.0,0.0,0.0,0.0,0.0,0.0,0.0,0.0
89390cb5093ffff,,,,,0.0,0.0,0.0,0.0,0.0,0.0,0.0,0.0,0.0,0.0
89390ca2683ffff,7.0,1962.0,1978.142857142857,1964.4,0.0,0.0,0.0,0.0,7.0,0.0,0.0,0.0,0.0,0.0
89390cb1d87ffff,1.0,1995.0,1995.0,1995.0,0.0,0.0,0.0,0.0,1.0,0.0,0.0,0.0,0.0,0.0
89390ca2267ffff,,,,,0.0,0.0,0.0,0.0,0.0,0.0,0.0,0.0,0.0,0.0
89390cbae73ffff,,,,,0.0,0.0,0.0,0.0,0.0,0.0,0.0,0.0,0.0,0.0
89390cb196bffff,15.0,1894.0,1951.8,1905.8,0.0,0.0,0.0,6.0,9.0,0.0,0.0,0.0,6.0,1.9459101490553132
89390ca06d3ffff,1.0,1991.0,1991.0,1991.0,0.0,0.0,0.0,0.0,1.0,0.0,0.0,0.0,0.0,0.0
89390cb154fffff,,,,,0.0,0.0,0.0,0.0,0.0,0.0,0.0,0.0,0.0,0.0
89390ca35c3ffff,1.0,1949.0,1949.0,1949.0,0.0,0.0,0.0,0.0,1.0,0.0,0.0,0.0,0.0,0.0
89390cb0377ffff,,,,,0.0,0.0,0.0,0.0,0.0,0.0,0.0,0.0,0.0,0.0
89390cb1133ffff,,,,,0.0,0.0,0.0,0.0,0.0,0.0,0.0,0.0,0.0,0.0
89390ca31a7ffff,2.0,1983.0,1986.0,1983.6,0.0,0.0,0.0,0.0,2.0,0.0,0.0,0.0,0.0,0.0
89390cb28abffff,6.0,1877.0,1963.6666666666667,1922.5,0.0,0.0,0.0,1.0,5.0,0.0,0.0,0.0,1.0,0.6931471805599453
89390cb0d17ffff,,,,,0.0,0.0,0.0,0.0,0.0,0.0,0.0,0.0,0.0,0.0
89390ca2d8bffff,,,,,0.0,0.0,0.0,0.0,0.0,0.0,0.0,0.0,0.0,0.0
89390ca2553ffff,,,,,0.0,0.0,0.0,0.0,0.0,0.0,0.0,0.0,0.0,0.0
89390cb00c3ffff,,,,,0.0,0.0,0.0,0.0,0.0,0.0,0.0,0.0,0.0,0.0
89390ca2137ffff,,,,,0.0,0.0,0.0,0.0,0.0,0.0,0.0,0.0,0.0,0.0
89390cbad43ffff,2.0,1769.0,1775.5,1770.3,0.0,0.0,2.0,0.0,0.0,0.0,0.0,1.0,4.0,1.6094379124341003
89390cb183bffff,1.0,1976.0,1976.0,1976.0,0.0,0.0,0.0,0.0,1.0,0.0,0.0,0.0,0.0,0.0
89390ca05a3ffff,,,,,0.0,0.0,0.0,0.0,0.0,0.0,0.0,0.0,0.0,0.0
89390cba927ffff,1.0,1968.0,1968.0,1968.0,0.0,0.0,0.0,0.0,1.0,0.0,0.0,0.0,0.0,0.0
89390ca1d1bffff,,,,,0.0,0.0,0.0,0.0,0.0,0.0,0.0,0.0,0.0,0.0
89390ca3493ffff,,,,,0.0,0.0,0.0,0.0,0.0,0.0,0.0,0.0,0.0,0.0
89390ca0187ffff,,,,,0.0,0.0,0.0,0.0,0.0,0.0,0.0,0.0,0.0,0.0
89390cb8d93ffff,,,,,0.0,0.0,0.0,0.0,0.0,0.0,0.0,0.0,0.0,0.0
89390cb5217ffff,2.0,1989.0,1990.0,1989.2,0.0,0.0,0.0,0.0,2.0,0.0,0.0,0.0,0.0,0.0
89390ca3077ffff,1.0,1998.0,1998.0,1998.0,0.0,0.0,0.0,0.0,1.0,0.0,0.0,0.0,0.0,0.0
89390cb8977ffff,,,,,0.0,0.0,0.0,0.0,0.0,0.0,0.0,0.0,0.0,0.0
89390cb566bffff,,,,,0.0,0.0,0.0,0.0,0.0,0.0,0.0,0.0,0.0,0.0
89390ca2c5bffff,,,,,0.0,0.0,0.0,0.0,0.0,0.0,0.0,0.0,0.0,0.0
89390cb524fffff,2.0,1552.0,1770.5,1595.7,0.0,1.0,0.0,0.0,1.0,0.0,1.0,1.0,3.0,1.3862943611198906
89390cb03afffff,1.0,1961.0,1961.0,1961.0,0.0,0.0,0.0,0.0,1.0,0.0,0.0,0.0,0.0,0.0
89390ca2423ffff,3.0,1971.0,1981.6666666666667,1971.0,0.0,0.0,0.0,0.0,3.0,0.0,0.0,0.0,0.0,0.0
89390cb1b27ffff,16.0,1749.0,1908.625,1759.5,0.0,0.0,3.0,6.0,7.0,0.0,0.0,1.0,12.0,2.5649493574615367
89390ca2007ffff,1.0,1974.0,1974.0,1974.0,0.0,0.0,0.0,0.0,1.0,0.0,0.0,0.0,0.0,0.0
89390ca0473ffff,,,,,0.0,0.0,0.0,0.0,0.0,0.0,0.0,0.0,0.0,0.0
89390ca3363ffff,,,,,0.0,0.0,0.0,0.0,0.0,0.0,0.0,0.0,0.0,0.0
89390cb2a67ffff,,,,,0.0,0.0,0.0,0.0,0.0,0.0,0.0,0.0,0.0,0.0
89390ca0057ffff,,,,,0.0,0.0,0.0,0.0,0.0,0.0,0.0,0.0,0.0,0.0
89390cb0ed3ffff,1.0,2002.0,2002.0,2002.0,0.0,0.0,0.0,0.0,1.0,0.0,0.0,0.0,0.0,0.0
89390cb0ab7ffff,5.0,1942.0,1980.6,1960.4,0.0,0.0,0.0,0.0,5.0,0.0,0.0,0.0,0.0,0.0
89390ca2b2bffff,,,,,0.0,0.0,0.0,0.0,0.0,0.0,0.0,0.0,0.0,0.0
89390cb0bafffff,3.0,1943.0,1943.0,1943.0,0.0,0.0,0.0,0.0,3.0,0.0,0.0,0.0,0.0,0.0
89390cb222fffff,,,,,0.0,0.0,0.0,0.0,0.0,0.0,0.0,0.0,0.0,0.0
89390ca14abffff,1.0,2009.0,2009.0,2009.0,0.0,0.0,0.0,0.0,1.0,0.0,0.0,0.0,0.0,0.0
89390cb1e13ffff,,,,,0.0,0.0,0.0,0.0,0.0,0.0,0.0,0.0,0.0,0.0
89390cb15dbffff,,,,,0.0,0.0,0.0,0.0,0.0,0.0,0.0,0.0,0.0,0.0
89390ca364fffff,,,,,0.0,0.0,0.0,0.0,0.0,0.0,0.0,0.0,0.0,0.0
89390ca3233ffff,2.0,1998.0,2002.5,1998.9,0.0,0.0,0.0,0.0,2.0,0.0,0.0,0.0,0.0,0.0
89390cb0da3ffff,,,,,0.0,0.0,0.0,0.0,0.0,0.0,0.0,0.0,0.0,0.0
89390ca2e17ffff,,,,,0.0,0.0,0.0,0.0,0.0,0.0,0.0,0.0,0.0,0.0
89390cb540bffff,,,,,0.0,0.0,0.0,0.0,0.0,0.0,0.0,0.0,0.0,0.0
89390cb0987ffff,,,,,0.0,0.0,0.0,0.0,0.0,0.0,0.0,0.0,0.0,0.0
89390cb056bffff,,,,,0.0,0.0,0.0,0.0,0.0,0.0,0.0,0.0,0.0,0.0
89390cb014fffff,1.0,1999.0,1999.0,1999.0,0.0,0.0,0.0,0.0,1.0,0.0,0.0,0.0,0.0,0.0
89390ca21c3ffff,,,,,0.0,0.0,0.0,0.0,0.0,0.0,0.0,0.0,0.0,0.0
89390cbadcfffff,,,,,0.0,0.0,0.0,0.0,0.0,0.0,0.0,0.0,0.0,0.0
89390cb18c7ffff,7.0,1925.0,1975.7142857142858,1950.8,0.0,0.0,0.0,1.0,6.0,0.0,0.0,0.0,1.0,0.6931471805599453
89390ca062fffff,,,,,0.0,0.0,0.0,0.0,0.0,0.0,0.0,0.0,0.0,0.0
89390cba9b3ffff,,,,,0.0,0.0,0.0,0.0,0.0,0.0,0.0,0.0,0.0,0.0
89390cb14abffff,,,,,0.0,0.0,0.0,0.0,0.0,0.0,0.0,0.0,0.0,0.0
89390cb2c23ffff,,,,,0.0,0.0,0.0,0.0,0.0,0.0,0.0,0.0,0.0,0.0
89390ca0213ffff,,,,,0.0,0.0,0.0,0.0,0.0,0.0,0.0,0.0,0.0,0.0
89390ca3103ffff,,,,,0.0,0.0,0.0,0.0,0.0,0.0,0.0,0.0,0.0,0.0
89390cb2807ffff,1.0,1975.0,1975.0,1975.0,0.0,0.0,0.0,0.0,1.0,0.0,0.0,0.0,0.0,0.0
89390cb0c73ffff,,,,,0.0,0.0,0.0,0.0,0.0,0.0,0.0,0.0,0.0,0.0
89390cb52dbffff,1.0,2005.0,2005.0,2005.0,0.0,0.0,0.0,0.0,1.0,0.0,0.0,0.0,0.0,0.0
89390cb0857ffff,,,,,0.0,0.0,0.0,0.0,0.0,0.0,0.0,0.0,0.0,0.0
89390ca014fffff,,,,,0.0,0.0,0.0,0.0,0.0,0.0,0.0,0.0,0.0,0.0
89390cb043bffff,,,,,0.0,0.0,0.0,0.0,0.0,0.0,0.0,0.0,0.0,0.0
89390ca24afffff,,,,,0.0,0.0,0.0,0.0,0.0,0.0,0.0,0.0,0.0,0.0
89390cb1bb3ffff,4.0,1893.0,1946.0,1899.0,0.0,0.0,0.0,2.0,2.0,0.0,0.0,0.0,2.0,1.0986122886681098
89390ca2093ffff,4.0,1965.0,1980.75,1968.0,0.0,0.0,0.0,0.0,4.0,0.0,0.0,0.0,0.0,0.0
89390cba883ffff,,,,,0.0,0.0,0.0,0.0,0.0,0.0,0.0,0.0,0.0,0.0
89390cb137bffff,,,,,0.0,0.0,0.0,0.0,0.0,0.0,0.0,0.0,0.0,0.0
89390ca345bffff,,,,,0.0,0.0,0.0,0.0,0.0,0.0,0.0,0.0,0.0,0.0
89390cb55c7ffff,,,,,0.0,0.0,0.0,0.0,0.0,0.0,0.0,0.0,0.0,0.0
89390cb0b43ffff,5.0,1947.0,1974.4,1957.4,0.0,0.0,0.0,0.0,5.0,0.0,0.0,0.0,0.0,0.0
89390cb22bbffff,1.0,1962.0,1962.0,1962.0,0.0,0.0,0.0,0.0,1.0,0.0,0.0,0.0,0.0,0.0
89390cb5e6bffff,,,,,0.0,0.0,0.0,0.0,0.0,0.0,0.0,0.0,0.0,0.0
89390cb030bffff,1.0,1986.0,1986.0,1986.0,0.0,0.0,0.0,0.0,1.0,0.0,0.0,0.0,0.0,0.0
89390cb1a83ffff,1.0,1934.0,1934.0,1934.0,0.0,0.0,0.0,1.0,0.0,0.0,0.0,0.0,1.0,0.6931471805599453
89390cbab6fffff,,,,,0.0,0.0,0.0,0.0,0.0,0.0,0.0,0.0,0.0,0.0
89390ca36dbffff,,,,,0.0,0.0,0.0,0.0,0.0,0.0,0.0,0.0,0.0,0.0
89390cb29c3ffff,,,,,0.0,0.0,0.0,0.0,0.0,0.0,0.0,0.0,0.0,0.0
89390cb0e2fffff,4.0,1963.0,2000.0,1976.5,0.0,0.0,0.0,0.0,4.0,0.0,0.0,0.0,0.0,0.0
89390ca056bffff,,,,,0.0,0.0,0.0,0.0,0.0,0.0,0.0,0.0,0.0,0.0
89390ca2ea3ffff,,,,,0.0,0.0,0.0,0.0,0.0,0.0,0.0,0.0,0.0,0.0
89390cb5497ffff,,,,,0.0,0.0,0.0,0.0,0.0,0.0,0.0,0.0,0.0,0.0
89390cb0a13ffff,6.0,1962.0,1994.1666666666667,1979.0,0.0,0.0,0.0,0.0,6.0,0.0,0.0,0.0,0.0,0.0
89390ca2a87ffff,,,,,0.0,0.0,0.0,0.0,0.0,0.0,0.0,0.0,0.0,0.0
89390ca266bffff,,,,,0.0,0.0,0.0,0.0,0.0,0.0,0.0,0.0,0.0,0.0
89390cb1d6fffff,1.0,1942.0,1942.0,1942.0,0.0,0.0,0.0,0.0,1.0,0.0,0.0,0.0,0.0,0.0
89390cb01dbffff,,,,,0.0,0.0,0.0,0.0,0.0,0.0,0.0,0.0,0.0,0.0
89390ca224fffff,,,,,0.0,0.0,0.0,0.0,0.0,0.0,0.0,0.0,0.0,0.0
89390cb1953ffff,6.0,1933.0,1978.1666666666667,1933.0,0.0,0.0,0.0,2.0,4.0,0.0,0.0,0.0,2.0,1.0986122886681098
89390ca06bbffff,,,,,0.0,0.0,0.0,0.0,0.0,0.0,0.0,0.0,0.0,0.0
89390cb1537ffff,,,,,0.0,0.0,0.0,0.0,0.0,0.0,0.0,0.0,0.0,0.0
89390ca35abffff,5.0,1905.0,1947.2,1911.4,0.0,0.0,0.0,2.0,3.0,0.0,0.0,0.0,2.0,1.0986122886681098
89390cb1803ffff,13.0,1904.0,1953.923076923077,1941.0,0.0,0.0,0.0,1.0,12.0,0.0,0.0,0.0,1.0,0.6931471805599453
89390cb2cafffff,,,,,0.0,0.0,0.0,0.0,0.0,0.0,0.0,0.0,0.0,0.0
89390cb111bffff,,,,,0.0,0.0,0.0,0.0,0.0,0.0,0.0,0.0,0.0,0.0
89390ca318fffff,,,,,0.0,0.0,0.0,0.0,0.0,0.0,0.0,0.0,0.0,0.0
89390cbad0bffff,1.0,1982.0,1982.0,1982.0,0.0,0.0,0.0,0.0,1.0,0.0,0.0,0.0,0.0,0.0
89390cb2893ffff,,,,,0.0,0.0,0.0,0.0,0.0,0.0,0.0,0.0,0.0,0.0
89390cb008bffff,,,,,0.0,0.0,0.0,0.0,0.0,0.0,0.0,0.0,0.0,0.0
89390cb5367ffff,,,,,0.0,0.0,0.0,0.0,0.0,0.0,0.0,0.0,0.0,0.0
89390ca0dc3ffff,,,,,0.0,0.0,0.0,0.0,0.0,0.0,0.0,0.0,0.0,0.0
89390cb04c7ffff,,,,,0.0,0.0,0.0,0.0,0.0,0.0,0.0,0.0,0.0,0.0
89390ca253bffff,2.0,1925.0,1925.0,1925.0,0.0,0.0,0.0,2.0,0.0,0.0,0.0,0.0,2.0,1.0986122886681098
89390cb00abffff,,,,,0.0,0.0,0.0,0.0,0.0,0.0,0.0,0.0,0.0,0.0
89390cbad2bffff,,,,,0.0,0.0,0.0,0.0,0.0,0.0,0.0,0.0,0.0,0.0
89390cb1823ffff,,,,,0.0,0.0,0.0,0.0,0.0,0.0,0.0,0.0,0.0,0.0
89390ca058bffff,,,,,0.0,0.0,0.0,0.0,0.0,0.0,0.0,0.0,0.0,0.0
89390cba90fffff,,,,,0.0,0.0,0.0,0.0,0.0,0.0,0.0,0.0,0.0,0.0
89390ca1d03ffff,,,,,0.0,0.0,0.0,0.0,0.0,0.0,0.0,0.0,0.0,0.0
89390cb1407ffff,,,,,0.0,0.0,0.0,0.0,0.0,0.0,0.0,0.0,0.0,0.0
89390ca347bffff,1.0,1999.0,1999.0,1999.0,0.0,0.0,0.0,0.0,1.0,0.0,0.0,0.0,0.0,0.0
89390ca016fffff,,,,,0.0,0.0,0.0,0.0,0.0,0.0,0.0,0.0,0.0,0.0
89390ca14cbffff,1.0,2007.0,2007.0,2007.0,0.0,0.0,0.0,0.0,1.0,0.0,0.0,0.0,0.0,0.0
89390cb5653ffff,,,,,0.0,0.0,0.0,0.0,0.0,0.0,0.0,0.0,0.0,0.0
89390cb0bcfffff,,,,,0.0,0.0,0.0,0.0,0.0,0.0,0.0,0.0,0.0,0.0
89390ca251bffff,,,,,0.0,0.0,0.0,0.0,0.0,0.0,0.0,0.0,0.0,0.0
89390ca2c43ffff,,,,,0.0,0.0,0.0,0.0,0.0,0.0,0.0,0.0,0.0,0.0
89390cb5237ffff,12.0,1784.0,1800.4166666666667,1784.0,0.0,0.0,12.0,0.0,0.0,0.0,0.0,1.0,24.0,3.2188758248682006
89390cb04a7ffff,,,,,0.0,0.0,0.0,0.0,0.0,0.0,0.0,0.0,0.0,0.0
89390ca0c93ffff,,,,,0.0,0.0,0.0,0.0,0.0,0.0,0.0,0.0,0.0,0.0
89390cb0397ffff,,,,,0.0,0.0,0.0,0.0,0.0,0.0,0.0,0.0,0.0,0.0
89390ca240bffff,,,,,0.0,0.0,0.0,0.0,0.0,0.0,0.0,0.0,0.0,0.0
89390cb1b0fffff,29.0,1725.0,1916.3103448275863,1867.4,0.0,0.0,3.0,17.0,9.0,0.0,0.0,1.0,23.0,3.1780538303479458
89390ca045bffff,,,,,0.0,0.0,0.0,0.0,0.0,0.0,0.0,0.0,0.0,0.0
89390ca334bffff,,,,,0.0,0.0,0.0,0.0,0.0,0.0,0.0,0.0,0.0,0.0
89390cb2a4fffff,,,,,0.0,0.0,0.0,0.0,0.0,0.0,0.0,0.0,0.0,0.0
89390cb0ebbffff,1.0,1998.0,1998.0,1998.0,0.0,0.0,0.0,0.0,1.0,0.0,0.0,0.0,0.0,0.0
89390ca2b13ffff,,,,,0.0,0.0,0.0,0.0,0.0,0.0,0.0,0.0,0.0,0.0
89390cb2217ffff,,,,,0.0,0.0,0.0,0.0,0.0,0.0,0.0,0.0,0.0,0.0
89390cb0267ffff,,,,,0.0,0.0,0.0,0.0,0.0,0.0,0.0,0.0,0.0,0.0
89390ca22dbffff,1.0,1979.0,1979.0,1979.0,0.0,0.0,0.0,0.0,1.0,0.0,0.0,0.0,0.0,0.0
89390cb15c3ffff,,,,,0.0,0.0,0.0,0.0,0.0,0.0,0.0,0.0,0.0,0.0
89390ca3637ffff,,,,,0.0,0.0,0.0,0.0,0.0,0.0,0.0,0.0,0.0,0.0
89390cb08c3ffff,,,,,0.0,0.0,0.0,0.0,0.0,0.0,0.0,0.0,0.0,0.0
89390cb5347ffff,,,,,0.0,0.0,0.0,0.0,0.0,0.0,0.0,0.0,0.0,0.0
89390cb11a7ffff,,,,,0.0,0.0,0.0,0.0,0.0,0.0,0.0,0.0,0.0,0.0
89390ca321bffff,,,,,0.0,0.0,0.0,0.0,0.0,0.0,0.0,0.0,0.0,0.0
89390ca1687ffff,,,,,0.0,0.0,0.0,0.0,0.0,0.0,0.0,0.0,0.0,0.0
89390cb0d8bffff,,,,,0.0,0.0,0.0,0.0,0.0,0.0,0.0,0.0,0.0,0.0
89390cb096fffff,,,,,0.0,0.0,0.0,0.0,0.0,0.0,0.0,0.0,0.0,0.0
89390ca0e4fffff,,,,,0.0,0.0,0.0,0.0,0.0,0.0,0.0,0.0,0.0,0.0
89390cb0553ffff,,,,,0.0,0.0,0.0,0.0,0.0,0.0,0.0,0.0,0.0,0.0
89390ca25c7ffff,,,,,0.0,0.0,0.0,0.0,0.0,0.0,0.0,0.0,0.0,0.0
89390cb0137ffff,1.0,2018.0,2018.0,2018.0,0.0,0.0,0.0,0.0,1.0,0.0,0.0,0.0,0.0,0.0
89390ca21abffff,,,,,0.0,0.0,0.0,0.0,0.0,0.0,0.0,0.0,0.0,0.0
89390cbadb7ffff,,,,,0.0,0.0,0.0,0.0,0.0,0.0,0.0,0.0,0.0,0.0
89390cb18afffff,12.0,1957.0,1971.3333333333333,1969.0,0.0,0.0,0.0,0.0,12.0,0.0,0.0,0.0,0.0,0.0
89390ca0617ffff,,,,,0.0,0.0,0.0,0.0,0.0,0.0,0.0,0.0,0.0,0.0
89390cba99bffff,,,,,0.0,0.0,0.0,0.0,0.0,0.0,0.0,0.0,0.0,0.0
89390ca3507ffff,1.0,1923.0,1923.0,1923.0,0.0,0.0,0.0,1.0,0.0,0.0,0.0,0.0,1.0,0.6931471805599453
89390cb7273ffff,,,,,0.0,0.0,0.0,0.0,0.0,0.0,0.0,0.0,0.0,0.0
89390ca1557ffff,,,,,0.0,0.0,0.0,0.0,0.0,0.0,0.0,0.0,0.0,0.0
89390ca15dbffff,,,,,0.0,0.0,0.0,0.0,0.0,0.0,0.0,0.0,0.0,0.0
89390cb0c5bffff,,,,,0.0,0.0,0.0,0.0,0.0,0.0,0.0,0.0,0.0,0.0
89390ca2ccfffff,2.0,1992.0,1992.5,1992.1,0.0,0.0,0.0,0.0,2.0,0.0,0.0,0.0,0.0,0.0
89390cb23d3ffff,,,,,0.0,0.0,0.0,0.0,0.0,0.0,0.0,0.0,0.0,0.0
89390cb52c3ffff,,,,,0.0,0.0,0.0,0.0,0.0,0.0,0.0,0.0,0.0,0.0
89390ca2497ffff,1.0,1988.0,1988.0,1988.0,0.0,0.0,0.0,0.0,1.0,0.0,0.0,0.0,0.0,0.0
89390cb1b9bffff,14.0,1584.0,1887.7142857142858,1717.0,0.0,1.0,3.0,5.0,5.0,0.0,1.0,1.0,14.0,2.70805020110221
89390cb0007ffff,,,,,0.0,0.0,0.0,0.0,0.0,0.0,0.0,0.0,0.0,0.0
89390ca207bffff,,,,,0.0,0.0,0.0,0.0,0.0,0.0,0.0,0.0,0.0,0.0
89390cba86bffff,,,,,0.0,0.0,0.0,0.0,0.0,0.0,0.0,0.0,0.0,0.0
89390cb1363ffff,,,,,0.0,0.0,0.0,0.0,0.0,0.0,0.0,0.0,0.0,0.0
89390ca33d7ffff,2.0,1990.0,1999.5,1991.9,0.0,0.0,0.0,0.0,2.0,0.0,0.0,0.0,0.0,0.0
89390cb2873ffff,,,,,0.0,0.0,0.0,0.0,0.0,0.0,0.0,0.0,0.0,0.0
89390cb2adbffff,,,,,0.0,0.0,0.0,0.0,0.0,0.0,0.0,0.0,0.0,0.0
89390ca00cbffff,3.0,2007.0,2008.0,2007.2,0.0,0.0,0.0,0.0,3.0,0.0,0.0,0.0,0.0,0.0
89390ca316fffff,2.0,1992.0,2001.0,1993.8,0.0,0.0,0.0,0.0,2.0,0.0,0.0,0.0,0.0,0.0
89390cb0b2bffff,3.0,1976.0,1976.0,1976.0,0.0,0.0,0.0,0.0,3.0,0.0,0.0,0.0,0.0,0.0
89390cb22a3ffff,,,,,0.0,0.0,0.0,0.0,0.0,0.0,0.0,0.0,0.0,0.0
89390cb1e87ffff,,,,,0.0,0.0,0.0,0.0,0.0,0.0,0.0,0.0,0.0,0.0
89390ca2367ffff,,,,,0.0,0.0,0.0,0.0,0.0,0.0,0.0,0.0,0.0,0.0
89390cb1a6bffff,3.0,2002.0,2002.6666666666667,2002.2,0.0,0.0,0.0,0.0,3.0,0.0,0.0,0.0,0.0,0.0
89390cbab57ffff,1.0,2006.0,2006.0,2006.0,0.0,0.0,0.0,0.0,1.0,0.0,0.0,0.0,0.0,0.0
89390ca36c3ffff,,,,,0.0,0.0,0.0,0.0,0.0,0.0,0.0,0.0,0.0,0.0
89390ca03b7ffff,,,,,0.0,0.0,0.0,0.0,0.0,0.0,0.0,0.0,0.0,0.0
89390ca32a7ffff,,,,,0.0,0.0,0.0,0.0,0.0,0.0,0.0,0.0,0.0,0.0
89390cb0e17ffff,1.0,1959.0,1959.0,1959.0,0.0,0.0,0.0,0.0,1.0,0.0,0.0,0.0,0.0,0.0
89390ca2e8bffff,,,,,0.0,0.0,0.0,0.0,0.0,0.0,0.0,0.0,0.0,0.0
89390ca2a6fffff,,,,,0.0,0.0,0.0,0.0,0.0,0.0,0.0,0.0,0.0,0.0
89390ca0edbffff,,,,,0.0,0.0,0.0,0.0,0.0,0.0,0.0,0.0,0.0,0.0
89390cb5063ffff,,,,,0.0,0.0,0.0,0.0,0.0,0.0,0.0,0.0,0.0,0.0
89390ca2653ffff,10.0,1750.0,1913.5,1836.4,0.0,0.0,2.0,4.0,4.0,0.0,0.0,1.0,8.0,2.1972245773362196
89390ca358bffff,12.0,1782.0,1913.0833333333333,1798.5,0.0,0.0,2.0,5.0,5.0,0.0,0.0,1.0,9.0,2.302585092994046
89390cb1d57ffff,,,,,0.0,0.0,0.0,0.0,0.0,0.0,0.0,0.0,0.0,0.0
89390cb01c3ffff,,,,,0.0,0.0,0.0,0.0,0.0,0.0,0.0,0.0,0.0,0.0
89390ca2237ffff,4.0,1968.0,1968.75,1968.0,0.0,0.0,0.0,0.0,4.0,0.0,0.0,0.0,0.0,0.0
89390cb1517ffff,,,,,0.0,0.0,0.0,0.0,0.0,0.0,0.0,0.0,0.0,0.0
89390cb193bffff,12.0,1910.0,1952.0833333333333,1942.1,0.0,0.0,0.0,1.0,11.0,0.0,0.0,0.0,1.0,0.6931471805599453
89390ca06a3ffff,,,,,0.0,0.0,0.0,0.0,0.0,0.0,0.0,0.0,0.0,0.0
89390cbaa27ffff,,,,,0.0,0.0,0.0,0.0,0.0,0.0,0.0,0.0,0.0,0.0
89390ca3593ffff,16.0,1464.0,1879.125,1675.0,1.0,1.0,2.0,5.0,7.0,1.0,1.0,1.0,16.0,2.833213344056216
89390cb1103ffff,,,,,0.0,0.0,0.0,0.0,0.0,0.0,0.0,0.0,0.0,0.0
89390ca3177ffff,,,,,0.0,0.0,0.0,0.0,0.0,0.0,0.0,0.0,0.0,0.0
89390ca069bffff,,,,,0.0,0.0,0.0,0.0,0.0,0.0,0.0,0.0,0.0,0.0
89390cb534fffff,,,,,0.0,0.0,0.0,0.0,0.0,0.0,0.0,0.0,0.0,0.0
89390cb08cbffff,1.0,1977.0,1977.0,1977.0,0.0,0.0,0.0,0.0,1.0,0.0,0.0,0.0,0.0,0.0
89390cb04afffff,,,,,0.0,0.0,0.0,0.0,0.0,0.0,0.0,0.0,0.0,0.0
89390ca2523ffff,,,,,0.0,0.0,0.0,0.0,0.0,0.0,0.0,0.0,0.0,0.0
89390cb1c27ffff,1.0,1951.0,1951.0,1951.0,0.0,0.0,0.0,0.0,1.0,0.0,0.0,0.0,0.0,0.0
89390cb0093ffff,,,,,0.0,0.0,0.0,0.0,0.0,0.0,0.0,0.0,0.0,0.0
89390ca2107ffff,,,,,0.0,0.0,0.0,0.0,0.0,0.0,0.0,0.0,0.0,0.0
89390cbad13ffff,,,,,0.0,0.0,0.0,0.0,0.0,0.0,0.0,0.0,0.0,0.0
89390cb180bffff,6.0,1873.0,1938.1666666666667,1882.5,0.0,0.0,0.0,3.0,3.0,0.0,0.0,0.0,3.0,1.3862943611198906
89390ca0573ffff,,,,,0.0,0.0,0.0,0.0,0.0,0.0,0.0,0.0,0.0,0.0
89390cb1933ffff,11.0,1939.0,1964.2727272727273,1944.0,0.0,0.0,0.0,1.0,10.0,0.0,0.0,0.0,1.0,0.6931471805599453
89390ca3463ffff,,,,,0.0,0.0,0.0,0.0,0.0,0.0,0.0,0.0,0.0,0.0
89390ca222fffff,1.0,1966.0,1966.0,1966.0,0.0,0.0,0.0,0.0,1.0,0.0,0.0,0.0,0.0,0.0
89390ca3047ffff,1.0,2007.0,2007.0,2007.0,0.0,0.0,0.0,0.0,1.0,0.0,0.0,0.0,0.0,0.0
89390cb8947ffff,,,,,0.0,0.0,0.0,0.0,0.0,0.0,0.0,0.0,0.0,0.0
89390ca14b3ffff,,,,,0.0,0.0,0.0,0.0,0.0,0.0,0.0,0.0,0.0,0.0
89390cb563bffff,,,,,0.0,0.0,0.0,0.0,0.0,0.0,0.0,0.0,0.0,0.0
89390cb0bb7ffff,1.0,1995.0,1995.0,1995.0,0.0,0.0,0.0,0.0,1.0,0.0,0.0,0.0,0.0,0.0
89390ca1097ffff,,,,,0.0,0.0,0.0,0.0,0.0,0.0,0.0,0.0,0.0,0.0
89390cb326fffff,,,,,0.0,0.0,0.0,0.0,0.0,0.0,0.0,0.0,0.0,0.0
89390ca0443ffff,1.0,1995.0,1995.0,1995.0,0.0,0.0,0.0,0.0,1.0,0.0,0.0,0.0,0.0,0.0
89390ca3333ffff,,,,,0.0,0.0,0.0,0.0,0.0,0.0,0.0,0.0,0.0,0.0
89390ca0027ffff,,,,,0.0,0.0,0.0,0.0,0.0,0.0,0.0,0.0,0.0,0.0
89390cba3abffff,,,,,0.0,0.0,0.0,0.0,0.0,0.0,0.0,0.0,0.0,0.0
89390cb0ea3ffff,,,,,0.0,0.0,0.0,0.0,0.0,0.0,0.0,0.0,0.0,0.0
89390cb1d4fffff,6.0,1945.0,1964.5,1945.0,0.0,0.0,0.0,0.0,6.0,0.0,0.0,0.0,0.0,0.0
89390cb550bffff,,,,,0.0,0.0,0.0,0.0,0.0,0.0,0.0,0.0,0.0,0.0
89390cb0a87ffff,6.0,1900.0,1974.5,1933.5,0.0,0.0,0.0,1.0,5.0,0.0,0.0,0.0,1.0,0.6931471805599453
89390ca264bffff,9.0,1680.0,1863.6666666666667,1760.8,0.0,1.0,2.0,5.0,1.0,0.0,1.0,1.0,12.0,2.5649493574615367
89390cb024fffff,,,,,0.0,0.0,0.0,0.0,0.0,0.0,0.0,0.0,0.0,0.0
89390ca22c3ffff,,,,,0.0,0.0,0.0,0.0,0.0,0.0,0.0,0.0,0.0,0.0
89390cb505bffff,,,,,0.0,0.0,0.0,0.0,0.0,0.0,0.0,0.0,0.0,0.0
89390ca0ed3ffff,,,,,0.0,0.0,0.0,0.0,0.0,0.0,0.0,0.0,0.0,0.0
89390cb19c7ffff,5.0,1684.0,1906.2,1780.8,0.0,1.0,0.0,1.0,3.0,0.0,1.0,1.0,4.0,1.6094379124341003
89390cbaab3ffff,1.0,1970.0,1970.0,1970.0,0.0,0.0,0.0,0.0,1.0,0.0,0.0,0.0,0.0,0.0
89390cb15abffff,,,,,0.0,0.0,0.0,0.0,0.0,0.0,0.0,0.0,0.0,0.0
89390ca0313ffff,,,,,0.0,0.0,0.0,0.0,0.0,0.0,0.0,0.0,0.0,0.0
89390cb118fffff,1.0,1780.0,1780.0,1780.0,0.0,0.0,1.0,0.0,0.0,0.0,0.0,1.0,2.0,1.0986122886681098
89390ca3203ffff,,,,,0.0,0.0,0.0,0.0,0.0,0.0,0.0,0.0,0.0,0.0
89390cb0d73ffff,1.0,2015.0,2015.0,2015.0,0.0,0.0,0.0,0.0,1.0,0.0,0.0,0.0,0.0,0.0
89390cb53dbffff,6.0,1800.0,1938.6666666666667,1817.0,0.0,0.0,2.0,0.0,4.0,0.0,0.0,1.0,4.0,1.6094379124341003
89390cb0957ffff,1.0,2007.0,2007.0,2007.0,0.0,0.0,0.0,0.0,1.0,0.0,0.0,0.0,0.0,0.0
89390cb053bffff,,,,,0.0,0.0,0.0,0.0,0.0,0.0,0.0,0.0,0.0,0.0
89390ca25afffff,1.0,2007.0,2007.0,2007.0,0.0,0.0,0.0,0.0,1.0,0.0,0.0,0.0,0.0,0.0
89390ca2193ffff,,,,,0.0,0.0,0.0,0.0,0.0,0.0,0.0,0.0,0.0,0.0
89390cb1897ffff,2.0,2010.0,2010.0,2010.0,0.0,0.0,0.0,0.0,2.0,0.0,0.0,0.0,0.0,0.0
89390ca2a67ffff,,,,,0.0,0.0,0.0,0.0,0.0,0.0,0.0,0.0,0.0,0.0
89390cba983ffff,,,,,0.0,0.0,0.0,0.0,0.0,0.0,0.0,0.0,0.0,0.0
89390ca1d77ffff,,,,,0.0,0.0,0.0,0.0,0.0,0.0,0.0,0.0,0.0,0.0
89390ca30d3ffff,2.0,1981.0,1992.5,1983.3,0.0,0.0,0.0,0.0,2.0,0.0,0.0,0.0,0.0,0.0
89390cb725bffff,,,,,0.0,0.0,0.0,0.0,0.0,0.0,0.0,0.0,0.0,0.0
89390cb5477ffff,,,,,0.0,0.0,0.0,0.0,0.0,0.0,0.0,0.0,0.0,0.0
89390cb56c7ffff,3.0,1970.0,1988.3333333333333,1974.2,0.0,0.0,0.0,0.0,3.0,0.0,0.0,0.0,0.0,0.0
89390cb0c43ffff,,,,,0.0,0.0,0.0,0.0,0.0,0.0,0.0,0.0,0.0,0.0
89390ca2cb7ffff,,,,,0.0,0.0,0.0,0.0,0.0,0.0,0.0,0.0,0.0,0.0
89390cb85b7ffff,,,,,0.0,0.0,0.0,0.0,0.0,0.0,0.0,0.0,0.0,0.0
89390cb52abffff,1.0,1991.0,1991.0,1991.0,0.0,0.0,0.0,0.0,1.0,0.0,0.0,0.0,0.0,0.0
89390cb0827ffff,,,,,0.0,0.0,0.0,0.0,0.0,0.0,0.0,0.0,0.0,0.0
89390ca289bffff,,,,,0.0,0.0,0.0,0.0,0.0,0.0,0.0,0.0,0.0,0.0
89390cb040bffff,,,,,0.0,0.0,0.0,0.0,0.0,0.0,0.0,0.0,0.0,0.0
89390cb1b83ffff,4.0,1857.0,1920.25,1874.1,0.0,0.0,1.0,2.0,1.0,0.0,0.0,1.0,4.0,1.6094379124341003
89390ca2063ffff,,,,,0.0,0.0,0.0,0.0,0.0,0.0,0.0,0.0,0.0,0.0
89390ca04cfffff,3.0,1994.0,1995.6666666666667,1994.0,0.0,0.0,0.0,0.0,3.0,0.0,0.0,0.0,0.0,0.0
89390cba853ffff,,,,,0.0,0.0,0.0,0.0,0.0,0.0,0.0,0.0,0.0,0.0
89390ca00b3ffff,1.0,2008.0,2008.0,2008.0,0.0,0.0,0.0,0.0,1.0,0.0,0.0,0.0,0.0,0.0
89390ca140fffff,,,,,0.0,0.0,0.0,0.0,0.0,0.0,0.0,0.0,0.0,0.0
89390ca2e83ffff,1.0,2011.0,2011.0,2011.0,0.0,0.0,0.0,0.0,1.0,0.0,0.0,0.0,0.0,0.0
89390cb0b13ffff,1.0,2003.0,2003.0,2003.0,0.0,0.0,0.0,0.0,1.0,0.0,0.0,0.0,0.0,0.0
89390ca760bffff,,,,,0.0,0.0,0.0,0.0,0.0,0.0,0.0,0.0,0.0,0.0
89390ca2b87ffff,,,,,0.0,0.0,0.0,0.0,0.0,0.0,0.0,0.0,0.0,0.0
89390cb517bffff,,,,,0.0,0.0,0.0,0.0,0.0,0.0,0.0,0.0,0.0,0.0
89390cb0e0fffff,1.0,1991.0,1991.0,1991.0,0.0,0.0,0.0,0.0,1.0,0.0,0.0,0.0,0.0,0.0
89390cb1e6fffff,,,,,0.0,0.0,0.0,0.0,0.0,0.0,0.0,0.0,0.0,0.0
89390cb02dbffff,,,,,0.0,0.0,0.0,0.0,0.0,0.0,0.0,0.0,0.0,0.0
89390ca234fffff,,,,,0.0,0.0,0.0,0.0,0.0,0.0,0.0,0.0,0.0,0.0
89390cb1a53ffff,4.0,1969.0,1992.25,1978.0,0.0,0.0,0.0,0.0,4.0,0.0,0.0,0.0,0.0,0.0
89390ca36abffff,,,,,0.0,0.0,0.0,0.0,0.0,0.0,0.0,0.0,0.0,0.0
89390ca328fffff,2.0,1987.0,1988.0,1987.2,0.0,0.0,0.0,0.0,2.0,0.0,0.0,0.0,0.0,0.0
89390cba307ffff,,,,,0.0,0.0,0.0,0.0,0.0,0.0,0.0,0.0,0.0,0.0
89390ca2e73ffff,,,,,0.0,0.0,0.0,0.0,0.0,0.0,0.0,0.0,0.0,0.0
89390cb5467ffff,,,,,0.0,0.0,0.0,0.0,0.0,0.0,0.0,0.0,0.0,0.0
89390ca2a57ffff,,,,,0.0,0.0,0.0,0.0,0.0,0.0,0.0,0.0,0.0,0.0
89390ca0ec3ffff,,,,,0.0,0.0,0.0,0.0,0.0,0.0,0.0,0.0,0.0,0.0
89390cb504bffff,1.0,1989.0,1989.0,1989.0,0.0,0.0,0.0,0.0,1.0,0.0,0.0,0.0,0.0,0.0
89390ca263bffff,3.0,1867.0,1941.6666666666667,1889.4,0.0,0.0,0.0,1.0,2.0,0.0,0.0,0.0,1.0,0.6931471805599453
89390cbae2bffff,,,,,0.0,0.0,0.0,0.0,0.0,0.0,0.0,0.0,0.0,0.0
89390cb1923ffff,3.0,1941.0,1965.0,1943.0,0.0,0.0,0.0,0.0,3.0,0.0,0.0,0.0,0.0,0.0
89390ca068bffff,,,,,0.0,0.0,0.0,0.0,0.0,0.0,0.0,0.0,0.0,0.0
89392b4d363ffff,,,,,0.0,0.0,0.0,0.0,0.0,0.0,0.0,0.0,0.0,0.0
89390cb1507ffff,,,,,0.0,0.0,0.0,0.0,0.0,0.0,0.0,0.0,0.0,0.0
89390ca357bffff,,,,,0.0,0.0,0.0,0.0,0.0,0.0,0.0,0.0,0.0,0.0
89390cb2863ffff,,,,,0.0,0.0,0.0,0.0,0.0,0.0,0.0,0.0,0.0,0.0
89390ca15cbffff,,,,,0.0,0.0,0.0,0.0,0.0,0.0,0.0,0.0,0.0,0.0
89390cb0ccfffff,,,,,0.0,0.0,0.0,0.0,0.0,0.0,0.0,0.0,0.0,0.0
89390cb08b3ffff,,,,,0.0,0.0,0.0,0.0,0.0,0.0,0.0,0.0,0.0,0.0
89390ca03afffff,,,,,0.0,0.0,0.0,0.0,0.0,0.0,0.0,0.0,0.0,0.0
89390cb0497ffff,,,,,0.0,0.0,0.0,0.0,0.0,0.0,0.0,0.0,0.0,0.0
89390ca250bffff,,,,,0.0,0.0,0.0,0.0,0.0,0.0,0.0,0.0,0.0,0.0
89390cb1c0fffff,,,,,0.0,0.0,0.0,0.0,0.0,0.0,0.0,0.0,0.0,0.0
89390cb007bffff,,,,,0.0,0.0,0.0,0.0,0.0,0.0,0.0,0.0,0.0,0.0
89390ca055bffff,2.0,2008.0,2008.0,2008.0,0.0,0.0,0.0,0.0,2.0,0.0,0.0,0.0,0.0,0.0
89390ca36bbffff,3.0,1961.0,1983.0,1965.0,0.0,0.0,0.0,0.0,3.0,0.0,0.0,0.0,0.0,0.0
89390ca1cd3ffff,,,,,0.0,0.0,0.0,0.0,0.0,0.0,0.0,0.0,0.0,0.0
89390cb5e5bffff,,,,,0.0,0.0,0.0,0.0,0.0,0.0,0.0,0.0,0.0,0.0
89390ca344bffff,,,,,0.0,0.0,0.0,0.0,0.0,0.0,0.0,0.0,0.0,0.0
89390cb2b4fffff,,,,,0.0,0.0,0.0,0.0,0.0,0.0,0.0,0.0,0.0,0.0
89390ca302fffff,,,,,0.0,0.0,0.0,0.0,0.0,0.0,0.0,0.0,0.0,0.0
89390cb892fffff,,,,,0.0,0.0,0.0,0.0,0.0,0.0,0.0,0.0,0.0,0.0
89390cbab4fffff,,,,,0.0,0.0,0.0,0.0,0.0,0.0,0.0,0.0,0.0,0.0
89390ca149bffff,3.0,1987.0,1997.3333333333333,1989.2,0.0,0.0,0.0,0.0,3.0,0.0,0.0,0.0,0.0,0.0
89390cb5623ffff,,,,,0.0,0.0,0.0,0.0,0.0,0.0,0.0,0.0,0.0,0.0
89390ca7697ffff,,,,,0.0,0.0,0.0,0.0,0.0,0.0,0.0,0.0,0.0,0.0
89390cb8513ffff,1.0,1981.0,1981.0,1981.0,0.0,0.0,0.0,0.0,1.0,0.0,0.0,0.0,0.0,0.0
89390cb5207ffff,1.0,1989.0,1989.0,1989.0,0.0,0.0,0.0,0.0,1.0,0.0,0.0,0.0,0.0,0.0
89390cb0367ffff,1.0,1967.0,1967.0,1967.0,0.0,0.0,0.0,0.0,1.0,0.0,0.0,0.0,0.0,0.0
89390ca23dbffff,,,,,0.0,0.0,0.0,0.0,0.0,0.0,0.0,0.0,0.0,0.0
89390cbabcbffff,1.0,2010.0,2010.0,2010.0,0.0,0.0,0.0,0.0,1.0,0.0,0.0,0.0,0.0,0.0
89390ca042bffff,,,,,0.0,0.0,0.0,0.0,0.0,0.0,0.0,0.0,0.0,0.0
89390ca000fffff,,,,,0.0,0.0,0.0,0.0,0.0,0.0,0.0,0.0,0.0,0.0
89390cb0e8bffff,1.0,1983.0,1983.0,1983.0,0.0,0.0,0.0,0.0,1.0,0.0,0.0,0.0,0.0,0.0
89390cb0a6fffff,1.0,1947.0,1947.0,1947.0,0.0,0.0,0.0,0.0,1.0,0.0,0.0,0.0,0.0,0.0
89390cb50d7ffff,,,,,0.0,0.0,0.0,0.0,0.0,0.0,0.0,0.0,0.0,0.0
89390cb1a63ffff,,,,,0.0,0.0,0.0,0.0,0.0,0.0,0.0,0.0,0.0,0.0
89390ca26c7ffff,1.0,1907.0,1907.0,1907.0,0.0,0.0,0.0,1.0,0.0,0.0,0.0,0.0,1.0,0.6931471805599453
89390cb1dcbffff,,,,,0.0,0.0,0.0,0.0,0.0,0.0,0.0,0.0,0.0,0.0
89390cb0237ffff,,,,,0.0,0.0,0.0,0.0,0.0,0.0,0.0,0.0,0.0,0.0
89390ca22abffff,,,,,0.0,0.0,0.0,0.0,0.0,0.0,0.0,0.0,0.0,0.0
89390cb19afffff,1.0,1942.0,1942.0,1942.0,0.0,0.0,0.0,0.0,1.0,0.0,0.0,0.0,0.0,0.0
89390cbaa9bffff,1.0,1978.0,1978.0,1978.0,0.0,0.0,0.0,0.0,1.0,0.0,0.0,0.0,0.0,0.0
89390ca3607ffff,,,,,0.0,0.0,0.0,0.0,0.0,0.0,0.0,0.0,0.0,0.0
89390cb1177ffff,,,,,0.0,0.0,0.0,0.0,0.0,0.0,0.0,0.0,0.0,0.0
89390cb0d5bffff,,,,,0.0,0.0,0.0,0.0,0.0,0.0,0.0,0.0,0.0,0.0
89390ca2dcfffff,,,,,0.0,0.0,0.0,0.0,0.0,0.0,0.0,0.0,0.0,0.0
89390cb53c3ffff,2.0,1999.0,2000.0,1999.2,0.0,0.0,0.0,0.0,2.0,0.0,0.0,0.0,0.0,0.0
89390cb0523ffff,,,,,0.0,0.0,0.0,0.0,0.0,0.0,0.0,0.0,0.0,0.0
89390ca2597ffff,,,,,0.0,0.0,0.0,0.0,0.0,0.0,0.0,0.0,0.0,0.0
89390cb1c9bffff,,,,,0.0,0.0,0.0,0.0,0.0,0.0,0.0,0.0,0.0,0.0
89390cb0107ffff,,,,,0.0,0.0,0.0,0.0,0.0,0.0,0.0,0.0,0.0,0.0
89390ca217bffff,,,,,0.0,0.0,0.0,0.0,0.0,0.0,0.0,0.0,0.0,0.0
89390cbad87ffff,,,,,0.0,0.0,0.0,0.0,0.0,0.0,0.0,0.0,0.0,0.0
89390cba96bffff,1.0,2006.0,2006.0,2006.0,0.0,0.0,0.0,0.0,1.0,0.0,0.0,0.0,0.0,0.0
89390ca34d7ffff,3.0,1974.0,1985.3333333333333,1977.4,0.0,0.0,0.0,0.0,3.0,0.0,0.0,0.0,0.0,0.0
89390cb5acbffff,,,,,0.0,0.0,0.0,0.0,0.0,0.0,0.0,0.0,0.0,0.0
89390ca30bbffff,,,,,0.0,0.0,0.0,0.0,0.0,0.0,0.0,0.0,0.0,0.0
89390cb7243ffff,,,,,0.0,0.0,0.0,0.0,0.0,0.0,0.0,0.0,0.0,0.0
89390cb89bbffff,2.0,1970.0,1980.5,1972.1,0.0,0.0,0.0,0.0,2.0,0.0,0.0,0.0,0.0,0.0
89390cb56afffff,,,,,0.0,0.0,0.0,0.0,0.0,0.0,0.0,0.0,0.0,0.0
89390cb0c2bffff,,,,,0.0,0.0,0.0,0.0,0.0,0.0,0.0,0.0,0.0,0.0
89390ca110bffff,,,,,0.0,0.0,0.0,0.0,0.0,0.0,0.0,0.0,0.0,0.0
89390cb5293ffff,3.0,1992.0,2003.3333333333333,1993.2,0.0,0.0,0.0,0.0,3.0,0.0,0.0,0.0,0.0,0.0
89390cb080fffff,,,,,0.0,0.0,0.0,0.0,0.0,0.0,0.0,0.0,0.0,0.0
89390ca2467ffff,2.0,1984.0,1985.5,1984.3,0.0,0.0,0.0,0.0,2.0,0.0,0.0,0.0,0.0,0.0
89390cb1b6bffff,11.0,1899.0,1948.2727272727273,1902.0,0.0,0.0,0.0,5.0,6.0,0.0,0.0,0.0,5.0,1.791759469228055
89390ca204bffff,1.0,1978.0,1978.0,1978.0,0.0,0.0,0.0,0.0,1.0,0.0,0.0,0.0,0.0,0.0
89390ca04b7ffff,,,,,0.0,0.0,0.0,0.0,0.0,0.0,0.0,0.0,0.0,0.0
89390cba83bffff,1.0,1973.0,1973.0,1973.0,0.0,0.0,0.0,0.0,1.0,0.0,0.0,0.0,0.0,0.0
89390cb1333ffff,,,,,0.0,0.0,0.0,0.0,0.0,0.0,0.0,0.0,0.0,0.0
89390ca33a7ffff,,,,,0.0,0.0,0.0,0.0,0.0,0.0,0.0,0.0,0.0,0.0
89390cb2aabffff,,,,,0.0,0.0,0.0,0.0,0.0,0.0,0.0,0.0,0.0,0.0
89390ca009bffff,3.0,1950.0,1974.3333333333333,1955.0,0.0,0.0,0.0,0.0,3.0,0.0,0.0,0.0,0.0,0.0
89390cb1e57ffff,,,,,0.0,0.0,0.0,0.0,0.0,0.0,0.0,0.0,0.0,0.0
89390ca761bffff,,,,,0.0,0.0,0.0,0.0,0.0,0.0,0.0,0.0,0.0,0.0
89390ca2337ffff,1.0,2003.0,2003.0,2003.0,0.0,0.0,0.0,0.0,1.0,0.0,0.0,0.0,0.0,0.0
89390cb0b23ffff,,,,,0.0,0.0,0.0,0.0,0.0,0.0,0.0,0.0,0.0,0.0
89390cb1a3bffff,3.0,1574.0,1865.3333333333333,1661.4,0.0,1.0,0.0,0.0,2.0,0.0,1.0,1.0,3.0,1.3862943611198906
89390cbab27ffff,2.0,2002.0,2002.0,2002.0,0.0,0.0,0.0,0.0,2.0,0.0,0.0,0.0,0.0,0.0
89390ca3693ffff,,,,,0.0,0.0,0.0,0.0,0.0,0.0,0.0,0.0,0.0,0.0
89390ca0387ffff,1.0,2007.0,2007.0,2007.0,0.0,0.0,0.0,0.0,1.0,0.0,0.0,0.0,0.0,0.0
89390ca3277ffff,,,,,0.0,0.0,0.0,0.0,0.0,0.0,0.0,0.0,0.0,0.0
89390ca2e5bffff,8.0,1989.0,1998.125,1992.5,0.0,0.0,0.0,0.0,8.0,0.0,0.0,0.0,0.0,0.0
89390cb544fffff,,,,,0.0,0.0,0.0,0.0,0.0,0.0,0.0,0.0,0.0,0.0
89390cb09cbffff,2.0,1994.0,2000.5,1995.3,0.0,0.0,0.0,0.0,2.0,0.0,0.0,0.0,0.0,0.0
89390cb5033ffff,,,,,0.0,0.0,0.0,0.0,0.0,0.0,0.0,0.0,0.0,0.0
89390cb05afffff,,,,,0.0,0.0,0.0,0.0,0.0,0.0,0.0,0.0,0.0,0.0
89390ca2623ffff,2.0,1953.0,1958.5,1954.1,0.0,0.0,0.0,0.0,2.0,0.0,0.0,0.0,0.0,0.0
89390cb1d27ffff,,,,,0.0,0.0,0.0,0.0,0.0,0.0,0.0,0.0,0.0,0.0
89390ca2207ffff,,,,,0.0,0.0,0.0,0.0,0.0,0.0,0.0,0.0,0.0,0.0
89390cbae13ffff,,,,,0.0,0.0,0.0,0.0,0.0,0.0,0.0,0.0,0.0,0.0
89390cb190bffff,1.0,1935.0,1935.0,1935.0,0.0,0.0,0.0,1.0,0.0,0.0,0.0,0.0,1.0,0.6931471805599453
89390ca3563ffff,3.0,1979.0,1988.3333333333333,1981.0,0.0,0.0,0.0,0.0,3.0,0.0,0.0,0.0,0.0,0.0
89390ca3147ffff,4.0,2006.0,2006.0,2006.0,0.0,0.0,0.0,0.0,4.0,0.0,0.0,0.0,0.0,0.0
89390cb284bffff,,,,,0.0,0.0,0.0,0.0,0.0,0.0,0.0,0.0,0.0,0.0
89390ca15b3ffff,,,,,0.0,0.0,0.0,0.0,0.0,0.0,0.0,0.0,0.0,0.0
89390cb0cb7ffff,,,,,0.0,0.0,0.0,0.0,0.0,0.0,0.0,0.0,0.0,0.0
89390ca00c3ffff,4.0,2007.0,2007.5,2007.0,0.0,0.0,0.0,0.0,4.0,0.0,0.0,0.0,0.0,0.0
89390cb089bffff,,,,,0.0,0.0,0.0,0.0,0.0,0.0,0.0,0.0,0.0,0.0
89390cb0063ffff,,,,,0.0,0.0,0.0,0.0,0.0,0.0,0.0,0.0,0.0,0.0
89390ca20d7ffff,2.0,1995.0,1997.0,1995.4,0.0,0.0,0.0,0.0,2.0,0.0,0.0,0.0,0.0,0.0
89390ca0543ffff,,,,,0.0,0.0,0.0,0.0,0.0,0.0,0.0,0.0,0.0,0.0
89390cb2ad3ffff,,,,,0.0,0.0,0.0,0.0,0.0,0.0,0.0,0.0,0.0,0.0
89390cba8c7ffff,,,,,0.0,0.0,0.0,0.0,0.0,0.0,0.0,0.0,0.0,0.0
89390ca33cfffff,,,,,0.0,0.0,0.0,0.0,0.0,0.0,0.0,0.0,0.0,0.0
89390cb5e43ffff,,,,,0.0,0.0,0.0,0.0,0.0,0.0,0.0,0.0,0.0,0.0
89390ca3433ffff,5.0,1860.0,1951.2,1879.2,0.0,0.0,0.0,2.0,3.0,0.0,0.0,0.0,2.0,1.0986122886681098
89390ca3017ffff,,,,,0.0,0.0,0.0,0.0,0.0,0.0,0.0,0.0,0.0,0.0
89390cb8917ffff,,,,,0.0,0.0,0.0,0.0,0.0,0.0,0.0,0.0,0.0,0.0
89390ca1483ffff,,,,,0.0,0.0,0.0,0.0,0.0,0.0,0.0,0.0,0.0,0.0
89390cb560bffff,3.0,1983.0,1985.0,1983.6,0.0,0.0,0.0,0.0,3.0,0.0,0.0,0.0,0.0,0.0
89390cba863ffff,2.0,1981.0,1990.0,1982.8,0.0,0.0,0.0,0.0,2.0,0.0,0.0,0.0,0.0,0.0
89390cb0b87ffff,,,,,0.0,0.0,0.0,0.0,0.0,0.0,0.0,0.0,0.0,0.0
89390cb034fffff,,,,,0.0,0.0,0.0,0.0,0.0,0.0,0.0,0.0,0.0,0.0
89390ca23c3ffff,,,,,0.0,0.0,0.0,0.0,0.0,0.0,0.0,0.0,0.0,0.0
89390cb1ac7ffff,,,,,0.0,0.0,0.0,0.0,0.0,0.0,0.0,0.0,0.0,0.0
89390cbabb3ffff,2.0,1863.0,1925.0,1875.4,0.0,0.0,0.0,1.0,1.0,0.0,0.0,0.0,1.0,0.6931471805599453
89390ca0413ffff,1.0,2000.0,2000.0,2000.0,0.0,0.0,0.0,0.0,1.0,0.0,0.0,0.0,0.0,0.0
89390ca3303ffff,,,,,0.0,0.0,0.0,0.0,0.0,0.0,0.0,0.0,0.0,0.0
89390cb0e73ffff,1.0,1981.0,1981.0,1981.0,0.0,0.0,0.0,0.0,1.0,0.0,0.0,0.0,0.0,0.0
89390cb54dbffff,,,,,0.0,0.0,0.0,0.0,0.0,0.0,0.0,0.0,0.0,0.0
89390cb0a57ffff,8.0,1972.0,1978.125,1972.7,0.0,0.0,0.0,0.0,8.0,0.0,0.0,0.0,0.0,0.0
89390ca2acbffff,,,,,0.0,0.0,0.0,0.0,0.0,0.0,0.0,0.0,0.0,0.0
89390ca26afffff,5.0,1933.0,1963.6,1945.4,0.0,0.0,0.0,1.0,4.0,0.0,0.0,0.0,1.0,0.6931471805599453
89390cb1db3ffff,1.0,2020.0,2020.0,2020.0,0.0,0.0,0.0,0.0,1.0,0.0,0.0,0.0,0.0,0.0
89390ca2293ffff,1.0,1980.0,1980.0,1980.0,0.0,0.0,0.0,0.0,1.0,0.0,0.0,0.0,0.0,0.0
89390cb1997ffff,3.0,1975.0,1989.3333333333333,1979.0,0.0,0.0,0.0,0.0,3.0,0.0,0.0,0.0,0.0,0.0
89390cbaa83ffff,,,,,0.0,0.0,0.0,0.0,0.0,0.0,0.0,0.0,0.0,0.0
89390cb157bffff,,,,,0.0,0.0,0.0,0.0,0.0,0.0,0.0,0.0,0.0,0.0
89390ca2073ffff,1.0,1927.0,1927.0,1927.0,0.0,0.0,0.0,1.0,0.0,0.0,0.0,0.0,1.0,0.6931471805599453
89390ca31d3ffff,,,,,0.0,0.0,0.0,0.0,0.0,0.0,0.0,0.0,0.0,0.0
89390cb735bffff,,,,,0.0,0.0,0.0,0.0,0.0,0.0,0.0,0.0,0.0,0.0
89390cb0d43ffff,,,,,0.0,0.0,0.0,0.0,0.0,0.0,0.0,0.0,0.0,0.0
89390ca2db7ffff,,,,,0.0,0.0,0.0,0.0,0.0,0.0,0.0,0.0,0.0,0.0
89390cb53abffff,,,,,0.0,0.0,0.0,0.0,0.0,0.0,0.0,0.0,0.0,0.0
89390cb0927ffff,,,,,0.0,0.0,0.0,0.0,0.0,0.0,0.0,0.0,0.0,0.0
89390cb050bffff,,,,,0.0,0.0,0.0,0.0,0.0,0.0,0.0,0.0,0.0,0.0
89390cb1c83ffff,,,,,0.0,0.0,0.0,0.0,0.0,0.0,0.0,0.0,0.0,0.0
89390ca2163ffff,2.0,1972.0,1992.0,1976.0,0.0,0.0,0.0,0.0,2.0,0.0,0.0,0.0,0.0,0.0
89390cbad6fffff,,,,,0.0,0.0,0.0,0.0,0.0,0.0,0.0,0.0,0.0,0.0
89390cb1867ffff,6.0,1890.0,1947.8333333333333,1899.0,0.0,0.0,0.0,2.0,4.0,0.0,0.0,0.0,2.0,1.0986122886681098
89390ca05cfffff,,,,,0.0,0.0,0.0,0.0,0.0,0.0,0.0,0.0,0.0,0.0
89390cba953ffff,,,,,0.0,0.0,0.0,0.0,0.0,0.0,0.0,0.0,0.0,0.0
89390ca1d47ffff,,,,,0.0,0.0,0.0,0.0,0.0,0.0,0.0,0.0,0.0,0.0
89390cb1b93ffff,6.0,1885.0,1956.6666666666667,1920.0,0.0,0.0,0.0,1.0,5.0,0.0,0.0,0.0,1.0,0.6931471805599453
89390ca30a3ffff,1.0,1986.0,1986.0,1986.0,0.0,0.0,0.0,0.0,1.0,0.0,0.0,0.0,0.0,0.0
89390cb722bffff,,,,,0.0,0.0,0.0,0.0,0.0,0.0,0.0,0.0,0.0,0.0
89390ca248fffff,,,,,0.0,0.0,0.0,0.0,0.0,0.0,0.0,0.0,0.0,0.0
89390cb89a3ffff,1.0,1992.0,1992.0,1992.0,0.0,0.0,0.0,0.0,1.0,0.0,0.0,0.0,0.0,0.0
89390cb5697ffff,,,,,0.0,0.0,0.0,0.0,0.0,0.0,0.0,0.0,0.0,0.0
89390cb0c13ffff,1.0,2007.0,2007.0,2007.0,0.0,0.0,0.0,0.0,1.0,0.0,0.0,0.0,0.0,0.0
89390ca2c87ffff,,,,,0.0,0.0,0.0,0.0,0.0,0.0,0.0,0.0,0.0,0.0
89390cb041bffff,,,,,0.0,0.0,0.0,0.0,0.0,0.0,0.0,0.0,0.0,0.0
89390cb8587ffff,,,,,0.0,0.0,0.0,0.0,0.0,0.0,0.0,0.0,0.0,0.0
89390cb527bffff,,,,,0.0,0.0,0.0,0.0,0.0,0.0,0.0,0.0,0.0,0.0
89390ca286bffff,,,,,0.0,0.0,0.0,0.0,0.0,0.0,0.0,0.0,0.0,0.0
89390ca0cd7ffff,,,,,0.0,0.0,0.0,0.0,0.0,0.0,0.0,0.0,0.0,0.0
89390cb03dbffff,,,,,0.0,0.0,0.0,0.0,0.0,0.0,0.0,0.0,0.0,0.0
89390ca244fffff,,,,,0.0,0.0,0.0,0.0,0.0,0.0,0.0,0.0,0.0,0.0
89390cb1b53ffff,51.0,1202.0,1875.1960784313726,1671.0,2.0,5.0,11.0,6.0,27.0,1.0,1.0,1.0,51.0,3.9512437185814275
89390ca2033ffff,1.0,2006.0,2006.0,2006.0,0.0,0.0,0.0,0.0,1.0,0.0,0.0,0.0,0.0,0.0
89390cba823ffff,,,,,0.0,0.0,0.0,0.0,0.0,0.0,0.0,0.0,0.0,0.0
89390ca338fffff,,,,,0.0,0.0,0.0,0.0,0.0,0.0,0.0,0.0,0.0,0.0
89390ca0083ffff,3.0,1962.0,1983.0,1967.2,0.0,0.0,0.0,0.0,3.0,0.0,0.0,0.0,0.0,0.0
89390ca2b57ffff,,,,,0.0,0.0,0.0,0.0,0.0,0.0,0.0,0.0,0.0,0.0
89390cb514bffff,1.0,1999.0,1999.0,1999.0,0.0,0.0,0.0,0.0,1.0,0.0,0.0,0.0,0.0,0.0
89390cb02abffff,,,,,0.0,0.0,0.0,0.0,0.0,0.0,0.0,0.0,0.0,0.0
89390cb1a23ffff,2.0,1971.0,1971.0,1971.0,0.0,0.0,0.0,0.0,2.0,0.0,0.0,0.0,0.0,0.0
89390cb0837ffff,,,,,0.0,0.0,0.0,0.0,0.0,0.0,0.0,0.0,0.0,0.0
89390cbab0fffff,,,,,0.0,0.0,0.0,0.0,0.0,0.0,0.0,0.0,0.0,0.0
89390cb52bbffff,3.0,1989.0,1996.3333333333333,1989.6,0.0,0.0,0.0,0.0,3.0,0.0,0.0,0.0,0.0,0.0
89390ca367bffff,,,,,0.0,0.0,0.0,0.0,0.0,0.0,0.0,0.0,0.0,0.0
89390cb0dcfffff,,,,,0.0,0.0,0.0,0.0,0.0,0.0,0.0,0.0,0.0,0.0
89390ca2e43ffff,1.0,1990.0,1990.0,1990.0,0.0,0.0,0.0,0.0,1.0,0.0,0.0,0.0,0.0,0.0
89390cb5437ffff,,,,,0.0,0.0,0.0,0.0,0.0,0.0,0.0,0.0,0.0,0.0
89390cb09b3ffff,,,,,0.0,0.0,0.0,0.0,0.0,0.0,0.0,0.0,0.0,0.0
89390cb85c7ffff,,,,,0.0,0.0,0.0,0.0,0.0,0.0,0.0,0.0,0.0,0.0
89390ca260bffff,1.0,1912.0,1912.0,1912.0,0.0,0.0,0.0,1.0,0.0,0.0,0.0,0.0,1.0,0.6931471805599453
89390cb1d0fffff,3.0,2001.0,2005.3333333333333,2002.0,0.0,0.0,0.0,0.0,3.0,0.0,0.0,0.0,0.0,0.0
89390cb23cbffff,,,,,0.0,0.0,0.0,0.0,0.0,0.0,0.0,0.0,0.0,0.0
89390cb017bffff,,,,,0.0,0.0,0.0,0.0,0.0,0.0,0.0,0.0,0.0,0.0
89390ca2cc7ffff,,,,,0.0,0.0,0.0,0.0,0.0,0.0,0.0,0.0,0.0,0.0
89390ca065bffff,,,,,0.0,0.0,0.0,0.0,0.0,0.0,0.0,0.0,0.0,0.0
89390cb14d7ffff,,,,,0.0,0.0,0.0,0.0,0.0,0.0,0.0,0.0,0.0,0.0
89390ca354bffff,,,,,0.0,0.0,0.0,0.0,0.0,0.0,0.0,0.0,0.0,0.0
89390cb0c53ffff,1.0,2020.0,2020.0,2020.0,0.0,0.0,0.0,0.0,1.0,0.0,0.0,0.0,0.0,0.0
89390cb56d7ffff,,,,,0.0,0.0,0.0,0.0,0.0,0.0,0.0,0.0,0.0,0.0
89390ca312fffff,3.0,1988.0,1994.6666666666667,1990.0,0.0,0.0,0.0,0.0,3.0,0.0,0.0,0.0,0.0,0.0
89390cb2833ffff,,,,,0.0,0.0,0.0,0.0,0.0,0.0,0.0,0.0,0.0,0.0
89390ca2d13ffff,,,,,0.0,0.0,0.0,0.0,0.0,0.0,0.0,0.0,0.0,0.0
89390cb5307ffff,,,,,0.0,0.0,0.0,0.0,0.0,0.0,0.0,0.0,0.0,0.0
89390cb0467ffff,,,,,0.0,0.0,0.0,0.0,0.0,0.0,0.0,0.0,0.0,0.0
89390ca24dbffff,5.0,1920.0,1964.2,1932.0,0.0,0.0,0.0,1.0,4.0,0.0,0.0,0.0,1.0,0.6931471805599453
89390ca052bffff,,,,,0.0,0.0,0.0,0.0,0.0,0.0,0.0,0.0,0.0,0.0
89390cba8afffff,,,,,0.0,0.0,0.0,0.0,0.0,0.0,0.0,0.0,0.0,0.0
89390ca341bffff,6.0,1718.0,1886.6666666666667,1720.0,0.0,0.0,2.0,1.0,3.0,0.0,0.0,1.0,5.0,1.791759469228055
89390cb726bffff,,,,,0.0,0.0,0.0,0.0,0.0,0.0,0.0,0.0,0.0,0.0
89390ca010fffff,,,,,0.0,0.0,0.0,0.0,0.0,0.0,0.0,0.0,0.0,0.0
89390cb0b6fffff,,,,,0.0,0.0,0.0,0.0,0.0,0.0,0.0,0.0,0.0,0.0
89390cb1ecbffff,,,,,0.0,0.0,0.0,0.0,0.0,0.0,0.0,0.0,0.0,0.0
89390cb0337ffff,2.0,1970.0,1984.5,1972.9,0.0,0.0,0.0,0.0,2.0,0.0,0.0,0.0,0.0,0.0
89390ca23abffff,,,,,0.0,0.0,0.0,0.0,0.0,0.0,0.0,0.0,0.0,0.0
89390cb1aafffff,4.0,1750.0,1909.25,1789.6,0.0,0.0,1.0,1.0,2.0,0.0,0.0,1.0,3.0,1.3862943611198906
89390cbab9bffff,2.0,1915.0,1927.5,1917.5,0.0,0.0,0.0,1.0,1.0,0.0,0.0,0.0,1.0,0.6931471805599453
89390cb0e5bffff,,,,,0.0,0.0,0.0,0.0,0.0,0.0,0.0,0.0,0.0,0.0
89390ca2ecfffff,,,,,0.0,0.0,0.0,0.0,0.0,0.0,0.0,0.0,0.0,0.0
89390cb54c3ffff,,,,,0.0,0.0,0.0,0.0,0.0,0.0,0.0,0.0,0.0,0.0
89390ca2ab3ffff,,,,,0.0,0.0,0.0,0.0,0.0,0.0,0.0,0.0,0.0,0.0
89390cb50a7ffff,,,,,0.0,0.0,0.0,0.0,0.0,0.0,0.0,0.0,0.0,0.0
89390ca2697ffff,4.0,1853.0,1951.75,1888.1,0.0,0.0,1.0,0.0,3.0,0.0,0.0,1.0,2.0,1.0986122886681098
89390cb1d9bffff,,,,,0.0,0.0,0.0,0.0,0.0,0.0,0.0,0.0,0.0,0.0
89390cb0207ffff,,,,,0.0,0.0,0.0,0.0,0.0,0.0,0.0,0.0,0.0,0.0
89390ca227bffff,1.0,1987.0,1987.0,1987.0,0.0,0.0,0.0,0.0,1.0,0.0,0.0,0.0,0.0,0.0
89390cb1563ffff,,,,,0.0,0.0,0.0,0.0,0.0,0.0,0.0,0.0,0.0,0.0
89390ca35d7ffff,6.0,1780.0,1928.6666666666667,1836.0,0.0,0.0,1.0,2.0,3.0,0.0,0.0,1.0,4.0,1.6094379124341003
89390cb1147ffff,,,,,0.0,0.0,0.0,0.0,0.0,0.0,0.0,0.0,0.0,0.0
89390ca31bbffff,,,,,0.0,0.0,0.0,0.0,0.0,0.0,0.0,0.0,0.0,0.0
89390cb148bffff,,,,,0.0,0.0,0.0,0.0,0.0,0.0,0.0,0.0,0.0,0.0
89390cb7343ffff,,,,,0.0,0.0,0.0,0.0,0.0,0.0,0.0,0.0,0.0,0.0
89390cb0d2bffff,1.0,1960.0,1960.0,1960.0,0.0,0.0,0.0,0.0,1.0,0.0,0.0,0.0,0.0,0.0
89390cba993ffff,1.0,1995.0,1995.0,1995.0,0.0,0.0,0.0,0.0,1.0,0.0,0.0,0.0,0.0,0.0
89390cb5393ffff,,,,,0.0,0.0,0.0,0.0,0.0,0.0,0.0,0.0,0.0,0.0
89390cb090fffff,,,,,0.0,0.0,0.0,0.0,0.0,0.0,0.0,0.0,0.0,0.0
89390ca2567ffff,,,,,0.0,0.0,0.0,0.0,0.0,0.0,0.0,0.0,0.0,0.0
89390cb1c6bffff,1.0,1955.0,1955.0,1955.0,0.0,0.0,0.0,0.0,1.0,0.0,0.0,0.0,0.0,0.0
89390ca060fffff,,,,,0.0,0.0,0.0,0.0,0.0,0.0,0.0,0.0,0.0,0.0
89390cb00d7ffff,,,,,0.0,0.0,0.0,0.0,0.0,0.0,0.0,0.0,0.0,0.0
89390ca214bffff,,,,,0.0,0.0,0.0,0.0,0.0,0.0,0.0,0.0,0.0,0.0
89390cbad57ffff,1.0,1972.0,1972.0,1972.0,0.0,0.0,0.0,0.0,1.0,0.0,0.0,0.0,0.0,0.0
89390cb184fffff,6.0,1817.0,1944.5,1861.5,0.0,0.0,1.0,1.0,4.0,0.0,0.0,1.0,3.0,1.3862943611198906
89390ca05b7ffff,1.0,1998.0,1998.0,1998.0,0.0,0.0,0.0,0.0,1.0,0.0,0.0,0.0,0.0,0.0
89390cba93bffff,,,,,0.0,0.0,0.0,0.0,0.0,0.0,0.0,0.0,0.0,0.0
89390cb1433ffff,1.0,1994.0,1994.0,1994.0,0.0,0.0,0.0,0.0,1.0,0.0,0.0,0.0,0.0,0.0
89390ca34a7ffff,7.0,1853.0,1979.7142857142858,1928.6,0.0,0.0,1.0,0.0,6.0,0.0,0.0,1.0,2.0,1.0986122886681098
89390cb2babffff,,,,,0.0,0.0,0.0,0.0,0.0,0.0,0.0,0.0,0.0,0.0
89390ca019bffff,,,,,0.0,0.0,0.0,0.0,0.0,0.0,0.0,0.0,0.0,0.0
89390cb8da7ffff,,,,,0.0,0.0,0.0,0.0,0.0,0.0,0.0,0.0,0.0,0.0
89390ca308bffff,1.0,1931.0,1931.0,1931.0,0.0,0.0,0.0,1.0,0.0,0.0,0.0,0.0,1.0,0.6931471805599453
89390cb18a7ffff,6.0,1870.0,1953.8333333333333,1899.5,0.0,0.0,0.0,2.0,4.0,0.0,0.0,0.0,2.0,1.0986122886681098
89390cb898bffff,,,,,0.0,0.0,0.0,0.0,0.0,0.0,0.0,0.0,0.0,0.0
89390ca2c6fffff,,,,,0.0,0.0,0.0,0.0,0.0,0.0,0.0,0.0,0.0,0.0
89390cbadafffff,,,,,0.0,0.0,0.0,0.0,0.0,0.0,0.0,0.0,0.0,0.0
89390ca21a3ffff,1.0,1991.0,1991.0,1991.0,0.0,0.0,0.0,0.0,1.0,0.0,0.0,0.0,0.0,0.0
89390cb5263ffff,,,,,0.0,0.0,0.0,0.0,0.0,0.0,0.0,0.0,0.0,0.0
89390ca2853ffff,1.0,1973.0,1973.0,1973.0,0.0,0.0,0.0,0.0,1.0,0.0,0.0,0.0,0.0,0.0
89390cb012fffff,,,,,0.0,0.0,0.0,0.0,0.0,0.0,0.0,0.0,0.0,0.0
89390cb03c3ffff,,,,,0.0,0.0,0.0,0.0,0.0,0.0,0.0,0.0,0.0,0.0
89390ca2437ffff,2.0,1975.0,1979.5,1975.9,0.0,0.0,0.0,0.0,2.0,0.0,0.0,0.0,0.0,0.0
89390cb1b3bffff,32.0,1745.0,1917.5,1858.3,0.0,0.0,4.0,18.0,10.0,0.0,0.0,1.0,26.0,3.295836866004329
89390ca201bffff,1.0,2007.0,2007.0,2007.0,0.0,0.0,0.0,0.0,1.0,0.0,0.0,0.0,0.0,0.0
89390cbac27ffff,,,,,0.0,0.0,0.0,0.0,0.0,0.0,0.0,0.0,0.0,0.0
89390ca0487ffff,2.0,1960.0,1975.5,1963.1,0.0,0.0,0.0,0.0,2.0,0.0,0.0,0.0,0.0,0.0
89390cba80bffff,,,,,0.0,0.0,0.0,0.0,0.0,0.0,0.0,0.0,0.0,0.0
89390ca3377ffff,,,,,0.0,0.0,0.0,0.0,0.0,0.0,0.0,0.0,0.0,0.0
89390ca006bffff,,,,,0.0,0.0,0.0,0.0,0.0,0.0,0.0,0.0,0.0,0.0
89390cb554fffff,,,,,0.0,0.0,0.0,0.0,0.0,0.0,0.0,0.0,0.0,0.0
89390cb0acbffff,2.0,1932.0,1960.0,1937.6,0.0,0.0,0.0,1.0,1.0,0.0,0.0,0.0,1.0,0.6931471805599453
89390cb1e27ffff,3.0,1862.0,1936.6666666666667,1878.2,0.0,0.0,0.0,1.0,2.0,0.0,0.0,0.0,1.0,0.6931471805599453
89390cb1cc3ffff,,,,,0.0,0.0,0.0,0.0,0.0,0.0,0.0,0.0,0.0,0.0
89390ca2307ffff,,,,,0.0,0.0,0.0,0.0,0.0,0.0,0.0,0.0,0.0,0.0
89390cb1a0bffff,5.0,1956.0,1956.0,1956.0,0.0,0.0,0.0,0.0,5.0,0.0,0.0,0.0,0.0,0.0
89390ca3663ffff,,,,,0.0,0.0,0.0,0.0,0.0,0.0,0.0,0.0,0.0,0.0
89390cb054bffff,,,,,0.0,0.0,0.0,0.0,0.0,0.0,0.0,0.0,0.0,0.0
89390cb11d3ffff,,,,,0.0,0.0,0.0,0.0,0.0,0.0,0.0,0.0,0.0,0.0
89390ca3247ffff,,,,,0.0,0.0,0.0,0.0,0.0,0.0,0.0,0.0,0.0,0.0
89390ca0e47ffff,,,,,0.0,0.0,0.0,0.0,0.0,0.0,0.0,0.0,0.0,0.0
89390ca16b3ffff,,,,,0.0,0.0,0.0,0.0,0.0,0.0,0.0,0.0,0.0,0.0
89390cb099bffff,,,,,0.0,0.0,0.0,0.0,0.0,0.0,0.0,0.0,0.0,0.0
89390cb5003ffff,,,,,0.0,0.0,0.0,0.0,0.0,0.0,0.0,0.0,0.0,0.0
89390cb0163ffff,1.0,2011.0,2011.0,2011.0,0.0,0.0,0.0,0.0,1.0,0.0,0.0,0.0,0.0,0.0
89390ca21d7ffff,6.0,2004.0,2006.6666666666667,2005.5,0.0,0.0,0.0,0.0,6.0,0.0,0.0,0.0,0.0,0.0
89390cb18dbffff,1.0,1969.0,1969.0,1969.0,0.0,0.0,0.0,0.0,1.0,0.0,0.0,0.0,0.0,0.0
89390ca0643ffff,,,,,0.0,0.0,0.0,0.0,0.0,0.0,0.0,0.0,0.0,0.0
89390cba9c7ffff,,,,,0.0,0.0,0.0,0.0,0.0,0.0,0.0,0.0,0.0,0.0
89390ca3533ffff,3.0,1922.0,1962.6666666666667,1929.2,0.0,0.0,0.0,1.0,2.0,0.0,0.0,0.0,1.0,0.6931471805599453
89390cb2c37ffff,,,,,0.0,0.0,0.0,0.0,0.0,0.0,0.0,0.0,0.0,0.0
89390ca0227ffff,,,,,0.0,0.0,0.0,0.0,0.0,0.0,0.0,0.0,0.0,0.0
89390cb10a3ffff,,,,,0.0,0.0,0.0,0.0,0.0,0.0,0.0,0.0,0.0,0.0
89390ca3117ffff,,,,,0.0,0.0,0.0,0.0,0.0,0.0,0.0,0.0,0.0,0.0
89390cb0c87ffff,,,,,0.0,0.0,0.0,0.0,0.0,0.0,0.0,0.0,0.0,0.0
89390cb086bffff,1.0,1980.0,1980.0,1980.0,0.0,0.0,0.0,0.0,1.0,0.0,0.0,0.0,0.0,0.0
89390ca24c3ffff,7.0,1932.0,1975.142857142857,1946.4,0.0,0.0,0.0,1.0,6.0,0.0,0.0,0.0,1.0,0.6931471805599453
89390cb1bc7ffff,7.0,1596.0,1890.4285714285713,1771.2,0.0,1.0,0.0,3.0,3.0,0.0,1.0,1.0,6.0,1.9459101490553132
89390cb0033ffff,,,,,0.0,0.0,0.0,0.0,0.0,0.0,0.0,0.0,0.0,0.0
89390ca20a7ffff,2.0,1986.0,1989.5,1986.7,0.0,0.0,0.0,0.0,2.0,0.0,0.0,0.0,0.0,0.0
89390ca0513ffff,,,,,0.0,0.0,0.0,0.0,0.0,0.0,0.0,0.0,0.0,0.0
89390ca1c8bffff,,,,,0.0,0.0,0.0,0.0,0.0,0.0,0.0,0.0,0.0,0.0
89390cba897ffff,,,,,0.0,0.0,0.0,0.0,0.0,0.0,0.0,0.0,0.0,0.0
89390ca3403ffff,2.0,2008.0,2009.5,2008.3,0.0,0.0,0.0,0.0,2.0,0.0,0.0,0.0,0.0,0.0
89390cb2b07ffff,,,,,0.0,0.0,0.0,0.0,0.0,0.0,0.0,0.0,0.0,0.0
89390ca1453ffff,,,,,0.0,0.0,0.0,0.0,0.0,0.0,0.0,0.0,0.0,0.0
89390cb55dbffff,,,,,0.0,0.0,0.0,0.0,0.0,0.0,0.0,0.0,0.0,0.0
89390cb0b57ffff,1.0,2002.0,2002.0,2002.0,0.0,0.0,0.0,0.0,1.0,0.0,0.0,0.0,0.0,0.0
89390ca764fffff,,,,,0.0,0.0,0.0,0.0,0.0,0.0,0.0,0.0,0.0,0.0
89390ca2bcbffff,,,,,0.0,0.0,0.0,0.0,0.0,0.0,0.0,0.0,0.0,0.0
89390cb1eb3ffff,,,,,0.0,0.0,0.0,0.0,0.0,0.0,0.0,0.0,0.0,0.0
89390ca2393ffff,2.0,1884.0,1895.5,1886.3,0.0,0.0,0.0,2.0,0.0,0.0,0.0,0.0,2.0,1.0986122886681098
89390cb1a97ffff,1.0,1984.0,1984.0,1984.0,0.0,0.0,0.0,0.0,1.0,0.0,0.0,0.0,0.0,0.0
89390cb0d83ffff,,,,,0.0,0.0,0.0,0.0,0.0,0.0,0.0,0.0,0.0,0.0
89390cbab83ffff,2.0,1200.0,1580.5,1276.1,1.0,0.0,0.0,0.0,1.0,1.0,1.0,1.0,4.0,1.6094379124341003
89390ca32d3ffff,,,,,0.0,0.0,0.0,0.0,0.0,0.0,0.0,0.0,0.0,0.0
89390cb29d7ffff,1.0,2007.0,2007.0,2007.0,0.0,0.0,0.0,0.0,1.0,0.0,0.0,0.0,0.0,0.0
89390cb0e43ffff,,,,,0.0,0.0,0.0,0.0,0.0,0.0,0.0,0.0,0.0,0.0
89390ca2eb7ffff,,,,,0.0,0.0,0.0,0.0,0.0,0.0,0.0,0.0,0.0,0.0
89390cb54abffff,,,,,0.0,0.0,0.0,0.0,0.0,0.0,0.0,0.0,0.0,0.0
89390cb0a27ffff,1.0,1967.0,1967.0,1967.0,0.0,0.0,0.0,0.0,1.0,0.0,0.0,0.0,0.0,0.0
89390ca2a9bffff,,,,,0.0,0.0,0.0,0.0,0.0,0.0,0.0,0.0,0.0,0.0
89390cb1d83ffff,,,,,0.0,0.0,0.0,0.0,0.0,0.0,0.0,0.0,0.0,0.0
89390ca2263ffff,,,,,0.0,0.0,0.0,0.0,0.0,0.0,0.0,0.0,0.0,0.0
89390cbae6fffff,,,,,0.0,0.0,0.0,0.0,0.0,0.0,0.0,0.0,0.0,0.0
89390cb1967ffff,7.0,1880.0,1960.2857142857142,1922.6,0.0,0.0,0.0,1.0,6.0,0.0,0.0,0.0,1.0,0.6931471805599453
89390ca06cfffff,,,,,0.0,0.0,0.0,0.0,0.0,0.0,0.0,0.0,0.0,0.0
89390cbaa53ffff,,,,,0.0,0.0,0.0,0.0,0.0,0.0,0.0,0.0,0.0,0.0
89390cb154bffff,,,,,0.0,0.0,0.0,0.0,0.0,0.0,0.0,0.0,0.0,0.0
89390ca3213ffff,,,,,0.0,0.0,0.0,0.0,0.0,0.0,0.0,0.0,0.0,0.0
89390cb112fffff,,,,,0.0,0.0,0.0,0.0,0.0,0.0,0.0,0.0,0.0,0.0
89390ca31a3ffff,2.0,1962.0,1967.0,1963.0,0.0,0.0,0.0,0.0,2.0,0.0,0.0,0.0,0.0,0.0
89390cb28a7ffff,1.0,1975.0,1975.0,1975.0,0.0,0.0,0.0,0.0,1.0,0.0,0.0,0.0,0.0,0.0
89390cb0d13ffff,1.0,2007.0,2007.0,2007.0,0.0,0.0,0.0,0.0,1.0,0.0,0.0,0.0,0.0,0.0
89390ca2d87ffff,,,,,0.0,0.0,0.0,0.0,0.0,0.0,0.0,0.0,0.0,0.0
89390cb537bffff,,,,,0.0,0.0,0.0,0.0,0.0,0.0,0.0,0.0,0.0,0.0
89390ca254fffff,2.0,1973.0,1982.0,1974.8,0.0,0.0,0.0,0.0,2.0,0.0,0.0,0.0,0.0,0.0
89390cb1c53ffff,,,,,0.0,0.0,0.0,0.0,0.0,0.0,0.0,0.0,0.0,0.0
89390ca2133ffff,1.0,1999.0,1999.0,1999.0,0.0,0.0,0.0,0.0,1.0,0.0,0.0,0.0,0.0,0.0
89390cb1837ffff,2.0,1849.0,1898.0,1858.8,0.0,0.0,1.0,0.0,1.0,0.0,0.0,1.0,2.0,1.0986122886681098
89390ca0323ffff,,,,,0.0,0.0,0.0,0.0,0.0,0.0,0.0,0.0,0.0,0.0
89390cba923ffff,,,,,0.0,0.0,0.0,0.0,0.0,0.0,0.0,0.0,0.0,0.0
89390ca348fffff,2.0,1884.0,1908.5,1888.9,0.0,0.0,0.0,2.0,0.0,0.0,0.0,0.0,2.0,1.0986122886681098
89390cb2b93ffff,,,,,0.0,0.0,0.0,0.0,0.0,0.0,0.0,0.0,0.0,0.0
89390ca3073ffff,,,,,0.0,0.0,0.0,0.0,0.0,0.0,0.0,0.0,0.0,0.0
89390cb8973ffff,,,,,0.0,0.0,0.0,0.0,0.0,0.0,0.0,0.0,0.0,0.0
89390ca362fffff,3.0,1983.0,1988.6666666666667,1983.4,0.0,0.0,0.0,0.0,3.0,0.0,0.0,0.0,0.0,0.0
89390cb5667ffff,1.0,2001.0,2001.0,2001.0,0.0,0.0,0.0,0.0,1.0,0.0,0.0,0.0,0.0,0.0
89390ca76dbffff,,,,,0.0,0.0,0.0,0.0,0.0,0.0,0.0,0.0,0.0,0.0
89390ca2c57ffff,,,,,0.0,0.0,0.0,0.0,0.0,0.0,0.0,0.0,0.0,0.0
89390cb235bffff,,,,,0.0,0.0,0.0,0.0,0.0,0.0,0.0,0.0,0.0,0.0
89390cb524bffff,2.0,1980.0,1988.5,1981.7,0.0,0.0,0.0,0.0,2.0,0.0,0.0,0.0,0.0,0.0
89390ca0ca7ffff,,,,,0.0,0.0,0.0,0.0,0.0,0.0,0.0,0.0,0.0,0.0
89390cb03abffff,,,,,0.0,0.0,0.0,0.0,0.0,0.0,0.0,0.0,0.0,0.0
89390cb1b23ffff,20.0,1634.0,1898.65,1768.0,0.0,1.0,4.0,6.0,9.0,0.0,1.0,1.0,17.0,2.8903717578961645
89390ca2003ffff,,,,,0.0,0.0,0.0,0.0,0.0,0.0,0.0,0.0,0.0,0.0
89390ca046fffff,,,,,0.0,0.0,0.0,0.0,0.0,0.0,0.0,0.0,0.0,0.0
89390cb2a63ffff,,,,,0.0,0.0,0.0,0.0,0.0,0.0,0.0,0.0,0.0,0.0
89390ca0053ffff,,,,,0.0,0.0,0.0,0.0,0.0,0.0,0.0,0.0,0.0,0.0
89390cb0ecfffff,2.0,1982.0,1987.0,1983.0,0.0,0.0,0.0,0.0,2.0,0.0,0.0,0.0,0.0,0.0
89390cb0ab3ffff,,,,,0.0,0.0,0.0,0.0,0.0,0.0,0.0,0.0,0.0,0.0
89390cb222bffff,3.0,1928.0,1941.3333333333333,1930.4,0.0,0.0,0.0,1.0,2.0,0.0,0.0,0.0,1.0,0.6931471805599453
89390cb1e0fffff,,,,,0.0,0.0,0.0,0.0,0.0,0.0,0.0,0.0,0.0,0.0
89390cb027bffff,,,,,0.0,0.0,0.0,0.0,0.0,0.0,0.0,0.0,0.0,0.0
89390ca364bffff,,,,,0.0,0.0,0.0,0.0,0.0,0.0,0.0,0.0,0.0,0.0
89390cb11bbffff,,,,,0.0,0.0,0.0,0.0,0.0,0.0,0.0,0.0,0.0,0.0
89390ca322fffff,,,,,0.0,0.0,0.0,0.0,0.0,0.0,0.0,0.0,0.0,0.0
89390cb19d7ffff,6.0,1908.0,1912.8333333333333,1908.0,0.0,0.0,0.0,6.0,0.0,0.0,0.0,0.0,6.0,1.9459101490553132
89390ca169bffff,,,,,0.0,0.0,0.0,0.0,0.0,0.0,0.0,0.0,0.0,0.0
89390ca22d3ffff,1.0,1915.0,1915.0,1915.0,0.0,0.0,0.0,1.0,0.0,0.0,0.0,0.0,1.0,0.6931471805599453
89390ca2e13ffff,,,,,0.0,0.0,0.0,0.0,0.0,0.0,0.0,0.0,0.0,0.0
89390cb5407ffff,,,,,0.0,0.0,0.0,0.0,0.0,0.0,0.0,0.0,0.0,0.0
89390cb0983ffff,,,,,0.0,0.0,0.0,0.0,0.0,0.0,0.0,0.0,0.0,0.0
89390cb0567ffff,,,,,0.0,0.0,0.0,0.0,0.0,0.0,0.0,0.0,0.0,0.0
89390ca25dbffff,3.0,1910.0,1969.3333333333333,1926.2,0.0,0.0,0.0,1.0,2.0,0.0,0.0,0.0,1.0,0.6931471805599453
89390cb014bffff,,,,,0.0,0.0,0.0,0.0,0.0,0.0,0.0,0.0,0.0,0.0
89390cbadcbffff,,,,,0.0,0.0,0.0,0.0,0.0,0.0,0.0,0.0,0.0,0.0
89390cb18c3ffff,5.0,1507.0,1856.2,1641.8,0.0,1.0,1.0,0.0,3.0,0.0,1.0,1.0,5.0,1.791759469228055
89390ca062bffff,,,,,0.0,0.0,0.0,0.0,0.0,0.0,0.0,0.0,0.0,0.0
89390cba9afffff,3.0,1888.0,1906.6666666666667,1892.6,0.0,0.0,0.0,3.0,0.0,0.0,0.0,0.0,3.0,1.3862943611198906
89390ca351bffff,,,,,0.0,0.0,0.0,0.0,0.0,0.0,0.0,0.0,0.0,0.0
89390cb2803ffff,,,,,0.0,0.0,0.0,0.0,0.0,0.0,0.0,0.0,0.0,0.0
89390ca156bffff,,,,,0.0,0.0,0.0,0.0,0.0,0.0,0.0,0.0,0.0,0.0
89390cb0c6fffff,1.0,1908.0,1908.0,1908.0,0.0,0.0,0.0,1.0,0.0,0.0,0.0,0.0,1.0,0.6931471805599453
89390cb52d7ffff,2.0,2003.0,2004.0,2003.2,0.0,0.0,0.0,0.0,2.0,0.0,0.0,0.0,0.0,0.0
89390cb0853ffff,3.0,1964.0,1970.0,1964.0,0.0,0.0,0.0,0.0,3.0,0.0,0.0,0.0,0.0,0.0
89390cb0437ffff,,,,,0.0,0.0,0.0,0.0,0.0,0.0,0.0,0.0,0.0,0.0
89390ca24abffff,,,,,0.0,0.0,0.0,0.0,0.0,0.0,0.0,0.0,0.0,0.0
89390cb1bafffff,26.0,1752.0,1931.3461538461538,1863.5,0.0,0.0,2.0,9.0,15.0,0.0,0.0,1.0,13.0,2.6390573296152584
89390cb001bffff,,,,,0.0,0.0,0.0,0.0,0.0,0.0,0.0,0.0,0.0,0.0
89390ca208fffff,1.0,1964.0,1964.0,1964.0,0.0,0.0,0.0,0.0,1.0,0.0,0.0,0.0,0.0,0.0
89390cb1377ffff,,,,,0.0,0.0,0.0,0.0,0.0,0.0,0.0,0.0,0.0,0.0
89390ca143bffff,1.0,2005.0,2005.0,2005.0,0.0,0.0,0.0,0.0,1.0,0.0,0.0,0.0,0.0,0.0
89390cb1e9bffff,,,,,0.0,0.0,0.0,0.0,0.0,0.0,0.0,0.0,0.0,0.0
89390cb0307ffff,,,,,0.0,0.0,0.0,0.0,0.0,0.0,0.0,0.0,0.0,0.0
89390ca237bffff,,,,,0.0,0.0,0.0,0.0,0.0,0.0,0.0,0.0,0.0,0.0
89390cbab6bffff,,,,,0.0,0.0,0.0,0.0,0.0,0.0,0.0,0.0,0.0,0.0
89390ca36d7ffff,,,,,0.0,0.0,0.0,0.0,0.0,0.0,0.0,0.0,0.0,0.0
89390ca32bbffff,,,,,0.0,0.0,0.0,0.0,0.0,0.0,0.0,0.0,0.0,0.0
89390cba333ffff,,,,,0.0,0.0,0.0,0.0,0.0,0.0,0.0,0.0,0.0,0.0
89390ca2b0bffff,,,,,0.0,0.0,0.0,0.0,0.0,0.0,0.0,0.0,0.0,0.0
89390cb0e2bffff,1.0,1999.0,1999.0,1999.0,0.0,0.0,0.0,0.0,1.0,0.0,0.0,0.0,0.0,0.0
89390cb5493ffff,,,,,0.0,0.0,0.0,0.0,0.0,0.0,0.0,0.0,0.0,0.0
89390cb0a0fffff,1.0,1980.0,1980.0,1980.0,0.0,0.0,0.0,0.0,1.0,0.0,0.0,0.0,0.0,0.0
89390cb0a97ffff,2.0,1961.0,1984.5,1965.7,0.0,0.0,0.0,0.0,2.0,0.0,0.0,0.0,0.0,0.0
89390ca2a83ffff,,,,,0.0,0.0,0.0,0.0,0.0,0.0,0.0,0.0,0.0,0.0
89390cb551bffff,,,,,0.0,0.0,0.0,0.0,0.0,0.0,0.0,0.0,0.0,0.0
89390cb5077ffff,,,,,0.0,0.0,0.0,0.0,0.0,0.0,0.0,0.0,0.0,0.0
89390ca2667ffff,,,,,0.0,0.0,0.0,0.0,0.0,0.0,0.0,0.0,0.0,0.0
89390cb1d6bffff,5.0,1864.0,1949.2,1883.6,0.0,0.0,0.0,2.0,3.0,0.0,0.0,0.0,2.0,1.0986122886681098
89390cb01d7ffff,,,,,0.0,0.0,0.0,0.0,0.0,0.0,0.0,0.0,0.0,0.0
89390ca224bffff,,,,,0.0,0.0,0.0,0.0,0.0,0.0,0.0,0.0,0.0,0.0
89390cb194fffff,10.0,1898.0,1948.8,1916.9,0.0,0.0,0.0,5.0,5.0,0.0,0.0,0.0,5.0,1.791759469228055
89390ca06b7ffff,,,,,0.0,0.0,0.0,0.0,0.0,0.0,0.0,0.0,0.0,0.0
89390cb1533ffff,,,,,0.0,0.0,0.0,0.0,0.0,0.0,0.0,0.0,0.0,0.0
89390ca35a7ffff,,,,,0.0,0.0,0.0,0.0,0.0,0.0,0.0,0.0,0.0,0.0
89390cb1117ffff,,,,,0.0,0.0,0.0,0.0,0.0,0.0,0.0,0.0,0.0,0.0
89390ca318bffff,,,,,0.0,0.0,0.0,0.0,0.0,0.0,0.0,0.0,0.0,0.0
89390cb288fffff,,,,,0.0,0.0,0.0,0.0,0.0,0.0,0.0,0.0,0.0,0.0
89390cb5363ffff,,,,,0.0,0.0,0.0,0.0,0.0,0.0,0.0,0.0,0.0,0.0
89390cb0eb3ffff,,,,,0.0,0.0,0.0,0.0,0.0,0.0,0.0,0.0,0.0,0.0
89390ca2537ffff,,,,,0.0,0.0,0.0,0.0,0.0,0.0,0.0,0.0,0.0,0.0
89390cb1c3bffff,1.0,1991.0,1991.0,1991.0,0.0,0.0,0.0,0.0,1.0,0.0,0.0,0.0,0.0,0.0
89390cb00a7ffff,,,,,0.0,0.0,0.0,0.0,0.0,0.0,0.0,0.0,0.0,0.0
89390ca211bffff,1.0,1989.0,1989.0,1989.0,0.0,0.0,0.0,0.0,1.0,0.0,0.0,0.0,0.0,0.0
89390cbad27ffff,,,,,0.0,0.0,0.0,0.0,0.0,0.0,0.0,0.0,0.0,0.0
89390ca0587ffff,1.0,1998.0,1998.0,1998.0,0.0,0.0,0.0,0.0,1.0,0.0,0.0,0.0,0.0,0.0
89390cba90bffff,1.0,1983.0,1983.0,1983.0,0.0,0.0,0.0,0.0,1.0,0.0,0.0,0.0,0.0,0.0
89390ca3477ffff,1.0,1968.0,1968.0,1968.0,0.0,0.0,0.0,0.0,1.0,0.0,0.0,0.0,0.0,0.0
89390ca0037ffff,,,,,0.0,0.0,0.0,0.0,0.0,0.0,0.0,0.0,0.0,0.0
89390cb2b7bffff,,,,,0.0,0.0,0.0,0.0,0.0,0.0,0.0,0.0,0.0,0.0
89390ca016bffff,1.0,2009.0,2009.0,2009.0,0.0,0.0,0.0,0.0,1.0,0.0,0.0,0.0,0.0,0.0
89390ca305bffff,3.0,1920.0,1965.6666666666667,1930.4,0.0,0.0,0.0,1.0,2.0,0.0,0.0,0.0,1.0,0.6931471805599453
89390ca14c7ffff,,,,,0.0,0.0,0.0,0.0,0.0,0.0,0.0,0.0,0.0,0.0
89390cb564fffff,,,,,0.0,0.0,0.0,0.0,0.0,0.0,0.0,0.0,0.0,0.0
89390cb0bcbffff,,,,,0.0,0.0,0.0,0.0,0.0,0.0,0.0,0.0,0.0,0.0
89390ca76c3ffff,,,,,0.0,0.0,0.0,0.0,0.0,0.0,0.0,0.0,0.0,0.0
89390ca3343ffff,,,,,0.0,0.0,0.0,0.0,0.0,0.0,0.0,0.0,0.0,0.0
89390ca10abffff,,,,,0.0,0.0,0.0,0.0,0.0,0.0,0.0,0.0,0.0,0.0
89390cb5233ffff,,,,,0.0,0.0,0.0,0.0,0.0,0.0,0.0,0.0,0.0,0.0
89390ca2407ffff,,,,,0.0,0.0,0.0,0.0,0.0,0.0,0.0,0.0,0.0,0.0
89390cb1b0bffff,42.0,1083.0,1919.5238095238096,1841.6,1.0,0.0,5.0,14.0,22.0,1.0,1.0,1.0,28.0,3.367295829986474
89390ca0457ffff,1.0,1994.0,1994.0,1994.0,0.0,0.0,0.0,0.0,1.0,0.0,0.0,0.0,0.0,0.0
89390ca3347ffff,,,,,0.0,0.0,0.0,0.0,0.0,0.0,0.0,0.0,0.0,0.0
89390ca003bffff,1.0,2011.0,2011.0,2011.0,0.0,0.0,0.0,0.0,1.0,0.0,0.0,0.0,0.0,0.0
89390cb0eb7ffff,,,,,0.0,0.0,0.0,0.0,0.0,0.0,0.0,0.0,0.0,0.0
89390ca0453ffff,,,,,0.0,0.0,0.0,0.0,0.0,0.0,0.0,0.0,0.0,0.0
89390cb0a9bffff,2.0,1969.0,1969.0,1969.0,0.0,0.0,0.0,0.0,2.0,0.0,0.0,0.0,0.0,0.0
89390ca2b0fffff,,,,,0.0,0.0,0.0,0.0,0.0,0.0,0.0,0.0,0.0,0.0
89390cb2213ffff,,,,,0.0,0.0,0.0,0.0,0.0,0.0,0.0,0.0,0.0,0.0
89390ca22d7ffff,,,,,0.0,0.0,0.0,0.0,0.0,0.0,0.0,0.0,0.0,0.0
89390cb19dbffff,2.0,1996.0,2001.5,1997.1,0.0,0.0,0.0,0.0,2.0,0.0,0.0,0.0,0.0,0.0
89390ca3633ffff,1.0,1992.0,1992.0,1992.0,0.0,0.0,0.0,0.0,1.0,0.0,0.0,0.0,0.0,0.0
89390cb11a3ffff,,,,,0.0,0.0,0.0,0.0,0.0,0.0,0.0,0.0,0.0,0.0
89390ca3217ffff,,,,,0.0,0.0,0.0,0.0,0.0,0.0,0.0,0.0,0.0,0.0
89390cb0d87ffff,,,,,0.0,0.0,0.0,0.0,0.0,0.0,0.0,0.0,0.0,0.0
89390cb096bffff,1.0,1998.0,1998.0,1998.0,0.0,0.0,0.0,0.0,1.0,0.0,0.0,0.0,0.0,0.0
89390cb054fffff,,,,,0.0,0.0,0.0,0.0,0.0,0.0,0.0,0.0,0.0,0.0
89390ca25c3ffff,,,,,0.0,0.0,0.0,0.0,0.0,0.0,0.0,0.0,0.0,0.0
89390cb1cc7ffff,,,,,0.0,0.0,0.0,0.0,0.0,0.0,0.0,0.0,0.0,0.0
89390cb0133ffff,,,,,0.0,0.0,0.0,0.0,0.0,0.0,0.0,0.0,0.0,0.0
89390ca21a7ffff,,,,,0.0,0.0,0.0,0.0,0.0,0.0,0.0,0.0,0.0,0.0
89390cbadb3ffff,,,,,0.0,0.0,0.0,0.0,0.0,0.0,0.0,0.0,0.0,0.0
89390cb18abffff,4.0,1978.0,1989.25,1978.6,0.0,0.0,0.0,0.0,4.0,0.0,0.0,0.0,0.0,0.0
89390ca0613ffff,,,,,0.0,0.0,0.0,0.0,0.0,0.0,0.0,0.0,0.0,0.0
89390cba997ffff,,,,,0.0,0.0,0.0,0.0,0.0,0.0,0.0,0.0,0.0,0.0
89390cb148fffff,,,,,0.0,0.0,0.0,0.0,0.0,0.0,0.0,0.0,0.0,0.0
89390ca3503ffff,,,,,0.0,0.0,0.0,0.0,0.0,0.0,0.0,0.0,0.0,0.0
89390cb726fffff,,,,,0.0,0.0,0.0,0.0,0.0,0.0,0.0,0.0,0.0,0.0
89390ca1553ffff,,,,,0.0,0.0,0.0,0.0,0.0,0.0,0.0,0.0,0.0,0.0
89390cb56dbffff,,,,,0.0,0.0,0.0,0.0,0.0,0.0,0.0,0.0,0.0,0.0
89390cb0c57ffff,,,,,0.0,0.0,0.0,0.0,0.0,0.0,0.0,0.0,0.0,0.0
89390ca2ccbffff,,,,,0.0,0.0,0.0,0.0,0.0,0.0,0.0,0.0,0.0,0.0
89390cb1b07ffff,14.0,1854.0,1944.857142857143,1874.5,0.0,0.0,1.0,4.0,9.0,0.0,0.0,1.0,6.0,1.9459101490553132
89390cb083bffff,,,,,0.0,0.0,0.0,0.0,0.0,0.0,0.0,0.0,0.0,0.0
89390ca2493ffff,1.0,1969.0,1969.0,1969.0,0.0,0.0,0.0,0.0,1.0,0.0,0.0,0.0,0.0,0.0
89390cb1b97ffff,5.0,1902.0,1935.4,1902.0,0.0,0.0,0.0,3.0,2.0,0.0,0.0,0.0,3.0,1.3862943611198906
89390ca2403ffff,,,,,0.0,0.0,0.0,0.0,0.0,0.0,0.0,0.0,0.0,0.0
89390cb0003ffff,,,,,0.0,0.0,0.0,0.0,0.0,0.0,0.0,0.0,0.0,0.0
89390ca2077ffff,2.0,1985.0,1998.0,1987.6,0.0,0.0,0.0,0.0,2.0,0.0,0.0,0.0,0.0,0.0
89390cb038fffff,1.0,1982.0,1982.0,1982.0,0.0,0.0,0.0,0.0,1.0,0.0,0.0,0.0,0.0,0.0
89390cba867ffff,1.0,2005.0,2005.0,2005.0,0.0,0.0,0.0,0.0,1.0,0.0,0.0,0.0,0.0,0.0
89390ca0c8bffff,,,,,0.0,0.0,0.0,0.0,0.0,0.0,0.0,0.0,0.0,0.0
89390ca33d3ffff,,,,,0.0,0.0,0.0,0.0,0.0,0.0,0.0,0.0,0.0,0.0
89390ca00c7ffff,,,,,0.0,0.0,0.0,0.0,0.0,0.0,0.0,0.0,0.0,0.0
89390ca1423ffff,,,,,0.0,0.0,0.0,0.0,0.0,0.0,0.0,0.0,0.0,0.0
89390cb0b27ffff,,,,,0.0,0.0,0.0,0.0,0.0,0.0,0.0,0.0,0.0,0.0
89390ca2b9bffff,,,,,0.0,0.0,0.0,0.0,0.0,0.0,0.0,0.0,0.0,0.0
89390cb1e83ffff,,,,,0.0,0.0,0.0,0.0,0.0,0.0,0.0,0.0,0.0,0.0
89390ca2363ffff,,,,,0.0,0.0,0.0,0.0,0.0,0.0,0.0,0.0,0.0,0.0
89390cb1a67ffff,,,,,0.0,0.0,0.0,0.0,0.0,0.0,0.0,0.0,0.0,0.0
89390cbab53ffff,,,,,0.0,0.0,0.0,0.0,0.0,0.0,0.0,0.0,0.0,0.0
89390ca03b3ffff,1.0,2011.0,2011.0,2011.0,0.0,0.0,0.0,0.0,1.0,0.0,0.0,0.0,0.0,0.0
89390ca32a3ffff,,,,,0.0,0.0,0.0,0.0,0.0,0.0,0.0,0.0,0.0,0.0
89390cb0e13ffff,1.0,1984.0,1984.0,1984.0,0.0,0.0,0.0,0.0,1.0,0.0,0.0,0.0,0.0,0.0
89390ca2e87ffff,,,,,0.0,0.0,0.0,0.0,0.0,0.0,0.0,0.0,0.0,0.0
89390cb547bffff,,,,,0.0,0.0,0.0,0.0,0.0,0.0,0.0,0.0,0.0,0.0
89390ca0ed7ffff,,,,,0.0,0.0,0.0,0.0,0.0,0.0,0.0,0.0,0.0,0.0
89390cb522fffff,1.0,1956.0,1956.0,1956.0,0.0,0.0,0.0,0.0,1.0,0.0,0.0,0.0,0.0,0.0
89390ca264fffff,13.0,1750.0,1901.6153846153845,1834.0,0.0,0.0,4.0,6.0,3.0,0.0,0.0,1.0,14.0,2.70805020110221
89390cb1d53ffff,,,,,0.0,0.0,0.0,0.0,0.0,0.0,0.0,0.0,0.0,0.0
89390ca2233ffff,2.0,2007.0,2010.5,2007.7,0.0,0.0,0.0,0.0,2.0,0.0,0.0,0.0,0.0,0.0
89390cb1937ffff,2.0,1980.0,1982.0,1980.4,0.0,0.0,0.0,0.0,2.0,0.0,0.0,0.0,0.0,0.0
89392b4d377ffff,,,,,0.0,0.0,0.0,0.0,0.0,0.0,0.0,0.0,0.0,0.0
89390cbaa23ffff,1.0,2009.0,2009.0,2009.0,0.0,0.0,0.0,0.0,1.0,0.0,0.0,0.0,0.0,0.0
89390cb151bffff,,,,,0.0,0.0,0.0,0.0,0.0,0.0,0.0,0.0,0.0,0.0
89390ca358fffff,1.0,1957.0,1957.0,1957.0,0.0,0.0,0.0,0.0,1.0,0.0,0.0,0.0,0.0,0.0
89390ca3173ffff,4.0,1991.0,1996.75,1993.1,0.0,0.0,0.0,0.0,4.0,0.0,0.0,0.0,0.0,0.0
89390cb2877ffff,,,,,0.0,0.0,0.0,0.0,0.0,0.0,0.0,0.0,0.0,0.0
89390cb534bffff,,,,,0.0,0.0,0.0,0.0,0.0,0.0,0.0,0.0,0.0,0.0
89390cb08c7ffff,,,,,0.0,0.0,0.0,0.0,0.0,0.0,0.0,0.0,0.0,0.0
89390cb04abffff,,,,,0.0,0.0,0.0,0.0,0.0,0.0,0.0,0.0,0.0,0.0
89390cb1c23ffff,1.0,1948.0,1948.0,1948.0,0.0,0.0,0.0,0.0,1.0,0.0,0.0,0.0,0.0,0.0
89390cb008fffff,,,,,0.0,0.0,0.0,0.0,0.0,0.0,0.0,0.0,0.0,0.0
89390cb0bc7ffff,,,,,0.0,0.0,0.0,0.0,0.0,0.0,0.0,0.0,0.0,0.0
89390cb564bffff,1.0,2003.0,2003.0,2003.0,0.0,0.0,0.0,0.0,1.0,0.0,0.0,0.0,0.0,0.0
89390ca2103ffff,,,,,0.0,0.0,0.0,0.0,0.0,0.0,0.0,0.0,0.0,0.0
89390ca14c3ffff,,,,,0.0,0.0,0.0,0.0,0.0,0.0,0.0,0.0,0.0,0.0
89390cbad0fffff,2.0,1950.0,1953.5,1950.7,0.0,0.0,0.0,0.0,2.0,0.0,0.0,0.0,0.0,0.0
89390cb1807ffff,5.0,1955.0,1969.4,1956.2,0.0,0.0,0.0,0.0,5.0,0.0,0.0,0.0,0.0,0.0
89390ca056fffff,,,,,0.0,0.0,0.0,0.0,0.0,0.0,0.0,0.0,0.0,0.0
89390cb5e6fffff,,,,,0.0,0.0,0.0,0.0,0.0,0.0,0.0,0.0,0.0,0.0
89390ca0153ffff,,,,,0.0,0.0,0.0,0.0,0.0,0.0,0.0,0.0,0.0,0.0
89390cb8957ffff,,,,,0.0,0.0,0.0,0.0,0.0,0.0,0.0,0.0,0.0,0.0
89390ca3043ffff,,,,,0.0,0.0,0.0,0.0,0.0,0.0,0.0,0.0,0.0,0.0
89390cb8943ffff,,,,,0.0,0.0,0.0,0.0,0.0,0.0,0.0,0.0,0.0,0.0
89390ca14afffff,,,,,0.0,0.0,0.0,0.0,0.0,0.0,0.0,0.0,0.0,0.0
89390cb0bb3ffff,3.0,1985.0,1990.3333333333333,1986.6,0.0,0.0,0.0,0.0,3.0,0.0,0.0,0.0,0.0,0.0
89390cb8527ffff,,,,,0.0,0.0,0.0,0.0,0.0,0.0,0.0,0.0,0.0,0.0
89390cb521bffff,,,,,0.0,0.0,0.0,0.0,0.0,0.0,0.0,0.0,0.0,0.0
89390ca3057ffff,3.0,1973.0,1978.3333333333333,1973.0,0.0,0.0,0.0,0.0,3.0,0.0,0.0,0.0,0.0,0.0
89390cb037bffff,,,,,0.0,0.0,0.0,0.0,0.0,0.0,0.0,0.0,0.0,0.0
89390cb326bffff,,,,,0.0,0.0,0.0,0.0,0.0,0.0,0.0,0.0,0.0,0.0
89390ca332fffff,,,,,0.0,0.0,0.0,0.0,0.0,0.0,0.0,0.0,0.0,0.0
89390ca0023ffff,,,,,0.0,0.0,0.0,0.0,0.0,0.0,0.0,0.0,0.0,0.0
89390cba3a7ffff,,,,,0.0,0.0,0.0,0.0,0.0,0.0,0.0,0.0,0.0,0.0
89390cb0a83ffff,,,,,0.0,0.0,0.0,0.0,0.0,0.0,0.0,0.0,0.0,0.0
89390ca26dbffff,24.0,1885.0,1965.5,1923.3,0.0,0.0,0.0,4.0,20.0,0.0,0.0,0.0,4.0,1.6094379124341003
89390cb024bffff,,,,,0.0,0.0,0.0,0.0,0.0,0.0,0.0,0.0,0.0,0.0
89390cb19c3ffff,2.0,2001.0,2008.5,2002.5,0.0,0.0,0.0,0.0,2.0,0.0,0.0,0.0,0.0,0.0
89390cbaaafffff,,,,,0.0,0.0,0.0,0.0,0.0,0.0,0.0,0.0,0.0,0.0
89390ca361bffff,,,,,0.0,0.0,0.0,0.0,0.0,0.0,0.0,0.0,0.0,0.0
89390ca3473ffff,1.0,1999.0,1999.0,1999.0,0.0,0.0,0.0,0.0,1.0,0.0,0.0,0.0,0.0,0.0
89390cb118bffff,,,,,0.0,0.0,0.0,0.0,0.0,0.0,0.0,0.0,0.0,0.0
89390cb0d6fffff,1.0,2007.0,2007.0,2007.0,0.0,0.0,0.0,0.0,1.0,0.0,0.0,0.0,0.0,0.0
89390cb53d7ffff,1.0,1999.0,1999.0,1999.0,0.0,0.0,0.0,0.0,1.0,0.0,0.0,0.0,0.0,0.0
89390cb0953ffff,,,,,0.0,0.0,0.0,0.0,0.0,0.0,0.0,0.0,0.0,0.0
89390cb0537ffff,,,,,0.0,0.0,0.0,0.0,0.0,0.0,0.0,0.0,0.0,0.0
89390ca25abffff,,,,,0.0,0.0,0.0,0.0,0.0,0.0,0.0,0.0,0.0,0.0
89390cba907ffff,,,,,0.0,0.0,0.0,0.0,0.0,0.0,0.0,0.0,0.0,0.0
89390cb1cafffff,,,,,0.0,0.0,0.0,0.0,0.0,0.0,0.0,0.0,0.0,0.0
89390ca218fffff,,,,,0.0,0.0,0.0,0.0,0.0,0.0,0.0,0.0,0.0,0.0
89390cbad9bffff,,,,,0.0,0.0,0.0,0.0,0.0,0.0,0.0,0.0,0.0,0.0
89390cb1893ffff,6.0,1906.0,1977.8333333333333,1938.0,0.0,0.0,0.0,1.0,5.0,0.0,0.0,0.0,1.0,0.6931471805599453
89390ca0583ffff,,,,,0.0,0.0,0.0,0.0,0.0,0.0,0.0,0.0,0.0,0.0
89390ca1d73ffff,,,,,0.0,0.0,0.0,0.0,0.0,0.0,0.0,0.0,0.0,0.0
89390ca30cfffff,6.0,1985.0,1985.8333333333333,1985.0,0.0,0.0,0.0,0.0,6.0,0.0,0.0,0.0,0.0,0.0
89390cb7257ffff,,,,,0.0,0.0,0.0,0.0,0.0,0.0,0.0,0.0,0.0,0.0
89390cb89cfffff,,,,,0.0,0.0,0.0,0.0,0.0,0.0,0.0,0.0,0.0,0.0
89390cb56c3ffff,2.0,1930.0,1964.0,1936.8,0.0,0.0,0.0,1.0,1.0,0.0,0.0,0.0,1.0,0.6931471805599453
89390ca2cb3ffff,,,,,0.0,0.0,0.0,0.0,0.0,0.0,0.0,0.0,0.0,0.0
89390cb85b3ffff,,,,,0.0,0.0,0.0,0.0,0.0,0.0,0.0,0.0,0.0,0.0
89390cb52a7ffff,1.0,1991.0,1991.0,1991.0,0.0,0.0,0.0,0.0,1.0,0.0,0.0,0.0,0.0,0.0
89390cb0823ffff,3.0,1997.0,2005.0,1999.0,0.0,0.0,0.0,0.0,3.0,0.0,0.0,0.0,0.0,0.0
89390cb0407ffff,,,,,0.0,0.0,0.0,0.0,0.0,0.0,0.0,0.0,0.0,0.0
89390ca247bffff,1.0,2001.0,2001.0,2001.0,0.0,0.0,0.0,0.0,1.0,0.0,0.0,0.0,0.0,0.0
89390cb181bffff,6.0,1954.0,1969.0,1954.0,0.0,0.0,0.0,0.0,6.0,0.0,0.0,0.0,0.0,0.0
89390ca04cbffff,1.0,1987.0,1987.0,1987.0,0.0,0.0,0.0,0.0,1.0,0.0,0.0,0.0,0.0,0.0
89390cba84fffff,,,,,0.0,0.0,0.0,0.0,0.0,0.0,0.0,0.0,0.0,0.0
89390cbad23ffff,,,,,0.0,0.0,0.0,0.0,0.0,0.0,0.0,0.0,0.0,0.0
89390ca2117ffff,,,,,0.0,0.0,0.0,0.0,0.0,0.0,0.0,0.0,0.0,0.0
89390ca33bbffff,,,,,0.0,0.0,0.0,0.0,0.0,0.0,0.0,0.0,0.0,0.0
89390ca00afffff,,,,,0.0,0.0,0.0,0.0,0.0,0.0,0.0,0.0,0.0,0.0
89390cb8cbbffff,,,,,0.0,0.0,0.0,0.0,0.0,0.0,0.0,0.0,0.0,0.0
89390ca140bffff,,,,,0.0,0.0,0.0,0.0,0.0,0.0,0.0,0.0,0.0,0.0
89390cb0b0fffff,,,,,0.0,0.0,0.0,0.0,0.0,0.0,0.0,0.0,0.0,0.0
89390ca2b83ffff,,,,,0.0,0.0,0.0,0.0,0.0,0.0,0.0,0.0,0.0,0.0
89390cb2287ffff,,,,,0.0,0.0,0.0,0.0,0.0,0.0,0.0,0.0,0.0,0.0
89390cb1e6bffff,,,,,0.0,0.0,0.0,0.0,0.0,0.0,0.0,0.0,0.0,0.0
89390ca234bffff,1.0,1980.0,1980.0,1980.0,0.0,0.0,0.0,0.0,1.0,0.0,0.0,0.0,0.0,0.0
89390cb1a4fffff,1.0,1981.0,1981.0,1981.0,0.0,0.0,0.0,0.0,1.0,0.0,0.0,0.0,0.0,0.0
89390cbab3bffff,,,,,0.0,0.0,0.0,0.0,0.0,0.0,0.0,0.0,0.0,0.0
89390ca36a7ffff,1.0,1948.0,1948.0,1948.0,0.0,0.0,0.0,0.0,1.0,0.0,0.0,0.0,0.0,0.0
89390cb1c37ffff,,,,,0.0,0.0,0.0,0.0,0.0,0.0,0.0,0.0,0.0,0.0
89390ca039bffff,,,,,0.0,0.0,0.0,0.0,0.0,0.0,0.0,0.0,0.0,0.0
89390ca2533ffff,,,,,0.0,0.0,0.0,0.0,0.0,0.0,0.0,0.0,0.0,0.0
89390ca328bffff,,,,,0.0,0.0,0.0,0.0,0.0,0.0,0.0,0.0,0.0,0.0
89390ca2e6fffff,,,,,0.0,0.0,0.0,0.0,0.0,0.0,0.0,0.0,0.0,0.0
89390cb5463ffff,,,,,0.0,0.0,0.0,0.0,0.0,0.0,0.0,0.0,0.0,0.0
89390ca2a53ffff,,,,,0.0,0.0,0.0,0.0,0.0,0.0,0.0,0.0,0.0,0.0
89390cb5047ffff,,,,,0.0,0.0,0.0,0.0,0.0,0.0,0.0,0.0,0.0,0.0
89390ca2637ffff,,,,,0.0,0.0,0.0,0.0,0.0,0.0,0.0,0.0,0.0,0.0
89390cb1d3bffff,1.0,1923.0,1923.0,1923.0,0.0,0.0,0.0,1.0,0.0,0.0,0.0,0.0,1.0,0.6931471805599453
89390cb01a7ffff,,,,,0.0,0.0,0.0,0.0,0.0,0.0,0.0,0.0,0.0,0.0
89390ca221bffff,3.0,1925.0,1936.6666666666667,1925.0,0.0,0.0,0.0,2.0,1.0,0.0,0.0,0.0,2.0,1.0986122886681098
89390cbae27ffff,1.0,2004.0,2004.0,2004.0,0.0,0.0,0.0,0.0,1.0,0.0,0.0,0.0,0.0,0.0
89390cbaa0bffff,,,,,0.0,0.0,0.0,0.0,0.0,0.0,0.0,0.0,0.0,0.0
89390cb1503ffff,,,,,0.0,0.0,0.0,0.0,0.0,0.0,0.0,0.0,0.0,0.0
89390ca3577ffff,1.0,1972.0,1972.0,1972.0,0.0,0.0,0.0,0.0,1.0,0.0,0.0,0.0,0.0,0.0
89390ca315bffff,,,,,0.0,0.0,0.0,0.0,0.0,0.0,0.0,0.0,0.0,0.0
89390cb0ccbffff,,,,,0.0,0.0,0.0,0.0,0.0,0.0,0.0,0.0,0.0,0.0
89390cb08afffff,1.0,2007.0,2007.0,2007.0,0.0,0.0,0.0,0.0,1.0,0.0,0.0,0.0,0.0,0.0
89390cb08dbffff,,,,,0.0,0.0,0.0,0.0,0.0,0.0,0.0,0.0,0.0,0.0
89390cb0493ffff,1.0,1547.0,1547.0,1547.0,0.0,1.0,0.0,0.0,0.0,0.0,1.0,1.0,3.0,1.3862943611198906
89390ca2507ffff,,,,,0.0,0.0,0.0,0.0,0.0,0.0,0.0,0.0,0.0,0.0
89390cb1c0bffff,1.0,1978.0,1978.0,1978.0,0.0,0.0,0.0,0.0,1.0,0.0,0.0,0.0,0.0,0.0
89390cb0077ffff,,,,,0.0,0.0,0.0,0.0,0.0,0.0,0.0,0.0,0.0,0.0
89390cba8dbffff,,,,,0.0,0.0,0.0,0.0,0.0,0.0,0.0,0.0,0.0,0.0
89390cb5e57ffff,,,,,0.0,0.0,0.0,0.0,0.0,0.0,0.0,0.0,0.0,0.0
89390ca3447ffff,1.0,2001.0,2001.0,2001.0,0.0,0.0,0.0,0.0,1.0,0.0,0.0,0.0,0.0,0.0
89390cb2b4bffff,,,,,0.0,0.0,0.0,0.0,0.0,0.0,0.0,0.0,0.0,0.0
89390ca013bffff,,,,,0.0,0.0,0.0,0.0,0.0,0.0,0.0,0.0,0.0,0.0
89390ca18b3ffff,,,,,0.0,0.0,0.0,0.0,0.0,0.0,0.0,0.0,0.0,0.0
89390ca302bffff,2.0,1998.0,2000.5,1998.5,0.0,0.0,0.0,0.0,2.0,0.0,0.0,0.0,0.0,0.0
89390cb892bffff,,,,,0.0,0.0,0.0,0.0,0.0,0.0,0.0,0.0,0.0,0.0
89390ca1497ffff,3.0,1842.0,1949.3333333333333,1874.2,0.0,0.0,1.0,0.0,2.0,0.0,0.0,1.0,2.0,1.0986122886681098
89390cb0b9bffff,,,,,0.0,0.0,0.0,0.0,0.0,0.0,0.0,0.0,0.0,0.0
89390ca2c0fffff,,,,,0.0,0.0,0.0,0.0,0.0,0.0,0.0,0.0,0.0,0.0
89390cb5203ffff,,,,,0.0,0.0,0.0,0.0,0.0,0.0,0.0,0.0,0.0,0.0
89390cb0363ffff,1.0,1974.0,1974.0,1974.0,0.0,0.0,0.0,0.0,1.0,0.0,0.0,0.0,0.0,0.0
89390ca23d7ffff,,,,,0.0,0.0,0.0,0.0,0.0,0.0,0.0,0.0,0.0,0.0
89390cb1adbffff,1.0,1782.0,1782.0,1782.0,0.0,0.0,1.0,0.0,0.0,0.0,0.0,1.0,2.0,1.0986122886681098
89390cbabc7ffff,1.0,1998.0,1998.0,1998.0,0.0,0.0,0.0,0.0,1.0,0.0,0.0,0.0,0.0,0.0
89390ca0427ffff,,,,,0.0,0.0,0.0,0.0,0.0,0.0,0.0,0.0,0.0,0.0
89390ca3317ffff,,,,,0.0,0.0,0.0,0.0,0.0,0.0,0.0,0.0,0.0,0.0
89390cb2a1bffff,,,,,0.0,0.0,0.0,0.0,0.0,0.0,0.0,0.0,0.0,0.0
89390ca000bffff,,,,,0.0,0.0,0.0,0.0,0.0,0.0,0.0,0.0,0.0,0.0
89390cba38fffff,,,,,0.0,0.0,0.0,0.0,0.0,0.0,0.0,0.0,0.0,0.0
89390cb0e87ffff,,,,,0.0,0.0,0.0,0.0,0.0,0.0,0.0,0.0,0.0,0.0
89390cb0a6bffff,2.0,1969.0,1984.5,1972.1,0.0,0.0,0.0,0.0,2.0,0.0,0.0,0.0,0.0,0.0
89390cb50d3ffff,1.0,2005.0,2005.0,2005.0,0.0,0.0,0.0,0.0,1.0,0.0,0.0,0.0,0.0,0.0
89390ca26c3ffff,6.0,1892.0,1950.1666666666667,1916.0,0.0,0.0,0.0,1.0,5.0,0.0,0.0,0.0,1.0,0.6931471805599453
89390cb1dc7ffff,,,,,0.0,0.0,0.0,0.0,0.0,0.0,0.0,0.0,0.0,0.0
89390cb0233ffff,,,,,0.0,0.0,0.0,0.0,0.0,0.0,0.0,0.0,0.0,0.0
89390cb288bffff,,,,,0.0,0.0,0.0,0.0,0.0,0.0,0.0,0.0,0.0,0.0
89390ca22a7ffff,,,,,0.0,0.0,0.0,0.0,0.0,0.0,0.0,0.0,0.0,0.0
89390cb19abffff,2.0,1931.0,1946.5,1934.1,0.0,0.0,0.0,1.0,1.0,0.0,0.0,0.0,1.0,0.6931471805599453
89390ca3187ffff,4.0,1962.0,1983.75,1967.4,0.0,0.0,0.0,0.0,4.0,0.0,0.0,0.0,0.0,0.0
89390cbaa97ffff,2.0,1976.0,1982.0,1977.2,0.0,0.0,0.0,0.0,2.0,0.0,0.0,0.0,0.0,0.0
89390ca3603ffff,,,,,0.0,0.0,0.0,0.0,0.0,0.0,0.0,0.0,0.0,0.0
89390cb1113ffff,,,,,0.0,0.0,0.0,0.0,0.0,0.0,0.0,0.0,0.0,0.0
89390cb1173ffff,,,,,0.0,0.0,0.0,0.0,0.0,0.0,0.0,0.0,0.0,0.0
89390cb0d57ffff,,,,,0.0,0.0,0.0,0.0,0.0,0.0,0.0,0.0,0.0,0.0
89390ca2dcbffff,,,,,0.0,0.0,0.0,0.0,0.0,0.0,0.0,0.0,0.0,0.0
89390cb093bffff,,,,,0.0,0.0,0.0,0.0,0.0,0.0,0.0,0.0,0.0,0.0
89390ca2593ffff,,,,,0.0,0.0,0.0,0.0,0.0,0.0,0.0,0.0,0.0,0.0
89390ca0297ffff,,,,,0.0,0.0,0.0,0.0,0.0,0.0,0.0,0.0,0.0,0.0
89390cb0103ffff,,,,,0.0,0.0,0.0,0.0,0.0,0.0,0.0,0.0,0.0,0.0
89390ca2177ffff,,,,,0.0,0.0,0.0,0.0,0.0,0.0,0.0,0.0,0.0,0.0
89390cbad83ffff,,,,,0.0,0.0,0.0,0.0,0.0,0.0,0.0,0.0,0.0,0.0
89390cb187bffff,8.0,1892.0,1963.875,1913.0,0.0,0.0,0.0,3.0,5.0,0.0,0.0,0.0,3.0,1.3862943611198906
89390cba967ffff,2.0,1968.0,1983.0,1971.0,0.0,0.0,0.0,0.0,2.0,0.0,0.0,0.0,0.0,0.0
89390cb2ca7ffff,,,,,0.0,0.0,0.0,0.0,0.0,0.0,0.0,0.0,0.0,0.0
89390ca34d3ffff,,,,,0.0,0.0,0.0,0.0,0.0,0.0,0.0,0.0,0.0,0.0
89390ca35a3ffff,5.0,1831.0,1922.8,1838.6,0.0,0.0,2.0,0.0,3.0,0.0,0.0,1.0,4.0,1.6094379124341003
89390cb2bd7ffff,,,,,0.0,0.0,0.0,0.0,0.0,0.0,0.0,0.0,0.0,0.0
89390ca01c7ffff,,,,,0.0,0.0,0.0,0.0,0.0,0.0,0.0,0.0,0.0,0.0
89390cb5ac7ffff,,,,,0.0,0.0,0.0,0.0,0.0,0.0,0.0,0.0,0.0,0.0
89390ca30b7ffff,2.0,1986.0,1986.0,1986.0,0.0,0.0,0.0,0.0,2.0,0.0,0.0,0.0,0.0,0.0
89390cb152fffff,,,,,0.0,0.0,0.0,0.0,0.0,0.0,0.0,0.0,0.0,0.0
89390cb89b7ffff,,,,,0.0,0.0,0.0,0.0,0.0,0.0,0.0,0.0,0.0,0.0
89390cbaa37ffff,1.0,2017.0,2017.0,2017.0,0.0,0.0,0.0,0.0,1.0,0.0,0.0,0.0,0.0,0.0
89390cb0c27ffff,,,,,0.0,0.0,0.0,0.0,0.0,0.0,0.0,0.0,0.0,0.0
89390ca2c9bffff,,,,,0.0,0.0,0.0,0.0,0.0,0.0,0.0,0.0,0.0,0.0
89390cb528fffff,4.0,1989.0,1989.75,1989.0,0.0,0.0,0.0,0.0,4.0,0.0,0.0,0.0,0.0,0.0
89390cb080bffff,,,,,0.0,0.0,0.0,0.0,0.0,0.0,0.0,0.0,0.0,0.0
89390ca2463ffff,1.0,1999.0,1999.0,1999.0,0.0,0.0,0.0,0.0,1.0,0.0,0.0,0.0,0.0,0.0
89390cb1b67ffff,39.0,1494.0,1877.1538461538462,1822.4,1.0,1.0,20.0,3.0,14.0,1.0,1.0,1.0,50.0,3.9318256327243257
89390ca2047ffff,,,,,0.0,0.0,0.0,0.0,0.0,0.0,0.0,0.0,0.0,0.0
89390ca04b3ffff,1.0,1999.0,1999.0,1999.0,0.0,0.0,0.0,0.0,1.0,0.0,0.0,0.0,0.0,0.0
89390cba837ffff,,,,,0.0,0.0,0.0,0.0,0.0,0.0,0.0,0.0,0.0,0.0
89390ca33a3ffff,,,,,0.0,0.0,0.0,0.0,0.0,0.0,0.0,0.0,0.0,0.0
89390ca0097ffff,,,,,0.0,0.0,0.0,0.0,0.0,0.0,0.0,0.0,0.0,0.0
89390ca2b6bffff,,,,,0.0,0.0,0.0,0.0,0.0,0.0,0.0,0.0,0.0,0.0
89390cb194bffff,3.0,1992.0,1997.0,1993.0,0.0,0.0,0.0,0.0,3.0,0.0,0.0,0.0,0.0,0.0
89390cb226fffff,,,,,0.0,0.0,0.0,0.0,0.0,0.0,0.0,0.0,0.0,0.0
89390ca2247ffff,,,,,0.0,0.0,0.0,0.0,0.0,0.0,0.0,0.0,0.0,0.0
89390cb1e53ffff,,,,,0.0,0.0,0.0,0.0,0.0,0.0,0.0,0.0,0.0,0.0
89390ca2333ffff,,,,,0.0,0.0,0.0,0.0,0.0,0.0,0.0,0.0,0.0,0.0
89390cb01d3ffff,,,,,0.0,0.0,0.0,0.0,0.0,0.0,0.0,0.0,0.0,0.0
89390cb1a37ffff,9.0,1776.0,1911.888888888889,1830.4,0.0,0.0,2.0,2.0,5.0,0.0,0.0,1.0,6.0,1.9459101490553132
89390cbab23ffff,2.0,2006.0,2006.0,2006.0,0.0,0.0,0.0,0.0,2.0,0.0,0.0,0.0,0.0,0.0
89390ca368fffff,1.0,2002.0,2002.0,2002.0,0.0,0.0,0.0,0.0,1.0,0.0,0.0,0.0,0.0,0.0
89390ca0383ffff,,,,,0.0,0.0,0.0,0.0,0.0,0.0,0.0,0.0,0.0,0.0
89390ca3273ffff,,,,,0.0,0.0,0.0,0.0,0.0,0.0,0.0,0.0,0.0,0.0
89390ca2e57ffff,,,,,0.0,0.0,0.0,0.0,0.0,0.0,0.0,0.0,0.0,0.0
89390cb544bffff,,,,,0.0,0.0,0.0,0.0,0.0,0.0,0.0,0.0,0.0,0.0
89390cb09c7ffff,1.0,2017.0,2017.0,2017.0,0.0,0.0,0.0,0.0,1.0,0.0,0.0,0.0,0.0,0.0
89390cb502fffff,,,,,0.0,0.0,0.0,0.0,0.0,0.0,0.0,0.0,0.0,0.0
89390cb05abffff,,,,,0.0,0.0,0.0,0.0,0.0,0.0,0.0,0.0,0.0,0.0
89390cb1d23ffff,2.0,1931.0,1959.5,1936.7,0.0,0.0,0.0,1.0,1.0,0.0,0.0,0.0,1.0,0.6931471805599453
89390cb1d67ffff,4.0,1928.0,1932.5,1928.3,0.0,0.0,0.0,3.0,1.0,0.0,0.0,0.0,3.0,1.3862943611198906
89390ca2203ffff,,,,,0.0,0.0,0.0,0.0,0.0,0.0,0.0,0.0,0.0,0.0
89390ca2663ffff,1.0,1979.0,1979.0,1979.0,0.0,0.0,0.0,0.0,1.0,0.0,0.0,0.0,0.0,0.0
89390cb1907ffff,4.0,1932.0,1948.75,1934.1,0.0,0.0,0.0,2.0,2.0,0.0,0.0,0.0,2.0,1.0986122886681098
89390ca3143ffff,,,,,0.0,0.0,0.0,0.0,0.0,0.0,0.0,0.0,0.0,0.0
89390cb2847ffff,,,,,0.0,0.0,0.0,0.0,0.0,0.0,0.0,0.0,0.0,0.0
89390cb0cb3ffff,,,,,0.0,0.0,0.0,0.0,0.0,0.0,0.0,0.0,0.0,0.0
89390cb531bffff,1.0,1986.0,1986.0,1986.0,0.0,0.0,0.0,0.0,1.0,0.0,0.0,0.0,0.0,0.0
89390cb0897ffff,,,,,0.0,0.0,0.0,0.0,0.0,0.0,0.0,0.0,0.0,0.0
89390cb047bffff,,,,,0.0,0.0,0.0,0.0,0.0,0.0,0.0,0.0,0.0,0.0
89390ca20d3ffff,4.0,1992.0,1995.0,1992.0,0.0,0.0,0.0,0.0,4.0,0.0,0.0,0.0,0.0,0.0
89390cba8c3ffff,,,,,0.0,0.0,0.0,0.0,0.0,0.0,0.0,0.0,0.0,0.0
89390ca342fffff,1.0,1977.0,1977.0,1977.0,0.0,0.0,0.0,0.0,1.0,0.0,0.0,0.0,0.0,0.0
89390ca0123ffff,,,,,0.0,0.0,0.0,0.0,0.0,0.0,0.0,0.0,0.0,0.0
89390cb8d2fffff,,,,,0.0,0.0,0.0,0.0,0.0,0.0,0.0,0.0,0.0,0.0
89390ca3013ffff,2.0,1998.0,1998.0,1998.0,0.0,0.0,0.0,0.0,2.0,0.0,0.0,0.0,0.0,0.0
89390cb8913ffff,1.0,2007.0,2007.0,2007.0,0.0,0.0,0.0,0.0,1.0,0.0,0.0,0.0,0.0,0.0
89390cb5607ffff,,,,,0.0,0.0,0.0,0.0,0.0,0.0,0.0,0.0,0.0,0.0
89390cb0b83ffff,1.0,2000.0,2000.0,2000.0,0.0,0.0,0.0,0.0,1.0,0.0,0.0,0.0,0.0,0.0
89390ca767bffff,,,,,0.0,0.0,0.0,0.0,0.0,0.0,0.0,0.0,0.0,0.0
89390cb0a0bffff,1.0,1973.0,1973.0,1973.0,0.0,0.0,0.0,0.0,1.0,0.0,0.0,0.0,0.0,0.0
89390cb548fffff,,,,,0.0,0.0,0.0,0.0,0.0,0.0,0.0,0.0,0.0,0.0
89390cb1ac3ffff,,,,,0.0,0.0,0.0,0.0,0.0,0.0,0.0,0.0,0.0,0.0
89390cbabafffff,2.0,1927.0,1941.0,1929.8,0.0,0.0,0.0,1.0,1.0,0.0,0.0,0.0,1.0,0.6931471805599453
89390ca040fffff,2.0,1982.0,1984.5,1982.5,0.0,0.0,0.0,0.0,2.0,0.0,0.0,0.0,0.0,0.0
89390cb2a03ffff,,,,,0.0,0.0,0.0,0.0,0.0,0.0,0.0,0.0,0.0,0.0
89390cb0e6fffff,1.0,1983.0,1983.0,1983.0,0.0,0.0,0.0,0.0,1.0,0.0,0.0,0.0,0.0,0.0
89390cb54d7ffff,,,,,0.0,0.0,0.0,0.0,0.0,0.0,0.0,0.0,0.0,0.0
89390cb0a53ffff,13.0,1917.0,1969.4615384615386,1959.4,0.0,0.0,0.0,1.0,12.0,0.0,0.0,0.0,1.0,0.6931471805599453
89390ca2ac7ffff,,,,,0.0,0.0,0.0,0.0,0.0,0.0,0.0,0.0,0.0,0.0
89390cb50bbffff,,,,,0.0,0.0,0.0,0.0,0.0,0.0,0.0,0.0,0.0,0.0
89390ca26abffff,7.0,1780.0,1923.857142857143,1860.4,0.0,0.0,1.0,2.0,4.0,0.0,0.0,1.0,4.0,1.6094379124341003
89390cb1dafffff,,,,,0.0,0.0,0.0,0.0,0.0,0.0,0.0,0.0,0.0,0.0
89390ca228fffff,1.0,1985.0,1985.0,1985.0,0.0,0.0,0.0,0.0,1.0,0.0,0.0,0.0,0.0,0.0
89390cb1993ffff,1.0,1980.0,1980.0,1980.0,0.0,0.0,0.0,0.0,1.0,0.0,0.0,0.0,0.0,0.0
89390ca2e9bffff,,,,,0.0,0.0,0.0,0.0,0.0,0.0,0.0,0.0,0.0,0.0
89390cb1577ffff,,,,,0.0,0.0,0.0,0.0,0.0,0.0,0.0,0.0,0.0,0.0
89390cb115bffff,,,,,0.0,0.0,0.0,0.0,0.0,0.0,0.0,0.0,0.0,0.0
89390ca31cfffff,,,,,0.0,0.0,0.0,0.0,0.0,0.0,0.0,0.0,0.0,0.0
89390cb0e27ffff,2.0,1964.0,1965.0,1964.2,0.0,0.0,0.0,0.0,2.0,0.0,0.0,0.0,0.0,0.0
89390cba32fffff,,,,,0.0,0.0,0.0,0.0,0.0,0.0,0.0,0.0,0.0,0.0
89390ca2db3ffff,1.0,2008.0,2008.0,2008.0,0.0,0.0,0.0,0.0,1.0,0.0,0.0,0.0,0.0,0.0
89390cb53a7ffff,1.0,1992.0,1992.0,1992.0,0.0,0.0,0.0,0.0,1.0,0.0,0.0,0.0,0.0,0.0
89390cb0923ffff,,,,,0.0,0.0,0.0,0.0,0.0,0.0,0.0,0.0,0.0,0.0
89390cb0507ffff,,,,,0.0,0.0,0.0,0.0,0.0,0.0,0.0,0.0,0.0,0.0
89390ca257bffff,,,,,0.0,0.0,0.0,0.0,0.0,0.0,0.0,0.0,0.0,0.0
89390cb8bb7ffff,,,,,0.0,0.0,0.0,0.0,0.0,0.0,0.0,0.0,0.0,0.0
89390cbad6bffff,2.0,2001.0,2002.0,2001.2,0.0,0.0,0.0,0.0,2.0,0.0,0.0,0.0,0.0,0.0
89390cb1863ffff,6.0,1868.0,1928.1666666666667,1878.0,0.0,0.0,0.0,3.0,3.0,0.0,0.0,0.0,3.0,1.3862943611198906
89390ca05cbffff,,,,,0.0,0.0,0.0,0.0,0.0,0.0,0.0,0.0,0.0,0.0
89390cba94fffff,,,,,0.0,0.0,0.0,0.0,0.0,0.0,0.0,0.0,0.0,0.0
89390ca1d43ffff,,,,,0.0,0.0,0.0,0.0,0.0,0.0,0.0,0.0,0.0,0.0
89390ca34bbffff,3.0,1892.0,1940.6666666666667,1900.4,0.0,0.0,0.0,2.0,1.0,0.0,0.0,0.0,2.0,1.0986122886681098
89390ca32b7ffff,3.0,1987.0,2005.3333333333333,1991.0,0.0,0.0,0.0,0.0,3.0,0.0,0.0,0.0,0.0,0.0
89390cb5693ffff,,,,,0.0,0.0,0.0,0.0,0.0,0.0,0.0,0.0,0.0,0.0
89390cb0c0fffff,,,,,0.0,0.0,0.0,0.0,0.0,0.0,0.0,0.0,0.0,0.0
89390ca2c83ffff,,,,,0.0,0.0,0.0,0.0,0.0,0.0,0.0,0.0,0.0,0.0
89390cb5277ffff,,,,,0.0,0.0,0.0,0.0,0.0,0.0,0.0,0.0,0.0,0.0
89390cb03d7ffff,,,,,0.0,0.0,0.0,0.0,0.0,0.0,0.0,0.0,0.0,0.0
89390ca244bffff,,,,,0.0,0.0,0.0,0.0,0.0,0.0,0.0,0.0,0.0,0.0
89390cb1b4fffff,12.0,1564.0,1852.1666666666667,1624.8,0.0,3.0,1.0,3.0,5.0,0.0,1.0,1.0,14.0,2.70805020110221
89390ca202fffff,,,,,0.0,0.0,0.0,0.0,0.0,0.0,0.0,0.0,0.0,0.0
89390ca049bffff,,,,,0.0,0.0,0.0,0.0,0.0,0.0,0.0,0.0,0.0,0.0
89390ca338bffff,,,,,0.0,0.0,0.0,0.0,0.0,0.0,0.0,0.0,0.0,0.0
89390cb2a8fffff,,,,,0.0,0.0,0.0,0.0,0.0,0.0,0.0,0.0,0.0,0.0
89390ca2b53ffff,,,,,0.0,0.0,0.0,0.0,0.0,0.0,0.0,0.0,0.0,0.0
89390cb5147ffff,,,,,0.0,0.0,0.0,0.0,0.0,0.0,0.0,0.0,0.0,0.0
89390ca36d3ffff,1.0,1969.0,1969.0,1969.0,0.0,0.0,0.0,0.0,1.0,0.0,0.0,0.0,0.0,0.0
89390cb1e3bffff,,,,,0.0,0.0,0.0,0.0,0.0,0.0,0.0,0.0,0.0,0.0
89390cb02a7ffff,,,,,0.0,0.0,0.0,0.0,0.0,0.0,0.0,0.0,0.0,0.0
89390ca231bffff,,,,,0.0,0.0,0.0,0.0,0.0,0.0,0.0,0.0,0.0,0.0
89390cbab0bffff,,,,,0.0,0.0,0.0,0.0,0.0,0.0,0.0,0.0,0.0,0.0
89390ca3677ffff,2.0,1980.0,1982.5,1980.5,0.0,0.0,0.0,0.0,2.0,0.0,0.0,0.0,0.0,0.0
89390cbab67ffff,,,,,0.0,0.0,0.0,0.0,0.0,0.0,0.0,0.0,0.0,0.0
89390ca325bffff,,,,,0.0,0.0,0.0,0.0,0.0,0.0,0.0,0.0,0.0,0.0
89390cb0dcbffff,,,,,0.0,0.0,0.0,0.0,0.0,0.0,0.0,0.0,0.0,0.0
89390cb5433ffff,,,,,0.0,0.0,0.0,0.0,0.0,0.0,0.0,0.0,0.0,0.0
89390cb09afffff,,,,,0.0,0.0,0.0,0.0,0.0,0.0,0.0,0.0,0.0,0.0
89390ca2607ffff,,,,,0.0,0.0,0.0,0.0,0.0,0.0,0.0,0.0,0.0,0.0
89390cb1d0bffff,1.0,1999.0,1999.0,1999.0,0.0,0.0,0.0,0.0,1.0,0.0,0.0,0.0,0.0,0.0
89390cb0177ffff,,,,,0.0,0.0,0.0,0.0,0.0,0.0,0.0,0.0,0.0,0.0
89390ca0657ffff,,,,,0.0,0.0,0.0,0.0,0.0,0.0,0.0,0.0,0.0,0.0
89390cba9dbffff,1.0,1992.0,1992.0,1992.0,0.0,0.0,0.0,0.0,1.0,0.0,0.0,0.0,0.0,0.0
89390cb14d3ffff,,,,,0.0,0.0,0.0,0.0,0.0,0.0,0.0,0.0,0.0,0.0
89390ca3547ffff,,,,,0.0,0.0,0.0,0.0,0.0,0.0,0.0,0.0,0.0,0.0
89390cb1a7bffff,,,,,0.0,0.0,0.0,0.0,0.0,0.0,0.0,0.0,0.0,0.0
89390cb10b7ffff,,,,,0.0,0.0,0.0,0.0,0.0,0.0,0.0,0.0,0.0,0.0
89390ca2377ffff,,,,,0.0,0.0,0.0,0.0,0.0,0.0,0.0,0.0,0.0,0.0
89390ca312bffff,,,,,0.0,0.0,0.0,0.0,0.0,0.0,0.0,0.0,0.0,0.0
89390ca1597ffff,,,,,0.0,0.0,0.0,0.0,0.0,0.0,0.0,0.0,0.0,0.0
89390cb0303ffff,,,,,0.0,0.0,0.0,0.0,0.0,0.0,0.0,0.0,0.0,0.0
89390cb0c9bffff,,,,,0.0,0.0,0.0,0.0,0.0,0.0,0.0,0.0,0.0,0.0
89390cb5303ffff,2.0,1986.0,1986.0,1986.0,0.0,0.0,0.0,0.0,2.0,0.0,0.0,0.0,0.0,0.0
89390cb0463ffff,,,,,0.0,0.0,0.0,0.0,0.0,0.0,0.0,0.0,0.0,0.0
89390ca24d7ffff,10.0,1967.0,1975.4,1967.0,0.0,0.0,0.0,0.0,10.0,0.0,0.0,0.0,0.0,0.0
89390cb1bdbffff,2.0,1995.0,1995.5,1995.1,0.0,0.0,0.0,0.0,2.0,0.0,0.0,0.0,0.0,0.0
89390cb0047ffff,,,,,0.0,0.0,0.0,0.0,0.0,0.0,0.0,0.0,0.0,0.0
89390ca20bbffff,1.0,1964.0,1964.0,1964.0,0.0,0.0,0.0,0.0,1.0,0.0,0.0,0.0,0.0,0.0
89390ca0527ffff,,,,,0.0,0.0,0.0,0.0,0.0,0.0,0.0,0.0,0.0,0.0
89390cba8abffff,,,,,0.0,0.0,0.0,0.0,0.0,0.0,0.0,0.0,0.0,0.0
89390cb13a3ffff,,,,,0.0,0.0,0.0,0.0,0.0,0.0,0.0,0.0,0.0,0.0
89390ca3417ffff,4.0,1968.0,1989.0,1976.4,0.0,0.0,0.0,0.0,4.0,0.0,0.0,0.0,0.0,0.0
89390cb2b1bffff,,,,,0.0,0.0,0.0,0.0,0.0,0.0,0.0,0.0,0.0,0.0
89390ca010bffff,,,,,0.0,0.0,0.0,0.0,0.0,0.0,0.0,0.0,0.0,0.0
89390cb1e97ffff,,,,,0.0,0.0,0.0,0.0,0.0,0.0,0.0,0.0,0.0,0.0
89390cb0b6bffff,,,,,0.0,0.0,0.0,0.0,0.0,0.0,0.0,0.0,0.0,0.0
89390ca7663ffff,,,,,0.0,0.0,0.0,0.0,0.0,0.0,0.0,0.0,0.0,0.0
89390cb51d3ffff,,,,,0.0,0.0,0.0,0.0,0.0,0.0,0.0,0.0,0.0,0.0
89390cb1ec7ffff,,,,,0.0,0.0,0.0,0.0,0.0,0.0,0.0,0.0,0.0,0.0
89390cb0333ffff,,,,,0.0,0.0,0.0,0.0,0.0,0.0,0.0,0.0,0.0,0.0
89390ca23a7ffff,,,,,0.0,0.0,0.0,0.0,0.0,0.0,0.0,0.0,0.0,0.0
89390cb1aabffff,1.0,1888.0,1888.0,1888.0,0.0,0.0,0.0,1.0,0.0,0.0,0.0,0.0,1.0,0.6931471805599453
89390cbab97ffff,1.0,1999.0,1999.0,1999.0,0.0,0.0,0.0,0.0,1.0,0.0,0.0,0.0,0.0,0.0
89390cb0e57ffff,3.0,1950.0,1974.3333333333333,1956.6,0.0,0.0,0.0,0.0,3.0,0.0,0.0,0.0,0.0,0.0
89390ca2ecbffff,,,,,0.0,0.0,0.0,0.0,0.0,0.0,0.0,0.0,0.0,0.0
89390cb0a3bffff,4.0,1929.0,1966.5,1936.2,0.0,0.0,0.0,1.0,3.0,0.0,0.0,0.0,1.0,0.6931471805599453
89390cb50a3ffff,,,,,0.0,0.0,0.0,0.0,0.0,0.0,0.0,0.0,0.0,0.0
89390ca2693ffff,3.0,1977.0,1993.0,1979.8,0.0,0.0,0.0,0.0,3.0,0.0,0.0,0.0,0.0,0.0
89390cb1d97ffff,,,,,0.0,0.0,0.0,0.0,0.0,0.0,0.0,0.0,0.0,0.0
89390ca2277ffff,,,,,0.0,0.0,0.0,0.0,0.0,0.0,0.0,0.0,0.0,0.0
89390cb197bffff,9.0,1683.0,1913.2222222222222,1848.6,0.0,1.0,0.0,4.0,4.0,0.0,1.0,1.0,7.0,2.0794415416798357
89390cb22b3ffff,,,,,0.0,0.0,0.0,0.0,0.0,0.0,0.0,0.0,0.0,0.0
89390cbaa67ffff,2.0,1906.0,1955.5,1915.9,0.0,0.0,0.0,1.0,1.0,0.0,0.0,0.0,1.0,0.6931471805599453
89390ca35d3ffff,1.0,2002.0,2002.0,2002.0,0.0,0.0,0.0,0.0,1.0,0.0,0.0,0.0,0.0,0.0
89390cb1143ffff,,,,,0.0,0.0,0.0,0.0,0.0,0.0,0.0,0.0,0.0,0.0
89390ca31b7ffff,1.0,1987.0,1987.0,1987.0,0.0,0.0,0.0,0.0,1.0,0.0,0.0,0.0,0.0,0.0
89390cb28bbffff,,,,,0.0,0.0,0.0,0.0,0.0,0.0,0.0,0.0,0.0,0.0
89390cb0b3bffff,,,,,0.0,0.0,0.0,0.0,0.0,0.0,0.0,0.0,0.0,0.0
89390ca2d9bffff,,,,,0.0,0.0,0.0,0.0,0.0,0.0,0.0,0.0,0.0,0.0
89390cb538fffff,,,,,0.0,0.0,0.0,0.0,0.0,0.0,0.0,0.0,0.0,0.0
89390ca1437ffff,,,,,0.0,0.0,0.0,0.0,0.0,0.0,0.0,0.0,0.0,0.0
89390cb090bffff,,,,,0.0,0.0,0.0,0.0,0.0,0.0,0.0,0.0,0.0,0.0
89390ca2563ffff,,,,,0.0,0.0,0.0,0.0,0.0,0.0,0.0,0.0,0.0,0.0
89390cb1c67ffff,3.0,1802.0,1916.3333333333333,1828.8,0.0,0.0,1.0,1.0,1.0,0.0,0.0,1.0,3.0,1.3862943611198906
89390cb00d3ffff,,,,,0.0,0.0,0.0,0.0,0.0,0.0,0.0,0.0,0.0,0.0
89390ca2147ffff,,,,,0.0,0.0,0.0,0.0,0.0,0.0,0.0,0.0,0.0,0.0
89390cbad53ffff,,,,,0.0,0.0,0.0,0.0,0.0,0.0,0.0,0.0,0.0,0.0
89390cb184bffff,,,,,0.0,0.0,0.0,0.0,0.0,0.0,0.0,0.0,0.0,0.0
89390ca05b3ffff,2.0,1890.0,1938.0,1899.6,0.0,0.0,0.0,1.0,1.0,0.0,0.0,0.0,1.0,0.6931471805599453
89390cba937ffff,,,,,0.0,0.0,0.0,0.0,0.0,0.0,0.0,0.0,0.0,0.0
89390ca34a3ffff,1.0,1781.0,1781.0,1781.0,0.0,0.0,1.0,0.0,0.0,0.0,0.0,1.0,2.0,1.0986122886681098
89390cb2ba7ffff,,,,,0.0,0.0,0.0,0.0,0.0,0.0,0.0,0.0,0.0,0.0
89390ca3087ffff,,,,,0.0,0.0,0.0,0.0,0.0,0.0,0.0,0.0,0.0,0.0
89390cb8987ffff,3.0,1842.0,1943.6666666666667,1870.8,0.0,0.0,1.0,0.0,2.0,0.0,0.0,1.0,2.0,1.0986122886681098
89390cb567bffff,,,,,0.0,0.0,0.0,0.0,0.0,0.0,0.0,0.0,0.0,0.0
89390ca284fffff,,,,,0.0,0.0,0.0,0.0,0.0,0.0,0.0,0.0,0.0,0.0
89390ca2433ffff,,,,,0.0,0.0,0.0,0.0,0.0,0.0,0.0,0.0,0.0,0.0
89390cb1b37ffff,35.0,1600.0,1905.2285714285715,1847.8,0.0,1.0,4.0,17.0,13.0,0.0,1.0,1.0,28.0,3.367295829986474
89390ca2017ffff,,,,,0.0,0.0,0.0,0.0,0.0,0.0,0.0,0.0,0.0,0.0
89390cbac23ffff,,,,,0.0,0.0,0.0,0.0,0.0,0.0,0.0,0.0,0.0,0.0
89390ca0483ffff,2.0,1973.0,1979.5,1974.3,0.0,0.0,0.0,0.0,2.0,0.0,0.0,0.0,0.0,0.0
89390cba807ffff,1.0,1977.0,1977.0,1977.0,0.0,0.0,0.0,0.0,1.0,0.0,0.0,0.0,0.0,0.0
89390ca00dbffff,,,,,0.0,0.0,0.0,0.0,0.0,0.0,0.0,0.0,0.0,0.0
89390ca3373ffff,,,,,0.0,0.0,0.0,0.0,0.0,0.0,0.0,0.0,0.0,0.0
89390ca0067ffff,,,,,0.0,0.0,0.0,0.0,0.0,0.0,0.0,0.0,0.0,0.0
89390cb554bffff,,,,,0.0,0.0,0.0,0.0,0.0,0.0,0.0,0.0,0.0,0.0
89390cb0ac7ffff,8.0,1960.0,1986.875,1974.7,0.0,0.0,0.0,0.0,8.0,0.0,0.0,0.0,0.0,0.0
89390ca2b3bffff,,,,,0.0,0.0,0.0,0.0,0.0,0.0,0.0,0.0,0.0,0.0
89390cb1e23ffff,,,,,0.0,0.0,0.0,0.0,0.0,0.0,0.0,0.0,0.0,0.0
89390ca2303ffff,,,,,0.0,0.0,0.0,0.0,0.0,0.0,0.0,0.0,0.0,0.0
89390cb1a07ffff,,,,,0.0,0.0,0.0,0.0,0.0,0.0,0.0,0.0,0.0,0.0
89390cb1373ffff,,,,,0.0,0.0,0.0,0.0,0.0,0.0,0.0,0.0,0.0,0.0
89390cb11cfffff,,,,,0.0,0.0,0.0,0.0,0.0,0.0,0.0,0.0,0.0,0.0
89390ca3243ffff,,,,,0.0,0.0,0.0,0.0,0.0,0.0,0.0,0.0,0.0,0.0
89390cba87bffff,,,,,0.0,0.0,0.0,0.0,0.0,0.0,0.0,0.0,0.0,0.0
89390cb2947ffff,,,,,0.0,0.0,0.0,0.0,0.0,0.0,0.0,0.0,0.0,0.0
89390cb0db3ffff,2.0,2007.0,2007.5,2007.1,0.0,0.0,0.0,0.0,2.0,0.0,0.0,0.0,0.0,0.0
89390cb541bffff,,,,,0.0,0.0,0.0,0.0,0.0,0.0,0.0,0.0,0.0,0.0
89390cb0997ffff,,,,,0.0,0.0,0.0,0.0,0.0,0.0,0.0,0.0,0.0,0.0
89390ca2a0bffff,,,,,0.0,0.0,0.0,0.0,0.0,0.0,0.0,0.0,0.0,0.0
89390ca21d3ffff,1.0,1982.0,1982.0,1982.0,0.0,0.0,0.0,0.0,1.0,0.0,0.0,0.0,0.0,0.0
89390cb18d7ffff,3.0,1909.0,1957.0,1921.0,0.0,0.0,0.0,1.0,2.0,0.0,0.0,0.0,1.0,0.6931471805599453
89390cba9c3ffff,,,,,0.0,0.0,0.0,0.0,0.0,0.0,0.0,0.0,0.0,0.0
89390cb14bbffff,,,,,0.0,0.0,0.0,0.0,0.0,0.0,0.0,0.0,0.0,0.0
89390ca352fffff,2.0,1923.0,1955.5,1929.5,0.0,0.0,0.0,1.0,1.0,0.0,0.0,0.0,1.0,0.6931471805599453
89390cb2c33ffff,,,,,0.0,0.0,0.0,0.0,0.0,0.0,0.0,0.0,0.0,0.0
89390ca3113ffff,4.0,1965.0,1981.5,1965.0,0.0,0.0,0.0,0.0,4.0,0.0,0.0,0.0,0.0,0.0
89390cb0c83ffff,,,,,0.0,0.0,0.0,0.0,0.0,0.0,0.0,0.0,0.0,0.0
89390cb0867ffff,,,,,0.0,0.0,0.0,0.0,0.0,0.0,0.0,0.0,0.0,0.0
89390cb1bc3ffff,19.0,1590.0,1894.578947368421,1775.6,0.0,1.0,3.0,10.0,5.0,0.0,1.0,1.0,19.0,2.995732273553991
89390ca208bffff,1.0,1953.0,1953.0,1953.0,0.0,0.0,0.0,0.0,1.0,0.0,0.0,0.0,0.0,0.0
89390ca20a3ffff,1.0,1990.0,1990.0,1990.0,0.0,0.0,0.0,0.0,1.0,0.0,0.0,0.0,0.0,0.0
89390cb0017ffff,,,,,0.0,0.0,0.0,0.0,0.0,0.0,0.0,0.0,0.0,0.0
89390cbacafffff,,,,,0.0,0.0,0.0,0.0,0.0,0.0,0.0,0.0,0.0,0.0
89390ca050fffff,,,,,0.0,0.0,0.0,0.0,0.0,0.0,0.0,0.0,0.0,0.0
89390cba893ffff,,,,,0.0,0.0,0.0,0.0,0.0,0.0,0.0,0.0,0.0,0.0
89390ca144fffff,,,,,0.0,0.0,0.0,0.0,0.0,0.0,0.0,0.0,0.0,0.0
89390cb0b53ffff,1.0,1982.0,1982.0,1982.0,0.0,0.0,0.0,0.0,1.0,0.0,0.0,0.0,0.0,0.0
89390ca2bc7ffff,,,,,0.0,0.0,0.0,0.0,0.0,0.0,0.0,0.0,0.0,0.0
89390cb031bffff,,,,,0.0,0.0,0.0,0.0,0.0,0.0,0.0,0.0,0.0,0.0
89390ca238fffff,,,,,0.0,0.0,0.0,0.0,0.0,0.0,0.0,0.0,0.0,0.0
89390cb1babffff,19.0,1663.0,1882.2105263157894,1743.0,0.0,1.0,6.0,6.0,6.0,0.0,1.0,1.0,21.0,3.091042453358316
89390cb1a93ffff,,,,,0.0,0.0,0.0,0.0,0.0,0.0,0.0,0.0,0.0,0.0
89390ca24a7ffff,,,,,0.0,0.0,0.0,0.0,0.0,0.0,0.0,0.0,0.0,0.0
89390cb29d3ffff,5.0,1971.0,1991.2,1972.6,0.0,0.0,0.0,0.0,5.0,0.0,0.0,0.0,0.0,0.0
89390cb0433ffff,,,,,0.0,0.0,0.0,0.0,0.0,0.0,0.0,0.0,0.0,0.0
89390cb54a7ffff,,,,,0.0,0.0,0.0,0.0,0.0,0.0,0.0,0.0,0.0,0.0
89390cb0a23ffff,,,,,0.0,0.0,0.0,0.0,0.0,0.0,0.0,0.0,0.0,0.0
89390cb508bffff,,,,,0.0,0.0,0.0,0.0,0.0,0.0,0.0,0.0,0.0,0.0
89390ca267bffff,1.0,1966.0,1966.0,1966.0,0.0,0.0,0.0,0.0,1.0,0.0,0.0,0.0,0.0,0.0
89390cbae6bffff,,,,,0.0,0.0,0.0,0.0,0.0,0.0,0.0,0.0,0.0,0.0
89390cb1963ffff,20.0,1906.0,1960.05,1910.7,0.0,0.0,0.0,6.0,14.0,0.0,0.0,0.0,6.0,1.9459101490553132
89390ca06cbffff,,,,,0.0,0.0,0.0,0.0,0.0,0.0,0.0,0.0,0.0,0.0
89390cb1547ffff,,,,,0.0,0.0,0.0,0.0,0.0,0.0,0.0,0.0,0.0,0.0
89390ca35bbffff,4.0,1700.0,1808.5,1700.0,0.0,0.0,2.0,2.0,0.0,0.0,0.0,1.0,6.0,1.9459101490553132
89390cb112bffff,,,,,0.0,0.0,0.0,0.0,0.0,0.0,0.0,0.0,0.0,0.0
89390cb28a3ffff,,,,,0.0,0.0,0.0,0.0,0.0,0.0,0.0,0.0,0.0,0.0
89390cb0d0fffff,,,,,0.0,0.0,0.0,0.0,0.0,0.0,0.0,0.0,0.0,0.0
89390ca2d83ffff,1.0,1958.0,1958.0,1958.0,0.0,0.0,0.0,0.0,1.0,0.0,0.0,0.0,0.0,0.0
89390cb5377ffff,,,,,0.0,0.0,0.0,0.0,0.0,0.0,0.0,0.0,0.0,0.0
89390cb04d7ffff,,,,,0.0,0.0,0.0,0.0,0.0,0.0,0.0,0.0,0.0,0.0
89390ca254bffff,,,,,0.0,0.0,0.0,0.0,0.0,0.0,0.0,0.0,0.0,0.0
89390cb084fffff,,,,,0.0,0.0,0.0,0.0,0.0,0.0,0.0,0.0,0.0,0.0
89390cb52d3ffff,,,,,0.0,0.0,0.0,0.0,0.0,0.0,0.0,0.0,0.0,0.0
89390cb00bbffff,,,,,0.0,0.0,0.0,0.0,0.0,0.0,0.0,0.0,0.0,0.0
89390cbad3bffff,,,,,0.0,0.0,0.0,0.0,0.0,0.0,0.0,0.0,0.0,0.0
89390ca212fffff,,,,,0.0,0.0,0.0,0.0,0.0,0.0,0.0,0.0,0.0,0.0
89390cb1833ffff,4.0,1971.0,1990.75,1978.2,0.0,0.0,0.0,0.0,4.0,0.0,0.0,0.0,0.0,0.0
89390ca059bffff,,,,,0.0,0.0,0.0,0.0,0.0,0.0,0.0,0.0,0.0,0.0
89390ca1d13ffff,,,,,0.0,0.0,0.0,0.0,0.0,0.0,0.0,0.0,0.0,0.0
89390cb1417ffff,,,,,0.0,0.0,0.0,0.0,0.0,0.0,0.0,0.0,0.0,0.0
89390ca348bffff,3.0,1881.0,1959.0,1904.0,0.0,0.0,0.0,1.0,2.0,0.0,0.0,0.0,1.0,0.6931471805599453
89390cb2b8fffff,,,,,0.0,0.0,0.0,0.0,0.0,0.0,0.0,0.0,0.0,0.0
89390ca306fffff,,,,,0.0,0.0,0.0,0.0,0.0,0.0,0.0,0.0,0.0,0.0
89390ca14dbffff,13.0,1953.0,1953.2307692307693,1953.0,0.0,0.0,0.0,0.0,13.0,0.0,0.0,0.0,0.0,0.0
89390cb5663ffff,1.0,2009.0,2009.0,2009.0,0.0,0.0,0.0,0.0,1.0,0.0,0.0,0.0,0.0,0.0
89390ca76d7ffff,,,,,0.0,0.0,0.0,0.0,0.0,0.0,0.0,0.0,0.0,0.0
89390ca2c53ffff,1.0,2007.0,2007.0,2007.0,0.0,0.0,0.0,0.0,1.0,0.0,0.0,0.0,0.0,0.0
89390cb5247ffff,,,,,0.0,0.0,0.0,0.0,0.0,0.0,0.0,0.0,0.0,0.0
89390cb03a7ffff,,,,,0.0,0.0,0.0,0.0,0.0,0.0,0.0,0.0,0.0,0.0
89390ca241bffff,2.0,1890.0,1946.0,1901.2,0.0,0.0,0.0,1.0,1.0,0.0,0.0,0.0,1.0,0.6931471805599453
89390cb0c6bffff,,,,,0.0,0.0,0.0,0.0,0.0,0.0,0.0,0.0,0.0,0.0
89390ca335bffff,,,,,0.0,0.0,0.0,0.0,0.0,0.0,0.0,0.0,0.0,0.0
89390ca004fffff,,,,,0.0,0.0,0.0,0.0,0.0,0.0,0.0,0.0,0.0,0.0
89390cb0ecbffff,,,,,0.0,0.0,0.0,0.0,0.0,0.0,0.0,0.0,0.0,0.0
89390cb0aafffff,1.0,1958.0,1958.0,1958.0,0.0,0.0,0.0,0.0,1.0,0.0,0.0,0.0,0.0,0.0
89390ca2b23ffff,,,,,0.0,0.0,0.0,0.0,0.0,0.0,0.0,0.0,0.0,0.0
89390cb2227ffff,,,,,0.0,0.0,0.0,0.0,0.0,0.0,0.0,0.0,0.0,0.0
89390cb1e0bffff,,,,,0.0,0.0,0.0,0.0,0.0,0.0,0.0,0.0,0.0,0.0
89390ca3647ffff,,,,,0.0,0.0,0.0,0.0,0.0,0.0,0.0,0.0,0.0,0.0
89390cb2d4bffff,,,,,0.0,0.0,0.0,0.0,0.0,0.0,0.0,0.0,0.0,0.0
89390cb11b7ffff,,,,,0.0,0.0,0.0,0.0,0.0,0.0,0.0,0.0,0.0,0.0
89390ca322bffff,1.0,2006.0,2006.0,2006.0,0.0,0.0,0.0,0.0,1.0,0.0,0.0,0.0,0.0,0.0
89390ca1697ffff,,,,,0.0,0.0,0.0,0.0,0.0,0.0,0.0,0.0,0.0,0.0
89390cb0d9bffff,,,,,0.0,0.0,0.0,0.0,0.0,0.0,0.0,0.0,0.0,0.0
89390cb5403ffff,,,,,0.0,0.0,0.0,0.0,0.0,0.0,0.0,0.0,0.0,0.0
89390ca25d7ffff,,,,,0.0,0.0,0.0,0.0,0.0,0.0,0.0,0.0,0.0,0.0
89390cb0147ffff,,,,,0.0,0.0,0.0,0.0,0.0,0.0,0.0,0.0,0.0,0.0
89390ca21bbffff,,,,,0.0,0.0,0.0,0.0,0.0,0.0,0.0,0.0,0.0,0.0
89390cbadc7ffff,,,,,0.0,0.0,0.0,0.0,0.0,0.0,0.0,0.0,0.0,0.0
89390ca0627ffff,,,,,0.0,0.0,0.0,0.0,0.0,0.0,0.0,0.0,0.0,0.0
89390cba9abffff,,,,,0.0,0.0,0.0,0.0,0.0,0.0,0.0,0.0,0.0,0.0
89390cb14a3ffff,,,,,0.0,0.0,0.0,0.0,0.0,0.0,0.0,0.0,0.0,0.0
89390ca3517ffff,6.0,1720.0,1866.5,1740.0,0.0,0.0,3.0,1.0,2.0,0.0,0.0,1.0,7.0,2.0794415416798357
